Sample,CP,FUENTE,UTM_E,UTM_N,lat,lon,COTA_M,Y_ppm,Y_pond,Ce_ppm,La_ppm,Th_ppm,Nd_ppm,Pr_ppm,Fe__,Ti__,Litology_STD,HORIZONTE,ROCA_CAJA,FLAG_OUTLIER,FLAG_DUPLICADO,N_REPLICAS
CEBS-01A,,BD_Ytrio,688648.0,5939656.0,-36.670024,-72.889015,270.0,57.8,87.278,100.0,54.0,102.0,455.0,180.0,3.5287,0.393,Sedimento Fino,,,,,
CEBS-01B,,BD_Ytrio,688648.0,5939656.0,-36.670024,-72.889015,270.0,58.9,88.939,58.0,51.0,10.1,302.0,121.0,3.687,0.4015,Sedimento Grueso,,,,,
CEBS-02,,BD_Ytrio,688641.0,5939650.0,-36.670079,-72.889092,273.0,107.6,162.476,0.5,90.0,5.6,203.0,106.0,3.0902,0.3612,Granito de Biotita,,,,,
CEBS-03,,BD_Ytrio,688700.0,5939582.0,-36.67068,-72.888415,262.0,40.1,60.551,108.0,0.5,15.4,287.0,109.0,5.27,0.65,Granito de Biotita,,,,,
CEBS-04,,BD_Ytrio,688700.0,5939583.0,-36.670671,-72.888416,263.0,44.5,67.195,57.0,44.0,5.5,378.0,142.0,6.08,0.76,Tonalita de Biotita,,,,,
CEBS-05,,BD_Ytrio,688703.0,5939570.0,-36.670787,-72.888379,273.0,26.7,40.317,66.0,43.0,20.7,469.0,193.0,2.35,0.3,Granito de Biotita,,,,,
CEBS-06,,BD_Ytrio,688622.0,5939630.0,-36.670263,-72.8893,272.0,19.5,29.445,99.0,0.5,15.6,444.0,163.0,3.56,0.38,Granito de Biotita,,,,,
CELCBS-01,,BD_Ytrio,680310.0,5932035.0,-36.7403,-72.980468,122.0,2.8,4.228,0.5,0.5,6.8,118.0,80.0,0.7222,0.0183,Granito de Biotita,,,,,
CELCBS-02,,BD_Ytrio,680167.0,5932059.0,-36.740111,-72.982074,98.0,19.7,29.747,83.0,41.0,25.2,121.0,54.0,3.6844,0.3385,Granito de Biotita,,,,,
CLAP-01,,BD_Ytrio,678852.0,5929681.0,-36.761784,-72.996237,113.0,3.3,4.983,0.5,0.5,3.4,161.0,83.0,1.0888,0.0254,Granito de Biotita,,,,,
CLAP-02,,BD_Ytrio,678852.0,5929681.0,-36.761784,-72.996237,113.0,2.3,3.473,0.5,0.5,3.1,299.0,124.0,0.6694,0.0174,Granito de Biotita,,,,,
CLAP-03,,BD_Ytrio,678852.0,5929681.0,-36.761784,-72.996237,113.0,12.3,18.573,87.0,58.0,26.8,293.0,135.0,3.4805,0.3064,Granito de Biotita,,,,,
CLBS-01,,BD_Ytrio,679099.0,5929778.0,-36.760863,-72.993494,123.0,40.2,60.702,61.0,50.0,20.1,97.0,0.5,2.8008,0.1576,Granito de Biotita,,,,,
CLBS-02,,BD_Ytrio,679090.0,5929798.0,-36.760685,-72.9936,144.0,11.6,17.516,0.5,0.5,17.7,0.5,0.5,5.9498,0.4833,Suelo,,,,,
CLBS-03,,BD_Ytrio,679088.0,5929811.0,-36.760568,-72.993625,144.0,24.3,36.693,0.5,0.5,23.8,465.0,219.0,6.9125,0.4369,Roca Micacea,,,,,
CLBS-04,,BD_Ytrio,679116.0,5929819.0,-36.760491,-72.993314,140.0,22.1,33.371,64.0,0.5,14.6,0.5,0.5,1.844,0.2275,Zona de Falla,,,,,
CLBS-05,,BD_Ytrio,679089.0,5929762.0,-36.76101,-72.993603,107.0,15.0,22.65,0.5,0.5,19.5,504.0,222.0,5.9488,0.3804,Metapelita,,,,,
CLBS-06,,BD_Ytrio,679071.0,5929714.0,-36.761445,-72.993793,109.0,22.1,33.371,0.5,0.5,18.1,126.0,120.0,6.6884,0.697,Suelo,,,,,
CLBS-07A,,BD_Ytrio,678852.0,5929681.0,-36.761784,-72.996237,113.0,65.0,98.15,0.5,0.5,39.0,115.0,0.5,4.1602,0.3617,Zona de Falla,,,,,
CLBS-07B,,BD_Ytrio,678852.0,5929681.0,-36.761784,-72.996237,113.0,19.6,29.596,0.5,43.0,0.5,151.0,61.0,1.1638,0.028,Granito de Biotita,,,,,
CLBS-08,,BD_Ytrio,678845.0,5929671.0,-36.761875,-72.996313,117.0,3.8,5.738,0.5,0.5,4.0,0.5,0.5,0.9457,0.0209,Granito de Biotita,,,,,
CLBS-09,,BD_Ytrio,678859.0,5929677.0,-36.761819,-72.996158,119.0,34.6,52.246,129.0,0.5,50.0,525.0,233.0,8.8472,0.7782,Zona de Falla,,,,,
CLBS-10,,BD_Ytrio,678866.0,5929689.0,-36.761709,-72.996082,115.0,24.5,36.995,91.0,56.0,12.6,732.0,247.0,16.0063,0.2918,Metapelita,,,Fe_ALTO(16.0063%),,
CLBS-11,,BD_Ytrio,678947.0,5929705.0,-36.76155,-72.995179,100.0,28.7,43.337,129.0,51.0,21.2,590.0,258.0,10.1195,0.7393,Metapelita,,,,,
CLBS-12,,BD_Ytrio,679354.0,5929681.0,-36.761689,-72.990616,129.0,15.5,23.405,80.0,0.5,19.2,188.0,65.0,2.8681,0.205,Granito de Biotita,,,,,
CMWBS-01,,BD_Ytrio,681039.0,5932801.0,-36.73326,-72.972489,169.0,1.9,2.869,0.5,0.5,15.1,218.0,86.0,0.7633,0.1813,Granito de Biotita,,,,,
CMWBS-02,,BD_Ytrio,681039.0,5932801.0,-36.73326,-72.972489,169.0,0.5,1.51,0.5,0.5,7.6,0.5,0.5,2.9044,0.1542,Granito de Biotita,,,,,
CMWBS-03,,BD_Ytrio,681039.0,5932801.0,-36.73326,-72.972489,169.0,2.5,3.775,0.5,0.5,15.4,0.5,0.5,0.9107,0.139,Granito de Biotita,,,,,
CURM-01,,BD_Ytrio,678902.0,5877984.0,-37.227506,-72.983413,282.0,9.3,14.043,20.0,15.0,0.5,151.0,63.0,4.7617,0.4503,Granito de Biotita,,,,,
CVBS-01,,BD_Ytrio,677929.0,5928452.0,-36.77303,-73.006286,31.0,13.9,20.989,86.0,42.0,26.6,216.0,75.0,2.1437,0.1568,Granito de Biotita,,,,,
CVBS-02,,BD_Ytrio,678075.0,5928734.0,-36.770462,-73.004716,61.0,7.2,10.872,75.0,0.5,18.3,247.0,105.0,3.386,0.2037,Granito de Biotita,,,,,
CVBS-03,,BD_Ytrio,678587.0,5928710.0,-36.770582,-72.998977,150.0,16.7,25.217,61.0,0.5,30.0,0.5,0.5,5.4837,0.5757,Granito de Biotita,,,,,
CVBS-04,,BD_Ytrio,679659.0,5928938.0,-36.768325,-72.987026,190.0,23.5,35.485,58.0,0.5,24.0,0.5,0.5,4.8081,0.4733,Granito de Biotita,,,,,
eeae-01,,BD_Ytrio,690490.0,5936566.0,-36.697493,-72.867647,302.0,12.4,18.724,68.0,0.5,8.4,0.5,0.5,5.2665,0.6098,Granito de Biotita,,,,,
eeae-02,,BD_Ytrio,690060.0,5935765.0,-36.704795,-72.872259,307.0,17.0,25.67,63.0,0.5,20.8,0.5,60.0,3.5318,0.3429,Granito de Biotita,,,,,
eeae-02b,,BD_Ytrio,690060.0,5935765.0,-36.704795,-72.872259,307.0,8.4,12.684,0.5,0.5,12.8,269.0,96.0,3.6423,0.3294,Granito de Biotita,,,,,
eeae-02c,,BD_Ytrio,690060.0,5935765.0,-36.704795,-72.872259,307.0,40.1,60.551,95.0,71.0,45.1,197.0,84.0,4.0911,0.4219,Granito de Biotita,,,,,
eeae-02d,,BD_Ytrio,690060.0,5935765.0,-36.704795,-72.872259,307.0,22.5,33.975,67.0,51.0,14.0,0.5,0.5,2.2038,0.2319,Granito de Biotita,,,,,
eeae-03,,BD_Ytrio,689508.0,5935161.0,-36.710347,-72.878285,298.0,9.7,14.647,0.5,0.5,28.1,0.5,0.5,4.3888,0.4466,Granito de Biotita,,,,,
eeae-03b,,BD_Ytrio,689494.0,5935107.0,-36.710836,-72.878428,295.0,13.5,20.385,0.5,0.5,11.6,0.5,0.5,9.8741,1.0198,Granito de Biotita,,,,,
eeae-03c,,BD_Ytrio,689494.0,5935107.0,-36.710836,-72.878428,295.0,6.1,9.211,0.5,0.5,21.9,0.5,0.5,3.6658,0.3662,Granito de Biotita,,,,,
eeae-04,,BD_Ytrio,689303.0,5934803.0,-36.713613,-72.88049,279.0,9.5,14.345,0.5,0.5,13.5,0.5,0.5,3.8828,0.3648,Granito de Biotita,,,,,
eeae-04b,,BD_Ytrio,689218.0,5934762.0,-36.713999,-72.881431,260.0,25.7,38.807,99.0,41.0,18.5,0.5,0.5,5.941,0.6083,Granito de Biotita,,,,,
eeae-05,,BD_Ytrio,690914.0,5934482.0,-36.716182,-72.862384,286.0,21.4,32.314,0.5,0.5,11.9,0.5,0.5,4.3457,0.4194,Granito de Biotita,,,,,
eeae-06,,BD_Ytrio,691117.0,5935786.0,-36.704394,-72.860438,259.0,16.8,25.368,60.0,0.5,13.1,186.0,57.0,2.7981,0.2403,Granito de Biotita,,,,,
eeae-06b,,BD_Ytrio,691117.0,5935786.0,-36.704394,-72.860438,259.0,16.0,24.16,0.5,0.5,31.7,175.0,81.0,0.2746,0.0504,Dique Aplitico,,,,,
eeae-06c,,BD_Ytrio,691117.0,5935786.0,-36.704394,-72.860438,259.0,23.9,36.089,0.5,0.5,12.0,108.0,56.0,1.9916,0.2253,Granito de Biotita,,,,,
eeae-07,,BD_Ytrio,691685.0,5937648.0,-36.687506,-72.85455,272.0,27.5,41.525,0.5,0.5,8.8,0.5,0.5,4.0878,0.368,Granito de Biotita,,,,,
eeae-07b,,BD_Ytrio,691685.0,5937648.0,-36.687506,-72.85455,272.0,41.2,62.212,0.5,0.5,6.4,0.5,0.5,5.4784,0.5721,Granito de Biotita,,,,,
eeae-08,,BD_Ytrio,692164.0,5938364.0,-36.680959,-72.849372,286.0,33.6,50.736,0.5,0.5,8.0,111.0,61.0,5.4358,0.6396,Granito de Biotita,,,,,
JC_Bolon_insitu,,BD_Ytrio,690796.0,5937692.0,-36.687288,-72.864505,312.0,10.07,15.2057,160.25,102.18,8.28,373.2,200.0,5.244933,0.481443,Granito de Biotita,,,,,
JC-AB-01,,BD_Ytrio,690625.0,5937680.0,-36.687431,-72.866414,339.0,84.4,127.444,65.0,0.5,9.6,0.5,0.5,5.183,0.5422,Granodiorita,,,,,
JC-AB-02,,BD_Ytrio,690628.0,5937666.0,-36.687556,-72.866377,344.0,85.5,129.105,0.5,0.5,0.5,0.5,0.5,6.3051,0.518,Roca Micacea,,,,,
JC-AB-04,,BD_Ytrio,690626.0,5937662.0,-36.687592,-72.866399,344.0,104.1,157.191,0.5,0.5,17.2,0.5,0.5,4.5447,0.5078,Granodiorita,,,,,
JC-AB-05,,BD_Ytrio,690630.0,5937645.0,-36.687745,-72.86635,345.0,52.9,79.879,52.0,0.5,9.9,0.5,0.5,0.6973,0.067,Aplita,,,,,
JC-AB-06,,BD_Ytrio,690630.0,5937645.0,-36.687745,-72.86635,344.0,101.0,152.51,66.0,50.0,32.9,113.0,0.5,5.3749,0.5184,Granodiorita,,,,,
JC-AB-07,,BD_Ytrio,690630.0,5937638.0,-36.687808,-72.866348,344.0,38.8,58.588,47.0,0.5,10.4,84.0,0.5,2.8907,0.2777,Roca Micacea,,,,,
JC-AB-08,,BD_Ytrio,690630.0,5937638.0,-36.687808,-72.866348,345.0,17.5,26.425,0.5,0.5,15.1,0.5,0.5,1.212,0.142,Tonalita,,,,,
JCAE-01a,,BD_Ytrio,691362.0,5936829.0,-36.694949,-72.857958,243.0,37.8,57.078,59.0,0.5,20.8,308.0,133.0,3.3557,0.465,Granito de Biotita,,,,,
JCAE-01b,,BD_Ytrio,691362.0,5936829.0,-36.694949,-72.857958,243.0,43.2,65.232,0.5,0.5,0.5,150.0,64.0,9.271,0.5835,SIN_ASIGNAR,,,,,
JCBS-05,,BD_Ytrio,690633.0,5937638.0,-36.687807,-72.866315,285.0,8.31,12.7143,0.5,0.5,0.5,0.5,0.5,1.771811,0.0,Aplita,,,,,
JCBS-06,,BD_Ytrio,690651.0,5937583.0,-36.688299,-72.866099,325.0,9.89,15.1317,0.5,0.5,0.5,0.5,0.5,6.154398,0.424797,Granito de Biotita,,,,,
JCBS-07,,BD_Ytrio,690684.0,5937584.0,-36.688284,-72.865731,323.0,25.72,39.3516,151.22,129.16,0.5,296.8,195.56,6.79448,0.763477,Roca Micacea,,,,,
JCBS-08,,BD_Ytrio,690684.0,5937584.0,-36.688284,-72.865731,323.0,24.69,37.7757,97.0,86.42,0.5,224.66,94.78,5.58726,0.466443,Granito de Biotita,,,,,
JCBS-09,,BD_Ytrio,690684.0,5937584.0,-36.688284,-72.865731,323.0,47.11,72.0783,95.64,0.5,0.5,0.5,0.5,3.129563,0.219949,Granodiorita,,,,,
JCBS-10,,BD_Ytrio,690684.0,5937584.0,-36.688284,-72.865731,323.0,24.75,37.8675,62.27,0.5,0.5,123.87,0.5,5.180695,0.359927,Granodiorita,,,,,
JCBS-11,,BD_Ytrio,690779.0,5937516.0,-36.688877,-72.864651,316.0,14.71,22.5063,79.55,0.5,0.5,202.31,156.64,5.912669,0.345142,Granito de Biotita,,,,,
JCBS-12,,BD_Ytrio,690845.0,5937596.0,-36.688143,-72.863933,314.0,8.24,12.6072,55.81,59.27,0.5,93.6,0.5,5.115753,0.364299,Granito de Biotita,,,,,
JCBS-13,,BD_Ytrio,690796.0,5937692.0,-36.687288,-72.864505,312.0,28.11,43.0083,138.7,132.98,0.5,277.97,180.79,5.323998,0.384214,Granito de Biotita,,,,,
JCBS-14,,BD_Ytrio,690752.0,5938095.0,-36.683666,-72.865097,308.0,9.27,14.1831,75.19,0.5,0.5,0.5,101.91,3.971252,0.277693,Granito de Biotita,,,,,
JCBS-15,,BD_Ytrio,690748.0,5938093.0,-36.683685,-72.865142,308.0,9.65,14.7645,61.81,0.5,0.5,0.5,0.5,3.278036,0.2083,Granito de Biotita,,,,,
JCBS-16,,BD_Ytrio,690748.0,5938093.0,-36.683685,-72.865142,308.0,13.32,20.3796,96.92,74.1,0.5,190.45,106.13,6.778977,0.405836,Roca Micacea,,,,,
JCBS-17,,BD_Ytrio,690744.0,5938092.0,-36.683695,-72.865186,309.0,25.76,39.4128,186.96,117.82,0.5,308.11,225.03,10.578186,0.646418,Roca Micacea,,,,,
JCBS-18,,BD_Ytrio,690744.0,5938092.0,-36.683695,-72.865186,309.0,27.62,42.2586,153.34,110.3,22.05,204.73,116.76,3.702622,0.138725,Zona de Falla,,,,,
JCBS-19,,BD_Ytrio,690675.0,5937923.0,-36.685231,-72.865916,308.0,33.36,51.0408,105.89,82.55,0.5,181.52,0.5,7.912411,0.622988,Granito de Biotita,,,,,
JCBS-20,,BD_Ytrio,690675.0,5937923.0,-36.685231,-72.865916,308.0,35.78,54.7434,71.95,75.7,0.5,146.19,0.5,4.947231,0.389744,Roca Micacea,,,,,
JCBS-21,,BD_Ytrio,690676.0,5937919.0,-36.685267,-72.865904,308.0,28.31,43.3143,93.25,0.5,0.5,140.4,136.49,5.551794,0.385852,Roca Micacea,,,,,
JCBS-22,,BD_Ytrio,690674.0,5937918.0,-36.685277,-72.865926,308.0,46.46,71.0838,74.08,54.22,0.5,136.9,89.21,6.325942,0.516459,Granito de Biotita,,,,,
JCBS-23,,BD_Ytrio,690674.0,5937918.0,-36.685277,-72.865926,308.0,28.25,43.2225,115.66,69.53,0.5,182.43,109.42,6.082646,0.401377,Roca Micacea,,,,,
JCBS-24,,BD_Ytrio,690669.0,5937916.0,-36.685296,-72.865981,309.0,47.84,73.1952,108.72,109.99,0.5,235.76,174.73,7.566308,0.428779,Granito de Biotita,,,,,
JCBS-25,,BD_Ytrio,690661.0,5937504.0,-36.689009,-72.865968,294.0,30.7,46.357,59.0,0.5,10.1,0.5,0.5,5.8276,0.6066,Granito de Biotita,,,,,
JCBS-26,,BD_Ytrio,690672.0,5937446.0,-36.689529,-72.86583,308.0,27.8,41.978,110.0,0.5,8.8,458.0,194.0,4.39,0.569,Granito de Biotita,,,,,
JCBS-27a,,BD_Ytrio,690711.0,5937270.0,-36.691107,-72.86535,311.0,45.8,69.158,0.5,0.5,7.8,118.0,0.5,6.8415,0.7173,Roca Micacea,,,,,
JCBS-27b,,BD_Ytrio,690711.0,5937270.0,-36.691107,-72.86535,311.0,5.4,8.154,0.5,0.5,8.4,259.0,114.0,6.4716,0.6163,Granito de Biotita,,,,,
JCBS-28,,BD_Ytrio,690741.0,5937255.0,-36.691236,-72.865011,306.0,13.9,20.989,57.0,0.5,9.6,271.0,135.0,6.8661,0.697,Granito de Biotita,,,,,
JCBS-29a,,BD_Ytrio,690739.0,5937236.0,-36.691407,-72.865029,309.0,29.8,44.998,50.0,0.5,4.3,322.0,148.0,5.4945,0.564,Roca Micacea,,,,,
JCBS-29b,,BD_Ytrio,690739.0,5937236.0,-36.691407,-72.865029,309.0,22.1,33.371,48.0,115.0,6.5,560.0,225.0,2.7589,0.2406,Aplita,,,,,
JCBS-29c,,BD_Ytrio,690739.0,5937236.0,-36.691407,-72.865029,309.0,29.5,44.545,0.5,0.5,8.7,299.0,123.0,4.5547,0.4798,Granito de Biotita,,,,,
liae-01,,BD_Ytrio,682345.0,5938534.0,-36.681361,-72.959238,211.0,14.1,21.291,69.0,0.5,16.7,442.0,204.0,9.4991,0.7025,Esquisto de Biotita,,,,,
liae-02,,BD_Ytrio,683264.0,5937838.0,-36.687455,-72.948792,311.0,37.0,55.87,180.0,55.0,31.5,253.0,68.0,2.5117,0.4923,Esquisto de Biotita,,,,,
liae-03,,BD_Ytrio,683389.0,5937430.0,-36.691106,-72.947296,324.0,18.5,27.935,68.0,0.5,12.1,0.5,0.5,0.2335,0.1976,Esquisto de Biotita,,,,,
liae-04,,BD_Ytrio,683856.0,5936889.0,-36.69589,-72.941942,334.0,20.8,31.408,58.0,0.5,25.5,259.0,137.0,4.2689,0.4148,Esquisto de Biotita,,,,,
liae-05,,BD_Ytrio,684513.0,5935531.0,-36.707997,-72.934264,350.0,23.3,35.183,51.0,48.0,19.7,413.0,186.0,1.8974,0.3293,Esquisto de Biotita,,,,,
liae-06,,BD_Ytrio,684952.0,5935508.0,-36.708119,-72.929347,333.0,21.6,32.616,68.0,0.5,18.1,517.0,243.0,2.0318,0.3356,Esquisto de Biotita,,,,,
liae-07,,BD_Ytrio,685299.0,5936923.0,-36.695303,-72.925807,241.0,26.6,40.166,87.0,0.5,19.9,415.0,184.0,7.6907,0.5959,Esquisto de Biotita,,,,,
liae-08,,BD_Ytrio,685529.0,5937072.0,-36.693916,-72.92327,213.0,23.8,35.938,125.0,0.5,20.1,609.0,265.0,5.2539,0.4761,Esquisto de Biotita,,,,,
liae-08b,,BD_Ytrio,685518.0,5937074.0,-36.6939,-72.923394,215.0,34.6,52.246,0.5,0.5,10.6,387.0,176.0,2.1074,0.2579,Esquisto de Biotita,,,,,
liae-09,,BD_Ytrio,685493.0,5938497.0,-36.681085,-72.924018,278.0,24.2,36.542,191.0,74.0,104.0,526.0,229.0,3.1849,0.4418,Granito de Biotita,,,,,
liae-10,,BD_Ytrio,686169.0,5938912.0,-36.677215,-72.916558,252.0,29.2,44.092,89.0,0.5,35.1,242.0,109.0,2.8091,0.2621,Granito de Biotita,,,,,
liae-11,,BD_Ytrio,686008.0,5938892.0,-36.677426,-72.918354,268.0,25.9,39.109,0.5,0.5,17.0,297.0,123.0,2.6194,0.2809,Granito de Biotita,,,,,
liae-11b,,BD_Ytrio,686008.0,5938892.0,-36.677426,-72.918354,268.0,40.5,61.155,0.5,0.5,17.9,549.0,204.0,6.7302,0.9442,Esquisto de Biotita,,,,,
liae-12,,BD_Ytrio,687306.0,5938300.0,-36.682505,-72.903692,320.0,15.1,22.801,50.0,0.5,12.8,185.0,91.0,3.4294,0.4089,Granito de Biotita,,,,,
liae-13,,BD_Ytrio,688116.0,5938008.0,-36.684975,-72.89456,316.0,12.3,18.573,0.5,0.5,12.2,92.0,0.5,6.0066,0.7134,Granito de Biotita,,,,,
liae-14,,BD_Ytrio,688238.0,5938265.0,-36.682636,-72.893258,313.0,7.0,10.57,0.5,0.5,6.3,484.0,233.0,0.9207,0.1594,Granito de Biotita,,,,,
liae-14b,,BD_Ytrio,688238.0,5938265.0,-36.682636,-72.893258,313.0,26.8,40.468,74.0,77.0,13.8,177.0,76.0,4.9592,0.4793,Granito de Biotita,,,,,
liae-15,,BD_Ytrio,686642.0,5938373.0,-36.681978,-72.911136,309.0,28.1,42.431,0.5,0.5,17.9,0.5,0.5,3.8715,0.3613,Granito de Biotita,,,,,
liae-15b,,BD_Ytrio,686642.0,5938373.0,-36.681978,-72.911136,309.0,16.8,25.368,49.0,0.5,21.6,0.5,0.5,3.9533,0.3603,Granito de Biotita,,,,,
liae-16,,BD_Ytrio,686766.0,5938017.0,-36.68516,-72.909663,313.0,3.1,4.681,56.0,0.5,14.9,99.0,96.0,3.5925,0.3472,Granito de Biotita,,,,,
liae-16b,,BD_Ytrio,686766.0,5938017.0,-36.68516,-72.909663,313.0,6.5,9.815,95.0,0.5,21.1,0.5,0.5,3.2466,0.3562,Granito de Biotita,,,,,
liae-17,,BD_Ytrio,686702.0,5937995.0,-36.685371,-72.910373,300.0,7.6,11.476,73.0,0.5,17.3,123.0,62.0,3.2671,0.3398,Granito de Biotita,,,,,
liae-17b,,BD_Ytrio,686702.0,5937995.0,-36.685371,-72.910373,300.0,17.7,26.727,0.5,0.5,8.0,0.5,0.5,3.2599,0.377,Granito de Biotita,,,,,
liae-18,,BD_Ytrio,686649.0,5937833.0,-36.686841,-72.910926,303.0,17.2,25.972,74.0,47.0,19.5,0.5,0.5,4.2338,0.4887,Granito de Biotita,,,,,
liae-18b,,BD_Ytrio,686649.0,5937833.0,-36.686841,-72.910926,303.0,14.9,22.499,80.0,0.5,21.4,0.5,0.5,1.8879,0.1725,Granito de Biotita,,,,,
liae-19,,BD_Ytrio,688575.0,5938745.0,-36.678245,-72.889607,307.0,11.9,17.969,88.0,0.5,11.7,0.5,0.5,2.9748,0.2821,Granito de Biotita,,,,,
liae-20,,BD_Ytrio,688719.0,5938979.0,-36.676108,-72.888054,307.0,14.1,21.291,0.5,0.5,13.2,103.0,0.5,4.8833,0.5391,Granito de Biotita,,,,,
liae-21,,BD_Ytrio,688719.0,5938979.0,-36.676108,-72.888054,307.0,34.1,51.491,78.0,49.0,14.5,118.0,69.0,3.6754,0.3959,Granito de Biotita,,,,,
liae-22,,BD_Ytrio,688778.0,5938970.0,-36.676178,-72.887392,317.0,49.8,75.198,84.0,61.0,19.6,0.5,0.5,5.7415,0.5938,Granito de Biotita,,,,,
liae-22b,,BD_Ytrio,688778.0,5938970.0,-36.676178,-72.887392,317.0,46.5,70.215,83.0,58.0,15.7,188.0,61.0,4.0211,0.293,Granito de Biotita,,,,,
liae-22c,,BD_Ytrio,688778.0,5938970.0,-36.676178,-72.887392,317.0,11.8,17.818,0.5,0.5,21.8,0.5,0.5,6.2638,0.6595,Granito de Biotita,,,,,
liae-23,,BD_Ytrio,689823.0,5938857.0,-36.676988,-72.875677,289.0,33.6,50.736,0.5,0.5,10.3,0.5,0.5,4.2571,0.5829,Granito de Biotita,,,,,
liae-23b,,BD_Ytrio,689806.0,5938848.0,-36.677072,-72.875865,292.0,36.9,55.719,0.5,0.5,4.5,0.5,0.5,11.1795,1.3499,Granito de Biotita,,,,,
liae-24,,BD_Ytrio,691444.0,5939377.0,-36.671978,-72.857678,316.0,25.6,38.656,0.5,0.5,9.0,0.5,0.5,6.4832,0.6327,Granito de Biotita,,,,,
liae-25,,BD_Ytrio,686677.0,5935343.0,-36.709268,-72.910006,293.0,17.7,26.727,0.5,0.5,17.8,506.0,211.0,6.0254,0.5648,Metapelita,,,,,
liae-26,,BD_Ytrio,686512.0,5935542.0,-36.707507,-72.9119,318.0,26.7,40.317,57.0,0.5,19.3,0.5,0.5,3.0122,0.4241,Metapelita,,,,,
liae-27,,BD_Ytrio,686353.0,5935832.0,-36.704926,-72.91375,294.0,23.0,34.73,58.0,39.0,13.6,390.0,175.0,3.3865,0.3497,Metapelita,,,,,
liae-28,,BD_Ytrio,687610.0,5936463.0,-36.698994,-72.899841,265.0,17.0,25.67,0.5,0.5,15.5,321.0,150.0,2.5499,0.3214,Granito de Biotita,,,,,
liae-29,,BD_Ytrio,687391.0,5936333.0,-36.700208,-72.902259,272.0,52.0,78.52,0.5,73.0,6.9,0.5,0.5,4.2338,0.5182,Granito de Biotita,,,,,
liae-30,,BD_Ytrio,688079.0,5937538.0,-36.689217,-72.894858,298.0,13.5,20.385,0.5,0.5,9.8,0.5,0.5,4.8508,0.5794,Granito de Biotita,,,,,
liae-31,,BD_Ytrio,686969.0,5935230.0,-36.710228,-72.906711,267.0,25.0,37.75,65.0,56.0,15.6,0.5,0.5,3.135,0.2864,Granito de Biotita,,,,,
liae-32,,BD_Ytrio,686801.0,5935500.0,-36.707829,-72.908657,282.0,13.3,20.083,79.0,0.5,12.7,0.5,0.5,2.6152,0.2864,Granito de Biotita,,,,,
liae-33,,BD_Ytrio,685264.0,5934607.0,-36.716175,-72.925638,354.0,25.1,37.901,0.5,0.5,22.0,422.0,188.0,3.233,0.3237,Metapelita,,,,,
liae-34,,BD_Ytrio,685844.0,5935198.0,-36.710737,-72.919291,234.0,4.8,7.248,0.5,0.5,0.5,316.0,149.0,0.963,1.0478,Dique Aplitico,,,,,
liae-34b,,BD_Ytrio,685840.0,5935193.0,-36.710783,-72.919335,236.0,22.1,33.371,0.5,0.5,15.4,561.0,220.0,2.8551,0.446,Metapelita,,,,,
liae-35,,BD_Ytrio,685769.0,5937430.0,-36.690644,-72.920672,238.0,28.6,43.186,75.0,0.5,17.7,474.0,196.0,4.6503,0.7305,Metapelita,,,,,
liae-36,,BD_Ytrio,685814.0,5937427.0,-36.690662,-72.920168,248.0,14.6,22.046,0.5,0.5,18.6,0.5,0.5,3.3796,0.3458,Granito de Biotita,,,,,
liae-37,,BD_Ytrio,686768.0,5937357.0,-36.691106,-72.909479,253.0,23.7,35.787,0.5,0.5,20.6,0.5,0.5,2.3745,0.2266,Granito de Biotita,,,,,
liae-38,,BD_Ytrio,687070.0,5937241.0,-36.692092,-72.906073,275.0,5.3,8.003,57.0,0.5,20.2,0.5,0.5,4.5068,0.4384,Granito de Biotita,,,,,
liae-39,,BD_Ytrio,681234.0,5933897.0,-36.723349,-72.970566,110.0,14.5,21.895,0.5,0.5,10.2,316.0,133.0,3.3347,0.3809,Tonalita,,,,,
liae-40,,BD_Ytrio,683703.0,5934787.0,-36.714857,-72.943149,210.0,32.6,49.226,0.5,0.5,12.3,123.0,66.0,3.8871,0.381,Tonalita,,,,,
liae-41,,BD_Ytrio,683651.0,5934731.0,-36.715371,-72.943717,195.0,18.3,27.633,71.0,0.5,17.6,201.0,67.0,4.5883,0.4968,Tonalita,,,,,
liae-42,,BD_Ytrio,684209.0,5935033.0,-36.712542,-72.937546,308.0,21.5,32.465,78.0,49.0,20.1,552.0,225.0,2.6915,0.4022,Metapelita,,,,,
liae-42b,,BD_Ytrio,684209.0,5935033.0,-36.712542,-72.937546,308.0,18.9,28.539,67.0,55.0,10.3,239.0,109.0,3.3249,0.3931,Tonalita,,,,,
MAD-AE-01,,BD_Ytrio,682306.0,5932985.0,-36.73136,-72.958352,177.0,15.2,22.952,49.0,0.5,11.3,341.0,154.0,3.4088,0.5303,Tonalita,,,,,
MADBS-01,,BD_Ytrio,681768.0,5932489.0,-36.735932,-72.964255,190.0,29.5,44.545,0.5,58.0,11.5,0.5,0.5,5.2711,0.5522,Roca Micacea,,,,,
MADBS-02,,BD_Ytrio,681754.0,5932481.0,-36.736007,-72.96441,125.0,41.1,62.061,108.0,0.5,18.4,692.0,305.0,5.5582,0.7585,Granodiorita,,,,,
MADBS-03,,BD_Ytrio,681746.0,5932409.0,-36.736657,-72.964482,214.0,31.0,46.81,155.0,89.0,39.0,0.5,0.5,7.8633,0.6146,Granodiorita,,,,,
MADBS-04,,BD_Ytrio,681796.0,5932359.0,-36.737098,-72.963911,223.0,14.0,21.14,96.0,0.5,27.0,612.0,246.0,6.1755,0.7871,Roca Micacea,,,,,
MADBS-05a,,BD_Ytrio,681835.0,5932364.0,-36.737045,-72.963475,214.0,95.1,143.601,522.0,246.0,127.0,312.0,87.0,8.5401,0.5141,Granito de Granate,,,,,
MADBS-05b,,BD_Ytrio,681835.0,5932364.0,-36.737045,-72.963475,214.0,70.7,106.757,69.0,89.0,7.4,192.0,104.0,5.4425,0.4456,Tonalita,,,,,
MADBS-05c,,BD_Ytrio,681835.0,5932364.0,-36.737045,-72.963475,214.0,140.2,211.702,403.0,364.0,78.0,524.0,157.0,6.7819,0.6035,Halo Tonalitico,,,,,
MADBS-06,,BD_Ytrio,681802.0,5932358.0,-36.737106,-72.963843,222.0,53.7,81.087,206.0,103.0,43.0,363.0,170.0,10.8761,0.58,Roca Micacea,,,,,
MADBS-07a,,BD_Ytrio,681783.0,5932359.0,-36.7371,-72.964056,220.0,38.2,57.682,204.0,86.0,46.0,329.0,138.0,6.9756,0.6464,Tonalita,,,,,
MADBS-07b,,BD_Ytrio,681783.0,5932359.0,-36.7371,-72.964056,220.0,39.3,59.343,161.0,0.5,29.0,0.5,0.5,8.0003,0.5864,Roca Micacea,,,,,
MADBS-08,,BD_Ytrio,682452.0,5932628.0,-36.734548,-72.956632,248.0,53.3,80.483,405.0,196.0,152.0,242.0,104.0,11.64,0.52,Granito de Granate,,,,,
MADBS-09,,BD_Ytrio,682434.0,5932618.0,-36.734642,-72.956831,249.0,54.6,82.446,395.0,105.0,86.0,305.0,122.0,14.82,0.43,Granito de Granate,,,,,
MADBS-10,,BD_Ytrio,682358.0,5932566.0,-36.735125,-72.95767,251.0,78.6,118.686,202.0,129.0,52.0,280.0,132.0,7.01,0.46,Vetilla,,,,,
MADBS-100,,BD_Ytrio,683106.0,5932907.0,-36.731909,-72.949379,252.0,53.0,80.03,223.0,94.0,67.0,142.0,0.5,7.4986,0.3283,Granito de Granate,,,,,
MADBS-101,,BD_Ytrio,683193.0,5932890.0,-36.732045,-72.948401,249.0,33.6,50.736,0.5,0.5,14.5,127.0,61.0,4.3392,0.5217,Tonalita de Biotita,,,,,
MADBS-102,,BD_Ytrio,683412.0,5932850.0,-36.732363,-72.94594,266.0,26.9,40.619,81.0,0.5,20.0,0.5,0.5,4.0277,0.4936,Tonalita,,,,,
MADBS-103A,,BD_Ytrio,681050.0,5932901.0,-36.732357,-72.97239,155.0,74.4,112.344,185.0,87.0,54.0,0.5,0.5,49.064,2.356,Xenolito de Granito,,,Fe_ALTO(49.064%),,
MADBS-103B,,BD_Ytrio,681050.0,5932901.0,-36.732357,-72.97239,155.0,55.7,84.107,167.0,84.0,52.3,340.0,130.0,25.425,2.302,Granito de Biotita,,,Fe_ALTO(25.425%); K_ALTO(10.623%),,
MADBS-103C,,BD_Ytrio,681050.0,5932901.0,-36.732357,-72.97239,155.0,56.3,85.013,157.0,82.0,43.2,0.5,0.5,2.7353,0.1253,Granito de Biotita,,,,,
MADBS-103D,,BD_Ytrio,681050.0,5932901.0,-36.732357,-72.97239,155.0,46.0,69.46,214.0,94.0,48.0,118.0,0.5,4.726,0.1756,Granito de Biotita,,,,,
MADBS-104,,BD_Ytrio,680814.0,5932994.0,-36.731564,-72.975053,118.0,2.0,3.02,0.5,0.5,5.6,0.5,0.5,11.465,0.837,Granito de Biotita,,,K_ALTO(16.557%),,
MADBS-105,,BD_Ytrio,681162.0,5932891.0,-36.732426,-72.971134,152.0,236.0,356.36,94.0,53.0,13.3,263.0,95.0,10.5984,0.657,Tonalita,,,,,
MADBS-106,,BD_Ytrio,681268.0,5932651.0,-36.734568,-72.96989,186.0,184.0,277.84,742.0,336.0,166.0,358.0,109.0,9.8609,0.4819,Halo Tonalitico,,,,,
MADBS-107A,,BD_Ytrio,681300.0,5932651.0,-36.734562,-72.969532,190.0,105.6,159.456,620.0,242.0,137.0,270.0,88.0,6.1344,0.4221,Dique Tonalitico,,,,,
MADBS-107B,,BD_Ytrio,681300.0,5932651.0,-36.734562,-72.969532,190.0,89.7,135.447,687.0,320.0,141.0,456.0,168.0,4.8144,0.2482,Granito de Granate,,,,,
MADBS-108,,BD_Ytrio,681447.0,5932847.0,-36.732768,-72.967933,148.0,207.0,312.57,407.0,207.0,69.0,329.0,95.0,7.5623,0.2969,Granito de Granate,,,,,
MADBS-109,,BD_Ytrio,681298.0,5932906.0,-36.732265,-72.969615,94.0,186.0,280.86,451.0,194.0,80.0,493.0,147.0,13.3604,0.3647,Granito de Granate,,,,,
MADBS-11,,BD_Ytrio,682165.0,5932739.0,-36.733603,-72.959871,192.0,73.4,110.834,177.0,68.0,37.0,208.0,109.0,6.84,0.57,Granito de Granate,,,,,
MADBS-110,,BD_Ytrio,681094.0,5932324.0,-36.737547,-72.97176,211.0,37.1,56.021,108.0,47.0,31.9,0.5,0.5,4.0019,0.3004,Granito de Biotita,,,,,
MADBS-12,,BD_Ytrio,681832.0,5932600.0,-36.73492,-72.963565,154.0,39.1,59.041,0.5,0.5,11.2,375.0,147.0,3.9818,0.5086,Tonalita,,,,,
MADBS-13,,BD_Ytrio,681832.0,5932600.0,-36.73492,-72.963565,179.0,25.4,38.354,182.0,57.0,36.3,228.0,102.0,7.7462,0.572,Roca Micacea,,,,,
MADBS-14,,BD_Ytrio,681829.0,5932544.0,-36.735425,-72.963586,208.0,44.8,67.648,66.0,42.0,20.3,297.0,100.0,4.279,0.372,Granito de Granate,,,,DUP_1/2,
MADBS-14,,BD_Ytrio,681943.0,5932564.0,-36.735223,-72.962314,208.0,28.2,42.582,62.0,0.5,11.5,156.0,0.5,3.6005,0.3837,Granito de Granate,,,,DUP_2/2,
MADBS-15a,,BD_Ytrio,681961.0,5932518.0,-36.735634,-72.962102,149.0,23.6,35.636,0.5,0.5,11.1,0.5,0.5,4.3583,0.3872,Roca Micacea,,,,,
MADBS-15b,,BD_Ytrio,682012.0,5932475.0,-36.736011,-72.961521,149.0,282.0,425.82,591.0,298.0,120.0,526.0,165.0,9.6745,0.4288,Tonalita,,,,,
MADBS-16,,BD_Ytrio,682012.0,5932475.0,-36.736011,-72.961521,157.0,204.0,308.04,507.0,313.0,94.0,833.0,296.0,10.0592,0.4192,Roca Micacea,,,,,
MADBS-17,,BD_Ytrio,682012.0,5932529.0,-36.735525,-72.961534,207.0,190.0,286.9,539.0,259.0,118.0,676.0,227.0,9.4978,0.5434,Granito de Granate,,,,,
MADBS-18,,BD_Ytrio,682028.0,5932479.0,-36.735972,-72.961343,221.0,53.5,80.785,177.0,107.0,48.0,352.0,217.0,8.585,0.5348,Roca Micacea,,,,,
MADBS-19,,BD_Ytrio,682387.0,5932690.0,-36.734002,-72.957375,225.0,26.2,39.562,92.0,0.5,20.0,383.0,180.0,6.3722,0.3911,Tonalita,,,,,
MADBS-20,,BD_Ytrio,682668.0,5932845.0,-36.732552,-72.954266,186.0,61.5,92.865,213.0,110.0,44.0,455.0,202.0,9.2839,0.5036,Granito de Granate,,,,,
MADBS-21,,BD_Ytrio,682667.0,5932944.0,-36.73166,-72.954301,179.0,24.0,36.24,64.0,0.5,11.1,191.0,85.0,5.6897,0.6076,Tonalita de Biotita,,,,,
MADBS-22,,BD_Ytrio,682708.0,5933324.0,-36.728229,-72.953933,141.0,13.5,20.385,0.5,0.5,13.7,364.0,144.0,2.8046,0.4015,Tonalita de Biotita,,,,,
MADBS-23,,BD_Ytrio,682541.0,5933343.0,-36.72809,-72.955807,152.0,18.9,28.539,0.5,0.5,16.9,252.0,99.0,4.277,0.5035,Granodiorita,,,,,
MADBS-24,,BD_Ytrio,682465.0,5933030.0,-36.730924,-72.956583,187.0,27.2,41.072,149.0,60.0,26.8,498.0,204.0,6.767,0.7251,Roca Micacea,,,,,
MADBS-25,,BD_Ytrio,682509.0,5933148.0,-36.729853,-72.956118,168.0,25.4,38.354,63.0,0.5,13.2,152.0,105.0,5.6553,0.6697,Granodiorita,,,,,
MADBS-26,,BD_Ytrio,682226.0,5932984.0,-36.731385,-72.959247,192.0,5.7,8.607,0.5,0.5,12.2,0.5,0.5,5.6097,0.5566,Tonalita de Biotita,,,,,
MADBS-27,,BD_Ytrio,682229.0,5933191.0,-36.729519,-72.959263,143.0,14.9,22.499,0.5,0.5,10.1,0.5,0.5,5.1235,0.4834,Tonalita de Biotita,,,,,
MADBS-28,,BD_Ytrio,682112.0,5933172.0,-36.729713,-72.960568,181.0,17.3,26.123,0.5,0.5,9.5,0.5,0.5,4.3554,0.4315,Tonalita de Biotita,,,,,
MADBS-29,,BD_Ytrio,682201.0,5933487.0,-36.726858,-72.959647,157.0,9.3,14.043,0.5,0.5,11.2,0.5,0.5,4.686,0.4608,Tonalita de Biotita,,,,,
MADBS-30,,BD_Ytrio,682255.0,5933408.0,-36.727559,-72.959023,132.0,9.7,14.647,0.5,0.5,8.9,0.5,0.5,3.0712,0.3502,Roca Micacea,,,,,
MADBS-31,,BD_Ytrio,682187.0,5933082.0,-36.730509,-72.959707,170.0,20.2,30.502,0.5,0.5,12.3,469.0,179.0,4.2266,0.6045,Tonalita,,,,,
MADBS-32,,BD_Ytrio,681911.0,5933050.0,-36.73085,-72.962788,149.0,20.1,30.351,0.5,37.0,10.6,295.0,132.0,4.0456,0.4802,Tonalita de Biotita,,,,,
MADBS-33a,,BD_Ytrio,681886.0,5933082.0,-36.730567,-72.963076,152.0,17.1,25.821,0.5,0.5,17.4,249.0,114.0,3.2635,0.3154,Tonalita de Biotita,,,,,
MADBS-33b,,BD_Ytrio,681886.0,5933082.0,-36.730567,-72.963076,152.0,14.9,22.499,55.0,0.5,13.9,130.0,51.0,6.2387,0.7194,Tonalita,,,,,
MADBS-34a,,BD_Ytrio,681783.0,5932946.0,-36.731812,-72.964196,115.0,14.4,21.744,0.5,0.5,0.5,206.0,85.0,3.3621,0.3666,Tonalita de Biotita,,,,,
MADBS-34b,,BD_Ytrio,681783.0,5932946.0,-36.731812,-72.964196,115.0,18.2,27.482,0.5,0.5,5.9,520.0,227.0,4.5409,0.6337,Tonalita,,,,,
MADBS-35,,BD_Ytrio,681527.0,5932809.0,-36.733095,-72.967029,133.0,21.9,33.069,90.0,0.5,9.8,0.5,0.5,4.9816,0.4748,Tonalita,,,,,
MADBS-36,,BD_Ytrio,681605.0,5932771.0,-36.733423,-72.966147,117.0,25.7,38.807,0.5,0.5,6.7,279.0,92.0,3.797,0.3769,Granodiorita,,,,,
MADBS-37,,BD_Ytrio,681648.0,5932875.0,-36.732477,-72.96569,103.0,52.8,79.728,78.0,97.0,12.8,340.0,112.0,5.5778,0.59,Granodiorita,,,,,
MADBS-38,,BD_Ytrio,681645.0,5932880.0,-36.732433,-72.965725,100.0,30.7,46.357,0.5,0.5,21.6,0.5,0.5,5.2651,0.6273,Granodiorita,,,,,
MADBS-39,,BD_Ytrio,681401.0,5932932.0,-36.732011,-72.968468,100.0,35.9,54.209,0.5,0.5,10.7,242.0,107.0,5.4087,0.4194,Tonalita,,,,,
MADBS-40,,BD_Ytrio,681439.0,5932927.0,-36.732049,-72.968042,114.0,290.0,437.9,517.0,276.0,175.0,488.0,169.0,12.8346,0.4416,Granito de Granate,,,,,
MADBS-41,,BD_Ytrio,682301.0,5932529.0,-36.735469,-72.958299,257.0,32.5,49.075,292.0,139.0,62.0,299.0,121.0,8.5433,0.9473,Tonalita,,,,,
MADBS-42a,,BD_Ytrio,682319.0,5932505.0,-36.735682,-72.958092,261.0,54.5,82.295,613.0,126.0,72.0,371.0,149.0,8.6404,0.4265,Granito de Granate,,,,,
MADBS-42b,,BD_Ytrio,682319.0,5932505.0,-36.735682,-72.958092,261.0,20.5,30.955,0.5,0.5,4.9,0.5,65.0,4.5397,0.952,Tonalita,,,,,
MADBS-43,,BD_Ytrio,682355.0,5932494.0,-36.735774,-72.957686,268.0,106.6,160.966,443.0,161.0,91.0,308.0,124.0,13.9232,0.5341,Granito de Granate,,,,,
MADBS-44,,BD_Ytrio,682426.0,5932515.0,-36.735571,-72.956896,274.0,50.6,76.406,166.0,113.0,63.0,351.0,90.0,8.4886,0.5294,Roca Micacea,,,,,
MADBS-45,,BD_Ytrio,682473.0,5932539.0,-36.735346,-72.956376,278.0,33.7,50.887,1006.0,449.0,365.0,0.5,0.5,11.0563,0.4345,Halo Tonalitico,,,,,
MADBS-46,,BD_Ytrio,682564.0,5932547.0,-36.735257,-72.955359,282.0,23.6,35.636,98.0,0.5,18.8,523.0,241.0,3.8652,0.4622,Metapelita,,,,,
MADBS-47,,BD_Ytrio,682873.0,5932469.0,-36.7359,-72.951882,306.0,20.5,30.955,66.0,0.5,17.5,467.0,209.0,6.4324,0.5631,Metapelita,,,,,
MADBS-48a,,BD_Ytrio,682922.0,5932390.0,-36.736602,-72.951315,319.0,33.5,50.585,590.0,253.0,127.0,243.0,0.5,8.4169,0.5359,Tonalita,,,,,
MADBS-48b,,BD_Ytrio,682922.0,5932390.0,-36.736602,-72.951315,319.0,30.0,45.3,335.0,182.0,75.0,290.0,97.0,8.8922,0.6173,Roca Micacea,,,,,
MADBS-49,,BD_Ytrio,682720.0,5932686.0,-36.733974,-72.953646,228.0,24.6,37.146,0.5,0.5,10.1,149.0,61.0,6.4948,0.4079,Tonalita,,,,,
MADBS-50A,,BD_Ytrio,682845.0,5932675.0,-36.734049,-72.952245,228.0,24.0,36.24,0.5,45.0,11.8,187.0,91.0,4.9386,0.5215,Roca Micacea,,,,,
MADBS-50B,,BD_Ytrio,682845.0,5932675.0,-36.734049,-72.952245,228.0,37.1,56.021,0.5,0.5,14.5,0.5,0.5,3.875,0.3718,Tonalita,,,,,
MADBS-51,,BD_Ytrio,682891.0,5932722.0,-36.733617,-72.951741,222.0,29.3,44.243,114.0,0.5,28.3,233.0,118.0,4.6285,0.5122,Roca micacea?,,,,,
MADBS-52,,BD_Ytrio,682894.0,5932741.0,-36.733445,-72.951712,223.0,153.0,231.03,133.0,76.0,35.3,0.5,0.5,5.6462,0.43,Tonalita,,,,,
MADBS-53,,BD_Ytrio,682909.0,5932779.0,-36.7331,-72.951553,215.0,26.4,39.864,0.5,0.5,8.4,0.5,0.5,4.2592,0.5459,Tonalita,,,,,
MADBS-54A,,BD_Ytrio,682870.0,5932853.0,-36.732441,-72.952007,212.0,17.0,25.67,0.5,0.5,8.5,0.5,0.5,4.4617,0.4746,Tonalita,,,,,
MADBS-54B,,BD_Ytrio,682870.0,5932853.0,-36.732441,-72.952007,212.0,14.8,22.348,46.0,0.5,16.9,325.0,159.0,3.6956,0.4432,Tonalita de Biotita,,,,,
MADBS-55,,BD_Ytrio,682965.0,5932748.0,-36.733369,-72.950919,249.0,30.8,46.508,53.0,0.5,18.6,312.0,143.0,3.7442,0.3244,Roca Micacea,,,,,
MADBS-56A,,BD_Ytrio,683042.0,5932633.0,-36.73439,-72.95003,302.0,48.7,73.537,182.0,91.0,48.0,295.0,141.0,6.0408,0.5262,Roca Micacea,,,,,
MADBS-56B,,BD_Ytrio,683084.0,5932533.0,-36.735282,-72.949535,337.0,30.2,45.602,76.0,0.5,22.0,312.0,163.0,4.5993,0.5419,Roca Micacea,,,,,
MADBS-57,,BD_Ytrio,683084.0,5932533.0,-36.735282,-72.949535,337.0,53.8,81.238,110.0,75.0,31.9,268.0,102.0,4.9754,0.4676,Roca micacea?,,,,,
MADBS-58,,BD_Ytrio,683209.0,5932567.0,-36.734952,-72.948145,353.0,65.1,98.301,324.0,141.0,87.0,188.0,67.0,4.6342,0.2975,Tonalita,,,,,
MADBS-59A,,BD_Ytrio,683365.0,5932559.0,-36.734994,-72.946396,352.0,38.9,58.739,120.0,57.0,37.2,305.0,124.0,7.692,0.5351,Roca Micacea,,,,,
MADBS-59B,,BD_Ytrio,683365.0,5932559.0,-36.734994,-72.946396,352.0,38.2,57.682,359.0,118.0,51.0,746.0,301.0,4.8985,0.4952,Tonalita,,,,,
MADBS-60,,BD_Ytrio,683369.0,5932556.0,-36.73502,-72.946351,350.0,17.1,25.821,339.0,155.0,83.0,110.0,0.5,4.9596,0.3071,Granito de Granate,,,,,
MADBS-61A,,BD_Ytrio,683393.0,5932553.0,-36.735043,-72.946082,350.0,39.7,59.947,459.0,186.0,80.0,403.0,155.0,7.4111,0.44,Granito de Granate,,,,,
MADBS-61B,,BD_Ytrio,683393.0,5932553.0,-36.735043,-72.946082,350.0,11.5,17.365,340.0,141.0,94.0,182.0,68.0,6.3464,0.312,Tonalita,,,,,
MADBS-61C,,BD_Ytrio,683393.0,5932553.0,-36.735043,-72.946082,350.0,20.9,31.559,183.0,55.0,23.6,344.0,146.0,11.5468,0.3408,Roca Micacea,,,Mn_ALTO(1.7147%),,
MADBS-62,,BD_Ytrio,683405.0,5932550.0,-36.735067,-72.945947,347.0,2.6,3.926,52.0,0.5,4.2,194.0,94.0,5.5031,0.3604,Roca Micacea,,,,,
MADBS-63A,,BD_Ytrio,683425.0,5932549.0,-36.735073,-72.945722,347.0,5.7,8.607,0.5,0.5,8.6,110.0,53.0,4.629,0.4281,Granito de Granate,,,,,
MADBS-63B,,BD_Ytrio,683425.0,5932549.0,-36.735073,-72.945722,347.0,31.1,46.961,405.0,125.0,71.0,233.0,118.0,5.5824,0.2241,Roca Micacea,,,,,
MADBS-63C,,BD_Ytrio,683425.0,5932549.0,-36.735073,-72.945722,347.0,38.3,57.833,88.0,89.0,24.9,596.0,233.0,6.0771,0.7954,SIN_ASIGNAR,,,,,
MADBS-64,,BD_Ytrio,683444.0,5932548.0,-36.735078,-72.94551,348.0,46.5,70.215,583.0,268.0,113.0,570.0,171.0,7.6107,0.3778,Granito de Granate,,,,,
MADBS-65,,BD_Ytrio,682630.0,5932590.0,-36.734856,-72.954631,271.0,30.6,46.206,285.0,123.0,53.0,255.0,94.0,7.6479,0.7533,Suelo,,,,,
MADBS-66,,BD_Ytrio,682604.0,5932602.0,-36.734753,-72.954925,262.0,28.6,43.186,491.0,256.0,107.0,265.0,105.0,7.7475,0.6909,Halo Tonalitico,,,,,
MADBS-67A,,BD_Ytrio,682595.0,5932607.0,-36.73471,-72.955027,259.0,53.3,80.483,513.0,208.0,128.0,322.0,135.0,6.5983,0.3731,Halo Tonalitico,,,,,
MADBS-67B,,BD_Ytrio,682595.0,5932607.0,-36.73471,-72.955027,259.0,34.5,52.095,122.0,0.5,38.0,386.0,154.0,8.0664,0.6332,Roca Micacea,,,,,
MADBS-68,,BD_Ytrio,682662.0,5932593.0,-36.734823,-72.954273,265.0,26.8,40.468,272.0,132.0,59.0,343.0,128.0,7.909,0.6955,Suelo,,,,,
MADBS-69,,BD_Ytrio,682696.0,5932611.0,-36.734655,-72.953897,257.0,39.5,59.645,246.0,126.0,44.0,287.0,139.0,6.8777,0.7182,Suelo,,,,,
MADBS-70,,BD_Ytrio,682713.0,5932614.0,-36.734624,-72.953708,258.0,29.8,44.998,166.0,89.0,32.3,378.0,141.0,6.7063,0.6831,Suelo,,,,,
MADBS-71A,,BD_Ytrio,682666.0,5932681.0,-36.73403,-72.95425,244.0,8.6,12.986,0.5,0.5,5.6,243.0,110.0,4.3649,0.436,Tonalita,,,,,
MADBS-71B,,BD_Ytrio,682666.0,5932681.0,-36.73403,-72.95425,244.0,10.0,15.1,0.5,0.5,11.7,349.0,150.0,6.5577,0.6099,Roca Micacea,,,,,
MADBS-72A,,BD_Ytrio,682660.0,5932686.0,-36.733986,-72.954318,245.0,28.7,43.337,360.0,169.0,83.0,437.0,173.0,8.4324,0.4526,Granito de Granate,,,,,
MADBS-72B,,BD_Ytrio,682660.0,5932686.0,-36.733986,-72.954318,245.0,163.3,246.583,611.0,249.0,112.0,472.0,103.0,10.0758,0.466,Granito de Granate,,,,DUP_1/2,
MADBS-72B,,BD_Ytrio,682660.0,5932686.0,-36.733986,-72.954318,245.0,207.0,312.57,562.0,279.0,92.0,613.0,287.0,11.1688,0.8252,Granito de Granate,,,,DUP_2/2,
MADBS-72C,,BD_Ytrio,682660.0,5932686.0,-36.733986,-72.954318,245.0,28.6,43.186,145.0,0.5,6.9,137.0,88.0,6.985,0.3515,Roca Micacea,,,,,
MADBS-73,,BD_Ytrio,682631.0,5932766.0,-36.733271,-72.954662,224.0,35.1,53.001,0.5,51.0,12.7,234.0,91.0,1.6899,0.4132,Tonalita,,,,,
MADBS-74,,BD_Ytrio,682682.0,5932764.0,-36.733279,-72.95409,214.0,70.0,105.7,177.0,79.0,38.6,255.0,99.0,6.6451,0.615,Tonalita,,,,,
MADBS-75A,,BD_Ytrio,682947.0,5932376.0,-36.736723,-72.951031,325.0,263.0,397.13,616.0,321.0,143.0,485.0,185.0,5.8206,0.379,Tonalita,,,,,
MADBS-75B,,BD_Ytrio,682947.0,5932376.0,-36.736723,-72.951031,325.0,85.3,128.803,450.0,304.0,126.0,256.0,102.0,7.2932,0.297,Granito de Granate,,,,,
MADBS-75C,,BD_Ytrio,682947.0,5932376.0,-36.736723,-72.951031,325.0,18.9,28.539,294.0,92.0,63.0,0.5,0.5,3.6866,0.4413,Roca Micacea,,,,,
MADBS-76,,BD_Ytrio,682954.0,5932360.0,-36.736866,-72.950949,334.0,88.2,133.182,359.0,193.0,89.0,221.0,110.0,4.1144,0.2402,Granito de Granate,,,,,
MADBS-77,,BD_Ytrio,683221.0,5932366.0,-36.736761,-72.947962,353.0,6.1,9.211,0.5,0.5,16.4,201.0,61.0,5.4196,0.5798,Tonalita,,,,,
MADBS-78,,BD_Ytrio,683187.0,5932374.0,-36.736695,-72.948344,333.0,88.8,134.088,339.0,143.0,72.0,333.0,151.0,3.6301,0.2309,Halo tonalítico?,,,,,
MADBS-79,,BD_Ytrio,683175.0,5932368.0,-36.736751,-72.948477,335.0,31.1,46.961,0.5,0.5,20.3,0.5,0.5,6.8101,0.6096,Roca Micacea,,,,,
MADBS-80,,BD_Ytrio,683171.0,5932363.0,-36.736797,-72.948521,338.0,24.0,36.24,0.5,0.5,20.5,267.0,120.0,7.1179,0.6149,Roca Micacea,,,,,
MADBS-81,,BD_Ytrio,683146.0,5932366.0,-36.736775,-72.948801,339.0,58.7,88.637,331.0,146.0,64.0,266.0,101.0,2.7086,0.1874,Granito de Granate,,,,,
MADBS-82,,BD_Ytrio,683029.0,5932343.0,-36.737005,-72.950106,331.0,21.3,32.163,125.0,101.0,22.0,322.0,126.0,9.5625,0.4114,Roca Micacea,,,,,
MADBS-83,,BD_Ytrio,682719.0,5932375.0,-36.736776,-72.953583,337.0,41.2,62.212,1444.0,804.0,275.0,288.0,76.0,15.3786,0.952,Roca Micacea,,,Fe_ALTO(15.3786%),,
MADBS-84,,BD_Ytrio,682640.0,5932257.0,-36.737855,-72.954439,306.0,26.1,39.411,292.0,128.0,47.0,265.0,126.0,9.0751,0.754,Tonalita,,,,,
MADBS-85A,,BD_Ytrio,682595.0,5932243.0,-36.737989,-72.95494,301.0,17.9,27.029,176.0,102.0,38.0,403.0,169.0,7.766,0.5845,Tonalita de Biotita,,,,,
MADBS-85B,,BD_Ytrio,682595.0,5932243.0,-36.737989,-72.95494,301.0,43.0,64.93,229.0,138.0,44.0,0.5,0.5,5.8492,0.5587,Tonalita de Biotita,,,,,
MADBS-86B,,BD_Ytrio,682471.0,5932204.0,-36.738365,-72.956318,284.0,32.9,49.679,293.0,164.0,77.0,255.0,60.0,11.0471,0.5751,Granito de Granate,,,,,
MADBS-86C,,BD_Ytrio,682471.0,5932204.0,-36.738365,-72.956318,284.0,39.7,59.947,588.0,158.0,97.0,470.0,176.0,8.0837,0.5908,Suelo,,,,,
MADBS-87A,,BD_Ytrio,682977.0,5932310.0,-36.737312,-72.95068,315.0,142.8,215.628,529.0,297.0,126.0,385.0,139.0,5.2904,0.3333,Granito de Granate,,,,,
MADBS-87B,,BD_Ytrio,682977.0,5932310.0,-36.737312,-72.95068,315.0,93.2,140.732,728.0,249.0,116.0,235.0,89.0,3.2457,0.2309,Granito de Granate,,,,,
MADBS-88,,BD_Ytrio,683271.0,5932116.0,-36.739003,-72.947342,311.0,96.9,146.319,260.0,102.0,75.0,245.0,103.0,9.5749,0.5899,Tonalita o Rxmica?/suelo,,,,,
MADBS-89A,,BD_Ytrio,683151.0,5932241.0,-36.7379,-72.948716,311.0,164.3,248.093,538.0,253.0,120.0,208.0,0.5,7.3765,0.358,Granito de Granate,,,,,
MADBS-89B,,BD_Ytrio,683151.0,5932241.0,-36.7379,-72.948716,311.0,35.6,53.756,261.0,0.5,23.0,195.0,67.0,9.267,0.4677,Roca Micacea,,,,,
MADBS-90,,BD_Ytrio,683082.0,5932306.0,-36.737328,-72.949503,312.0,27.6,41.676,89.0,37.0,25.5,565.0,243.0,3.9317,0.4073,Roca Micacea,,,,,
MADBS-91,,BD_Ytrio,683013.0,5932295.0,-36.73744,-72.950273,323.0,20.4,30.804,92.0,63.0,25.1,497.0,238.0,4.6222,0.5333,Roca Micacea,,,,,
MADBS-92,,BD_Ytrio,682985.0,5932314.0,-36.737275,-72.950591,371.0,151.9,229.369,475.0,232.0,95.0,494.0,181.0,12.0726,0.6474,Granito de Granate,,,,,
MADBS-93,,BD_Ytrio,682907.0,5932309.0,-36.737335,-72.951463,317.0,25.0,37.75,222.0,110.0,50.0,275.0,129.0,7.539,0.6402,Roca Micacea,,,,,
MADBS-94,,BD_Ytrio,682777.0,5932303.0,-36.737414,-72.952917,310.0,18.6,28.086,185.0,170.0,20.0,301.0,108.0,6.6368,0.654,Tonalita,,,,,
MADBS-95,,BD_Ytrio,682867.0,5933738.0,-36.724468,-72.952253,153.0,10.5,15.855,0.5,0.5,19.1,92.0,0.5,2.979,0.3271,Tonalita,,,,,
MADBS-96,,BD_Ytrio,682777.0,5933468.0,-36.726918,-72.953195,137.0,14.5,21.895,0.5,0.5,13.3,124.0,73.0,2.3764,0.3456,Suelo,,,,,
MADBS-97a,,BD_Ytrio,683009.0,5933242.0,-36.72891,-72.950545,175.0,19.7,29.747,0.5,0.5,15.6,0.5,0.5,7.6443,0.5694,Tonalita o Rxmica?/suelo,,,,,
MADBS-97b,,BD_Ytrio,683008.0,5933248.0,-36.728856,-72.950557,174.0,19.4,29.294,0.5,0.5,15.8,0.5,0.5,5.7978,0.5425,Tonalita o Rxmica?/suelo,,,,,
MADBS-98a,,BD_Ytrio,682910.0,5933041.0,-36.730739,-72.951605,206.0,23.9,36.089,53.0,0.5,14.4,119.0,0.5,3.9715,0.4505,Roca Micacea,,,,,
MADBS-98b,,BD_Ytrio,682910.0,5933041.0,-36.730739,-72.951605,206.0,25.2,38.052,53.0,46.0,10.2,0.5,55.0,4.6011,0.4354,Tonalita,,,,,
MADBS-99,,BD_Ytrio,683061.0,5932861.0,-36.732332,-72.949872,257.0,71.5,107.965,366.0,211.0,124.0,150.0,0.5,8.9244,0.3724,Granito de Granate,,,,,
MAD-RM01-01,,BD_Ytrio,682044.0,5932539.0,-36.735429,-72.961178,220.464478,40.0,60.4,0.5,0.5,9.5,0.5,0.5,5.6955,0.5475,Roca Micacea,,,,,
MAD-RM01-02,,BD_Ytrio,682046.0,5932541.0,-36.73541,-72.961156,220.796921,126.7,191.317,456.0,150.0,101.0,357.0,136.0,11.6826,0.4369,Granito de Granate,,,,,
MAD-RM01-03,,BD_Ytrio,682039.0,5932536.0,-36.735457,-72.961233,219.376923,52.6,79.426,151.0,43.0,57.0,369.0,157.0,8.3535,0.5127,Roca Micacea,,,,,
MAD-RM01-04,,BD_Ytrio,682042.0,5932532.0,-36.735492,-72.961198,220.773178,51.2,77.312,257.0,87.0,49.0,389.0,172.0,9.579,0.5416,Halo Tonalitico,,,,,
MAD-RM01-05,,BD_Ytrio,682045.0,5932511.0,-36.735681,-72.96116,224.349319,65.7,99.207,477.0,164.0,94.0,206.0,105.0,8.4339,0.5773,Halo Tonalitico,,,,,
MAD-RM01-06,,BD_Ytrio,682046.0,5932508.0,-36.735707,-72.961148,225.030212,34.7,52.397,145.0,66.0,40.0,171.0,102.0,7.0373,0.4998,Roca Micacea,,,,,
MAD-RM01-07,,BD_Ytrio,682043.0,5932507.0,-36.735717,-72.961181,224.273331,45.9,69.309,266.0,99.0,58.0,116.0,0.5,4.1457,0.2551,Roca Micacea,,,,,
MAD-RM01-08,,BD_Ytrio,682045.0,5932502.0,-36.735762,-72.961158,225.534607,59.2,89.392,257.0,116.0,56.0,344.0,140.0,7.2557,0.6954,Halo Tonalitico,,,,,
MAD-RM01-09,,BD_Ytrio,682045.0,5932498.0,-36.735798,-72.961157,225.92894,70.1,105.851,487.0,247.0,99.0,307.0,116.0,7.9918,0.4681,Halo Tonalitico,,,,,
MAD-RM01-10,,BD_Ytrio,682052.0,5932460.0,-36.736139,-72.961069,225.0,55.9,84.409,138.0,72.0,33.0,169.0,84.0,7.1672,0.6802,Roca Micacea,,,,,
MAD-RM01-11,,BD_Ytrio,682044.0,5932455.0,-36.736185,-72.961158,225.0,29.3,44.243,200.0,77.0,46.0,263.0,109.0,6.7184,0.6774,Roca Micacea,,,,,
MAD-RM01-12,,BD_Ytrio,682040.0,5932455.0,-36.736186,-72.961203,225.0,27.3,41.223,228.0,65.0,42.0,204.0,93.0,8.608,0.6241,Roca Micacea,,,,,
MAD-RM01-13,,BD_Ytrio,682049.0,5932549.0,-36.735337,-72.961124,220.654449,65.3,98.603,79.0,0.5,17.7,230.0,110.0,5.3386,0.4504,Roca Micacea,,,,,
MAD-RM01-14,,BD_Ytrio,682049.0,5932558.0,-36.735256,-72.961126,219.500397,96.9,146.319,132.0,67.0,17.3,181.0,74.0,6.1353,0.4304,Roca Micacea,,,,,
MAD-RM01-15,,BD_Ytrio,682052.0,5932560.0,-36.735238,-72.961093,220.127289,243.0,366.93,923.0,299.0,189.0,360.0,126.0,12.1304,0.5212,Granito de Granate,,,,,
MAD-RM01-16,,BD_Ytrio,682059.0,5932575.0,-36.735101,-72.961018,220.370865,259.0,391.09,719.0,264.0,167.0,407.0,125.0,9.3855,0.527,Granito de Granate,,,,,
MAD-RM01-17,,BD_Ytrio,682081.0,5932593.0,-36.734935,-72.960777,222.688736,165.4,249.754,722.0,180.0,155.0,409.0,149.0,8.6167,0.4754,Granito de Granate,,,,,
MAD-RM01-18,,BD_Ytrio,682104.0,5932619.0,-36.734696,-72.960525,223.143112,232.0,350.32,538.0,240.0,145.0,229.0,87.0,8.6134,0.5009,Granito de Granate,,,,,
MAD-RM01-19,,BD_Ytrio,682026.0,5932433.0,-36.736387,-72.961354,225.0,19.1,28.841,87.0,0.5,31.0,146.0,88.0,8.4477,0.6681,Granodiorita,,,,,
MAD-RM01-20,,BD_Ytrio,682013.0,5932425.0,-36.736462,-72.961498,225.0,40.5,61.155,130.0,58.0,21.0,272.0,87.0,7.0403,0.7295,Granodiorita,,,,,
MAD-RM01-21,,BD_Ytrio,682095.0,5932468.0,-36.736058,-72.96059,236.958893,22.0,33.22,113.0,0.5,27.0,0.5,0.5,7.4764,0.6014,Halo Tonalitico,,,,,
MAD-RM01-22,,BD_Ytrio,682107.0,5932483.0,-36.735921,-72.960459,241.714722,74.0,111.74,426.0,191.0,87.0,288.0,127.0,9.3769,0.5227,Halo Tonalitico,,,,,
MAD-RM01-23,,BD_Ytrio,682106.0,5932491.0,-36.735849,-72.960472,242.026154,37.7,56.927,0.5,46.0,9.4,109.0,0.5,4.913,0.4346,Halo Tonalitico,,,,,
MAD-RM01-24,,BD_Ytrio,682106.0,5932495.0,-36.735813,-72.960473,242.199646,92.3,139.373,971.0,389.0,163.0,459.0,133.0,10.0161,0.4997,Granito de Granate,,,,,
MAD-RM01-25,,BD_Ytrio,682113.0,5932499.0,-36.735776,-72.960396,243.956177,91.1,137.561,965.0,583.0,170.0,370.0,84.0,7.7376,0.4159,Granito de Granate,,,,,
MAD-RM01-26,,BD_Ytrio,682120.0,5932512.0,-36.735657,-72.960321,245.483612,182.0,274.82,598.0,243.0,166.0,438.0,159.0,14.3591,0.5037,Granito de Granate,,,,,
MAD-RM01-27,,BD_Ytrio,682131.0,5932626.0,-36.734628,-72.960225,227.365433,138.4,208.984,433.0,143.0,75.0,366.0,119.0,7.9376,0.4109,Granito de Granate,,,,,
MAD-RM01-28,,BD_Ytrio,682137.0,5932631.0,-36.734582,-72.960159,226.740875,122.6,185.126,130.0,88.0,33.5,192.0,90.0,7.1478,0.4711,Halo Tonalitico,,,,,
MAD-RM01-29,,BD_Ytrio,682162.0,5932677.0,-36.734163,-72.95989,214.940018,125.0,188.75,382.0,165.0,72.0,213.0,63.0,6.8991,0.2666,Granito de Granate,,,,,
MAD-RM01-30,,BD_Ytrio,682169.0,5932688.0,-36.734062,-72.959814,213.047638,101.3,152.963,341.0,148.0,70.0,233.0,95.0,10.3372,0.3758,Granito de Granate,,,,,
MAD-RM01-31,,BD_Ytrio,682144.0,5932646.0,-36.734445,-72.960084,222.972687,63.3,95.583,172.0,51.0,38.0,136.0,66.0,7.7675,0.6718,Tonalita,,,,,
MAD-RM01-32,,BD_Ytrio,682181.0,5932712.0,-36.733844,-72.959686,206.203186,72.1,108.871,0.5,0.5,7.1,0.5,0.5,4.7134,0.4375,Tonalita,,,,,
MAD-RM01-33,,BD_Ytrio,682184.0,5932715.0,-36.733816,-72.959653,206.369202,173.0,261.23,411.0,216.0,77.0,263.0,111.0,13.7953,0.5651,Granito de Granate,,,,,
MAD-RM01-34,,BD_Ytrio,682138.0,5932520.0,-36.735582,-72.960121,250.0,63.7,96.187,519.0,193.0,104.0,388.0,152.0,6.787,0.508,Granito de Granate,,,,,
MAD-RM01-35,,BD_Ytrio,682148.0,5932525.0,-36.735535,-72.96001,250.0,40.9,61.759,245.0,105.0,55.0,294.0,95.0,11.4139,0.6742,Roca Micacea,,,,,
MAD-RM01-36,,BD_Ytrio,682150.0,5932527.0,-36.735516,-72.959988,250.0,46.8,70.668,345.0,79.0,47.0,280.0,104.0,9.9095,0.6537,Roca Micacea,,,,,
MAD-RM01-37,,BD_Ytrio,682153.0,5932526.0,-36.735525,-72.959955,250.0,50.5,76.255,477.0,133.0,93.0,249.0,81.0,8.3743,0.3705,Granito de Granate,,,,,
MAD-RM01-38,,BD_Ytrio,682169.0,5932513.0,-36.735639,-72.959772,250.0,102.7,155.077,465.0,206.0,98.0,316.0,136.0,12.0778,0.501,Granito de Granate,,,,,
MAD-RM01-39,,BD_Ytrio,682159.0,5932529.0,-36.735497,-72.959888,250.0,22.9,34.579,140.0,116.0,25.0,344.0,134.0,9.4402,0.6473,Roca Micacea,,,,,
MAD-RM01-40,,BD_Ytrio,682180.0,5932534.0,-36.735447,-72.959654,250.0,57.0,86.07,119.0,60.0,27.2,168.0,83.0,4.8677,0.4186,Roca Micacea,,,,,
MAD-RM01-41,,BD_Ytrio,682187.0,5932531.0,-36.735473,-72.959575,250.054062,66.8,100.868,475.0,231.0,118.0,390.0,112.0,7.9393,0.4844,Granito de Granate,,,,,
MAD-RM01-42,,BD_Ytrio,682195.0,5932541.0,-36.735382,-72.959488,250.829865,185.0,279.35,398.0,296.0,79.0,411.0,170.0,8.7891,0.4162,Granito de Granate,,,,,
MAD-RM01-43,,BD_Ytrio,682205.0,5932542.0,-36.735371,-72.959376,252.316818,38.4,57.984,81.0,0.5,22.6,205.0,88.0,5.6403,0.4676,Roca Micacea,,,,,
MAD-RM01-44,,BD_Ytrio,682216.0,5932547.0,-36.735323,-72.959254,253.777069,38.2,57.682,0.5,0.5,24.2,271.0,118.0,4.8529,0.4383,Roca Micacea,,,,,
MAD-RM01-45,,BD_Ytrio,682234.0,5932553.0,-36.735266,-72.959054,256.264709,53.6,80.936,94.0,0.5,20.5,174.0,0.5,6.9192,0.829,Tonalita,,,,,
MAD-RM01-46,,BD_Ytrio,682257.0,5932573.0,-36.735081,-72.958802,253.519943,57.5,86.825,87.0,45.0,23.0,0.5,0.5,9.6412,0.7129,Tonalita,,,,,
MAD-RM01-47,,BD_Ytrio,682265.0,5932589.0,-36.734936,-72.958716,250.29567,27.3,41.223,173.0,90.0,25.0,355.0,147.0,7.8259,0.5669,Tonalita,,,,,
MAD-RM01-48,,BD_Ytrio,682278.0,5932597.0,-36.734861,-72.958572,248.4216,23.0,34.73,0.5,0.5,19.7,634.0,268.0,4.7583,0.4144,Roca Micacea,,,,,
MAD-RM01-49,,BD_Ytrio,682296.0,5932602.0,-36.734813,-72.958372,247.341324,32.8,49.528,127.0,77.0,21.0,239.0,94.0,7.2728,0.5755,Roca Micacea,,,,,
MAD-RM01-50,,BD_Ytrio,682365.0,5932563.0,-36.735151,-72.957591,260.521057,103.6,156.436,452.0,201.0,103.0,285.0,83.0,14.1051,0.4911,Granito de Granate,,,,,
MAD-RM01-51,,BD_Ytrio,682344.0,5932589.0,-36.73492,-72.957832,252.27092,88.4,133.484,167.0,74.0,33.0,292.0,128.0,6.8099,0.8059,Halo Tonalitico,,,,,
MAD-RM01-52,,BD_Ytrio,682239.0,5932592.0,-36.734914,-72.959008,249.514496,282.0,425.82,0.5,0.5,7.8,0.5,0.5,3.8229,0.3459,Tonalita,,,,,
MAD-RM01-53,,BD_Ytrio,682238.0,5932598.0,-36.73486,-72.95902,248.01712,168.9,255.039,0.5,0.5,13.3,295.0,118.0,4.2672,0.414,Tonalita,,,,,
MAD-RM01-54,,BD_Ytrio,682238.0,5932598.0,-36.73486,-72.95902,248.01712,213.0,321.63,550.0,215.0,107.0,360.0,115.0,10.8709,0.5077,Granito de Granate,,,,,
MAD-RM01-55,,BD_Ytrio,682236.0,5932617.0,-36.734689,-72.959047,243.279968,235.0,354.85,706.0,203.0,183.0,0.5,0.5,7.3196,0.415,Granito de Granate,,,,,
MAD-RM01-56,,BD_Ytrio,682246.0,5932616.0,-36.734696,-72.958935,243.567764,32.5,49.075,169.0,69.0,39.0,312.0,111.0,6.573,0.6753,Roca Micacea,,,,,
MAD-RM01-57,,BD_Ytrio,682226.0,5932642.0,-36.734466,-72.959165,237.018204,269.0,406.19,470.0,252.0,88.0,240.0,0.5,11.1441,0.4017,Granito de Granate,,,,,
MAD-RM01-58,,BD_Ytrio,682244.0,5932645.0,-36.734435,-72.958964,236.341461,169.8,256.398,361.0,157.0,63.0,352.0,128.0,11.6457,0.4111,Granito de Granate,,,,,
MAD-RM01-59,,BD_Ytrio,682234.0,5932659.0,-36.734311,-72.95908,232.817749,207.0,312.57,589.0,216.0,164.0,492.0,176.0,10.6451,0.5183,Granito de Granate,,,,,
MAD-RM01-60,,BD_Ytrio,682221.0,5932675.0,-36.734169,-72.959229,228.469498,181.0,273.31,356.0,167.0,77.0,236.0,83.0,7.4984,0.2218,Granito de Granate,,,,,
MAD-RM01-61,,BD_Ytrio,682220.0,5932689.0,-36.734043,-72.959244,224.126068,294.0,443.94,0.5,96.0,10.4,154.0,0.5,13.8969,0.742,Tonalita,,,,,
MAD-RM01-62,,BD_Ytrio,682255.0,5932723.0,-36.73373,-72.95886,212.633545,217.0,327.67,0.5,55.0,17.1,255.0,84.0,6.5549,0.57,Tonalita,,,,,
MAD-RM01-63,,BD_Ytrio,682244.0,5932735.0,-36.733624,-72.958986,208.395416,55.6,83.956,149.0,68.0,40.0,104.0,72.0,8.1154,0.7028,Halo Tonalitico,,,,,
MAD-RM01-64,,BD_Ytrio,682238.0,5932741.0,-36.733571,-72.959054,206.283463,32.3,48.773,0.5,0.5,6.9,0.5,0.5,5.723,0.4279,Tonalita,,,,,
MAD-RM01-65,,BD_Ytrio,682206.0,5932803.0,-36.733019,-72.959427,189.795532,22.4,33.824,0.5,0.5,8.9,152.0,0.5,6.2226,0.5232,Tonalita,,,,,
MAD-RM01-66,,BD_Ytrio,682184.0,5932726.0,-36.733717,-72.959655,203.746964,70.1,105.851,0.5,0.5,5.1,158.0,60.0,4.808,0.2937,Tonalita,,,,,
MAD-RM01-67,,BD_Ytrio,682179.0,5932717.0,-36.733799,-72.959709,204.423798,142.7,215.477,538.0,273.0,102.0,304.0,101.0,7.3804,0.5462,Granito de Granate,,,,,
MAD-RM01-68,,BD_Ytrio,682173.0,5932718.0,-36.733791,-72.959777,202.423065,66.5,100.415,0.5,0.5,6.5,162.0,94.0,4.9631,0.5176,Tonalita,,,,,
MAD-RM01-69,,BD_Ytrio,682160.0,5932706.0,-36.733902,-72.959919,202.990295,104.4,157.644,0.5,0.5,13.9,331.0,148.0,5.4506,0.5312,Roca Micacea,,,,,
MAD-RM01-70,,BD_Ytrio,682156.0,5932704.0,-36.733921,-72.959963,203.342972,38.9,58.739,118.0,43.0,33.5,325.0,154.0,6.3747,0.6392,Halo Tonalitico,,,,,
MAD-RM01-71,,BD_Ytrio,682156.0,5932699.0,-36.733966,-72.959962,205.208527,33.5,50.585,98.0,0.5,31.0,145.0,99.0,6.671,0.6249,Halo Tonalitico,,,,,
MAD-RM01-72,,BD_Ytrio,682150.0,5932694.0,-36.734012,-72.960028,206.483765,52.7,79.577,155.0,54.0,36.7,190.0,73.0,7.6585,0.5391,Halo Tonalitico,,,,,
MAD-RM01-73,,BD_Ytrio,682448.0,5932621.0,-36.734612,-72.956675,255.128326,68.1,102.831,321.0,121.0,48.0,148.0,0.5,11.5653,0.4145,Granito de Granate,,,,,
MAD-RM01-74,,BD_Ytrio,682365.0,5932563.0,-36.735151,-72.957591,260.521057,23.2,35.032,212.0,96.0,48.0,0.5,66.0,5.902,0.5275,Roca Micacea,,,,,
MAD-RM01-75,,BD_Ytrio,682365.0,5932563.0,-36.735151,-72.957591,260.521057,168.0,253.68,438.0,273.0,77.0,268.0,105.0,8.2567,0.3249,Granito de Granate,,,,,
MAD-RM01-76,,BD_Ytrio,682236.0,5932554.0,-36.735257,-72.959032,256.526123,69.3,104.643,157.0,101.0,39.3,269.0,73.0,9.0378,0.8096,Tonalita,,,,,
MAD-RM01-77,,BD_Ytrio,682215.0,5932549.0,-36.735306,-72.959266,253.533936,30.0,45.3,84.0,40.0,18.8,120.0,68.0,4.432,0.4415,Roca Micacea,,,,,
MAD-RM01-78,,BD_Ytrio,681999.0,5932411.0,-36.73659,-72.961651,225.0,26.3,39.713,94.0,48.0,12.3,233.0,97.0,7.0392,0.6982,Granodiorita,,,,,
MAD-RM01-79,,BD_Ytrio,681928.0,5932686.0,-36.734126,-72.962511,144.362717,16.9,25.519,0.5,0.5,10.4,209.0,119.0,4.51,0.45,SIN_ASIGNAR,,,,,
MAD-RM01-80,,BD_Ytrio,681961.0,5932764.0,-36.733417,-72.96216,141.256531,32.5,49.075,0.5,0.5,38.3,0.5,0.5,4.89,0.5,SIN_ASIGNAR,,,,,
MAD-RM01-81,,BD_Ytrio,681942.0,5932815.0,-36.732962,-72.962385,135.657822,26.2,39.562,0.5,0.5,10.9,0.5,0.5,4.1,0.5,SIN_ASIGNAR,,,,,
MAD-RM01-82,,BD_Ytrio,681998.0,5932852.0,-36.732617,-72.961767,150.0,13.6,20.536,52.0,0.5,9.1,91.0,51.0,4.96,0.44,SIN_ASIGNAR,,,,,
MAD-RM01-83,,BD_Ytrio,682278.0,5932707.0,-36.73387,-72.958599,218.201019,31.7,47.867,83.0,58.0,20.5,0.5,0.5,7.83,0.82,SIN_ASIGNAR,,,,,
MAD-RM01-84,,BD_Ytrio,682286.0,5932704.0,-36.733896,-72.958508,219.205688,95.8,144.658,728.0,412.0,148.0,401.0,110.0,9.73,0.33,SIN_ASIGNAR,,,,,
MAD-RM01-85,,BD_Ytrio,682300.0,5932693.0,-36.733992,-72.958349,223.084091,272.0,410.72,532.0,238.0,163.0,374.0,118.0,7.47,0.34,SIN_ASIGNAR,,,,,
MAD-RM01-86,,BD_Ytrio,682309.0,5932695.0,-36.733972,-72.958249,222.232361,216.0,326.16,845.0,238.0,172.0,131.0,0.5,9.05,0.44,SIN_ASIGNAR,,,,,
MAD-RM01-87,,BD_Ytrio,681980.0,5932708.0,-36.733918,-72.961934,156.794479,31.5,47.565,0.5,0.5,8.3,264.0,112.0,4.01,0.36,SIN_ASIGNAR,,,,,
MAD-RM01-88,,BD_Ytrio,681997.0,5932696.0,-36.734023,-72.961741,164.765366,18.4,27.784,51.0,0.5,11.4,331.0,146.0,4.89,0.49,SIN_ASIGNAR,,,,,
MAD-RM01-89,,BD_Ytrio,682023.0,5932677.0,-36.734189,-72.961446,179.857224,78.3,118.233,0.5,49.0,11.1,303.0,126.0,6.98,0.57,SIN_ASIGNAR,,,,,
MAD-RM01-90,,BD_Ytrio,682019.0,5932640.0,-36.734523,-72.961482,197.260544,67.4,101.774,71.0,0.5,13.6,417.0,174.0,3.87,0.47,SIN_ASIGNAR,,,,,
MAD-RM01-91,,BD_Ytrio,682106.0,5932738.0,-36.733624,-72.960531,182.243011,40.2,60.702,0.5,0.5,12.8,0.5,0.5,6.24,0.49,SIN_ASIGNAR,,,,,
MAD-RM01-92,,BD_Ytrio,682086.0,5932756.0,-36.733465,-72.960759,172.096924,18.3,27.633,0.5,0.5,7.0,0.5,0.5,6.16,0.49,SIN_ASIGNAR,,,,,
MAD-RM01-93,,BD_Ytrio,682060.0,5932752.0,-36.733507,-72.961049,167.95401,19.8,29.898,0.5,0.5,8.9,109.0,83.0,4.5,0.41,SIN_ASIGNAR,,,,,
MAD-RM01-94,,BD_Ytrio,682027.0,5932759.0,-36.73345,-72.96142,159.077972,19.8,29.898,64.0,0.5,8.8,142.0,73.0,4.71,0.46,SIN_ASIGNAR,,,,,
MAD-RM01-95,,BD_Ytrio,682003.0,5932772.0,-36.733337,-72.961692,151.671021,22.3,33.673,60.0,0.5,9.3,347.0,163.0,5.51,0.48,SIN_ASIGNAR,,,,,
MS-001,,BD_Ytrio,681044.0,5932694.0,-36.734223,-72.972408,181.0,2.8,4.228,0.5,0.5,12.2,0.5,0.5,1.1839,0.1231,Granodiorita,,,,,
MS-002,,BD_Ytrio,682279.0,5932594.0,-36.734888,-72.958561,248.0,19.5,29.445,50.0,0.5,10.8,404.0,177.0,4.628,0.2887,Roca Micacea,,,,,
MS-003,,BD_Ytrio,682389.0,5932701.0,-36.733903,-72.957355,229.0,91.7,138.467,0.5,0.5,7.8,208.0,84.0,4.4931,0.4586,Tonalita,,,,,
MS-004,,BD_Ytrio,682107.0,5932618.0,-36.734705,-72.960491,215.0,212.0,320.12,944.0,209.0,146.0,320.0,99.0,6.4383,0.4857,Granito de Granate,,,,,
MS-005,,BD_Ytrio,682203.0,5932800.0,-36.733047,-72.95946,205.0,21.6,32.616,0.5,0.5,11.4,271.0,107.0,5.5994,0.5325,Tonalita,,,,,
MS-006,,BD_Ytrio,681045.0,5930092.0,-36.757665,-72.971779,222.0,391.0,590.41,630.0,390.0,102.0,533.0,169.0,7.2254,0.6233,Granito de Granate,,,,,
paae-01,,BD_Ytrio,686271.0,5933652.0,-36.724581,-72.914136,345.0,26.0,39.26,66.0,0.5,21.2,379.0,169.0,3.6565,0.3654,Metapelita,,,,,
paae-02,,BD_Ytrio,688556.0,5934040.0,-36.720635,-72.88866,286.0,5.2,7.852,50.0,0.5,11.7,298.0,139.0,2.9917,0.3936,Granito de Biotita,,,,,
PARM-01,,BD_Ytrio,674625.0,5878918.0,-37.219903,-73.031816,240.0,11.4,17.214,84.0,15.0,19.0,126.0,30.0,6.9669,0.6977,Esquisto de Biotita,,,,,
PARM-02,,BD_Ytrio,674941.0,5878887.0,-37.220123,-73.028249,207.0,20.3,30.653,105.0,15.0,15.1,324.0,138.0,7.0287,0.9638,Esquisto de Biotita,,,,,
PARM-03,,BD_Ytrio,675635.0,5878767.0,-37.221074,-73.020403,165.0,7.2,10.872,20.0,15.0,22.0,35.0,30.0,2.6286,0.319,Esquisto de Biotita,,,,,
PARM-04,,BD_Ytrio,675659.0,5878777.0,-37.220979,-73.020135,162.0,57.7,87.127,86.0,44.0,17.5,35.0,30.0,7.7794,0.738,Migmatita,,,,,
PIMAP-01,,BD_Ytrio,678197.0,5929891.0,-36.760015,-73.003621,41.0,6.7,10.117,0.5,0.5,0.5,103.0,0.5,1.8645,0.1024,Granito de Biotita,,,,,
PIMAP-02,,BD_Ytrio,678197.0,5929891.0,-36.760015,-73.003621,41.0,4.2,6.342,0.5,0.5,0.5,379.0,157.0,1.6376,0.0515,Granito de Biotita,,,,,
PIMAP-03,,BD_Ytrio,677929.0,5929468.0,-36.763877,-73.006523,43.0,21.5,32.465,0.5,0.5,24.3,259.0,111.0,3.2096,0.3032,Granito de Biotita,,,,,
PIMAP-04,,BD_Ytrio,677929.0,5929468.0,-36.763877,-73.006523,43.0,26.9,40.619,57.0,0.5,24.2,136.0,0.5,2.5703,0.212,Granito de Biotita,,,,,
PIMAP-05,,BD_Ytrio,677926.0,5929460.0,-36.763949,-73.006554,44.0,50.5,76.255,136.0,68.0,35.8,233.0,87.0,3.2918,0.296,Granito de Biotita,,,,,
PIMAP-06,,BD_Ytrio,677926.0,5929460.0,-36.763949,-73.006554,44.0,40.1,60.551,79.0,53.0,31.8,276.0,113.0,3.2877,0.3059,Granito de Biotita,,,,,
PIMAP-07,,BD_Ytrio,677926.0,5929460.0,-36.763949,-73.006554,44.0,17.6,26.576,103.0,0.5,27.4,255.0,101.0,2.6659,0.271,Granito de Biotita,,,,,
PIMAP-08,,BD_Ytrio,677967.0,5929518.0,-36.763419,-73.006109,43.0,49.8,75.198,107.0,0.5,23.3,324.0,140.0,2.546,0.2027,Granito de Biotita,,,,,
PIMAP-09,,BD_Ytrio,677967.0,5929518.0,-36.763419,-73.006109,43.0,31.3,47.263,72.0,38.0,23.7,312.0,124.0,2.792,0.3118,Granito de Biotita,,,,,
PIMAP-10,,BD_Ytrio,677967.0,5929518.0,-36.763419,-73.006109,43.0,20.5,30.955,92.0,37.0,22.1,273.0,121.0,1.6722,0.1511,Granito de Biotita,,,,,
PIMBS-01,,BD_Ytrio,677535.0,5928873.0,-36.769311,-73.010796,18.0,11.3,17.063,76.0,0.5,12.8,344.0,147.0,0.7195,0.0686,Granito de Biotita,,,,,
PIMBS-02,,BD_Ytrio,677538.0,5928863.0,-36.769401,-73.01076,17.0,24.2,36.542,129.0,47.0,40.1,441.0,210.0,2.421,0.197,Granito de Biotita,,,,,
PIMBS-03,,BD_Ytrio,677539.0,5928868.0,-36.769355,-73.01075,18.0,23.8,35.938,140.0,58.0,22.5,0.5,0.5,1.3999,0.1199,Granito de Biotita,,,,,
PIMBS-04,,BD_Ytrio,677553.0,5928847.0,-36.769542,-73.010588,21.0,16.4,24.764,97.0,0.5,16.9,0.5,0.5,1.5064,0.0819,Granito de Biotita,,,,,
PIMBS-05,,BD_Ytrio,677539.0,5928876.0,-36.769283,-73.010752,25.0,15.2,22.952,84.0,48.0,27.9,0.5,0.5,2.8728,0.2087,Granito de Biotita,,,,,
PIMBS-06,,BD_Ytrio,677537.0,5928892.0,-36.76914,-73.010778,28.0,16.2,24.462,97.0,0.5,23.6,94.0,0.5,3.1811,0.2506,Granito de Biotita,,,,,
PIMBS-07,,BD_Ytrio,677563.0,5928831.0,-36.769684,-73.010473,25.0,7.9,11.929,77.0,0.5,10.8,292.0,138.0,4.0827,0.5186,Granito de Biotita,,,,,
PIMBS-08,,BD_Ytrio,677504.0,5928771.0,-36.770236,-73.011119,30.0,26.5,40.015,134.0,49.0,40.2,171.0,101.0,3.6998,0.2702,Granito de Biotita,,,,,
PIMBS-09,,BD_Ytrio,677494.0,5928746.0,-36.770463,-73.011226,29.0,17.9,27.029,86.0,0.5,29.7,174.0,72.0,1.9347,0.1359,Granito de Biotita,,,,,
PIMBS-10,,BD_Ytrio,677486.0,5928737.0,-36.770546,-73.011313,24.0,23.7,35.787,74.0,0.5,32.5,274.0,126.0,1.1598,0.1613,Granito de Biotita,,,,,
PIMBS-11,,BD_Ytrio,677515.0,5928778.0,-36.770171,-73.010998,31.0,12.2,18.422,78.0,0.5,28.0,0.5,51.0,2.8963,0.1631,Granito de Biotita,,,,,
PIMBS-12,,BD_Ytrio,677509.0,5928773.0,-36.770217,-73.011064,31.0,13.3,20.083,99.0,0.5,27.0,176.0,101.0,2.8434,0.1634,Granito de Biotita,,,,,
PIMBS-13,,BD_Ytrio,677509.0,5928766.0,-36.77028,-73.011062,30.0,15.1,22.801,126.0,56.0,26.1,246.0,115.0,2.0895,0.1236,Granito de Biotita,,,,,
PIMBS-14,,BD_Ytrio,677503.0,5928759.0,-36.770344,-73.011128,33.0,14.8,22.348,70.0,0.5,29.9,187.0,98.0,2.1531,0.1314,Granito de Biotita,,,,,
PIMBS-15,,BD_Ytrio,677499.0,5928746.0,-36.770462,-73.01117,33.0,36.6,55.266,58.0,0.5,18.7,135.0,0.5,2.3688,0.1289,Granito de Biotita,,,,,
PIMBS-16a,,BD_Ytrio,677493.0,5928735.0,-36.770562,-73.011234,31.0,17.4,26.274,63.0,0.5,25.8,0.5,0.5,3.664,0.1916,Zona de Falla,,,,,
PIMBS-16b,,BD_Ytrio,677493.0,5928735.0,-36.770562,-73.011234,31.0,25.8,38.958,135.0,38.0,43.0,0.5,0.5,1.1193,0.2574,Granito de Biotita,,,,,
PIMBS-17,,BD_Ytrio,677517.0,5928771.0,-36.770233,-73.010974,40.0,5.9,8.909,0.5,0.5,26.3,0.5,0.5,3.6133,0.309,Granito de Biotita,,,,,
PIMBS-18,,BD_Ytrio,677510.0,5928748.0,-36.770442,-73.011047,41.0,13.3,20.083,0.5,0.5,17.8,0.5,0.5,3.7707,0.3343,Granito de Biotita,,,,,
PIMBS-19,,BD_Ytrio,677515.0,5928742.0,-36.770495,-73.01099,46.0,21.0,31.71,58.0,0.5,18.5,0.5,0.5,5.7569,0.6325,Granito de Biotita,,,,,
PIMBS-20,,BD_Ytrio,677513.0,5928726.0,-36.77064,-73.011008,49.0,22.8,34.428,78.0,0.5,16.1,0.5,0.5,5.9814,0.616,Suelo,,,,,
PIMBS-21,,BD_Ytrio,677889.0,5929445.0,-36.764091,-73.006965,38.0,44.4,67.044,77.0,51.0,21.6,0.5,0.5,3.3092,0.3502,Granito de Biotita,,,,,
PIMBS-22,,BD_Ytrio,677891.0,5929443.0,-36.764109,-73.006942,38.0,4.4,6.644,0.5,0.5,0.5,0.5,0.5,0.2797,0.0165,Vetilla,,,,,
PIMBS-23,,BD_Ytrio,677892.0,5929444.0,-36.7641,-73.006931,38.0,36.0,54.36,82.0,0.5,28.3,0.5,0.5,3.0123,0.2442,Granito de Biotita,,,,,
PIMBS-24A,,BD_Ytrio,677895.0,5929442.0,-36.764117,-73.006897,38.0,25.7,38.807,70.0,0.5,12.8,176.0,76.0,1.8202,0.3723,Metapelita,,,,,
PIMBS-24B,,BD_Ytrio,677895.0,5929442.0,-36.764117,-73.006897,38.0,31.8,48.018,0.5,0.5,20.3,252.0,142.0,4.7366,0.4364,Metapelita,,,,,
PIMBS-24C,,BD_Ytrio,677895.0,5929442.0,-36.764117,-73.006897,38.0,29.8,44.998,85.0,55.0,25.0,168.0,105.0,3.4825,0.4238,Metapelita,,,,,
PIMBS-25,,BD_Ytrio,677910.0,5929443.0,-36.764105,-73.00673,37.0,15.1,22.801,48.0,0.5,16.9,91.0,0.5,1.4185,0.1186,Granito de Biotita,,,,,
PIMBS-26,,BD_Ytrio,677932.0,5929468.0,-36.763876,-73.006489,37.0,38.1,57.531,60.0,0.5,18.6,119.0,0.5,2.4965,0.2016,Granito de Biotita,,,,,
PIMBS-27,,BD_Ytrio,677963.0,5929506.0,-36.763528,-73.006151,46.0,20.1,30.351,54.0,0.5,24.6,278.0,131.0,4.6224,0.2459,Granito de Biotita,,,,,
PIMBS-28,,BD_Ytrio,677968.0,5929449.0,-36.764041,-73.006082,72.0,10.6,16.006,0.5,0.5,15.2,129.0,0.5,4.0722,0.3224,Granito de Biotita,,,,,
PIMBS-29,,BD_Ytrio,677953.0,5929430.0,-36.764215,-73.006245,69.0,18.3,27.633,57.0,0.5,17.1,166.0,71.0,5.1686,0.3991,Metapelita,,,,,
PIMBS-30,,BD_Ytrio,677904.0,5929405.0,-36.764449,-73.006788,60.0,15.8,23.858,71.0,0.5,12.4,0.5,72.0,4.8457,0.4517,Suelo,,,,,
PIMBS-31,,BD_Ytrio,677959.0,5929517.0,-36.76343,-73.006198,49.0,27.9,42.129,54.0,0.5,32.2,192.0,111.0,2.6123,0.2481,Granito de Biotita,,,,,
PIMBS-32,,BD_Ytrio,677966.0,5929526.0,-36.763347,-73.006122,53.0,15.6,23.556,77.0,0.5,21.2,198.0,94.0,2.4142,0.1429,Granito de Biotita,,,,,
PIMBS-33A,,BD_Ytrio,677948.0,5929545.0,-36.763179,-73.006328,53.0,30.1,45.451,82.0,0.5,16.9,444.0,188.0,6.1239,0.2676,Metapelita,,,,,
PIMBS-33B,,BD_Ytrio,677948.0,5929545.0,-36.763179,-73.006328,53.0,43.1,65.081,126.0,91.0,25.4,490.0,180.0,3.2092,0.2325,Granito de Biotita,,,,,
PIMBS-34,,BD_Ytrio,677931.0,5929557.0,-36.763074,-73.006521,53.0,15.5,23.405,51.0,0.5,11.2,510.0,227.0,3.1389,0.3825,Metapelita,,,,,
PIMBS-35,,BD_Ytrio,677904.0,5929561.0,-36.763043,-73.006824,44.0,15.9,24.009,56.0,0.5,9.3,343.0,177.0,3.6405,0.5267,Suelo,,,,,
PIMBS-36,,BD_Ytrio,677914.0,5929546.0,-36.763177,-73.006709,41.0,21.6,32.616,94.0,57.0,27.3,160.0,0.5,2.6224,0.2779,Granito de Biotita,,,,,
PIMBS-37,,BD_Ytrio,677913.0,5929548.0,-36.763159,-73.006721,41.0,22.8,34.428,63.0,0.5,14.0,187.0,82.0,4.4075,0.3963,Metapelita,,,,,
PIMBS-38,,BD_Ytrio,678424.0,5930037.0,-36.758657,-73.001113,40.0,16.5,24.915,0.5,0.5,12.3,356.0,176.0,4.6895,0.5429,Suelo,,,,,
PIMBS-39A,,BD_Ytrio,678450.0,5930124.0,-36.757869,-73.000842,45.0,20.0,30.2,0.5,0.5,8.2,0.5,0.5,4.0965,0.4906,Tonalita,,,,,
PIMBS-39B,,BD_Ytrio,678450.0,5930124.0,-36.757869,-73.000842,45.0,14.4,21.744,69.0,0.5,8.1,0.5,0.5,2.1716,0.5365,Xenolito,,,Mn_ALTO(1.7339%),,
PIMBS-40,,BD_Ytrio,678426.0,5930191.0,-36.75727,-73.001127,52.0,11.0,16.61,0.5,0.5,12.2,0.5,0.5,6.665,0.7793,Suelo,,,,,
PIMBS-41A,,BD_Ytrio,678401.0,5930232.0,-36.756905,-73.001416,47.0,9.1,13.741,0.5,0.5,7.4,0.5,0.5,3.0728,0.5443,Tonalita,,,,,
PIMBS-41B,,BD_Ytrio,678401.0,5930232.0,-36.756905,-73.001416,47.0,13.2,19.932,0.5,0.5,10.6,147.0,87.0,6.801,0.6641,Zona de Falla,,,,,
PIMBS-42,,BD_Ytrio,677776.0,5928731.0,-36.770545,-73.008064,63.0,16.7,25.217,0.5,0.5,35.1,0.5,0.5,2.0125,0.1607,Granito de Biotita,,,,,
PIMBS-43,,BD_Ytrio,678473.0,5929266.0,-36.765594,-73.000384,126.0,24.8,37.448,65.0,44.0,24.7,0.5,0.5,2.1778,0.2916,Granito de Biotita,,,,,
PIMBS-44,,BD_Ytrio,678179.0,5929771.0,-36.7611,-73.003794,61.0,3.4,5.134,0.5,0.5,3.6,164.0,55.0,1.6605,0.1098,Granito de Biotita,,,,,
RFAB-01,,BD_Ytrio,697630.0,5943444.0,-36.634077,-72.789548,207.0,16.3,24.613,0.5,0.5,7.1,0.5,0.5,2.4984,0.3238,Tonalita,,,,,
RFAB-02A,,BD_Ytrio,697624.0,5943478.0,-36.633772,-72.789624,209.0,22.5,33.975,65.0,0.5,13.5,0.5,0.5,2.4138,0.3056,Tonalita,,,,,
RFAB-02B,,BD_Ytrio,697624.0,5943478.0,-36.633772,-72.789624,209.0,16.9,25.519,57.0,0.5,12.0,0.5,0.5,1.3686,0.1063,Granito de Biotita,,,,,
RFAB-03,,BD_Ytrio,695234.0,5941274.0,-36.654119,-72.815777,231.0,21.6,32.616,0.5,0.5,7.3,0.5,0.5,3.978,0.6899,Tonalita,,,,,
riae-01,,BD_Ytrio,694842.0,5936677.0,-36.695611,-72.818991,333.0,6.7,10.117,59.0,0.5,22.5,0.5,0.5,3.8369,0.4561,Granito de Biotita,,,,,
riae-02,,BD_Ytrio,694785.0,5937686.0,-36.686533,-72.819885,286.0,18.3,27.633,0.5,0.5,16.5,0.5,0.5,4.7512,0.4847,Granito de Biotita,,,,,
riae-03,,BD_Ytrio,694762.0,5938527.0,-36.678962,-72.820356,258.0,24.4,36.844,0.5,0.5,17.0,0.5,0.5,10.7908,1.079,Granito de Biotita,,,,,
riae-04,,BD_Ytrio,694863.0,5938730.0,-36.677113,-72.819278,245.0,26.7,40.317,0.5,0.5,9.8,169.0,95.0,5.1183,0.5066,Granito de Biotita,,,,,
riae-04b,,BD_Ytrio,694863.0,5938730.0,-36.677113,-72.819278,245.0,24.8,37.448,0.5,0.5,0.5,0.5,0.5,5.3156,0.5109,Oxidos Negros,,,Mn_ALTO(1.5803%),,
riae-04c,,BD_Ytrio,694861.0,5938727.0,-36.67714,-72.8193,245.0,29.2,44.092,72.0,0.5,13.3,206.0,124.0,5.9827,0.5751,Granito de Biotita,,,,,
riae-04d,,BD_Ytrio,694853.0,5938722.0,-36.677187,-72.819388,245.0,33.3,50.283,60.0,0.5,8.9,0.5,0.5,5.5436,0.5169,Granito de Biotita,,,,,
riae-05,,BD_Ytrio,694899.0,5939648.0,-36.668835,-72.819109,236.0,27.1,40.921,85.0,0.5,24.5,0.5,0.5,5.0207,0.464,Granito de Biotita,,,,,
riae-06,,BD_Ytrio,694774.0,5940054.0,-36.665204,-72.82061,223.0,19.7,29.747,0.5,0.5,6.2,0.5,0.5,3.9308,0.428,Granito de Biotita,,,,,
riae-06b,,BD_Ytrio,694783.0,5940080.0,-36.664968,-72.820516,223.0,13.8,20.838,0.5,0.5,14.5,0.5,0.5,1.8112,0.1698,Granito de Biotita,,,,,
riae-06c,,BD_Ytrio,694788.0,5940125.0,-36.664561,-72.820472,229.0,19.2,28.992,65.0,0.5,31.0,0.5,0.5,4.5647,0.339,Oxidos Negros,,,Mn_ALTO(1.3638%),,
riae-06d,,BD_Ytrio,694785.0,5940115.0,-36.664652,-72.820503,230.0,10.1,15.251,0.5,0.5,25.5,103.0,0.5,2.44,0.196,Granito de Biotita,,,,,
riae-07,,BD_Ytrio,694852.0,5940487.0,-36.661287,-72.819848,268.0,20.2,30.502,84.0,40.0,33.5,0.5,0.5,3.6165,0.326,Granito de Biotita,,,,,
riae-08,,BD_Ytrio,696753.0,5939582.0,-36.669048,-72.79836,257.0,23.0,34.73,76.0,43.0,20.0,0.5,0.5,4.0279,0.3742,Granito de Biotita,,,,,
riae-09,,BD_Ytrio,696547.0,5940660.0,-36.65938,-72.80094,226.0,10.9,16.459,63.0,0.5,13.7,0.5,0.5,4.4859,0.4828,Granito de Biotita,,,,,
riae-10,,BD_Ytrio,696772.0,5938561.0,-36.678242,-72.797885,274.0,16.0,24.16,0.5,0.5,20.6,0.5,0.5,4.5633,0.4673,Granito de Biotita,,,,,
riae-11,,BD_Ytrio,697774.0,5938680.0,-36.676962,-72.78671,243.0,19.7,29.747,75.0,0.5,11.9,0.5,0.5,3.8033,0.3856,Granito de Biotita,,,,,
riae-11b,,BD_Ytrio,697794.0,5938680.0,-36.676958,-72.786486,240.0,42.7,64.477,80.0,131.0,17.4,0.5,0.5,3.9017,0.4361,Granito de Biotita,,,,,
riae-12,,BD_Ytrio,697745.0,5937543.0,-36.68721,-72.786741,274.0,5.3,8.003,49.0,0.5,8.9,0.5,0.5,3.1422,0.4089,Granito de Biotita,,,,,
riae-13,,BD_Ytrio,697804.0,5936741.0,-36.694423,-72.785874,293.0,7.3,11.023,54.0,0.5,14.2,0.5,0.5,4.1277,0.5085,Granito de Biotita,,,,,
riae-14,,BD_Ytrio,695981.0,5938482.0,-36.679117,-72.806712,248.0,31.2,47.112,128.0,40.0,29.6,101.0,0.5,3.6109,0.3526,Granito de Biotita,,,,,
riae-15,,BD_Ytrio,696029.0,5937798.0,-36.685269,-72.806,286.0,17.7,26.727,0.5,0.5,17.0,144.0,0.5,5.7975,0.5914,Granito de Biotita,,,,,
riae-16,,BD_Ytrio,695689.0,5936754.0,-36.694743,-72.809536,312.0,20.5,30.955,0.5,0.5,9.0,0.5,0.5,3.2727,0.3649,Granito de Biotita,,,,,
riae-17,,BD_Ytrio,693772.0,5935659.0,-36.705,-72.830702,346.0,20.9,31.559,72.0,0.5,20.9,0.5,0.5,4.5286,0.4649,Granito de Biotita,,,,,
rlrm-01,,BD_Ytrio,678427.0,5882597.0,-37.186041,-72.989867,159.0,14.7,22.197,20.0,15.0,7.7,98.0,55.0,3.934,0.1949,Granito de Biotita,,,,,
rlrm-02,,BD_Ytrio,678425.0,5882592.0,-37.186086,-72.989888,159.0,14.1,21.291,51.0,15.0,9.8,295.0,139.0,3.0498,0.3424,Granito de Biotita,,,,,
rlrm-03,,BD_Ytrio,678197.0,5882476.0,-37.187175,-72.992428,185.0,25.7,38.807,20.0,15.0,4.1,159.0,70.0,3.9835,0.3596,Granito de Biotita,,,,,
rlrm-04,,BD_Ytrio,678176.0,5882460.0,-37.187323,-72.99266,182.0,17.3,26.123,20.0,15.0,5.3,175.0,70.0,5.0166,0.6829,Granito de Biotita,,,,,
rlrm-05,,BD_Ytrio,678171.0,5882459.0,-37.187333,-72.992716,182.0,21.7,32.767,20.0,15.0,4.3,169.0,80.0,4.9389,0.565,Xenolito Tonalitico,,,,,
rlrm-06,,BD_Ytrio,678085.0,5882404.0,-37.187845,-72.993672,194.0,28.1,42.431,20.0,15.0,4.0,109.0,30.0,6.0398,0.8624,Granito de Biotita,,,,,
rlrm-07,,BD_Ytrio,677706.0,5882062.0,-37.190998,-72.997858,207.0,2.4,3.624,20.0,15.0,9.1,91.0,30.0,3.9443,0.3982,Granito de Biotita,,,,,
rlrm-08,,BD_Ytrio,677000.0,5881871.0,-37.192853,-73.005762,197.0,4.9,7.399,20.0,15.0,0.5,35.0,30.0,1.2973,0.1829,Migmatita Leucosoma,,,,,
rlrm-09,,BD_Ytrio,677000.0,5881871.0,-37.192853,-73.005762,197.0,17.2,25.972,64.0,51.0,9.4,139.0,66.0,5.0493,0.5105,Migmatita Melanosoma,,,,,
rlrm-10,,BD_Ytrio,676837.0,5881276.0,-37.198244,-73.007457,249.0,17.2,25.972,64.0,51.0,9.4,139.0,66.0,5.0493,0.5105,Migmatita Melanosoma,,,,,
rlrm-11,,BD_Ytrio,676837.0,5881276.0,-37.198244,-73.007457,249.0,2.8,4.228,20.0,15.0,6.5,35.0,30.0,3.3306,0.3773,Migmatita Leucosoma,,,,,
rlrm-12,,BD_Ytrio,675960.0,5881474.0,-37.196626,-73.01738,388.0,0.5,1.51,20.0,15.0,4.4,91.0,30.0,3.497,0.501,Metapelita,,,,,
rlrm-13,,BD_Ytrio,675960.0,5881474.0,-37.196626,-73.01738,347.0,23.4,35.334,118.0,50.0,21.6,330.0,136.0,6.5629,0.7342,Metapelita,,,,,
rlrm-14,,BD_Ytrio,679594.0,5880269.0,-37.206789,-72.976167,206.0,8.9,13.439,20.0,15.0,7.7,168.0,96.0,1.6402,0.2363,Granito de Biotita,,,,,
rlrm-15,,BD_Ytrio,679582.0,5879395.0,-37.214665,-72.976092,169.0,24.5,36.995,88.0,38.0,16.7,145.0,56.0,2.5695,0.2621,Arenisca,,,,,
rlrm-16,,BD_Ytrio,679502.0,5879449.0,-37.214194,-72.977006,183.0,17.7,26.727,74.0,15.0,10.4,121.0,77.0,3.2115,0.4432,Granito,,,,,
rlrm-17,,BD_Ytrio,676192.0,5880034.0,-37.209555,-73.014427,140.0,13.6,20.536,20.0,15.0,12.1,351.0,144.0,2.5895,0.3823,Migmatita,,,,,
RLRM-18,,BD_Ytrio,677575.0,5882075.0,-37.190906,-72.999336,203.0,7.9,11.929,111.0,73.0,27.5,90.0,30.0,4.0295,0.4915,Migmatita,,,,,
RLRM-19,,BD_Ytrio,675957.0,5880159.0,-37.208473,-73.017104,220.0,17.4,26.274,97.0,50.0,18.1,467.0,213.0,4.6872,0.4048,Migmatita,,,,,
RLRM-20,,BD_Ytrio,675746.0,5880083.0,-37.209197,-73.019462,286.0,8.9,13.439,48.0,15.0,17.6,196.0,122.0,4.2049,0.6002,Esquisto de Biotita,,,,,
RLRM-21,,BD_Ytrio,675265.0,5880267.0,-37.20763,-73.024923,396.0,30.1,45.451,67.0,47.0,15.4,217.0,78.0,2.9847,0.4987,Esquisto de Biotita,,,,,
RLRM-22,,BD_Ytrio,675650.0,5880511.0,-37.20536,-73.020644,345.0,10.8,16.308,69.0,15.0,19.2,102.0,30.0,5.6004,0.8126,Esquisto de Biotita,,,,,
RLRM-23,,BD_Ytrio,678746.0,5879771.0,-37.211438,-72.985598,215.0,21.1,31.861,20.0,15.0,7.4,151.0,94.0,5.1254,0.643,Granito de Biotita,,,,,
RLRM-24,,BD_Ytrio,678327.0,5879945.0,-37.209951,-72.990359,208.0,11.5,17.365,20.0,46.0,6.8,385.0,160.0,3.249,0.2602,Granito de Biotita,,,,,
RLRM-25,,BD_Ytrio,677953.0,5880068.0,-37.208914,-72.994601,240.0,18.4,27.784,20.0,15.0,4.0,255.0,82.0,3.7642,0.4575,Granito de Biotita,,,,,
RLRM-26,,BD_Ytrio,677626.0,5879973.0,-37.209832,-72.998262,255.0,28.1,42.431,20.0,15.0,8.1,486.0,201.0,4.2977,0.6282,Granito de Biotita,,,,,
RLRM-27,,BD_Ytrio,677454.0,5879562.0,-37.213568,-73.000101,359.0,26.4,39.864,20.0,15.0,0.5,136.0,89.0,4.3488,0.5329,Granito de Biotita,,,,,
RLRM-28,,BD_Ytrio,677454.0,5879563.0,-37.213559,-73.000101,359.0,55.9,84.409,20.0,15.0,10.7,138.0,68.0,6.2164,0.9629,Xenolito Tonalitico,,,,,
RLRM-29,,BD_Ytrio,677451.0,5879563.0,-37.213559,-73.000135,359.0,46.0,69.46,71.0,47.0,4.7,291.0,138.0,4.2877,0.6252,Granito de Biotita,,,,,
RLRM-30,,BD_Ytrio,677450.0,5879562.0,-37.213568,-73.000146,358.0,42.0,63.42,20.0,15.0,11.4,127.0,57.0,6.9235,1.1248,Xenolito Tonalitico,,,,,
RLRM-31,,BD_Ytrio,677454.0,5879562.0,-37.213568,-73.000101,358.0,52.5,79.275,20.0,15.0,4.3,127.0,73.0,5.5868,0.783,Granito de Biotita,,,,,
RLRM-32,,BD_Ytrio,677453.0,5879568.0,-37.213514,-73.000114,358.0,121.7,183.767,59.0,15.0,3.9,224.0,113.0,5.783,0.7528,Granito de Biotita,,,,,
RLRM-33,,BD_Ytrio,677212.0,5879656.0,-37.212767,-73.002849,320.0,39.6,59.796,47.0,15.0,5.5,293.0,154.0,5.0187,0.6779,Granito de Biotita,,,,,
saae-01,,BD_Ytrio,691814.0,5935604.0,-36.705893,-72.852595,315.0,23.7,35.787,0.5,0.5,14.3,280.0,117.0,4.5068,0.4436,Granito de Biotita,,,,,
saae-02,,BD_Ytrio,692485.0,5935604.0,-36.705757,-72.845087,319.0,31.9,48.169,0.5,0.5,16.8,117.0,0.5,3.7517,1.6103,Granito de Biotita,,,,,
saae-02b,,BD_Ytrio,692537.0,5935601.0,-36.705774,-72.844505,322.0,6.1,9.211,0.5,0.5,11.1,129.0,52.0,2.8229,0.3478,Granito de Biotita,,,,,
saae-03,,BD_Ytrio,692203.0,5935995.0,-36.702292,-72.848341,306.0,19.0,28.69,0.5,0.5,13.5,0.5,0.5,5.5693,0.7081,Granito de Biotita,,,,,
saae-04,,BD_Ytrio,693292.0,5935316.0,-36.708188,-72.835986,328.0,32.2,48.622,295.0,0.5,27.0,705.0,296.0,3.2518,0.3778,Granito de Biotita,,,,,
saae-04b,,BD_Ytrio,693292.0,5935316.0,-36.708188,-72.835986,328.0,10.8,16.308,59.0,0.5,20.9,0.5,0.5,4.0573,0.3869,Granito de Biotita,,,,,
saae-05,,BD_Ytrio,693647.0,5935271.0,-36.708521,-72.832003,348.0,57.4,86.674,91.0,63.0,12.4,154.0,91.0,6.1459,0.5697,Granito de Biotita,,,,,
saae-05b,,BD_Ytrio,693647.0,5935271.0,-36.708521,-72.832003,348.0,50.1,75.651,0.5,55.0,7.9,0.5,0.5,2.8743,0.2545,Granito de Biotita,,,,,
saae-05c,,BD_Ytrio,693647.0,5935271.0,-36.708521,-72.832003,348.0,23.2,35.032,127.0,0.5,15.1,113.0,0.5,2.9813,0.2894,Granito de Biotita,,,,,
saae-05d,,BD_Ytrio,693647.0,5935271.0,-36.708521,-72.832003,348.0,72.1,108.871,107.0,227.0,30.4,0.5,0.5,4.0439,0.4232,Granito de Biotita,,,,,
saae-05e,,BD_Ytrio,693647.0,5935271.0,-36.708521,-72.832003,348.0,3.4,5.134,0.5,0.5,0.5,389.0,177.0,0.1214,0.0179,Granito de Biotita,,,,,
saae-06,,BD_Ytrio,692773.0,5936855.0,-36.694429,-72.84218,323.0,8.9,13.439,55.0,0.5,11.7,0.5,0.5,5.5452,0.564,Dique Aplitico,,,,,
saae-07,,BD_Ytrio,691284.0,5935358.0,-36.708216,-72.858463,235.0,33.3,50.283,73.0,0.5,21.1,0.5,0.5,3.2223,0.2983,Granito de Biotita,,,,,
saae-07b,,BD_Ytrio,691281.0,5935355.0,-36.708244,-72.858496,259.0,35.7,53.907,0.5,0.5,9.7,109.0,67.0,4.678,0.4253,Granito de Biotita,,,,,
saae-08,,BD_Ytrio,693957.0,5934571.0,-36.714764,-72.828357,348.0,44.8,67.648,0.5,50.0,17.2,0.5,0.5,4.5493,0.465,Granito de Biotita,,,,,
saae-09,,BD_Ytrio,694028.0,5934552.0,-36.71492,-72.827558,344.0,11.4,17.214,0.5,0.5,15.4,114.0,71.0,2.3442,0.2493,Granito de Biotita,,,,,
saae-10,,BD_Ytrio,696077.0,5934520.0,-36.714788,-72.804623,255.0,9.1,13.741,0.5,0.5,10.3,314.0,161.0,1.4425,0.1714,Granito de Biotita,,,,,
saae-10b,,BD_Ytrio,696081.0,5934510.0,-36.714877,-72.804575,257.0,15.9,24.009,83.0,0.5,15.4,266.0,124.0,2.4,0.2613,Granito de Biotita,,,,,
saae-10c,,BD_Ytrio,696087.0,5934510.0,-36.714876,-72.804508,256.0,35.5,53.605,96.0,40.0,32.6,209.0,107.0,3.1571,0.2992,Granito de Biotita,,,,,
saae-10d,,BD_Ytrio,696107.0,5934512.0,-36.714854,-72.804285,256.0,23.1,34.881,53.0,0.5,45.3,382.0,177.0,2.3405,0.31,Granito de Biotita,,,,,
saae-11,,BD_Ytrio,697555.0,5934519.0,-36.71449,-72.788085,310.0,18.2,27.482,55.0,0.5,13.5,305.0,86.0,4.4979,0.5326,Granito de Biotita,,,,,
saae-12,,BD_Ytrio,696311.0,5935405.0,-36.706767,-72.802232,249.0,26.0,39.26,57.0,0.5,14.4,237.0,92.0,2.9317,0.2752,Granito de Biotita,,,,,
saae-12b,,BD_Ytrio,696304.0,5935401.0,-36.706805,-72.802309,260.0,26.1,39.411,0.5,0.5,8.2,382.0,163.0,2.1031,0.2184,Granito de Biotita,,,,,
saae-13,,BD_Ytrio,696431.0,5935754.0,-36.703598,-72.800979,288.0,71.5,107.965,157.0,83.0,38.0,404.0,162.0,6.9805,0.7548,Granito de Biotita,,,,,
saae-13b,,BD_Ytrio,696435.0,5935753.0,-36.703607,-72.800934,287.0,18.7,28.237,47.0,0.5,17.0,337.0,140.0,3.3909,0.3791,Granito de Biotita,,,,,
saae-13c,,BD_Ytrio,696434.0,5935757.0,-36.703571,-72.800946,289.0,19.9,30.049,58.0,38.0,20.7,195.0,75.0,3.0549,0.4456,Granito de Biotita,,,,,
saae-14,,BD_Ytrio,696459.0,5935321.0,-36.707493,-72.800554,297.0,19.1,28.841,0.5,0.5,15.9,144.0,54.0,1.4937,0.1855,Granito de Biotita,,,,,
saae-14b,,BD_Ytrio,696463.0,5935328.0,-36.707429,-72.800511,298.0,22.0,33.22,69.0,0.5,25.4,280.0,112.0,3.7676,0.4571,Granito de Biotita,,,,,
TSAE-01,,BD_Ytrio,687240.0,5943762.0,-36.633311,-72.905764,284.0,10.9,16.459,0.5,0.5,14.8,231.0,107.0,4.5451,0.5427,Granodiorita,,,,,
TSAE-02,,BD_Ytrio,687237.0,5943754.0,-36.633384,-72.905795,285.0,18.3,27.633,0.5,0.5,8.1,228.0,82.0,4.3093,0.629,Enclave Tonalitico,,,,,
TSAE-03,,BD_Ytrio,687141.0,5943939.0,-36.631736,-72.906913,307.0,6.5,9.815,99.0,0.5,21.0,190.0,71.0,3.9037,0.3981,Granodiorita,,,,,
TSAE-04,,BD_Ytrio,687523.0,5945108.0,-36.621129,-72.902929,218.0,11.9,17.969,65.0,0.5,9.0,287.0,141.0,4.1051,0.5134,Enclave Dioritico,,,,,
TSAE-05,,BD_Ytrio,687671.0,5945351.0,-36.618911,-72.901334,213.0,24.5,36.995,115.0,137.0,23.5,247.0,79.0,3.0501,0.362,Granodiorita,,,,,
TSAE-06,,BD_Ytrio,687557.0,5944939.0,-36.622645,-72.902508,226.0,37.4,56.474,0.5,52.0,10.7,179.0,64.0,2.1615,0.2851,Veta de Caolin,,,,,
TSAE-07,,BD_Ytrio,687638.0,5943576.0,-36.634908,-72.901269,305.0,81.9,123.669,287.0,103.0,11.1,293.0,93.0,2.8103,0.3738,Granodiorita,,,,,
TSAE-08,,BD_Ytrio,687638.0,5943576.0,-36.634908,-72.901269,305.0,27.2,41.072,58.0,0.5,12.1,0.5,0.5,5.2329,0.5322,Granodiorita,,,,,
TSAE-09,,BD_Ytrio,687638.0,5943576.0,-36.634908,-72.901269,305.0,17.5,26.425,0.5,0.5,11.6,102.0,0.5,7.6713,0.7947,Dique Tonalitico,,,,,
TSAE-10,,BD_Ytrio,688348.0,5943822.0,-36.632552,-72.893393,311.0,13.4,20.234,0.5,0.5,9.7,272.0,121.0,4.6211,0.6089,Granito de Biotita,,,,,
TSAE-11,,BD_Ytrio,688322.0,5943789.0,-36.632855,-72.893676,304.0,25.5,38.505,0.5,0.5,9.1,269.0,132.0,2.6629,0.3245,Granito de Biotita,,,,,
TSAE-12,,BD_Ytrio,688322.0,5943789.0,-36.632855,-72.893676,304.0,40.7,61.457,0.5,45.0,11.4,468.0,178.0,3.7828,0.4812,Enclave tonalitico,,,,,
TSAE-13,,BD_Ytrio,689988.0,5943942.0,-36.631145,-72.875091,232.0,28.8,43.488,58.0,0.5,12.4,228.0,99.0,3.5506,0.3643,Granodiorita,,,,,
TSAE-14,,BD_Ytrio,690042.0,5944089.0,-36.62981,-72.874524,234.0,21.4,32.314,75.0,0.5,13.5,295.0,144.0,4.0315,0.4559,Granito de Biotita,,,,,
TSAE-15,,BD_Ytrio,687965.0,5946183.0,-36.611358,-72.898252,284.0,30.4,45.904,71.0,0.5,20.2,192.0,121.0,3.5524,0.3508,Granito de Biotita,,,,,
TSAE-16,,BD_Ytrio,691252.0,5944052.0,-36.629901,-72.860991,321.0,9.7,14.647,0.5,0.5,9.0,270.0,129.0,3.998,0.4927,Tonalita,,,,,
TSAE-17,,BD_Ytrio,690899.0,5943927.0,-36.631098,-72.864905,303.0,19.1,28.841,64.0,0.5,8.4,558.0,260.0,6.2015,0.7165,Granodiorita,,,,,
TSAE-18,,BD_Ytrio,691195.0,5939378.0,-36.672019,-72.860463,319.0,46.0,69.46,62.0,0.5,18.6,222.0,116.0,4.7986,0.5249,Granodiorita,,,,,
TSAE-19,,BD_Ytrio,691180.0,5939397.0,-36.671851,-72.860635,323.0,38.3,57.833,0.5,0.5,0.5,0.5,0.5,6.2812,0.4998,Tonalita,,,,,
TSAE-20,,BD_Ytrio,691180.0,5939397.0,-36.671851,-72.860635,323.0,37.3,56.323,0.5,0.5,11.9,207.0,99.0,4.5179,0.556,Granodiorita,,,,,
TSAE-21,,BD_Ytrio,691210.0,5939762.0,-36.668557,-72.860391,338.0,14.1,21.291,0.5,0.5,10.3,242.0,108.0,4.952,0.8685,Granito de Biotita,,,,,
TSAE-22,,BD_Ytrio,691886.0,5942320.0,-36.645377,-72.853471,319.0,7.7,11.627,50.0,0.5,8.4,0.5,0.5,5.1397,0.6028,Granodiorita,,,,,
TSAE-23,,BD_Ytrio,692031.0,5942077.0,-36.647537,-72.851789,317.0,36.8,55.568,56.0,0.5,6.8,175.0,115.0,4.8552,0.5885,Tonalita,,,,,
TSAE-24,,BD_Ytrio,691532.0,5940145.0,-36.665042,-72.856886,326.0,18.4,27.784,48.0,0.5,6.8,220.0,73.0,5.3747,0.596,Granodiorita,,,,,
TSAE-25,,BD_Ytrio,691537.0,5940127.0,-36.665203,-72.856825,328.0,42.8,64.628,161.0,44.0,6.8,363.0,174.0,7.045,0.7942,Granodiorita,,,,,
CCBS-01A,,BD_Ytrio,684637.0,5933832.0,-36.723279,-72.932467,210.0,36.3,54.813,107.0,62.0,32.3,343.0,131.0,3.02,0.3562,Tonalita,,,,,
CCBS-01B,,BD_Ytrio,684637.0,5933832.0,-36.723279,-72.932467,210.0,16.1,24.311,20.0,15.0,13.7,187.0,58.0,2.4694,0.2931,Tonalita,,,,,
CCBS-01C,,BD_Ytrio,684637.0,5933832.0,-36.723279,-72.932467,210.0,19.3,29.143,20.0,15.0,21.1,292.0,145.0,2.3421,0.284,Tonalita,,,,,
CCBS-02A,,BD_Ytrio,684585.0,5933638.0,-36.725037,-72.933002,176.0,28.3,42.733,48.0,15.0,18.5,131.0,30.0,2.4754,0.2859,Tonalita,,,,,
CCBS-02B,,BD_Ytrio,684585.0,5933638.0,-36.725037,-72.933002,176.0,47.1,71.121,69.0,15.0,16.9,35.0,30.0,4.0072,0.4288,Tonalita,,,,,
CCBS-03,,BD_Ytrio,685283.0,5933450.0,-36.726595,-72.925145,243.0,21.9,33.069,20.0,15.0,12.1,168.0,63.0,3.343,0.3361,Tonalita,,,,,
CCBS-04A,,BD_Ytrio,685605.0,5933647.0,-36.724757,-72.921589,279.0,5.6,8.456,64.0,15.0,17.0,35.0,30.0,3.8229,0.4107,Tonalita,,,,,
CCBS-04B,,BD_Ytrio,685605.0,5933647.0,-36.724757,-72.921589,279.0,6.6,9.966,20.0,15.0,21.4,165.0,88.0,3.4702,0.4402,Tonalita,,,,,
CELEBS-01,,BD_Ytrio,684063.0,5932563.0,-36.734823,-72.938585,386.0,5.9,8.909,20.0,15.0,19.4,140.0,30.0,3.3999,0.2405,Tonalita de biotita,,,,,
CELEBS-02,,BD_Ytrio,684143.0,5932988.0,-36.730979,-72.937792,301.0,73.2,110.532,296.0,121.0,80.0,271.0,140.0,6.7055,0.4075,Tonalita,,,,,
CELEBS-03,,BD_Ytrio,684003.0,5933032.0,-36.730609,-72.939369,246.0,73.3,110.683,319.0,157.0,78.0,304.0,140.0,6.7419,0.4032,Tonalita de biotita,,,,,
CELEBS-04A,,BD_Ytrio,684002.0,5932909.0,-36.731718,-72.939351,248.0,364.0,549.64,383.0,218.0,74.0,246.0,66.0,5.0327,0.2936,Tonalita de Biotita,,,,,
CELEBS-04B,,BD_Ytrio,684002.0,5932909.0,-36.731718,-72.939351,248.0,320.0,483.2,521.0,151.0,101.0,414.0,174.0,4.9715,0.1834,Tonalita de Biotita,,,,,
CELEBS-04C,,BD_Ytrio,684002.0,5932909.0,-36.731718,-72.939351,248.0,147.8,223.178,370.0,183.0,85.0,267.0,100.0,3.7496,0.117,Tonalita de Biotita,,,,,
CELEBS-05,,BD_Ytrio,684932.0,5932727.0,-36.733176,-72.928898,293.0,18.5,27.935,20.0,15.0,18.9,35.0,30.0,5.7248,0.5546,Tonalita de biotita,,,,,
CSPBS rodado,,BD_Ytrio,683694.0,5932673.0,-36.733903,-72.942741,323.0,28.0,42.28,20.0,15.0,6.0,663.0,278.0,3.7484,0.3451,Granito de biotita,,,,,
CSPBS-01,,BD_Ytrio,683694.0,5932673.0,-36.733903,-72.942741,323.0,27.1,40.921,20.0,15.0,25.0,35.0,30.0,1.0259,0.2234,Zona de Falla,,,,,
CSPBS-02,,BD_Ytrio,683704.0,5932678.0,-36.733856,-72.942631,329.0,31.8,48.018,124.0,101.0,33.7,285.0,123.0,1.738,0.0949,Granito de biotita,,,,,
CSPBS-03,,BD_Ytrio,683699.0,5932655.0,-36.734065,-72.942681,336.0,28.5,43.035,159.0,71.0,38.0,168.0,68.0,3.2435,0.1941,Granito de biotita,,,,,
curm-02,,BD_Ytrio,678844.0,5878194.0,-37.225626,-72.984117,317.0,12.6,19.026,91.0,15.0,7.2,412.0,194.0,6.5367,0.6589,Arenisca,,,,,
curm-03,,BD_Ytrio,678288.0,5878110.0,-37.226489,-72.99036,416.0,17.2,25.972,82.0,15.0,9.5,276.0,113.0,5.3088,0.5571,Granito de Biotita,,,Mn_ALTO(571.0%),,
curm-04,,BD_Ytrio,678377.0,5877794.0,-37.229319,-72.989282,367.0,5.0,7.55,20.0,15.0,7.1,264.0,153.0,3.3128,0.4675,Granito de Biotita,,,Mn_ALTO(536.0%),,
curm-05,,BD_Ytrio,678377.0,5877794.0,-37.229319,-72.989282,367.0,5.9,8.909,20.0,15.0,7.4,242.0,99.0,8.4084,0.8224,Xenolito Tonalitico,,,,,
curm-06,,BD_Ytrio,678377.0,5877794.0,-37.229319,-72.989282,367.0,5.8,8.758,20.0,15.0,7.2,268.0,134.0,4.2679,0.5859,Granito de Biotita,,,,,
curm-07,,BD_Ytrio,678380.0,5877790.0,-37.229354,-72.989247,367.0,7.0,10.57,20.0,15.0,7.3,281.0,116.0,5.6128,0.7948,Granito de Biotita,,,,,
curm-08,,BD_Ytrio,677698.0,5877970.0,-37.227863,-72.996973,438.0,6.5,9.815,20.0,15.0,0.5,217.0,77.0,2.4239,0.2513,Granito de Biotita,,,,,
curm-09,,BD_Ytrio,677281.0,5878195.0,-37.225915,-73.001725,404.0,82.9,125.179,20.0,54.0,6.5,324.0,153.0,4.7726,0.6452,Granito de Biotita,,,,,
curm-10,,BD_Ytrio,677280.0,5878188.0,-37.225978,-73.001734,404.0,96.8,146.168,86.0,59.0,10.8,209.0,72.0,5.5075,0.5985,Granito de Biotita,,,,,
curm-11,,BD_Ytrio,677282.0,5878192.0,-37.225942,-73.001713,404.0,117.4,177.274,20.0,52.0,6.2,276.0,133.0,4.5205,0.7184,Granito de Biotita,,,,,
curm-12,,BD_Ytrio,677288.0,5878177.0,-37.226076,-73.001642,409.0,111.6,168.516,60.0,49.0,5.4,194.0,65.0,5.3067,0.6771,Granito de Biotita,,,,,
curm-13,,BD_Ytrio,677240.0,5878223.0,-37.225671,-73.002193,395.0,48.5,73.235,20.0,15.0,4.7,256.0,118.0,5.1703,0.6874,Granito de Biotita,,,,,
curm-14,,BD_Ytrio,677222.0,5879157.0,-37.21726,-73.002618,380.0,22.9,34.579,20.0,15.0,10.0,187.0,66.0,3.7336,0.4752,Granito de Biotita,,,,,
curm-15,,BD_Ytrio,677217.0,5879162.0,-37.217216,-73.002675,378.0,4.5,6.795,20.0,15.0,3.7,202.0,84.0,3.3035,0.4353,Granito de Biotita,,,,,
curm-16,,BD_Ytrio,677217.0,5879163.0,-37.217207,-73.002676,378.0,18.9,28.539,20.0,41.0,10.3,205.0,94.0,4.3559,0.5174,Granito de Biotita,,,,,
curm-17,,BD_Ytrio,677221.0,5879169.0,-37.217152,-73.002632,378.0,24.4,36.844,72.0,119.0,16.8,365.0,141.0,3.6424,0.4815,Granito de Biotita,,,,,
curm-18,,BD_Ytrio,677280.0,5878198.0,-37.225888,-73.001737,420.0,36.4,54.964,20.0,15.0,9.8,275.0,142.0,7.101,0.94,Granito de Biotita,,,,,
curm-19,,BD_Ytrio,677280.0,5878198.0,-37.225888,-73.001737,420.0,57.1,86.221,80.0,53.0,6.3,35.0,30.0,5.2499,0.6979,Granito de Biotita,,,,,
curm-20,,BD_Ytrio,677280.0,5878198.0,-37.225888,-73.001737,420.0,58.9,88.939,20.0,15.0,5.1,35.0,30.0,4.8373,0.7124,Granito de Biotita,,,,,
curm-21,,BD_Ytrio,677278.0,5878203.0,-37.225844,-73.00176,420.0,69.2,104.492,112.0,51.0,7.1,224.0,102.0,8.1301,0.7437,Xenolito Tonalitico,,,,,
curm-22,,BD_Ytrio,677281.0,5878195.0,-37.225915,-73.001725,404.0,65.1,98.301,68.0,15.0,4.8,156.0,64.0,5.9143,0.9186,Granito de Biotita,,,,,
curm-23,,BD_Ytrio,677281.0,5878195.0,-37.225915,-73.001725,404.0,103.0,155.53,53.0,47.0,0.5,35.0,30.0,5.4498,0.6642,Granito de Biotita,,,,,
curm-24,,BD_Ytrio,677541.0,5877842.0,-37.229046,-72.998712,426.0,29.1,43.941,20.0,47.0,9.4,313.0,111.0,3.855,0.3681,Granito de Biotita,,,,,
curm-25,,BD_Ytrio,677291.0,5877932.0,-37.228283,-73.001549,415.0,7.4,11.174,20.0,15.0,0.5,203.0,96.0,1.5736,0.1855,Granito de Biotita,,,,,
curm-26,,BD_Ytrio,676930.0,5878982.0,-37.218892,-73.005866,360.0,78.7,118.837,53.0,64.0,0.5,198.0,81.0,7.0612,0.7984,Granito de Biotita,,,,,
curm-27,,BD_Ytrio,677090.0,5878825.0,-37.220276,-73.004026,349.0,10.8,16.308,20.0,15.0,4.4,129.0,66.0,4.8795,0.6029,Granito de Biotita,,,,,
curm-28,,BD_Ytrio,677115.0,5878780.0,-37.220677,-73.003734,348.0,27.9,42.129,20.0,15.0,17.4,226.0,120.0,2.9149,0.3683,Granito de Biotita,,,,,
curm-29,,BD_Ytrio,677030.0,5878692.0,-37.221486,-73.00467,333.0,22.7,34.277,51.0,15.0,6.0,166.0,68.0,6.3977,0.7118,Granito de Biotita,,,,,
curm-30,,BD_Ytrio,677030.0,5878692.0,-37.221486,-73.00467,333.0,24.5,36.995,20.0,15.0,5.2,247.0,139.0,5.7989,0.7754,Granito de Biotita,,,,,
curm-31,,BD_Ytrio,677030.0,5878692.0,-37.221486,-73.00467,333.0,63.1,95.281,20.0,15.0,4.9,207.0,104.0,5.4659,0.6388,Granito de Biotita,,,,,
curm-32,,BD_Ytrio,677024.0,5878684.0,-37.221559,-73.004736,334.0,21.3,32.163,55.0,15.0,6.6,236.0,90.0,4.6029,0.5634,Granito de Biotita,,,,,
curm-33,,BD_Ytrio,677024.0,5878686.0,-37.221541,-73.004736,337.0,34.8,52.548,77.0,15.0,4.8,151.0,61.0,7.4314,0.8989,Granito de Biotita,,,,,
curm-34,,BD_Ytrio,677061.0,5878368.0,-37.224398,-73.004244,303.0,37.4,56.474,70.0,15.0,7.2,164.0,79.0,4.8586,0.4306,Granito de Biotita,,,,,
curm-35,,BD_Ytrio,677150.0,5878512.0,-37.223084,-73.003276,318.0,29.6,44.696,20.0,15.0,3.9,313.0,155.0,3.7253,0.4455,Granito de Biotita,,,,,
curm-36,,BD_Ytrio,677142.0,5878515.0,-37.223059,-73.003367,317.0,130.7,197.357,142.0,141.0,10.4,256.0,101.0,5.033,0.6,Granito de Biotita,,,,,
parm-05,,BD_Ytrio,676516.0,5878115.0,-37.226781,-73.010324,178.0,21.4,32.314,20.0,15.0,4.9,442.0,201.0,3.5461,0.3471,Granito de Biotita,,,,,
parm-06,,BD_Ytrio,676638.0,5878178.0,-37.22619,-73.008964,211.0,32.6,49.226,20.0,15.0,5.0,110.0,30.0,5.3667,0.6412,Granito de Biotita,,,,,
parm-07,,BD_Ytrio,676635.0,5878189.0,-37.226092,-73.009001,212.0,27.2,41.072,108.0,84.0,25.9,175.0,60.0,1.6173,0.2632,Granito de Biotita,,,,,
parm-08,,BD_Ytrio,676624.0,5878195.0,-37.22604,-73.009126,211.0,7.1,10.721,20.0,15.0,3.4,194.0,88.0,1.1321,0.1251,Granito de Biotita,,,,,
parm-09,,BD_Ytrio,676622.0,5878201.0,-37.225986,-73.00915,211.0,11.0,16.61,75.0,15.0,22.3,35.0,30.0,3.5376,0.3917,Granito de Biotita,,,,,
parm-10,,BD_Ytrio,676615.0,5878202.0,-37.225979,-73.009229,213.0,124.9,188.599,20.0,181.0,5.5,494.0,156.0,6.5921,0.8384,Granito de Biotita,,,,,
parm-11,,BD_Ytrio,676616.0,5878200.0,-37.225996,-73.009217,213.0,128.9,194.639,20.0,140.0,9.1,289.0,126.0,13.0142,1.3733,Xenolito Tonalitico,,,,,
parm-12,,BD_Ytrio,676683.0,5878278.0,-37.225281,-73.008481,224.0,21.6,32.616,20.0,15.0,5.6,398.0,193.0,5.6568,0.6183,Granito de Biotita,,,,,
parm-13,,BD_Ytrio,676934.0,5878230.0,-37.225666,-73.005642,285.0,51.9,78.369,69.0,15.0,8.4,276.0,104.0,7.8031,0.8632,Granito de Biotita,,,,,
parm-14,,BD_Ytrio,676934.0,5878230.0,-37.225666,-73.005642,285.0,17.6,26.576,20.0,15.0,0.5,303.0,116.0,4.4134,0.5109,Granito de Biotita,,,,,
parm-15,,BD_Ytrio,676922.0,5878229.0,-37.225677,-73.005777,285.0,23.5,35.485,20.0,15.0,8.2,195.0,101.0,5.1133,0.6626,Granito de Biotita,,,,,
parm-16,,BD_Ytrio,676922.0,5878229.0,-37.225677,-73.005777,285.0,19.9,30.049,55.0,15.0,3.9,204.0,80.0,3.9349,0.6206,Granito de Biotita,,,,,
parm-17,,BD_Ytrio,676922.0,5878229.0,-37.225677,-73.005777,285.0,18.6,28.086,20.0,15.0,5.4,348.0,158.0,5.9944,0.7643,Xenolito Tonalitico,,,,,
parm-18,,BD_Ytrio,675631.0,5878633.0,-37.222282,-73.020416,134.0,15.9,24.009,143.0,55.0,30.7,453.0,197.0,3.4587,0.2484,Migmatita,,,,,
parm-19,,BD_Ytrio,675681.0,5878528.0,-37.223218,-73.019828,125.0,100.6,151.906,20.0,72.0,19.8,164.0,68.0,3.292,0.4511,Granito de Biotita,,,,,
rlrm-34,,BD_Ytrio,677338.0,5879564.0,-37.213572,-73.001408,329.0,25.8,38.958,20.0,15.0,5.8,156.0,68.0,4.2118,0.5168,Granito de Biotita,,,,,
rlrm-35,,BD_Ytrio,677335.0,5879561.0,-37.213599,-73.001441,330.0,38.7,58.437,64.0,15.0,0.5,385.0,159.0,6.1779,0.7892,Xenolito Tonalitico,,,,,
rlrm-36,,BD_Ytrio,677333.0,5879563.0,-37.213582,-73.001464,331.0,23.5,35.485,20.0,15.0,6.5,305.0,144.0,4.2499,0.5618,Granito de Biotita,,,,,
rlrm-37,,BD_Ytrio,677322.0,5879595.0,-37.213295,-73.001596,329.0,15.6,23.556,64.0,15.0,6.5,278.0,106.0,4.583,0.5618,Granito de Biotita,,,,,
rlrm-38,,BD_Ytrio,677296.0,5879623.0,-37.213048,-73.001895,335.0,103.1,155.681,20.0,15.0,0.5,126.0,53.0,4.514,0.6142,Granito de Biotita,,,,,
rlrm-39,,BD_Ytrio,677298.0,5879610.0,-37.213165,-73.00187,333.0,48.7,73.537,20.0,15.0,6.1,221.0,96.0,4.7709,0.5908,Granito de Biotita,,,,,
rlrm-40,,BD_Ytrio,677298.0,5879608.0,-37.213183,-73.001869,332.0,16.5,24.915,20.0,15.0,6.3,353.0,146.0,3.7015,0.4855,Granito de Biotita,,,,,
rlrm-41,,BD_Ytrio,677276.0,5879621.0,-37.21307,-73.00212,330.0,27.3,41.223,20.0,44.0,0.5,363.0,169.0,4.2004,0.5148,Granito de Biotita,,,,,
saae-15,,BD_Ytrio,691956.0,5933988.0,-36.720422,-72.8506,282.0,9.1,13.741,20.0,15.0,7.2,35.0,30.0,2.5225,0.325,Granito de biotita,,,,,
saae-15b,,BD_Ytrio,691958.0,5933986.0,-36.72044,-72.850577,282.0,22.3,33.673,20.0,15.0,9.8,88.0,30.0,3.4613,0.3695,Granito de biotita,,,,,
saae-16,,BD_Ytrio,692473.0,5933299.0,-36.726524,-72.844641,314.0,28.1,42.431,135.0,57.0,23.6,35.0,30.0,4.37,0.429,Granito de biotita,,,,,
eeae-16b,,BD_Ytrio,692451.0,5933300.0,-36.72652,-72.844888,315.0,13.7,20.687,20.0,15.0,5.1,35.0,30.0,3.6399,0.3221,Granito de biotita,,,,,
eeae-17,,BD_Ytrio,693106.0,5933881.0,-36.721153,-72.837705,283.0,27.2,41.072,72.0,15.0,16.6,35.0,30.0,4.6478,0.4235,Granito de biotita,,,,,
eeae-17b,,BD_Ytrio,693107.0,5933882.0,-36.721144,-72.837694,283.0,25.3,38.203,20.0,15.0,20.0,35.0,30.0,4.368,0.4458,Granito de biotita,,,,,
eeae-17c,,BD_Ytrio,693108.0,5933883.0,-36.721134,-72.837683,283.0,13.7,20.687,20.0,15.0,11.7,35.0,30.0,3.4746,0.3742,Granito de biotita,,,,,
eeae-18,,BD_Ytrio,693242.0,5934712.0,-36.713639,-72.836393,314.0,24.7,37.297,20.0,15.0,19.2,35.0,30.0,6.9085,0.7133,Granito de biotita,,,,,
saae-19,,BD_Ytrio,696247.0,5933737.0,-36.721806,-72.80252,210.0,36.0,54.36,83.0,52.0,17.4,145.0,30.0,3.1592,0.3441,Granito de biotita,,,,,
saae-20,,BD_Ytrio,695907.0,5934245.0,-36.7173,-72.806454,237.0,14.7,22.197,59.0,15.0,20.1,35.0,30.0,5.063,0.5564,Granito de biotita,,,,,
saae-21,,BD_Ytrio,695334.0,5933661.0,-36.722679,-72.812717,236.0,28.7,43.337,20.0,15.0,23.9,244.0,114.0,3.7239,0.4238,Granito de biotita,,,,,
eeae-09,,BD_Ytrio,690390.0,5933926.0,-36.721296,-72.868109,299.0,10.4,15.704,20.0,15.0,12.1,186.0,80.0,5.4265,0.6535,Granito de biotita,,,,,
eeae-10,,BD_Ytrio,691276.0,5934531.0,-36.715668,-72.858345,258.0,50.4,76.104,58.0,51.0,101.0,182.0,61.0,2.8641,0.32,Granito de biotita,,,,,
eeae-11,,BD_Ytrio,693600.0,5939813.0,-36.667614,-72.833677,289.0,26.1,39.411,253.0,15.0,6.0,35.0,30.0,4.8942,0.5643,Granito de biotita,,,,,
liae-43,,BD_Ytrio,688053.0,5939621.0,-36.670457,-72.895661,288.0,17.3,26.123,62.0,15.0,18.0,122.0,30.0,6.6631,0.599,Granito de biotita,,,,,
ppae-01,,BD_Ytrio,682932.0,5939667.0,-36.671041,-72.952943,165.0,23.7,35.787,71.0,15.0,25.9,326.0,113.0,5.3331,0.4736,Metapelita,,,,,
ppae-02,,BD_Ytrio,683312.0,5939570.0,-36.671842,-72.94867,117.0,23.8,35.938,99.0,15.0,25.4,684.0,290.0,5.9678,0.6316,Metapelita,,,,,
ppae-03,,BD_Ytrio,683819.0,5939611.0,-36.671374,-72.943009,189.0,29.2,44.092,80.0,15.0,28.6,673.0,329.0,5.0293,0.8537,Metapelita,,,,,
ppae-04,,BD_Ytrio,684565.0,5939494.0,-36.672284,-72.934638,273.0,16.9,25.519,214.0,74.0,25.3,35.0,30.0,4.1427,0.3185,Granito de biotita,,,,,
ppae-05,,BD_Ytrio,684389.0,5939561.0,-36.671714,-72.936623,257.0,19.4,29.294,94.0,15.0,18.0,646.0,257.0,8.8656,0.7486,Metapelita,,,,,
ppae-06,,BD_Ytrio,685343.0,5939168.0,-36.67507,-72.925858,257.0,17.9,27.029,98.0,39.0,20.3,139.0,64.0,2.7014,0.2852,Granito de biotita,,,,,
rtae-01,,BD_Ytrio,681639.0,5937087.0,-36.694532,-72.966791,151.0,21.3,32.163,67.0,15.0,19.2,686.0,284.0,5.5018,0.6579,Metapelita,,,,,
rtae-02,,BD_Ytrio,681642.0,5937076.0,-36.694631,-72.966755,143.0,26.0,39.26,121.0,58.0,24.4,506.0,222.0,1.7999,0.5561,Metapelita,,,,,
rtae-03,,BD_Ytrio,681582.0,5937002.0,-36.695309,-72.967409,127.0,10.2,15.402,20.0,15.0,11.0,35.0,30.0,4.2881,0.4922,Arenisca,,,,,
rtae-04,,BD_Ytrio,681574.0,5936993.0,-36.695392,-72.967496,121.0,21.0,31.71,63.0,48.0,18.1,591.0,240.0,3.9965,0.5155,Metapelita,,,,,
ppae-07,,BD_Ytrio,685110.0,5938894.0,-36.677583,-72.928398,263.0,40.8,61.608,74.0,15.0,33.3,35.0,30.0,1.0233,0.0804,Granito de biotita,,,,,
ppae-08,,BD_Ytrio,684908.0,5939199.0,-36.674875,-72.930731,260.0,13.2,19.932,67.0,15.0,11.9,35.0,30.0,4.2566,0.3291,Granito de biotita,,,,,
liae-44,,BD_Ytrio,685908.0,5938908.0,-36.677302,-72.919476,230.0,22.0,33.22,57.0,15.0,10.0,35.0,30.0,4.1048,0.4383,Granito de biotita,,,,,
liae-46,,BD_Ytrio,686704.0,5936424.0,-36.699524,-72.909967,262.0,17.1,25.821,20.0,15.0,23.3,35.0,30.0,6.7201,0.5319,Granito de biotita,,,,,
riae-19,,BD_Ytrio,695664.0,5936358.0,-36.698316,-72.809714,303.0,18.6,28.086,20.0,15.0,15.7,140.0,53.0,3.6828,0.3613,Granito de biotita,,,,,
riae-20,,BD_Ytrio,696002.0,5935564.0,-36.705399,-72.80573,308.0,23.7,35.787,20.0,15.0,27.7,135.0,61.0,4.2946,0.4011,Granito de biotita,,,,,
eeae-12,,BD_Ytrio,690972.0,5933740.0,-36.722855,-72.86155,287.0,32.3,48.773,61.0,15.0,16.9,220.0,87.0,4.0295,0.5823,Granito de biotita,,,,,
eeae-12b,,BD_Ytrio,690958.0,5933702.0,-36.7232,-72.861697,292.0,34.9,52.699,156.0,60.0,8.4,395.0,143.0,5.159,0.5849,Granito de biotita,,,,,
rlrm-43,,BD_Ytrio,677456.0,5879570.0,-37.213495,-73.00008,358.0,468.0,706.68,154.0,218.0,8.8,455.0,131.0,5.5687,0.7918,Granito de Biotita Mafico,,,Y_ALTO(468.0ppm),,
rlrm-44,,BD_Ytrio,677456.0,5879578.0,-37.213423,-73.000082,358.0,75.2,113.552,20.0,55.0,0.5,35.0,30.0,4.5105,0.5631,Granito de Biotita Mafico,,,,,
rlrm-45,,BD_Ytrio,677476.0,5879565.0,-37.213536,-72.999854,355.0,25.5,38.505,69.0,15.0,8.1,155.0,30.0,8.8611,0.9591,Granito de Biotita Mafico,,,,,
rlrm-46,,BD_Ytrio,677476.0,5879565.0,-37.213536,-72.999854,356.0,84.7,127.897,20.0,89.0,0.5,236.0,30.0,4.3257,0.6154,Granito de Biotita Mafico,,,,,
rlrm-47,,BD_Ytrio,677476.0,5879565.0,-37.213536,-72.999854,357.0,22.3,33.673,20.0,15.0,0.5,35.0,30.0,10.6146,1.0122,Granito de Biotita Mafico,,,,,
rlrm-48,,BD_Ytrio,677476.0,5879565.0,-37.213536,-72.999854,358.0,178.0,268.78,78.0,117.0,5.5,256.0,76.0,6.5738,0.7019,Granito de Biotita Mafico,,,,,
rlrm-49,,BD_Ytrio,677476.0,5879565.0,-37.213536,-72.999854,359.0,212.0,320.12,20.0,79.0,5.3,35.0,30.0,5.0358,0.6238,Granito de Biotita Mafico,,,,,
rlrm-50,,BD_Ytrio,677447.0,5879564.0,-37.213551,-73.00018,355.0,132.0,199.32,20.0,15.0,7.5,35.0,30.0,6.4868,0.7138,Granito de Biotita Mafico,,,,,
rlrm-51,,BD_Ytrio,677447.0,5879564.0,-37.213551,-73.00018,356.0,106.0,160.06,20.0,15.0,9.4,267.0,144.0,5.73,0.7271,Granito de Biotita Mafico,,,,,
rlrm-52,,BD_Ytrio,677447.0,5879564.0,-37.213551,-73.00018,357.0,83.5,126.085,20.0,15.0,5.8,35.0,30.0,6.1187,0.7714,Granito de Biotita Mafico,,,,,
rlrm-53,,BD_Ytrio,677447.0,5879564.0,-37.213551,-73.00018,358.0,60.3,91.053,71.0,15.0,5.6,201.0,79.0,6.4595,0.8115,Granito de Biotita Mafico,,,,,
rlrm-54,,BD_Ytrio,677447.0,5879564.0,-37.213551,-73.00018,359.0,42.6,64.326,20.0,15.0,7.0,211.0,74.0,5.0015,0.6901,Granito de Biotita Mafico,,,,,
curm-37,,BD_Ytrio,677142.0,5878515.0,-37.223059,-73.003367,313.0,24.1,36.391,68.0,52.0,12.9,204.0,76.0,5.8765,0.651,Granito de Biotita Oxidado,,,,,
curm-38,,BD_Ytrio,677142.0,5878515.0,-37.223059,-73.003367,314.0,80.2,121.102,86.0,94.0,8.1,183.0,94.0,5.9188,0.6729,Granito de Biotita Oxidado,,,,,
curm-39,,BD_Ytrio,677142.0,5878515.0,-37.223059,-73.003367,315.0,150.0,226.5,148.0,80.0,77.0,35.0,30.0,8.4075,0.8312,Granito de Biotita Oxidado,,,,,
curm-40,,BD_Ytrio,677142.0,5878515.0,-37.223059,-73.003367,316.0,147.0,221.97,20.0,77.0,0.5,225.0,30.0,6.293,0.8529,Granito de Biotita Oxidado,,,,,
curm-41,,BD_Ytrio,677142.0,5878515.0,-37.223059,-73.003367,317.0,128.0,193.28,88.0,80.0,9.8,308.0,105.0,7.4025,0.6335,Granito de Biotita Oxidado,,,,,
curm-42,,BD_Ytrio,677142.0,5878515.0,-37.223059,-73.003367,318.0,138.4,208.984,20.0,89.0,5.8,299.0,137.0,5.1968,0.6226,Granito de Biotita Oxidado,,,,,
curm-43,,BD_Ytrio,677174.0,5878523.0,-37.222981,-73.003008,315.0,29.8,44.998,20.0,15.0,0.5,332.0,128.0,3.3322,0.3995,Granito de Biotita Mafico,,,,,
curm-45,,BD_Ytrio,677288.0,5878177.0,-37.226076,-73.001642,405.0,24.6,37.146,20.0,15.0,5.3,217.0,30.0,6.8107,0.7935,Granito de Biotita Mafico,,,,,
curm-46,,BD_Ytrio,677288.0,5878177.0,-37.226076,-73.001642,406.0,31.2,47.112,20.0,15.0,8.6,190.0,30.0,5.7502,0.735,Granito de Biotita Mafico,,,,,
curm-47,,BD_Ytrio,677288.0,5878177.0,-37.226076,-73.001642,407.0,73.1,110.381,20.0,15.0,5.5,191.0,30.0,5.8048,0.7086,Granito de Biotita Mafico,,,,,
curm-48,,BD_Ytrio,677288.0,5878177.0,-37.226076,-73.001642,408.0,94.7,142.997,20.0,15.0,0.5,134.0,72.0,10.7161,0.8411,Granito de Biotita Mafico,,,,,
curm-49,,BD_Ytrio,677288.0,5878177.0,-37.226076,-73.001642,409.0,125.3,189.203,20.0,53.0,0.5,35.0,30.0,5.143,0.6825,Granito de Biotita Mafico,,,,,
amrm-01,,BD_Ytrio,677773.0,5876446.0,-37.241577,-72.995765,461.0,69.6,105.096,79.0,15.0,15.0,339.0,127.0,5.0137,0.5621,Granito de Biotita Siliceo,,,,,
amrm-02,,BD_Ytrio,677772.0,5876448.0,-37.24156,-72.995777,461.0,62.2,93.922,221.0,15.0,0.5,35.0,30.0,4.1273,0.534,Granito de Biotita Siliceo,,,,,
amrm-03,,BD_Ytrio,677772.0,5876455.0,-37.241497,-72.995778,462.0,16.3,24.613,20.0,15.0,0.5,367.0,148.0,4.3935,0.4583,Granito de Biotita Siliceo,,,,,
amrm-04,,BD_Ytrio,677623.0,5876688.0,-37.239426,-72.997513,428.0,7.4,11.174,131.0,15.0,6.3,180.0,30.0,2.7783,0.2796,Granito de Biotita Siliceo,,,,,
amrm-05,,BD_Ytrio,677610.0,5876685.0,-37.239455,-72.997658,427.0,9.4,14.194,105.0,15.0,15.1,199.0,97.0,2.5372,0.2622,Granito de Biotita Siliceo,,,,,
amrm-06,,BD_Ytrio,677460.0,5876563.0,-37.240583,-72.99932,366.0,0.5,1.51,20.0,15.0,6.3,320.0,125.0,1.2542,1.1369,Granito de Biotita Siliceo,,,,,
amrm-07,,BD_Ytrio,677471.0,5876562.0,-37.24059,-72.999195,369.0,0.5,1.51,20.0,15.0,4.8,35.0,30.0,1.8187,1.7797,Granito de Biotita Siliceo,,,,,
amrm-08,,BD_Ytrio,677481.0,5876537.0,-37.240813,-72.999077,369.0,6.5,9.815,74.0,15.0,0.5,253.0,106.0,2.9482,1.6232,Granito de Biotita Mafico,,,,DUP_1/2,
amrm-08,,BD_Ytrio,677481.0,5876537.0,-37.240813,-72.999077,369.0,5.8,8.758,20.0,15.0,7.4,183.0,104.0,2.4713,0.9949,Granito de Biotita Mafico,,,,DUP_2/2,
amrm-09,,BD_Ytrio,677476.0,5876468.0,-37.241436,-72.999117,364.0,10.5,15.855,20.0,15.0,9.1,175.0,30.0,5.1287,2.1362,Granito de Biotita Mafico,,,,,
amrm-10,,BD_Ytrio,677468.0,5876467.0,-37.241446,-72.999207,363.0,9.3,14.043,20.0,15.0,5.8,161.0,30.0,4.9912,2.3534,Granito de Biotita Mafico,,,,,
amrm-11,,BD_Ytrio,677465.0,5876467.0,-37.241447,-72.99924,363.0,8.6,12.986,20.0,15.0,6.7,314.0,116.0,6.723,1.5453,Granito de Biotita Mafico,,,,,
amrm-12,,BD_Ytrio,677458.0,5876459.0,-37.24152,-72.999317,362.0,10.1,15.251,20.0,15.0,6.5,368.0,126.0,6.3951,2.4574,Granito de Biotita Mafico,,,,,
amrm-13,,BD_Ytrio,677506.0,5876509.0,-37.241061,-72.998788,384.0,11.9,17.969,244.0,69.0,17.7,208.0,73.0,4.8653,0.6751,Granito de Biotita Siliceo,,,,,
amrm-14,,BD_Ytrio,677498.0,5876511.0,-37.241044,-72.998879,389.0,9.3,14.043,95.0,15.0,6.9,302.0,131.0,2.3497,0.2604,Granito de Biotita Siliceo,,,,,
amrm-15,,BD_Ytrio,677506.0,5876498.0,-37.24116,-72.998786,389.0,9.6,14.496,20.0,15.0,7.6,274.0,136.0,3.1835,0.3118,Granito de Biotita Siliceo,,,,,
amrm-16,,BD_Ytrio,677500.0,5876487.0,-37.24126,-72.998851,388.0,14.2,21.442,90.0,15.0,9.0,35.0,30.0,4.207,0.4913,Granito de Biotita Siliceo,,,,,
amrm-17,,BD_Ytrio,677487.0,5876470.0,-37.241416,-72.998993,383.0,10.4,15.704,157.0,15.0,8.8,190.0,90.0,2.3915,0.2131,Granito de Biotita Siliceo,,,,,
amrm-18,,BD_Ytrio,677379.0,5876270.0,-37.243238,-73.000162,344.0,32.5,49.075,66.0,15.0,13.5,440.0,169.0,4.5193,0.3813,Granito de Biotita Mafico,,,,,
amrm-19,,BD_Ytrio,677302.0,5876272.0,-37.243235,-73.001031,339.0,18.7,28.237,20.0,15.0,14.6,258.0,108.0,3.3281,0.3618,Granito de Biotita Mafico,,,,,
amrm-20,,BD_Ytrio,677287.0,5876249.0,-37.243445,-73.001194,342.0,6.3,9.513,20.0,15.0,6.8,113.0,30.0,2.6991,0.2547,Granito de Biotita Siliceo,,,,,
parm-20,,BD_Ytrio,675665.0,5878540.0,-37.223113,-73.020011,122.0,134.1,202.491,145.0,86.0,47.0,347.0,90.0,4.3903,0.5815,Granito de Biotita Siliceo,,,,,
parm-21,,BD_Ytrio,675423.0,5878401.0,-37.224411,-73.022705,123.0,43.7,65.987,20.0,15.0,8.8,188.0,98.0,2.5354,0.287,Migmatita,,,,,
parm-22,,BD_Ytrio,675284.0,5878198.0,-37.226266,-73.024223,122.0,22.2,33.522,107.0,15.0,24.0,194.0,30.0,6.0051,0.5867,Migmatita,,,,,
parm-23,,BD_Ytrio,675183.0,5878079.0,-37.227357,-73.025333,131.0,32.3,48.773,122.0,15.0,27.0,565.0,243.0,5.6218,0.5958,Migmatita,,,,,
amrm-21,,BD_Ytrio,677130.0,5876227.0,-37.243673,-73.002958,314.0,10.0,15.1,20.0,15.0,17.0,121.0,81.0,3.16,0.4044,Granito de Biotita Siliceo,,,,,
amrm-22,,BD_Ytrio,677123.0,5876231.0,-37.243638,-73.003038,312.0,15.0,22.65,20.0,15.0,0.5,188.0,30.0,8.9393,0.9895,Xenolito Microdioritico,,,,,
amrm-23,,BD_Ytrio,677113.0,5876049.0,-37.24528,-73.003107,299.0,17.4,26.274,20.0,52.0,13.3,330.0,79.0,3.0209,0.31,Granito de Biotita Siliceo,,,,,
amrm-24,,BD_Ytrio,677152.0,5875973.0,-37.245957,-73.00265,291.0,16.5,24.915,20.0,15.0,0.5,185.0,30.0,6.5724,0.3622,Granito de Biotita Mafico,,,,,
amrm-25,,BD_Ytrio,677193.0,5875943.0,-37.246219,-73.002181,290.0,10.0,15.1,20.0,15.0,0.5,35.0,30.0,3.9047,0.4504,Granito de Biotita Siliceo,,,,,
amrm-26,,BD_Ytrio,677220.0,5875925.0,-37.246376,-73.001872,288.0,35.9,54.209,20.0,15.0,0.5,35.0,30.0,4.2089,0.3956,Granito de Biotita Mafico,,,,,
amrm-27,,BD_Ytrio,677226.0,5875903.0,-37.246573,-73.001799,289.0,34.2,51.642,20.0,15.0,9.2,251.0,95.0,4.4123,0.5079,Granito de Biotita Mafico,,,,,
amrm-28,,BD_Ytrio,677230.0,5875892.0,-37.246672,-73.001751,288.0,18.6,28.086,20.0,15.0,0.5,195.0,30.0,3.2794,0.3636,Granito de Biotita Mafico,,,,,
amrm-29,,BD_Ytrio,677237.0,5875881.0,-37.246769,-73.00167,287.0,28.4,42.884,95.0,52.0,9.7,193.0,91.0,3.8391,0.5085,Granito de Biotita Mafico,,,,,
amrm-30,,BD_Ytrio,677264.0,5875860.0,-37.246953,-73.001361,285.0,25.0,37.75,63.0,15.0,25.0,35.0,30.0,3.6375,0.4008,Granito de Biotita Mafico,,,,,
amrm-31,,BD_Ytrio,677299.0,5875850.0,-37.247037,-73.000964,284.0,23.3,35.183,20.0,15.0,0.5,151.0,75.0,4.8686,0.4988,Granito de Biotita Siliceo,,,,,
amrm-32,,BD_Ytrio,677257.0,5875791.0,-37.247576,-73.001423,270.0,6.6,9.966,20.0,15.0,0.5,160.0,85.0,2.4752,0.2877,Granito de Biotita Siliceo,,,,,
amrm-33,,BD_Ytrio,677228.0,5875766.0,-37.247807,-73.001744,269.0,14.5,21.895,20.0,15.0,0.5,278.0,159.0,4.2971,0.4021,Granito de Biotita Mafico,,,,,
amrm-34,,BD_Ytrio,677204.0,5875759.0,-37.247875,-73.002013,275.0,40.7,61.457,20.0,52.0,0.5,139.0,30.0,3.5965,0.403,Granito de Biotita Mafico,,,,,
amrm-35,,BD_Ytrio,677202.0,5875749.0,-37.247965,-73.002033,273.0,6.2,9.362,20.0,15.0,5.0,145.0,84.0,1.7674,0.2558,Granito de Biotita Mafico,,,,,
BNGG-01,,BD_Ytrio,687646.0,5940933.0,-36.658717,-72.900533,289.0,16.3,24.613,99.0,15.0,12.7,35.0,30.0,2.3408,0.3002,Microdiorita,,,,,
BNGG-02,,BD_Ytrio,687646.0,5940933.0,-36.658717,-72.900533,288.0,31.5,47.565,20.0,15.0,7.9,390.0,169.0,8.0823,0.5908,Microdiorita,,,,,
BNGG-03,,BD_Ytrio,687646.0,5940933.0,-36.658717,-72.900533,287.0,52.5,79.275,20.0,15.0,0.5,35.0,30.0,8.1285,0.8355,Microdiorita,,,,,
BNGG-04,,BD_Ytrio,687646.0,5940933.0,-36.658717,-72.900533,286.0,50.0,75.5,20.0,15.0,0.5,362.0,131.0,8.4116,0.8437,Microdiorita,,,,,
BNGG-05,,BD_Ytrio,686836.0,5940496.0,-36.662814,-72.909484,255.0,29.1,43.941,74.0,15.0,38.0,288.0,161.0,3.5249,0.3838,Granito de Biotita,,,,,
BNGG-06,,BD_Ytrio,686989.0,5941200.0,-36.656441,-72.907945,274.0,41.1,62.061,107.0,15.0,27.0,35.0,30.0,5.679,0.6124,Granito de Biotita,,,,,
BNGG-07,,BD_Ytrio,688205.0,5940523.0,-36.662301,-72.894182,244.0,43.4,65.534,20.0,15.0,20.0,35.0,30.0,4.9078,0.4923,Granito de Biotita,,,,,
BNGG-08,,BD_Ytrio,688900.0,5940808.0,-36.659595,-72.886481,280.0,11.5,17.365,96.0,15.0,11.0,265.0,100.0,5.0316,0.5608,Microdiorita,,,,,
BNGG-09,,BD_Ytrio,691076.0,5939672.0,-36.669395,-72.861867,352.0,15.8,23.858,110.0,15.0,16.8,155.0,98.0,5.0963,0.5165,Granito de Biotita,,,,,
BNGG-10,,BD_Ytrio,693671.0,5939880.0,-36.666996,-72.8329,277.0,32.5,49.075,20.0,15.0,28.0,35.0,30.0,3.9732,0.3838,Granito de Biotita,,,,,
BNGG-11,,BD_Ytrio,696890.0,5941221.0,-36.654255,-72.797249,228.0,25.9,39.109,20.0,64.0,6.1,361.0,150.0,5.9033,0.4395,Granito de Biotita,,,,,
BNGG-12,,BD_Ytrio,696892.0,5941221.0,-36.654255,-72.797227,228.0,14.4,21.744,96.0,15.0,14.6,153.0,63.0,1.0875,0.1335,Granito de Biotita,,,,,
BNGG-13,,BD_Ytrio,696891.0,5941224.0,-36.654228,-72.797239,228.0,34.0,51.34,20.0,15.0,6.9,35.0,30.0,6.835,1.0095,Microdiorita,,,,,
BNGG-14,,BD_Ytrio,698027.0,5940430.0,-36.661145,-72.784333,227.0,15.3,23.103,90.0,15.0,29.0,224.0,75.0,4.7476,0.4792,Granito de Biotita,,,,,
BNGG-15,,BD_Ytrio,684644.0,5942006.0,-36.649638,-72.93436,208.0,20.7,31.257,20.0,15.0,12.5,162.0,30.0,2.9977,0.2697,Granito de Biotita,,,,,
BNGG-16,,BD_Ytrio,687611.0,5942256.0,-36.646806,-72.901248,277.0,13.2,19.932,20.0,15.0,8.0,35.0,30.0,5.9574,0.6801,Granito de Biotita,,,,,
BNGG-17,,BD_Ytrio,687647.0,5941912.0,-36.649897,-72.900762,278.0,34.7,52.397,100.0,15.0,13.6,35.0,30.0,4.2261,0.4527,Granito de Biotita,,,,,
BNGG-18,,BD_Ytrio,687845.0,5941573.0,-36.652912,-72.898465,269.0,20.1,30.351,190.0,15.0,14.3,35.0,30.0,7.1743,0.6243,Granito de Biotita,,,,,
BNGG-19,,BD_Ytrio,691398.0,5941654.0,-36.651475,-72.858761,294.0,34.8,52.548,20.0,15.0,10.9,259.0,67.0,5.4961,0.598,Granito de Biotita,,,,,
BNGG-20,,BD_Ytrio,690565.0,5941504.0,-36.652993,-72.868037,284.0,18.4,27.784,100.0,15.0,11.4,166.0,88.0,6.3638,0.6545,Granito de Biotita,,,,,
BNGG-21,,BD_Ytrio,689057.0,5941762.0,-36.65097,-72.884961,302.0,9.5,14.345,20.0,15.0,11.8,146.0,80.0,2.8516,0.3903,Granito de Biotita,,,,,
BNGG-22,,BD_Ytrio,691863.0,5942729.0,-36.641697,-72.853831,303.0,11.2,16.912,20.0,15.0,9.8,35.0,30.0,4.2186,0.4783,Granito de Biotita,,,,,
EEGG-01,,BD_Ytrio,691291.0,5934494.0,-36.715998,-72.858168,254.0,53.3,80.483,20.0,15.0,5.0,239.0,99.0,3.6298,0.3643,Granito de Biotita,,,,,
EEGG-02,,BD_Ytrio,691254.0,5934375.0,-36.717078,-72.858553,262.0,32.9,49.679,20.0,15.0,17.0,35.0,30.0,4.2844,0.3918,Granito de Biotita,,,,,
EEGG-03,,BD_Ytrio,691256.0,5934378.0,-36.71705,-72.858531,262.0,36.6,55.266,20.0,15.0,18.1,35.0,30.0,5.3922,0.6177,Granito de Biotita,,,,,
LIGG-01,,BD_Ytrio,687392.0,5936334.0,-36.700199,-72.902248,265.0,42.7,64.477,83.0,15.0,21.0,134.0,69.0,4.7125,0.5011,Granito de Biotita,,,,,
LIGG-02,,BD_Ytrio,687391.0,5936332.0,-36.700217,-72.902259,265.0,66.4,100.264,191.0,127.0,26.0,150.0,30.0,4.2322,0.4374,Granito de Biotita,,,,,
LIGG-03,,BD_Ytrio,687390.0,5936330.0,-36.700236,-72.90227,265.0,39.7,59.947,20.0,15.0,13.4,35.0,30.0,4.9192,0.4478,Granito de Biotita,,,,,
SAGG-01,,BD_Ytrio,693647.0,5935277.0,-36.708467,-72.832004,318.0,25.7,38.807,83.0,15.0,17.0,237.0,127.0,5.6572,0.608,Granito de Biotita,,,,,
SAGG-02,,BD_Ytrio,693647.0,5935277.0,-36.708467,-72.832004,317.0,41.1,62.061,308.0,86.0,25.0,137.0,90.0,8.2824,0.5224,Granito de Biotita,,,,,
SAGG-03,,BD_Ytrio,693647.0,5935277.0,-36.708467,-72.832004,316.0,42.5,64.175,20.0,15.0,17.0,188.0,30.0,5.0216,0.4455,Granito de Biotita,,,,,
SAGG-04,,BD_Ytrio,693647.0,5935277.0,-36.708467,-72.832004,315.0,29.2,44.092,20.0,15.0,8.7,130.0,30.0,2.9878,0.3068,Granito de Biotita,,,,,
SAGG-05,,BD_Ytrio,696427.0,5935748.0,-36.703653,-72.801022,295.0,24.1,36.391,119.0,67.0,23.0,35.0,30.0,4.5764,0.4799,Granito de Biotita,,,,,
SAGG-06,,BD_Ytrio,696427.0,5935748.0,-36.703653,-72.801022,294.0,48.7,73.537,111.0,68.0,18.5,242.0,114.0,4.0118,0.3816,Granito de Biotita,,,,,
SAGG-07,,BD_Ytrio,696427.0,5935748.0,-36.703653,-72.801022,293.0,80.1,120.951,204.0,78.0,20.0,436.0,144.0,7.9534,0.7906,Granito de Biotita,,,,,
SAGG-08,,BD_Ytrio,696427.0,5935748.0,-36.703653,-72.801022,292.0,25.7,38.807,20.0,15.0,11.8,203.0,75.0,4.0496,0.4282,Granito de Biotita,,,,,
SAGG-09,,BD_Ytrio,693650.0,5935290.0,-36.708349,-72.831974,349.0,26.7,40.317,82.0,15.0,27.0,297.0,139.0,3.2732,0.2369,Granito de Biotita,,,,,
SAGG-10,,BD_Ytrio,693652.0,5935286.0,-36.708385,-72.831951,349.0,28.5,43.035,75.0,15.0,23.2,121.0,30.0,3.4891,0.425,Granito de Biotita,,,,,
SAGG-11,,BD_Ytrio,693654.0,5935285.0,-36.708393,-72.831928,349.0,40.1,60.551,123.0,79.0,14.2,35.0,30.0,2.6709,0.2516,Granito de Biotita,,,,,
TSGG-01,,BD_Ytrio,687653.0,5943585.0,-36.634824,-72.901104,298.0,17.2,25.972,74.0,15.0,14.2,356.0,158.0,5.2294,0.672,Granito de Biotita,,,,,
TSGG-02,,BD_Ytrio,687653.0,5943585.0,-36.634824,-72.901104,297.0,9.6,14.496,20.0,15.0,0.5,35.0,30.0,3.5289,0.3327,Granito de Biotita,,,,,
TSGG-03,,BD_Ytrio,687653.0,5943585.0,-36.634824,-72.901104,296.0,66.1,99.811,117.0,15.0,10.5,262.0,115.0,5.2761,0.4656,Granito de Biotita,,,,,
TSGG-04,,BD_Ytrio,687653.0,5943585.0,-36.634824,-72.901104,295.0,28.7,43.337,134.0,15.0,14.4,35.0,30.0,4.395,0.4217,Granito de Biotita,,,,,
TSGG-05,,BD_Ytrio,687653.0,5943585.0,-36.634824,-72.901104,294.0,31.0,46.81,20.0,15.0,23.0,35.0,30.0,5.5221,0.5573,Granito de Biotita,,,,,
TSGG-06,,BD_Ytrio,687656.0,5943585.0,-36.634824,-72.90107,295.0,49.4,74.594,79.0,54.0,10.8,172.0,88.0,4.4446,0.4678,Granito de Biotita,,,,,
TSGG-07,,BD_Ytrio,687650.0,5943585.0,-36.634825,-72.901137,295.0,11.1,16.761,108.0,15.0,26.0,119.0,30.0,7.9405,0.7903,Granito de Biotita,,,,,
BNGG-23,,BD_Ytrio,682957.0,5941265.0,-36.656639,-72.953045,201.0,15.51,23.7303,215.15,175.77,21.66,486.06,349.11,6.585677,0.418502,Metapelita,,,,,
BNGG-24,,BD_Ytrio,683428.0,5940984.0,-36.65908,-72.947711,228.0,16.15,24.7095,297.65,254.65,19.87,556.32,349.82,5.891169,0.452123,Metapelita,,,,,
BNGG-25,,BD_Ytrio,684002.0,5940680.0,-36.661708,-72.941219,209.0,22.44,34.3332,253.79,206.75,17.78,561.86,346.13,6.15753,0.469282,Metapelita,,,,,
BNGG-26,,BD_Ytrio,683090.0,5942411.0,-36.646289,-72.951831,189.0,17.56,26.8668,225.65,159.78,17.38,510.38,284.88,4.492286,0.443907,Metapelita,,,,,
BNGG-27,,BD_Ytrio,682976.0,5943810.0,-36.633707,-72.953439,78.0,22.83,34.9299,179.49,180.79,15.04,507.45,293.72,6.076753,0.537919,Metapelita,,,,,
BNGG-28,,BD_Ytrio,683808.0,5943219.0,-36.638872,-72.943997,26.0,28.87,44.1711,240.44,188.04,19.75,486.4,309.38,5.005627,0.350477,Metapelita,,,,,
BNGG-29,,BD_Ytrio,684397.0,5943032.0,-36.640442,-72.937368,171.0,7.23,11.0619,144.78,141.81,8.35,449.23,240.48,2.243489,0.193679,Granito de Biotita,,,,,
BNGG-30,,BD_Ytrio,684764.0,5942786.0,-36.642587,-72.933206,228.0,10.41,15.9273,93.49,80.53,7.92,188.79,127.71,5.419833,0.385659,Granito de Biotita,,,,,
BNGG-31,,BD_Ytrio,685056.0,5942430.0,-36.645738,-72.929855,269.0,3.06,4.6818,114.01,25.0,15.12,183.88,137.43,5.61857,0.350523,Microdiorita,,,,,
BNGG-32,,BD_Ytrio,686109.0,5942572.0,-36.644253,-72.918117,230.0,2.0,3.06,196.22,151.12,0.5,430.39,225.49,1.037132,0.0005,Granito de Biotita,,,,,
BNGG-33,,BD_Ytrio,685759.0,5942167.0,-36.64797,-72.921932,278.0,2.0,3.06,145.42,140.14,0.5,354.75,246.49,2.510584,0.185296,Granito de Biotita,,,,,
BNGG-34,,BD_Ytrio,685855.0,5941141.0,-36.657195,-72.92061,164.0,21.67,33.1551,264.63,221.19,20.33,711.0,423.81,11.940588,0.458938,Metapelita,,,,,
BNGG-35,,BD_Ytrio,685518.0,5940650.0,-36.661684,-72.92426,129.0,12.38,18.9414,260.46,199.12,18.46,541.59,310.71,11.811716,0.343038,Metapelita,,,,,
BNGG-36,,BD_Ytrio,691378.0,5940446.0,-36.662361,-72.858683,308.0,9.74,14.9022,82.74,25.0,0.5,168.26,122.06,6.541623,0.374825,Microdiorita,,,,,
BNGG-37,,BD_Ytrio,691490.0,5941052.0,-36.65688,-72.857582,304.0,10.34,15.8202,122.16,111.85,0.5,298.98,145.08,7.339049,0.444013,Microdiorita,,,,,
BNGG-38,,BD_Ytrio,692600.0,5942903.0,-36.639981,-72.845636,316.0,38.7,59.211,30.0,25.0,0.5,126.6,32.0,8.037192,0.454301,Microdiorita,,,,,
BNGG-39,,BD_Ytrio,692318.0,5942181.0,-36.646542,-72.848607,320.0,37.87,57.9411,107.92,90.33,0.5,215.9,168.45,8.701949,0.562945,Microdiorita,,,,,
BNGG-40,,BD_Ytrio,692360.0,5942066.0,-36.64757,-72.848109,314.0,23.52,35.9856,116.68,95.81,14.77,263.58,143.04,5.792185,0.495994,Granito de Biotita,,,,,
BNGG-41,,BD_Ytrio,692490.0,5941647.0,-36.651318,-72.84655,273.0,20.78,31.7934,92.99,102.24,8.85,255.17,184.48,6.690636,0.397869,Microdiorita,,,,,
BNGG-42,,BD_Ytrio,692804.0,5940991.0,-36.657164,-72.842875,264.0,25.6,39.168,140.34,74.21,21.73,180.4,100.92,4.793796,0.326377,Granito de Biotita,,,,,
BNGG-43,,BD_Ytrio,693164.0,5940993.0,-36.657073,-72.83885,260.0,35.69,54.6057,171.29,156.09,9.36,322.89,213.29,7.002501,0.43179,Granito de Biotita,,,,,
BNGG-44,,BD_Ytrio,692875.0,5943028.0,-36.638799,-72.842593,305.0,14.44,22.0932,72.07,25.0,0.5,195.16,91.84,5.832021,0.466707,Granito de Biotita,,,,,
BNGG-45,,BD_Ytrio,693890.0,5943012.0,-36.638737,-72.831243,333.0,14.5,22.185,30.0,25.0,8.73,45.0,32.0,6.851498,0.36338,Microdiorita,,,,,
BNGG-46,,BD_Ytrio,693846.0,5942637.0,-36.642124,-72.83164,299.0,57.21,87.5313,118.75,126.63,0.5,236.12,141.72,6.419997,0.450604,Granito de Biotita,,,,,
BNGG-47,,BD_Ytrio,694104.0,5941772.0,-36.649864,-72.828537,245.0,31.13,47.6289,98.56,90.53,24.29,235.49,137.68,5.909505,0.301927,Granito de Biotita,,,,,
BNGG-48,,BD_Ytrio,694846.0,5940495.0,-36.661216,-72.819917,267.0,9.56,14.6268,30.0,25.0,17.44,141.57,32.0,3.807506,0.276971,Microdiorita,,,,,
BNGG-49,,BD_Ytrio,696741.0,5939465.0,-36.670105,-72.798464,260.0,11.02,16.8606,84.58,25.0,12.39,45.0,32.0,5.03421,0.283485,Microdiorita,,,,,
BNGG-50,,BD_Ytrio,696715.0,5940977.0,-36.65649,-72.799143,208.0,21.2,32.436,115.42,83.74,36.61,194.27,124.28,3.310639,0.157432,Granito de Biotita,,,,,
BNGG-51,,BD_Ytrio,696771.0,5941546.0,-36.651352,-72.798663,266.0,18.14,27.7542,92.52,25.0,9.3,117.02,73.59,6.372598,0.445299,Microdiorita,,,,,
BNGG-52,,BD_Ytrio,697416.0,5942544.0,-36.642229,-72.791709,225.0,14.47,22.1391,150.62,76.19,11.17,187.37,137.97,4.960025,0.269784,Brecha Intrusiva,,,,,
BNGG-53,,BD_Ytrio,697858.0,5942103.0,-36.646109,-72.786654,218.0,16.51,25.2603,30.0,25.0,9.64,109.35,32.0,3.642891,0.207922,Granito de Biotita,,,,,
BNGG-54,,BD_Ytrio,698397.0,5941479.0,-36.651618,-72.780467,213.0,28.74,43.9722,91.01,98.11,11.85,231.82,151.58,3.676592,0.213082,Granito de Biotita,,,,,
BNGG-55,,BD_Ytrio,698861.0,5943699.0,-36.631523,-72.775855,218.0,16.12,24.6636,126.16,124.24,8.17,250.9,145.18,5.561291,0.531432,Microdiorita,,,,,
BNGG-56,,BD_Ytrio,698053.0,5944241.0,-36.626809,-72.785026,183.0,38.98,59.6394,101.93,69.63,9.75,174.86,82.53,6.77357,0.643949,Granito de Biotita,,,,,
BNGG-57,,BD_Ytrio,697388.0,5943472.0,-36.633875,-72.79226,225.0,14.22,21.7566,203.59,161.7,10.13,360.68,237.37,3.757768,0.301418,Microdiorita,,,,,
BNGG-58,,BD_Ytrio,697342.0,5943205.0,-36.636289,-72.792706,225.0,20.59,31.5027,82.24,25.0,16.42,123.22,32.0,4.267955,0.260032,Granito de Biotita,,,,,
BNGG-59,,BD_Ytrio,696139.0,5943098.0,-36.637502,-72.806125,281.0,26.19,40.0707,99.03,66.42,8.68,135.93,32.0,4.999948,0.359949,Granito de Biotita,,,,,
BNGG-60,,BD_Ytrio,695353.0,5943627.0,-36.632898,-72.815046,305.0,5.65,8.6445,115.32,56.69,0.5,200.31,117.43,0.978771,0.117528,Aplita,,,,,
BNGG-61,,BD_Ytrio,694760.0,5942343.0,-36.644586,-72.821348,308.0,34.21,52.3413,139.52,88.56,0.5,300.06,156.34,6.631226,0.405715,Microdiorita,,,,,
BNGG-62,,BD_Ytrio,696323.0,5942327.0,-36.644409,-72.803871,224.0,6.97,10.6641,30.0,25.0,9.4,143.93,101.55,2.394659,0.117555,Granito de Biotita,,,,,
BNGG-63,,BD_Ytrio,695773.0,5941765.0,-36.649585,-72.809876,230.0,18.35,28.0755,92.53,25.0,0.5,158.29,93.01,4.050223,0.291749,Granito de Biotita,,,,,
BNGG-64,,BD_Ytrio,694179.0,5943460.0,-36.634642,-72.828126,301.0,6.74,10.3122,30.0,25.0,14.78,45.0,103.07,3.274153,0.314853,Granito de Biotita,,,,,
BNGG-65,,BD_Ytrio,693340.0,5943791.0,-36.631831,-72.837587,304.0,6.6,10.098,96.59,71.49,7.99,188.78,117.4,5.598038,0.459248,Microdiorita,,,,,
BNGG-66,,BD_Ytrio,692397.0,5943709.0,-36.632761,-72.848107,294.0,16.82,25.7346,108.19,92.97,0.5,184.82,121.45,5.45292,0.358688,Granito de Biotita,,,,,
BNGG-67,,BD_Ytrio,691547.0,5943793.0,-36.632175,-72.857629,275.0,21.38,32.7114,156.4,155.49,17.1,402.93,213.88,4.157413,0.276688,Granito de Biotita,,,,,
BNGG-68,,BD_Ytrio,690932.0,5943930.0,-36.631065,-72.864537,295.0,15.23,23.3019,82.59,25.0,0.5,117.54,111.7,6.840166,0.458639,Microdiorita,,,,,
BNGG-69,,BD_Ytrio,689990.0,5943934.0,-36.631217,-72.875067,231.0,42.65,65.2545,131.72,85.19,0.5,199.11,113.58,4.894538,0.286444,Granito de Biotita,,,,,
BNGG-70,,BD_Ytrio,688077.0,5943915.0,-36.631768,-72.896445,331.0,8.43,12.8979,94.21,77.7,0.5,224.0,132.22,5.920688,0.522304,Microdiorita,,,,,
BNGG-71,,BD_Ytrio,687240.0,5943755.0,-36.633374,-72.905762,277.0,9.18,14.0454,30.0,25.0,8.08,98.97,32.0,5.47904,0.394803,Microdiorita,,,,,
BNGG-72,,BD_Ytrio,686512.0,5943703.0,-36.633985,-72.913887,261.0,14.93,22.8429,174.57,122.05,0.5,258.62,196.81,5.283051,0.434812,Microdiorita,,,,,
BNGG-73,,BD_Ytrio,685275.0,5943829.0,-36.633092,-72.927745,241.0,34.84,53.3052,84.73,60.0,12.42,129.5,32.0,4.660151,0.357993,Granito de Biotita,,,,,
BNGG-74,,BD_Ytrio,684463.0,5944063.0,-36.631141,-72.936878,193.0,20.93,32.0229,86.56,56.64,10.36,94.99,32.0,3.709911,0.236787,Granito de Biotita,,,,,
TOGG-01,,BD_Ytrio,684969.0,5945316.0,-36.619755,-72.931523,48.0,14.54,22.2462,241.58,174.66,21.45,519.01,346.56,5.163533,0.434773,Granito de Biotita,,,,,
TOGG-02,,BD_Ytrio,686229.0,5945876.0,-36.614464,-72.917577,131.0,47.12,72.0936,157.35,136.98,15.34,267.1,165.51,4.348251,0.290152,Granito de Biotita,,,,,
TOGG-03,,BD_Ytrio,686162.0,5945531.0,-36.617585,-72.918242,200.0,71.53,109.4409,203.36,127.66,11.57,180.84,129.49,4.496002,0.255427,Granito de Biotita,,,,,
TOGG-04,,BD_Ytrio,685870.0,5944911.0,-36.623228,-72.921356,295.0,12.11,18.5283,168.77,128.8,15.01,273.93,164.11,4.597343,0.276785,Granito de Biotita,,,,,
TOGG-05,,BD_Ytrio,687118.0,5946234.0,-36.611065,-72.907729,185.0,14.57,22.2921,111.99,25.0,10.91,111.15,32.0,5.019552,0.327614,Granito de Biotita,,,,,
TOGG-06,,BD_Ytrio,687821.0,5946272.0,-36.610584,-72.899883,246.0,22.2,33.966,147.91,114.69,9.96,241.43,169.94,2.773956,0.0005,Granito de Biotita,,,,,
TOGG-07,,BD_Ytrio,687160.0,5946174.0,-36.611597,-72.907246,202.0,24.41,37.3473,151.15,116.87,9.23,251.35,170.36,4.577439,0.270112,Granito de Biotita,,,,,
TOGG-08,,BD_Ytrio,688815.0,5946126.0,-36.611703,-72.888739,301.0,47.46,72.6138,133.42,106.65,10.64,327.89,188.31,9.42223,0.413448,Microdiorita,,,,,
TOGG-08b,,BD_Ytrio,688815.0,5946126.0,-36.611703,-72.888739,301.0,97.12,148.5936,145.92,182.79,0.5,442.64,303.99,10.853991,0.248236,Vetilla,,,,,
TOGG-09,,BD_Ytrio,688952.0,5946231.0,-36.61073,-72.887234,293.0,18.62,28.4886,154.37,77.41,0.5,167.42,144.88,7.323349,0.327994,Microdiorita,,,,,
TOGG-10,,BD_Ytrio,688952.0,5946231.0,-36.61073,-72.887234,293.0,32.85,50.2605,163.94,149.01,0.5,431.92,275.35,6.121811,0.417054,Dique Andesita,,,,,
TOGG-11,,BD_Ytrio,688956.0,5946232.0,-36.61072,-72.88719,293.0,39.03,59.7159,91.88,79.12,0.5,206.79,110.36,5.853525,0.346225,Granito de Biotita,,,,,
TOGG-12,,BD_Ytrio,689392.0,5946702.0,-36.6064,-72.882434,342.0,17.94,27.4482,30.0,25.0,11.06,45.0,32.0,4.913993,0.309921,Microdiorita,,,,,
TOGG-13,,BD_Ytrio,690530.0,5945414.0,-36.617776,-72.869398,300.0,15.19,23.2407,113.23,25.0,0.5,152.99,90.64,5.63585,0.332326,Granito de Biotita,,,,,
TOGG-14,,BD_Ytrio,689691.0,5945631.0,-36.615989,-72.878828,334.0,22.36,34.2108,115.5,94.42,12.72,205.95,110.99,4.4793,0.31346,Granito de Biotita,,,,,
TOGG-15,,BD_Ytrio,689694.0,5945638.0,-36.615925,-72.878796,333.0,18.44,28.2132,78.2,60.08,14.99,162.95,32.0,5.188896,0.471386,Granito de Biotita,,,,,
TOGG-16,,BD_Ytrio,688793.0,5944799.0,-36.623662,-72.888659,340.0,11.63,17.7939,121.32,25.0,9.87,164.46,114.37,6.734966,0.555203,Granito de Biotita,,,,,
TOGG-17,,BD_Ytrio,690947.0,5944959.0,-36.621792,-72.864625,293.0,30.55,46.7415,321.02,237.55,12.42,685.87,391.29,5.620719,0.440841,Granito de Biotita,,,,,
TOGG-18,,BD_Ytrio,691749.0,5946870.0,-36.604415,-72.856139,327.0,28.2,43.146,142.68,25.0,13.43,156.51,103.05,6.102209,0.410377,Granito de Biotita,,,,,
TOGG-19,,BD_Ytrio,692092.0,5947762.0,-36.59631,-72.852529,295.0,7.23,11.0619,108.63,25.0,13.3,157.97,122.12,3.72458,0.249331,Granito de Biotita,,,,,
TOGG-20,,BD_Ytrio,693590.0,5948549.0,-36.588918,-72.835991,168.0,38.09,58.2777,145.68,114.29,0.5,274.41,190.41,7.111921,0.411395,Granito de Biotita,,,,,
TOGG-21,,BD_Ytrio,694989.0,5947247.0,-36.600362,-72.820033,207.0,15.42,23.5926,96.61,67.98,9.29,196.96,133.21,5.991352,0.532424,Granito de Biotita,,,,,
TOGG-22,,BD_Ytrio,694933.0,5946598.0,-36.60622,-72.820494,167.0,13.44,20.5632,370.49,197.67,12.65,404.45,272.21,2.513158,0.0005,Granito de Biotita,,,,,
TOGG-23,,BD_Ytrio,695645.0,5946953.0,-36.602876,-72.812629,237.0,48.23,73.7919,124.29,82.58,0.5,127.68,81.33,5.571861,0.45041,Granito de Biotita,,,,,
TOGG-24,,BD_Ytrio,696015.0,5947962.0,-36.593711,-72.808752,377.0,11.2,17.136,30.0,25.0,15.09,45.0,32.0,3.753271,0.234664,Diorita,,,,,
TOGG-25,,BD_Ytrio,695788.0,5948562.0,-36.588352,-72.811441,399.0,20.15,30.8295,160.39,97.13,21.84,182.41,122.02,2.4997,0.0005,Granito de Biotita,,,,,
TOGG-26,,BD_Ytrio,695219.0,5949918.0,-36.576253,-72.818141,404.0,10.56,16.1568,99.27,25.0,12.38,45.0,32.0,2.333081,0.174969,Granito de Biotita,,,,,
TOGG-27,,BD_Ytrio,694860.0,5950632.0,-36.569894,-72.822331,330.0,19.99,30.5847,84.49,85.02,0.5,157.24,95.24,3.963837,0.307815,Microdiorita,,,,,
TOGG-27b,,BD_Ytrio,694860.0,5950632.0,-36.569894,-72.822331,330.0,29.27,44.7831,364.17,357.29,9.81,731.29,455.58,6.180903,0.289977,Microdiorita,,,,,
TOGG-28,,BD_Ytrio,684634.0,5946759.0,-36.606819,-72.935614,173.0,17.64,26.9892,330.01,239.15,10.22,661.82,407.5,9.071211,0.406126,Metapelita,,,,,
TOGG-29,,BD_Ytrio,685397.0,5946715.0,-36.607068,-72.927078,236.0,2.0,3.06,30.0,65.52,0.5,146.77,103.92,1.324808,0.100788,Arenisca,,,,,
TOGG-30,,BD_Ytrio,686155.0,5947371.0,-36.60101,-72.918766,280.0,17.44,26.6832,340.88,297.11,18.47,709.06,433.39,7.947498,0.553455,Metapelita,,,,,
TOGG-31,,BD_Ytrio,686632.0,5947002.0,-36.604241,-72.913347,280.0,2.0,3.06,89.21,79.47,11.48,152.7,108.61,4.258237,0.323325,Granito de Biotita,,,,,
TOGG-32,,BD_Ytrio,687051.0,5947474.0,-36.599907,-72.90878,244.0,17.62,26.9586,158.23,86.28,10.96,164.92,125.22,3.881307,0.21521,Granito de Biotita,,,,,
TOGG-33,,BD_Ytrio,687851.0,5948351.0,-36.591849,-72.900056,277.0,9.61,14.7033,135.88,71.5,13.73,144.55,104.94,4.517483,0.275533,Granito de Biotita,,,,,
TOGG-34,,BD_Ytrio,688697.0,5947881.0,-36.595916,-72.890489,319.0,21.92,33.5376,155.18,199.83,15.8,204.9,110.64,5.379462,0.276104,Granito de Biotita,,,,,
TOGG-35,,BD_Ytrio,689198.0,5948057.0,-36.594231,-72.884935,344.0,2.0,3.06,100.7,25.0,7.49,181.2,112.36,0.535693,0.0005,Granito de Biotita,,,,,
TOGG-36,,BD_Ytrio,688852.0,5948519.0,-36.590138,-72.888914,343.0,9.97,15.2541,137.8,92.37,15.56,165.31,99.0,5.637548,0.296591,Granito de Biotita,,,,,
TOGG-37,,BD_Ytrio,689736.0,5948611.0,-36.589133,-72.879061,335.0,2.0,3.06,90.37,25.0,0.5,134.35,93.68,2.689042,0.143379,Granito de Biotita,,,,,
TOGG-38,,BD_Ytrio,691680.0,5944475.0,-36.626005,-72.856312,276.0,12.74,19.4922,138.74,133.69,0.5,335.77,236.3,3.967763,0.346007,Granito de Biotita,,,,,
TOGG-39,,BD_Ytrio,693236.0,5944463.0,-36.625799,-72.838919,337.0,13.3,20.349,105.03,25.0,0.5,146.64,87.32,6.494415,0.396884,Microdiorita,,,,,
TOGG-40,,BD_Ytrio,692789.0,5945052.0,-36.620583,-72.844062,308.0,17.32,26.4996,101.26,89.41,0.5,186.59,150.39,4.8563,0.346767,Microdiorita,,,,,
TOGG-41,,BD_Ytrio,692005.0,5945799.0,-36.614012,-72.853011,283.0,36.65,56.0745,30.0,25.0,0.5,150.06,109.08,5.4683,0.262648,Granito de Biotita,,,,,
TOGG-41b,,BD_Ytrio,692005.0,5945799.0,-36.614012,-72.853011,283.0,19.21,29.3913,241.87,246.05,24.25,616.68,394.82,4.142142,0.375641,Enclave Mafico,,,,,
TOGG-42,,BD_Ytrio,693349.0,5945090.0,-36.620127,-72.837814,309.0,16.82,25.7346,100.1,25.0,11.7,178.34,93.25,5.234503,0.373488,Granito de Biotita,,,,,
TOGG-43,,BD_Ytrio,693786.0,5944898.0,-36.621768,-72.832881,293.0,26.76,40.9428,66.39,67.09,0.5,121.82,89.14,5.452708,0.322209,Granito de Biotita,,,,,
TOGG-44,,BD_Ytrio,694438.0,5945621.0,-36.615122,-72.825778,230.0,28.55,43.6815,63.13,25.0,0.5,45.0,70.3,5.765318,0.311353,Microdiorita,,,,,
TOGG-45,,BD_Ytrio,694043.0,5946588.0,-36.606491,-72.830436,154.0,27.76,42.4728,153.78,123.68,13.16,287.61,160.28,5.977274,0.406726,Granito de Biotita,,,,,
TOGG-12b,,BD_Ytrio,689392.0,5946702.0,-36.6064,-72.882434,342.0,18.27,27.9531,178.9,204.8,0.5,568.11,319.02,7.157483,0.517883,Microdiorita,,,,,
TOGG-46,,BD_Ytrio,695330.0,5944526.0,-36.624804,-72.815531,292.0,2.84,4.3452,122.95,75.14,0.5,294.77,208.15,1.122915,0.0005,Microgranito,,,,,
TOGG-47,,BD_Ytrio,695301.0,5944736.0,-36.622918,-72.815909,276.0,33.84,51.7752,115.57,86.64,18.08,139.82,126.38,2.465258,0.177487,Granito de Biotita,,,,,
TOGG-48,,BD_Ytrio,696090.0,5945844.0,-36.612775,-72.807374,195.0,8.85,13.5405,80.79,25.0,8.4,139.55,97.6,1.91415,0.0005,Granito de Biotita,,,,,
TOGG-49,,BD_Ytrio,695953.0,5945384.0,-36.616947,-72.808788,199.0,7.06,10.8018,123.79,79.02,0.5,138.75,114.92,1.298814,0.0005,Granito de Biotita,,,,,
TOGG-50,,BD_Ytrio,695211.0,5945361.0,-36.617306,-72.817074,173.0,17.51,26.7903,112.38,74.8,0.5,187.31,115.33,4.009652,0.264094,Granito de Biotita,,,,,
TOGG-51,,BD_Ytrio,698219.0,5944054.0,-36.628459,-72.783122,184.0,9.49,14.5197,30.0,25.0,8.22,45.0,32.0,1.374583,0.0005,Granito de Biotita,,,,,
TOGG-51b,,BD_Ytrio,698219.0,5944054.0,-36.628459,-72.783122,184.0,30.75,47.0475,226.78,202.14,17.22,537.11,344.38,4.61133,0.0005,Dique Andesita,,,Mn_ALTO(1.678722%),,
TOGG-52,,BD_Ytrio,698805.0,5944573.0,-36.623662,-72.776707,223.0,24.58,37.6074,147.01,95.18,20.29,247.77,149.25,3.650744,0.0005,Granito de Biotita,,,,,
TOGG-53,,BD_Ytrio,697289.0,5944351.0,-36.625977,-72.793593,208.0,2.0,3.06,30.0,64.97,0.5,168.11,83.31,1.790196,0.0005,Granito de Biotita,,,Mn_ALTO(2.678722%),,
TOGG-54,,BD_Ytrio,696902.0,5945368.0,-36.616896,-72.798179,212.0,17.36,26.5608,30.0,25.0,8.74,106.44,32.0,3.777395,0.205685,Granito de Biotita,,,,,
TOGG-55,,BD_Ytrio,695873.0,5946627.0,-36.605766,-72.809998,222.0,3.97,6.0741,70.33,60.91,0.5,164.8,83.53,1.501472,0.0005,Granito de Biotita,,,Mn_ALTO(3.678722%),,
TOGG-56,,BD_Ytrio,694248.0,5948915.0,-36.585487,-72.828733,177.0,12.66,19.3698,95.74,25.0,0.5,145.65,96.52,4.68607,0.372694,Granito de Biotita,,,,,
TOGG-57,,BD_Ytrio,694417.0,5949571.0,-36.579543,-72.827011,254.0,55.02,84.1806,130.08,111.73,0.5,194.22,88.48,5.834959,0.447221,Granito de Biotita,,,Mn_ALTO(4.678722%),,
TOGG-58,,BD_Ytrio,692562.0,5948991.0,-36.585144,-72.847586,151.0,25.64,39.2292,92.7,101.02,0.5,176.31,98.98,5.87251,0.41654,Granito de Biotita,,,,,
TOGG-59,,BD_Ytrio,692669.0,5950522.0,-36.57133,-72.846774,117.0,40.7,62.271,30.0,25.0,14.37,45.0,32.0,3.210385,0.0005,Granito de Biotita,,,Mn_ALTO(5.678722%),,
TOGG-60,,BD_Ytrio,691464.0,5951581.0,-36.562032,-72.860495,95.0,40.98,62.6994,77.9,79.68,0.5,190.67,108.94,5.337434,0.333036,Granito de Biotita,,,,,
TOGG-61,,BD_Ytrio,691619.0,5949293.0,-36.582613,-72.858195,193.0,26.48,40.5144,123.43,118.14,18.09,200.33,133.96,4.737457,0.278046,Granito de Biotita,,,Mn_ALTO(6.678722%),,
TOGG-62,,BD_Ytrio,691150.0,5949036.0,-36.585022,-72.86337,256.0,31.87,48.7611,100.9,73.21,0.5,233.62,109.08,3.369477,0.208456,Granito de Biotita,,,,,
TOGG-63,,BD_Ytrio,690767.0,5949888.0,-36.577424,-72.86786,330.0,11.71,17.9163,86.5,25.0,16.29,45.0,73.51,3.806009,0.243971,Granito de Biotita,,,Mn_ALTO(7.678722%),,
TOGG-64,,BD_Ytrio,691578.0,5951149.0,-36.565901,-72.859115,209.0,7.0,10.71,123.25,81.56,0.5,219.23,146.06,4.712794,0.277029,Granito de Biotita,,,,,
TOGG-65,,BD_Ytrio,690353.0,5949660.0,-36.57956,-72.872427,336.0,13.28,20.3184,145.37,114.54,15.08,247.52,131.24,4.347032,0.283891,Granito de Biotita,,,Mn_ALTO(8.678722%),,
TOGG-66,,BD_Ytrio,690527.0,5950739.0,-36.569805,-72.870751,303.0,16.47,25.1991,150.53,64.7,23.19,257.71,156.23,5.659632,0.362968,Microdiorita,,,,,
TOGG-67,,BD_Ytrio,690961.0,5951674.0,-36.561295,-72.866136,210.0,18.36,28.0908,30.0,25.0,12.53,45.0,32.0,3.777726,0.190672,Granito de Biotita,,,Mn_ALTO(9.678722%),,
TOGG-68,,BD_Ytrio,698958.0,5947467.0,-36.59756,-72.775747,224.0,8.98,13.7394,84.53,83.31,0.5,173.06,91.12,3.812269,0.217958,Granito de Biotita,,,,,
TOGG-69,,BD_Ytrio,698087.0,5947095.0,-36.601093,-72.785382,316.0,30.03,45.9459,187.57,121.4,8.53,303.58,193.84,5.625801,0.265606,Granito de Biotita,,,Mn_ALTO(10.678722%),,
TOGG-70,,BD_Ytrio,697755.0,5946719.0,-36.604549,-72.788994,305.0,11.51,17.6103,78.68,94.46,0.5,193.79,107.74,3.142093,0.231616,Granito de Biotita,,,,,
TOGG-71,,BD_Ytrio,697131.0,5946418.0,-36.607389,-72.795889,197.0,14.62,22.3686,98.69,92.3,0.5,193.04,97.57,3.927539,0.228769,Granito de Biotita,,,Mn_ALTO(11.678722%),,
TOGG-72,,BD_Ytrio,697656.0,5947256.0,-36.599732,-72.790238,354.0,5.94,9.0882,126.61,83.87,0.5,176.86,126.35,2.512742,0.18654,Granito de Biotita,,,,,
TOGG-73,,BD_Ytrio,697367.0,5947912.0,-36.593882,-72.793635,363.0,38.96,59.6088,94.59,99.09,19.41,125.4,82.67,2.296544,0.123621,Granito de Biotita,,,Mn_ALTO(12.678722%),,
TOGG-74,,BD_Ytrio,697389.0,5948687.0,-36.586896,-72.793588,346.0,15.43,23.6079,119.1,115.97,20.95,237.49,187.62,2.78588,0.128238,Granito de Biotita,,,,,
TOGG-75,,BD_Ytrio,698323.0,5948510.0,-36.588297,-72.78311,271.0,10.01,15.3153,30.0,25.0,16.31,45.0,32.0,2.689364,0.146809,Granito de Biotita,,,Mn_ALTO(13.678722%),,
TOGG-76,,BD_Ytrio,699318.0,5948706.0,-36.586324,-72.772046,267.0,19.71,30.1563,30.0,25.0,14.35,45.0,32.0,2.899156,0.146042,Granito de Biotita,,,,,
TOGG-77,,BD_Ytrio,699118.0,5949637.0,-36.577979,-72.774521,241.0,11.76,17.9928,77.91,72.38,13.86,101.07,89.62,2.356674,0.134745,Granito de Biotita,,,Mn_ALTO(14.678722%),,
TOGG-78,,BD_Ytrio,698112.0,5949525.0,-36.579197,-72.785728,306.0,19.14,29.2842,69.66,25.0,8.81,116.37,67.11,2.037292,0.0005,Granito de Biotita,,,,,
TOGG-79,,BD_Ytrio,696926.0,5950636.0,-36.569434,-72.799259,330.0,57.72,88.3116,99.39,71.16,0.5,201.36,140.45,4.988768,0.391734,Granito de Biotita,,,Mn_ALTO(15.678722%),,
TOGG-80,,BD_Ytrio,696205.0,5949844.0,-36.576718,-72.807109,401.0,8.88,13.5864,238.49,219.32,0.5,453.78,288.69,1.571756,0.134605,Microgranito,,,,,
TOGG-81,,BD_Ytrio,695792.0,5951566.0,-36.56129,-72.81216,255.0,28.22,43.1766,103.08,67.49,0.5,211.88,131.76,4.496169,0.383973,Granito de Biotita,,,Mn_ALTO(16.678722%),,
TOGG-82,,BD_Ytrio,694709.0,5951307.0,-36.563844,-72.824188,261.0,21.51,32.9103,99.1,25.0,0.5,212.58,141.2,6.169429,0.402768,Granito de Biotita,,,,,
TOGG-83,,BD_Ytrio,693668.0,5951565.0,-36.561732,-72.835879,208.0,19.7,30.141,107.15,59.76,10.43,154.5,119.53,4.35058,0.267308,Granito de Biotita,,,Mn_ALTO(17.678722%),,
TOGG-84,,BD_Ytrio,694226.0,5952346.0,-36.554583,-72.829844,173.0,23.17,35.4501,173.59,160.67,12.23,371.0,260.57,5.832783,0.344842,Granito de Biotita,,,,,
TOGG-85,,BD_Ytrio,692516.0,5951772.0,-36.5601,-72.848795,173.0,17.26,26.4078,89.66,59.34,7.54,144.05,106.89,3.33945,0.229869,Granito de Biotita,,,Mn_ALTO(18.678722%),,
TOGG-86,,BD_Ytrio,685537.0,5946067.0,-36.612878,-72.925357,66.0,7.14,10.9242,230.03,209.79,0.5,498.31,354.17,2.581866,0.256291,Granito de Biotita,,,,,
TOGG-87,,BD_Ytrio,685589.0,5946088.0,-36.612679,-72.924781,81.0,8.65,13.2345,78.14,61.17,12.34,129.49,83.66,5.874135,0.449131,Granito de Biotita,,,Mn_ALTO(19.678722%),,
TOGG-88,,BD_Ytrio,695556.0,5944733.0,-36.622893,-72.813058,225.0,22.46,34.3638,94.57,25.0,0.5,156.62,110.74,4.739603,0.326514,Granito de Biotita,,,,,
VTT JUAN CHICO,,BD_Ytrio,690625.0,5937672.0,-36.687503,-72.866412,331.0,117.06,179.1018,222.04,149.49,0.5,411.4,240.3,11.00276,0.88059,Granito de Biotita,,,Mn_ALTO(20.678722%),DUP_1/2,
TOGG-89,,BD_Ytrio,689812.0,5953212.0,-36.547668,-72.879346,141.0,5.8,8.874,132.0,25.0,0.5,152.53,112.93,5.839114,0.367374,Microdiorita,,,,,
TOGG-90,,BD_Ytrio,689255.0,5952659.0,-36.552761,-72.885429,281.0,6.44,9.8532,109.56,74.93,0.5,322.04,169.23,8.961034,0.391554,Microdiorita,,,Mn_ALTO(15.678722%),,
TOGG-91,,BD_Ytrio,689752.0,5951977.0,-36.558806,-72.879712,355.0,7.99,12.2247,107.9,72.21,12.6,162.62,83.77,3.926506,0.210918,Granito de Biotita,,,,,
TOGG-92,,BD_Ytrio,689752.0,5951977.0,-36.558806,-72.879712,355.0,26.74,40.9122,308.33,273.56,18.51,679.07,399.44,5.049846,0.449556,Metapelita,,,Mn_ALTO(16.678722%),,
TOGG-93,,BD_Ytrio,689241.0,5951087.0,-36.566926,-72.885199,327.0,2.0,3.06,102.87,25.0,0.5,45.0,102.91,6.317235,0.47806,Granito de Biotita,,,,,
TOGG-94,,BD_Ytrio,689340.0,5950483.0,-36.572347,-72.883945,294.0,17.31,26.4843,94.66,25.0,11.96,45.0,32.0,1.268394,0.0005,Granito de Biotita,,,Mn_ALTO(17.678722%),,
TOGG-95,,BD_Ytrio,689113.0,5949524.0,-36.581032,-72.886245,304.0,23.02,35.2206,114.29,164.35,11.86,222.72,144.13,4.967985,0.282375,Granito de Biotita,,,,,
TOGG-96,,BD_Ytrio,688623.0,5949783.0,-36.578796,-72.891782,353.0,30.93,47.3229,197.7,150.59,19.73,346.31,198.11,6.433185,0.429502,Metapelita,,,Mn_ALTO(18.678722%),,
TOGG-97,,BD_Ytrio,687920.0,5949580.0,-36.580763,-72.899585,425.0,14.94,22.8582,231.24,151.93,16.42,431.39,285.55,4.516304,0.214553,Metapelita,,,,,
TOGG-98,,BD_Ytrio,686951.0,5948269.0,-36.592764,-72.91009,397.0,18.59,28.4427,132.77,135.6,16.76,461.38,270.3,5.733421,0.275014,Metapelita,,,Mn_ALTO(19.678722%),,
TOGG-99,,BD_Ytrio,686714.0,5949412.0,-36.582513,-72.913016,399.0,13.16,20.1348,211.68,166.92,16.73,481.84,299.5,4.212948,0.378694,Metapelita,,,,,
TOGG-100,,BD_Ytrio,684918.0,5949646.0,-36.580755,-72.933135,176.0,13.99,21.4047,93.95,25.0,11.0,146.71,106.57,5.053075,0.343729,Granito de Biotita,,,Mn_ALTO(20.678722%),,
TOGG-101,,BD_Ytrio,684038.0,5949883.0,-36.57879,-72.943022,23.0,6.54,10.0062,174.36,168.23,8.12,474.64,319.03,6.109206,0.503848,Metapelita,,,,,
TOGG-102,,BD_Ytrio,688986.0,5951649.0,-36.561913,-72.888185,254.0,28.17,43.1001,88.84,67.03,8.31,155.25,94.31,4.127571,0.221217,Granito de Biotita,,,Mn_ALTO(21.678722%),,
TOGG-103,,BD_Ytrio,688096.0,5951767.0,-36.561026,-72.898153,285.0,5.61,8.5833,115.2,87.15,0.5,194.5,162.22,6.381745,0.426405,Granito de Biotita,,,,,
TOGG-104,,BD_Ytrio,687693.0,5951067.0,-36.567411,-72.902483,228.0,20.47,31.3191,137.68,76.09,15.04,126.1,103.09,2.777899,0.130804,Granito de Biotita,,,Mn_ALTO(16.678722%),,
TOGG-105,,BD_Ytrio,686939.0,5950990.0,-36.568253,-72.910885,189.0,21.78,33.3234,180.79,134.1,18.66,342.45,221.65,6.241816,0.348979,Metapelita,,,,,
TOGG-106,,BD_Ytrio,687496.0,5951766.0,-36.561153,-72.904853,264.0,10.68,16.3404,79.02,25.0,12.41,149.23,148.08,5.766841,0.410153,Metapelita,,,Mn_ALTO(17.678722%),,
TOGG-107,,BD_Ytrio,686096.0,5952675.0,-36.553237,-72.920708,170.0,6.29,9.6237,79.48,25.0,0.5,128.11,123.19,8.105729,0.243862,Diorita,,,,,
TOGG-107b,,BD_Ytrio,686096.0,5952675.0,-36.553237,-72.920708,170.0,20.69,31.6557,335.62,307.26,9.97,913.59,565.98,6.362395,0.587608,Diorita,,,Mn_ALTO(18.678722%),,
TOGG-108,,BD_Ytrio,686521.0,5951995.0,-36.559281,-72.915797,256.0,13.9,21.267,91.83,25.0,8.99,45.0,32.0,4.187164,0.248843,Granito de Biotita,,,,,
TOGG-109,,BD_Ytrio,685581.0,5952127.0,-36.558274,-72.926326,166.0,23.88,36.5364,91.8,25.0,10.82,45.0,92.99,3.498575,0.171281,Granito de Biotita,,,Mn_ALTO(19.678722%),,
TOGG-110,,BD_Ytrio,684913.0,5952269.0,-36.557125,-72.93382,95.0,2.4,3.672,100.93,82.7,12.81,135.39,121.57,5.082039,0.360091,Granito de Biotita,,,,,
TOGG-111,,BD_Ytrio,684328.0,5952052.0,-36.559193,-72.940301,72.0,8.8,13.464,206.16,170.18,0.5,547.72,330.96,12.385799,0.330597,Roca Sedimentaria,,,Mn_ALTO(20.678722%),,
DIGG-01,,BD_Ytrio,686634.0,5954636.0,-36.535465,-72.915175,56.0,10.22,15.6366,167.65,124.33,11.29,314.88,195.67,5.857889,0.412395,Granito de Biotita,,,,,
DIGG-02,,BD_Ytrio,687796.0,5954660.0,-36.535022,-72.902208,95.0,11.18,17.1054,85.43,58.99,0.5,183.56,84.31,4.70693,0.302406,Roca Sedimentaria,,,Mn_ALTO(21.678722%),,
DIGG-03,,BD_Ytrio,688626.0,5954098.0,-36.539921,-72.892805,83.0,15.93,24.3729,30.0,25.0,0.5,121.16,82.69,6.876322,0.471524,Granito de Biotita,,,,,
DIGG-04,,BD_Ytrio,689482.0,5953565.0,-36.544554,-72.883117,85.0,13.52,20.6856,161.69,117.96,0.5,322.06,210.89,7.118713,0.478192,Metapelita,,,Mn_ALTO(22.678722%),,
DIGG-05,,BD_Ytrio,689875.0,5953589.0,-36.544259,-72.878735,85.0,39.14,59.8842,112.55,71.39,19.54,121.6,74.65,3.871291,0.159936,Microdiorita,,,,,
DIIGG-06,,BD_Ytrio,690424.0,5952733.0,-36.551862,-72.872394,95.0,9.18,14.0454,111.28,125.24,0.5,190.39,193.84,6.326162,0.425076,Granito de Biotita,,,Mn_ALTO(17.678722%),,
DIGG-07,,BD_Ytrio,691079.0,5952810.0,-36.551037,-72.865099,81.0,12.78,19.5534,94.2,73.42,8.85,204.15,147.38,4.365157,0.279803,Granito de Biotita,,,,,
DIGG-08,,BD_Ytrio,691366.0,5952978.0,-36.549466,-72.861937,64.0,4.34,6.6402,117.05,116.62,10.63,330.02,193.94,1.027959,0.099888,Granito de Biotita,,,Mn_ALTO(18.678722%),,
DIGG-09,,BD_Ytrio,691582.0,5953412.0,-36.545513,-72.859633,139.0,15.57,23.8221,118.03,62.6,19.62,137.91,118.58,5.129498,0.346193,Granito de Biotita,,,,,
DIGG-10,,BD_Ytrio,691843.0,5953681.0,-36.543038,-72.856786,165.0,42.33,64.7649,206.64,149.61,43.68,264.34,174.89,4.723729,0.289499,Granito de Biotita,,,Mn_ALTO(19.678722%),,
DIGG-11,,BD_Ytrio,691819.0,5954159.0,-36.538736,-72.857172,211.0,75.63,115.7139,65.61,120.4,0.5,158.19,100.83,4.983794,0.554632,Microdiorita,,,,,
DIGG-12,,BD_Ytrio,691819.0,5954159.0,-36.538736,-72.857172,211.0,49.63,75.9339,145.56,109.13,11.12,162.43,104.69,5.562053,0.374385,Granito de Biotita,,,Mn_ALTO(20.678722%),,
DIGG-13,,BD_Ytrio,691652.0,5954736.0,-36.533572,-72.85918,272.0,34.45,52.7085,122.62,109.71,16.51,285.0,140.98,4.5235,0.368204,Granito de Biotita,,,,,
DIGG-14,,BD_Ytrio,692630.0,5955225.0,-36.52897,-72.848385,370.0,15.88,24.2964,97.83,64.17,0.5,147.8,102.98,4.435111,0.414796,Diorita,,,Mn_ALTO(21.678722%),,
DIGG-15,,BD_Ytrio,693376.0,5955503.0,-36.526315,-72.840127,337.0,16.45,25.1685,84.88,65.32,7.5,156.93,91.39,2.889356,0.135774,Granito de Biotita,,,,,
DIGG-16,,BD_Ytrio,691858.0,5955396.0,-36.527585,-72.857045,391.0,21.59,33.0327,263.2,230.28,21.03,532.03,334.01,6.467759,0.340277,Granito de Biotita,,,Mn_ALTO(22.678722%),,
DIGG-17,,BD_Ytrio,691098.0,5954832.0,-36.532818,-72.865388,347.0,11.84,18.1152,140.98,123.61,12.61,215.28,106.78,4.528341,0.311582,Microdiorita,,,,,
DIGG-18,,BD_Ytrio,690541.0,5955622.0,-36.525812,-72.871801,409.0,20.73,31.7169,268.63,205.35,9.96,542.85,338.76,6.981901,0.412253,Microdiorita,,,Mn_ALTO(23.678722%),,
DIGG-19,,BD_Ytrio,689783.0,5955483.0,-36.527215,-72.880228,344.0,13.33,20.3949,310.4,291.85,19.11,693.94,456.25,8.112438,0.384762,Microdiorita,,,,,
DIGG-20,,BD_Ytrio,691657.0,5952198.0,-36.556435,-72.858493,100.0,154.87,236.9511,100.44,251.98,15.66,242.92,92.08,3.525741,0.0005,Porfido Dacitico,,,,,
DIGG-21,,BD_Ytrio,692784.0,5952064.0,-36.557415,-72.845875,205.0,29.26,44.7678,114.39,84.78,50.65,178.82,78.76,3.482413,0.202146,Granito de Biotita,,,Mn_ALTO(15.678722%),,
DIGG-22,,BD_Ytrio,691804.0,5952616.0,-36.55264,-72.856956,138.0,50.12,76.6836,195.97,229.42,12.45,445.74,257.9,6.540936,0.453744,Granito de Biotita,,,,,
DIGG-23,,BD_Ytrio,692738.0,5952478.0,-36.553695,-72.846492,253.0,5.8,8.874,130.43,111.14,0.5,239.47,160.18,2.559638,0.159981,Granito de Biotita,,,Mn_ALTO(16.678722%),,
DIGG-24,,BD_Ytrio,693570.0,5952689.0,-36.551626,-72.837255,297.0,2.0,3.06,102.35,25.0,21.32,98.16,32.0,3.602011,0.228172,Granito de Biotita,,,,,
DIGG-25,,BD_Ytrio,694029.0,5953379.0,-36.545317,-72.832304,337.0,50.33,77.0049,96.9,101.24,17.89,98.63,32.0,3.28616,0.178183,Granito de Biotita,,,Mn_ALTO(17.678722%),,
DIGG-26,,BD_Ytrio,691661.0,5952202.0,-36.556398,-72.85845,80.0,61.49,94.0797,169.36,140.35,13.39,340.55,189.53,3.545898,0.171883,Diorita,,,,,
DIGG-27,,BD_Ytrio,691663.0,5952216.0,-36.556272,-72.858431,88.0,42.23,64.6119,174.34,162.72,14.73,189.68,111.72,3.3706,0.393409,Granito de Biotita,,,Mn_ALTO(18.678722%),,
DIGG-28,,BD_Ytrio,691677.0,5952156.0,-36.556809,-72.85826,94.0,12.8,19.584,122.46,25.0,14.8,45.0,32.0,3.938333,0.210468,Granito de Biotita,,,,,
DIGG-29,,BD_Ytrio,691695.0,5952063.0,-36.557644,-72.858036,106.0,63.86,97.7058,101.77,84.72,11.96,98.26,90.22,1.167622,0.0005,Diorita cuarcifera,,,Mn_ALTO(19.678722%),,
DIGG-29b,,BD_Ytrio,691695.0,5952063.0,-36.557644,-72.858036,106.0,20.63,31.5639,30.0,25.0,10.17,109.85,77.82,1.053353,1.318332,Diorita cuarcifera,,,,,
DIGG-30,,BD_Ytrio,691681.0,5952043.0,-36.557827,-72.858187,128.0,78.9,120.717,102.72,105.02,0.5,107.68,32.0,3.033993,0.153949,Diorita,,,Mn_ALTO(20.678722%),,
DIGG-30b,,BD_Ytrio,691681.0,5952043.0,-36.557827,-72.858187,128.0,42.76,65.4228,229.1,186.15,12.77,544.78,326.21,3.724253,0.211339,Diorita,,,,,
DIGG-31,,BD_Ytrio,691750.0,5951792.0,-36.560074,-72.857354,125.0,22.73,34.7769,119.76,108.22,0.5,239.66,109.85,3.42829,0.195984,Granito de Biotita,,,Mn_ALTO(21.678722%),,
DIGG-32,,BD_Ytrio,694539.0,5953573.0,-36.543466,-72.826659,346.0,11.71,17.9163,118.1,95.51,10.52,160.24,104.61,3.3586,0.0005,Granito de Biotita,,,,,
DIGG-33,,BD_Ytrio,694909.0,5953043.0,-36.548165,-72.822394,304.0,21.49,32.8797,150.45,97.24,7.47,219.05,129.83,4.4555,0.296007,Granito de Biotita,,,,,
DIGG-34,,BD_Ytrio,694578.0,5954028.0,-36.539359,-72.826338,339.0,4.63,7.0839,83.41,25.0,7.87,45.0,32.0,2.110319,0.129878,Granito de Biotita,,,,,
DIGG-35,,BD_Ytrio,695013.0,5954968.0,-36.530802,-72.82172,381.0,6.01,9.1953,60.02,25.0,10.83,45.0,32.0,4.092938,0.260745,Granito de Biotita,,,,,
DIGG-36,,BD_Ytrio,694712.0,5955730.0,-36.523999,-72.825272,347.0,13.43,20.5479,58.09,25.0,7.2,151.97,99.76,1.78466,0.117262,Granito de Biotita,,,,,
DIGG-37,,BD_Ytrio,695203.0,5956662.0,-36.515503,-72.820027,358.0,7.04,10.7712,115.47,85.04,0.5,230.98,176.69,5.246535,0.503722,Microdiorita,,,,,
DIGG-38,,BD_Ytrio,695444.0,5957107.0,-36.511445,-72.81745,357.0,27.18,41.5854,122.42,25.0,13.95,103.63,32.0,3.990557,0.339359,Granito de Biotita,,,,,
DIGG-39,,BD_Ytrio,695122.0,5958073.0,-36.502808,-72.821287,311.0,13.16,20.1348,131.97,93.63,12.05,132.82,32.0,4.493628,0.29909,Granito de Biotita,,,,,
TOGG-112,,BD_Ytrio,699899.0,5946072.0,-36.60993,-72.764871,246.0,14.38,22.0014,81.39,81.59,9.7,161.54,85.83,1.892196,0.108478,Granito de Biotita,,,,,
TOGG-113,,BD_Ytrio,700147.0,5946494.0,-36.606077,-72.76221,281.0,12.26,18.7578,116.2,84.89,0.5,176.94,108.38,1.391775,0.0005,Granito de Biotita,,,,,
TOGG-114,,BD_Ytrio,700147.0,5946496.0,-36.606058,-72.762211,281.0,10.02,15.3306,82.31,25.0,0.5,45.0,32.0,1.736993,0.0005,Granito de Biotita,,,,,
TOGG-115,,BD_Ytrio,700149.0,5946497.0,-36.606049,-72.762188,281.0,15.68,23.9904,59.83,25.0,0.5,45.0,76.71,1.971139,0.0005,Granito de Biotita,,,,,
TOGG-116,,BD_Ytrio,700273.0,5947277.0,-36.598997,-72.761006,256.0,18.53,28.3509,78.87,102.89,17.88,45.0,107.73,2.487949,0.175936,Granito de Biotita,,,,,
TOGG-117,,BD_Ytrio,700368.0,5948721.0,-36.585969,-72.760321,250.0,21.2,32.436,30.0,25.0,0.5,102.86,87.31,4.013495,0.266924,Granito de Biotita,,,,,
TOG- 118,,BD_Ytrio,700531.0,5952617.0,-36.550839,-72.759515,182.0,17.97,27.4941,142.34,70.1,10.11,207.56,139.08,2.296788,0.159592,Granito de Biotita,,,,,
TOGG-119,,BD_Ytrio,699178.0,5952690.0,-36.550464,-72.77464,181.0,5.71,8.7363,30.0,25.0,0.5,102.23,32.0,1.658388,0.0005,Granito de Biotita,,,,,
TOGG-120,,BD_Ytrio,697455.0,5952248.0,-36.554804,-72.793764,312.0,44.82,68.5746,30.0,25.0,0.5,45.0,32.0,0.748065,0.0005,Microgranito,,,,,
TOGG-120B,,BD_Ytrio,697455.0,5952248.0,-36.554804,-72.793764,312.0,3.07,4.6971,145.76,173.95,0.5,391.28,261.25,0.605148,0.0005,Microgranito,,,,,
TOGG-121,,BD_Ytrio,696813.0,5952681.0,-36.551035,-72.801043,329.0,5.04,7.7112,91.31,25.0,0.5,45.0,32.0,1.458846,0.0005,Microgranito,,,,,
DIGG-40,,BD_Ytrio,700402.0,5953579.0,-36.5422,-72.761205,176.0,10.44,15.9732,60.66,25.0,0.5,45.0,32.0,4.773615,0.311645,Granito de Biotita,,,,,
DIGG-41,,BD_Ytrio,696473.0,5953680.0,-36.542106,-72.805094,290.0,22.55,34.5015,99.25,65.86,14.51,134.29,32.0,4.648329,0.34561,Granito de Biotita,,,,,
DIGG-42,,BD_Ytrio,697583.0,5953677.0,-36.541904,-72.792701,302.0,4.48,6.8544,30.0,25.0,0.5,45.0,32.0,1.923374,0.0005,Granito de Biotita,,,,,
DIGG-43,,BD_Ytrio,699024.0,5954657.0,-36.532777,-72.776867,222.0,15.28,23.3784,89.69,58.68,0.5,128.61,80.28,2.810686,0.176345,Granito de Biotita,,,,,
DIGG-44,,BD_Ytrio,700201.0,5954705.0,-36.532099,-72.763741,155.0,11.67,17.8551,59.26,25.0,0.5,93.97,32.0,3.784264,0.211683,Microdiorita,,,,,
DIGG-45,,BD_Ytrio,701250.0,5955378.0,-36.525816,-72.752207,92.0,20.39,31.1967,101.79,78.86,0.5,154.18,85.52,3.651441,0.287604,Granito de Biotita,,,,,
DIGG-46,,BD_Ytrio,702253.0,5954760.0,-36.531172,-72.740851,109.0,21.19,32.4207,59.26,25.0,0.5,45.0,32.0,2.452675,0.140814,Granito de Biotita,,,,,
DIGG-47,,BD_Ytrio,692160.0,5954884.0,-36.532136,-72.853546,324.0,22.75,34.8075,378.17,360.23,18.82,770.68,526.42,7.834865,0.557916,Metapelita,,,,,
DIGG-48,,BD_Ytrio,691524.0,5955241.0,-36.529048,-72.860734,391.0,21.9,33.507,233.21,138.75,15.14,487.36,323.87,6.727802,0.473335,Metapelita,,,,,
DIGG-49,,BD_Ytrio,690820.0,5956128.0,-36.521198,-72.868812,397.0,22.71,34.7463,199.7,154.95,8.15,339.14,201.65,7.530163,0.570429,Metapelita,,,,,
DIGG-49B,,BD_Ytrio,690820.0,5956128.0,-36.521198,-72.868812,397.0,14.17,21.6801,304.77,206.81,9.32,576.02,359.71,10.330848,0.413647,Metapelita,,,,,
DIGG-50,,BD_Ytrio,690466.0,5956732.0,-36.515827,-72.872912,345.0,23.61,36.1233,285.95,183.77,16.97,470.25,287.09,7.891291,0.572523,Metapelita,,,,,
DIGG-51,,BD_Ytrio,689926.0,5956854.0,-36.514835,-72.878969,234.0,9.4,14.382,188.3,130.99,0.5,338.76,195.55,5.455659,0.382115,Metapelita,,,,,
DIGG-52,,BD_Ytrio,690299.0,5957763.0,-36.506572,-72.87503,228.0,10.72,16.4016,203.77,138.6,11.07,287.41,162.17,6.686192,0.419908,Metapelita,,,,,
DIGG-53,,BD_Ytrio,688538.0,5957303.0,-36.511065,-72.89457,168.0,19.16,29.3148,121.0,100.6,0.5,233.64,155.73,7.109479,0.34948,Granito de Biotita,,,,,
DIGG-54,,BD_Ytrio,687789.0,5958778.0,-36.497923,-72.903288,84.0,16.99,25.9947,30.0,103.61,10.61,235.1,150.87,8.245964,0.548935,Metapelita,,,,,
DIGG-55,,BD_Ytrio,689260.0,5959671.0,-36.489589,-72.887092,156.0,21.15,32.3595,74.35,62.48,15.94,212.67,100.44,6.382013,0.360807,Metapelita,,,,,
DIGG-56,,BD_Ytrio,690255.0,5959516.0,-36.490788,-72.875953,182.0,16.66,25.4898,145.55,82.36,11.52,179.38,162.85,7.301789,0.50307,Metapelita,,,,,
DIGG-57,,BD_Ytrio,690382.0,5959300.0,-36.492709,-72.874483,184.0,10.82,16.5546,30.0,25.0,0.5,118.36,75.55,3.621452,0.261005,Granito de Biotita,,,,,
DIGG-58,,BD_Ytrio,691133.0,5958821.0,-36.496874,-72.865985,209.0,10.86,16.6158,92.1,73.53,7.66,215.05,114.85,4.610354,0.409066,Granito de Biotita,,,,,
DIGG-59,,BD_Ytrio,691876.0,5959578.0,-36.489906,-72.857882,214.0,7.21,11.0313,143.14,106.9,8.27,252.49,178.36,5.057875,0.333501,Granito de Biotita,,,,,
DIGG-60,,BD_Ytrio,692777.0,5958742.0,-36.497256,-72.847622,250.0,6.83,10.4499,65.57,25.0,0.5,112.58,82.3,2.60036,0.17525,Granito de Biotita,,,,,
DIGG-62,,BD_Ytrio,693065.0,5957508.0,-36.508315,-72.8441,289.0,5.49,8.3997,89.22,65.42,9.52,235.49,153.44,5.086646,0.296523,Granito de Biotita,,,,DUP_1/2,
DIGG-62,,BD_Ytrio,692827.0,5956686.0,-36.515768,-72.84655,375.0,31.22,47.7666,188.55,203.67,14.87,420.13,271.99,8.784152,0.487692,Metapelita,,,,DUP_2/2,
DIGG-63,,BD_Ytrio,686257.0,5954819.0,-36.53389,-72.919428,89.0,16.97,25.9641,64.32,25.0,12.01,148.31,102.75,3.517527,0.408155,Granito de Biotita,,,,,
DIGG-64,,BD_Ytrio,687455.0,5955458.0,-36.527899,-72.906209,55.0,15.26,23.3478,151.41,122.97,14.06,228.56,108.18,5.672379,0.207339,Granito de Biotita,,,,,
DIGG-65,,BD_Ytrio,687419.0,5956594.0,-36.517672,-72.906887,91.0,14.26,21.8178,390.61,315.18,14.58,852.81,529.18,14.678663,0.0005,Metapelita,,,,,
amrm-36,,BD_Ytrio,676763.0,5875658.0,-37.248868,-73.006958,227.0,9.9,15.147,128.76,105.55,38.62,220.21,145.67,4.373855,0.40926,Granito de Biotita Siliceo,,,,,
amrm-37,,BD_Ytrio,677626.0,5876246.0,-37.243407,-72.997374,438.0,18.96,29.0088,119.31,96.07,13.68,223.22,141.07,4.661308,0.323853,Granito de Biotita Mafico,,,,,
amrm-38,,BD_Ytrio,677532.0,5871911.0,-37.282477,-72.997399,444.0,8.13,12.4389,91.35,77.18,0.5,124.8,131.05,4.835067,0.341664,Granito de Biotita Siliceo,,,,,
amrm-39,,BD_Ytrio,676794.0,5871680.0,-37.284698,-73.005664,487.0,7.53,11.5209,63.48,15.0,0.5,35.0,30.0,3.530994,0.283919,Granito de Biotita Mafico,,,,,
amrm-40,,BD_Ytrio,676676.0,5872318.0,-37.278973,-73.007146,455.0,9.68,14.8104,175.72,15.0,16.75,187.96,116.1,4.232896,0.229937,Granito de Biotita Siliceo,,,,,
amrm-41,,BD_Ytrio,676875.0,5872049.0,-37.281359,-73.004838,473.0,166.88,255.3264,118.13,117.02,8.18,242.21,123.97,4.930669,0.351613,Granito de Biotita Mafico,,,,,
amrm-42,,BD_Ytrio,676477.0,5872439.0,-37.277921,-73.009418,417.0,66.49,101.7297,70.16,133.55,10.37,249.01,132.24,5.527953,0.316755,Granito de Biotita Mafico,,,,,
amrm-43,,BD_Ytrio,676521.0,5872317.0,-37.279012,-73.008893,429.0,15.49,23.6997,169.0,75.0,18.78,192.7,86.08,3.385561,0.231202,Granito de Biotita Siliceo,,,,,
amrm-44,,BD_Ytrio,676509.0,5872134.0,-37.280663,-73.008985,437.0,25.79,39.4587,96.67,88.27,12.42,182.96,112.5,4.046157,0.249524,Granito de Biotita Siliceo,,,,,
amrm-45,,BD_Ytrio,676666.0,5871970.0,-37.28211,-73.007176,458.0,0.5,1.53,126.87,63.65,13.52,205.0,107.77,3.507449,0.21556,Granito de Biotita Siliceo,,,,,
amrm-46,,BD_Ytrio,676349.0,5871564.0,-37.285828,-73.010653,472.0,4.61,7.0533,152.42,109.28,12.49,189.71,151.34,3.995011,0.290566,Granito de Biotita Siliceo,,,,,
amrm-47,,BD_Ytrio,676441.0,5871324.0,-37.287973,-73.009559,488.0,5.88,8.9964,141.97,129.4,8.96,174.07,105.47,3.526731,0.211441,Granito de Biotita Siliceo,,,,,
amrm-48,,BD_Ytrio,677760.0,5870534.0,-37.294838,-72.994499,510.0,17.76,27.1728,106.89,86.32,0.5,235.05,138.21,7.138582,0.545048,Granito de Biotita Mafico,,,,,
amrm-49,,BD_Ytrio,677760.0,5870523.0,-37.294937,-72.994496,509.0,15.8,24.174,70.94,15.0,0.5,125.02,77.64,4.222243,0.279203,Granito de Biotita Mafico,,,,,
armr-50,,BD_Ytrio,677763.0,5870517.0,-37.294991,-72.994461,511.0,89.23,136.5219,156.5,188.73,8.78,298.12,183.44,8.022439,0.863908,Dique Arcilloso,,,,,
armr-51,,BD_Ytrio,677762.0,5870514.0,-37.295018,-72.994471,512.0,27.42,41.9526,104.86,95.12,0.5,226.41,120.86,6.665807,0.526186,Granito de Biotita Mafico,,,,,
armr-52,,BD_Ytrio,677758.0,5870508.0,-37.295073,-72.994515,512.0,9.56,14.6268,128.98,125.08,0.5,288.09,197.7,8.019866,0.538925,Granito de Biotita Mafico,,,,,
curm-50,,BD_Ytrio,678219.0,5877585.0,-37.231232,-72.991012,122.0,12.76,19.5228,173.08,112.43,0.5,255.35,153.97,8.051973,0.693697,Granito de Biotita Mafico,,,,,
curm-51,,BD_Ytrio,678196.0,5877573.0,-37.231344,-72.991268,123.0,8.73,13.3569,134.91,94.05,0.5,152.74,89.32,5.399634,0.476372,Granito de Biotita Mafico,,,,,
curm-52,,BD_Ytrio,678189.0,5877565.0,-37.231417,-72.991345,122.0,11.4,17.442,142.85,128.96,0.5,258.08,134.05,4.512468,0.418445,Granito de Biotita Mafico,,,,,
curm-53,,BD_Ytrio,678178.0,5877570.0,-37.231375,-72.99147,131.0,27.96,42.7788,120.27,120.4,0.5,214.04,134.66,5.042258,0.4566,Granito de Biotita Mafico,,,,,
curm-54,,BD_Ytrio,678174.0,5877558.0,-37.231483,-72.991512,121.0,5.64,8.6292,123.65,128.69,0.5,273.13,177.07,5.192364,0.478868,Granito de Biotita Mafico,,,,,
curm-55,,BD_Ytrio,678161.0,5877552.0,-37.23154,-72.991657,119.0,14.49,22.1697,107.84,128.57,8.09,207.3,118.29,6.602443,0.361958,Granito de Biotita Mafico,,,,,
curm-56,,BD_Ytrio,678131.0,5877542.0,-37.231636,-72.991993,127.0,22.89,35.0217,186.47,120.11,8.02,243.43,144.8,5.61525,0.352099,Granito de Biotita Mafico,,,,,
parm-24,,BD_Ytrio,675041.0,5877961.0,-37.228446,-73.026905,121.0,9.8,14.994,103.77,78.0,10.25,221.92,130.49,5.000482,0.557607,Migmatita,,,,,
parm-25,,BD_Ytrio,675030.0,5877944.0,-37.228602,-73.027025,119.0,19.52,29.8656,166.79,88.76,17.12,231.04,113.36,4.940922,0.3708,Migmatita,,,,,
parm-26,,BD_Ytrio,674967.0,5877895.0,-37.229055,-73.027723,127.0,5.34,8.1702,117.0,86.21,16.46,185.44,76.83,3.311097,0.923501,Granito de Biotita con Granate,,,,,
parm-27,,BD_Ytrio,674999.0,5877780.0,-37.230085,-73.027335,117.0,16.52,25.2756,105.5,15.0,15.4,119.03,30.0,3.18339,0.289892,MIgmatita,,,,,
parm-28,,BD_Ytrio,675000.0,5877724.0,-37.230589,-73.027311,131.0,33.13,50.6889,337.91,257.31,22.25,715.1,402.18,6.377739,0.0,Granito de Biotita con Granate,,,,,
parm-29,,BD_Ytrio,674715.0,5877417.0,-37.233408,-73.03045,134.0,3.88,5.9364,120.22,91.75,0.5,281.47,176.58,3.909821,1.908031,Granito de Biotita Siliceo,,,,,
parm-30,,BD_Ytrio,674306.0,5876979.0,-37.237431,-73.034956,112.0,18.81,28.7793,153.25,106.81,0.5,283.68,121.53,6.266827,1.76192,Granito de Biotita Mafico,,,,,
parm-31,,BD_Ytrio,674305.0,5876983.0,-37.237395,-73.034968,111.0,19.91,30.4623,197.46,165.74,21.69,372.2,232.21,6.638654,0.368448,Granito de Biotita Mafico,,,,,
parm-32,,BD_Ytrio,674280.0,5877033.0,-37.236949,-73.035261,112.0,5.34,8.1702,30.0,15.0,11.96,35.0,30.0,2.426838,1.535771,Granito de Biotita Mafico,,,,,
parm-33,,BD_Ytrio,674280.0,5877033.0,-37.236949,-73.035261,112.0,10.01,15.3153,106.3,85.9,7.95,158.83,80.28,4.275614,1.456379,Granito de Biotita Mafico,,,,,
parm-34,,BD_Ytrio,674055.0,5876945.0,-37.237784,-73.037776,110.0,20.12,30.7836,149.31,114.92,18.51,311.67,158.85,4.763397,0.278192,Granito de Biotita Siliceo,,,,,
parm-35,,BD_Ytrio,674008.0,5876966.0,-37.237604,-73.03831,111.0,23.19,35.4807,157.1,91.2,0.5,341.23,249.21,7.048666,0.366654,Granito de Biotita Siliceo,,,,,
parm-36,,BD_Ytrio,673212.0,5876251.0,-37.244193,-73.047113,147.0,22.25,34.0425,193.98,121.88,16.14,221.81,139.36,6.079544,0.322199,Migmatita,,,,,
parm-37,,BD_Ytrio,672984.0,5875877.0,-37.247605,-73.049596,129.0,18.12,27.7236,153.35,87.95,16.51,225.12,176.05,5.832227,0.441861,Migmatita,,,,,
parm-38,,BD_Ytrio,674372.0,5876830.0,-37.238761,-73.034177,110.0,23.75,36.3375,182.62,149.11,13.11,330.14,204.9,4.515797,0.24381,Granito de Biotita Siliceo,,,,,
parm-39,,BD_Ytrio,674555.0,5876693.0,-37.239961,-73.032083,137.0,16.14,24.6942,230.14,97.89,18.24,201.15,30.0,3.683558,0.226704,Granito de Biotita Mafico,,,,,
parm-40,,BD_Ytrio,674567.0,5876689.0,-37.239994,-73.031947,138.0,20.92,32.0076,136.54,93.2,11.89,263.55,160.48,3.841627,0.176532,Granito de Biotita Mafico,,,,,
parm-41,,BD_Ytrio,674999.0,5876810.0,-37.238823,-73.027108,126.0,8.74,13.3722,105.98,15.0,16.81,139.9,75.94,0.89773,0.0,Granito de Biotita Siliceo,,,,,
parm-42,,BD_Ytrio,676084.0,5874416.0,-37.260186,-73.014316,477.0,17.18,26.2854,77.87,61.06,0.5,209.41,85.3,5.034953,0.317523,Granito de Biotita Mafico,,,,,
parm-43,,BD_Ytrio,676059.0,5874403.0,-37.260307,-73.014595,497.0,29.64,45.3492,107.74,87.01,0.5,206.99,139.89,5.959389,0.420456,Granito de Biotita Oxidado,,,,,
PARM-44,,BD_Ytrio,676050.0,5874398.0,-37.260354,-73.014695,498.0,35.56,54.4068,78.85,80.41,9.05,166.71,77.93,5.142273,0.38316,Granito de Biotita Oxidado,,,,,
PARM-45,,BD_Ytrio,676050.0,5874398.0,-37.260354,-73.014695,497.0,86.89,132.9417,125.41,154.23,0.5,262.95,154.14,5.69267,0.420456,Granito de Biotita Oxidado,,,,,
PARM-46,,BD_Ytrio,676050.0,5874398.0,-37.260354,-73.014695,496.0,77.05,117.8865,85.93,110.73,0.5,159.96,84.74,5.511218,0.352704,Granito de Biotita Oxidado,,,,,
PARM-47,,BD_Ytrio,676050.0,5874398.0,-37.260354,-73.014695,495.0,57.29,87.6537,100.53,111.72,0.5,182.1,139.76,4.782569,0.374839,Granito de Biotita Oxidado,,,,,
PARM-48,,BD_Ytrio,676050.0,5874398.0,-37.260354,-73.014695,494.0,54.88,83.9664,231.37,189.0,29.73,356.0,157.76,4.674757,0.37336,Granito de Biotita Oxidado,,,,,
PARM-49,,BD_Ytrio,676050.0,5874398.0,-37.260354,-73.014695,493.0,28.86,44.1558,109.35,81.81,9.37,203.25,148.85,5.381391,0.402017,Granito de Biotita Oxidado,,,,,
PARM-50,,BD_Ytrio,676050.0,5874398.0,-37.260354,-73.014695,492.0,27.44,41.9832,135.36,105.95,9.99,230.43,177.38,6.071456,0.448868,Granito de Biotita Oxidado,,,,,
PARM-51,,BD_Ytrio,676050.0,5874398.0,-37.260354,-73.014695,491.0,22.78,34.8534,135.22,113.66,0.5,235.48,110.98,6.136162,0.359134,Granito de Biotita Oxidado,,,,,
parm-52,,BD_Ytrio,676063.0,5874396.0,-37.26037,-73.014548,497.0,96.72,147.9816,66.41,85.22,0.5,203.62,80.68,5.327559,0.435552,Granito de Biotita Oxidado,,,,,
parm-53,,BD_Ytrio,676063.0,5874396.0,-37.26037,-73.014548,496.0,43.74,66.9222,188.79,126.89,16.93,249.38,166.26,4.988756,0.351864,Granito de Biotita Oxidado,,,,,
parm-54,,BD_Ytrio,676063.0,5874396.0,-37.26037,-73.014548,495.0,32.81,50.1993,120.37,92.2,0.5,180.02,125.76,5.969667,0.47116,Granito de Biotita Oxidado,,,,,
parm-55,,BD_Ytrio,676063.0,5874396.0,-37.26037,-73.014548,494.0,26.43,40.4379,138.32,120.37,0.5,253.15,143.95,5.595508,0.504199,Granito de Biotita Oxidado,,,,,
parm-56,,BD_Ytrio,676063.0,5874396.0,-37.26037,-73.014548,493.0,19.64,30.0492,107.88,15.0,9.09,133.64,91.05,4.469087,0.282723,Granito de Biotita Oxidado,,,,,
parm-57,,BD_Ytrio,676063.0,5874396.0,-37.26037,-73.014548,492.0,50.16,76.7448,150.69,117.91,0.5,243.54,133.11,5.322227,0.466053,Granito de Biotita Oxidado,,,,,
parm-58,,BD_Ytrio,676063.0,5874396.0,-37.26037,-73.014548,491.0,30.06,45.9918,81.11,15.0,0.5,143.33,80.28,5.552888,0.372316,Granito de Biotita Oxidado,,,,,
parm-59,,BD_Ytrio,676076.0,5874409.0,-37.26025,-73.014405,497.0,38.37,58.7061,82.91,76.91,0.5,176.5,89.34,5.239281,0.370032,Granito de Biotita Mafico,,,,,
parm-60,,BD_Ytrio,676076.0,5874409.0,-37.26025,-73.014405,496.0,23.92,36.5976,173.47,142.61,11.39,318.08,173.76,6.322248,0.583817,Granito de Biotita Mafico,,,,,
parm-61,,BD_Ytrio,676076.0,5874409.0,-37.26025,-73.014405,495.0,23.97,36.6741,119.17,108.48,0.5,248.95,142.89,5.075315,0.448788,Granito de Biotita Mafico,,,,,
parm-62,,BD_Ytrio,676076.0,5874409.0,-37.26025,-73.014405,494.0,203.26,310.9878,136.69,141.03,0.5,222.02,133.61,6.816855,0.568371,Granito de Biotita Mafico,,,,,
parm-63,,BD_Ytrio,676076.0,5874409.0,-37.26025,-73.014405,493.0,33.71,51.5763,88.78,75.18,0.5,160.12,123.9,4.927248,0.388584,Granito de Biotita Mafico,,,,,
parm-64,,BD_Ytrio,676076.0,5874409.0,-37.26025,-73.014405,492.0,39.05,59.7465,143.04,71.05,0.5,192.14,32.0,6.177663,0.451073,Granito de Biotita Mafico,,,,,
parm-65,,BD_Ytrio,676076.0,5874409.0,-37.26025,-73.014405,491.0,14.05,21.4965,114.33,91.88,0.5,222.2,128.58,4.44727,0.326244,Granito de Biotita Mafico,,,,,
parm-66,,BD_Ytrio,676069.0,5874408.0,-37.260261,-73.014483,479.0,21.68,33.1704,163.99,118.21,13.57,350.53,240.34,8.643149,0.798928,Dique Arcilloso,,,Mn_ALTO(1.100204%),,
parm-67,,BD_Ytrio,676143.0,5874327.0,-37.260976,-73.01363,463.0,15.91,24.3423,167.64,128.88,15.68,285.08,153.35,5.054248,0.381025,Granito de Biotita Mafico,,,,,
parm-68,,BD_Ytrio,676209.0,5874357.0,-37.260694,-73.012893,453.0,7.52,11.5056,137.21,128.69,10.42,315.33,180.75,5.665278,0.35877,Granito de Biotita Mafico,,,,,
parm-69,,BD_Ytrio,671546.0,5873388.0,-37.270294,-73.065227,170.0,22.71,34.7463,167.64,120.84,0.5,253.25,242.16,5.263246,0.0,Migmatita,,,,,
parm-70,,BD_Ytrio,671572.0,5873452.0,-37.269712,-73.064949,180.0,18.65,28.5345,183.82,137.29,9.65,297.28,163.03,1.963734,0.166875,Migmatita,,,,,
parm-71,,BD_Ytrio,671574.0,5873510.0,-37.26919,-73.064939,188.0,30.65,46.8945,166.99,111.46,18.66,246.85,152.46,7.722592,0.612842,Migmatita,,,,,
parm-72,,BD_Ytrio,671239.0,5874063.0,-37.264269,-73.068843,272.0,15.93,24.3729,143.92,90.95,10.99,257.85,142.58,4.112593,0.269697,Migmatita,,,,,
parm-73,,BD_Ytrio,671752.0,5873439.0,-37.269796,-73.062917,194.0,23.46,35.8938,202.85,153.95,37.88,239.93,145.28,3.951198,0.29954,Migmatita,,,,,
parm-74,,BD_Ytrio,672030.0,5874135.0,-37.263475,-73.059944,271.0,2.91,4.4523,268.27,181.38,17.09,445.63,288.84,4.267363,0.519845,Migmatita,,,,,
parm-75,,BD_Ytrio,672499.0,5873294.0,-37.270965,-73.054462,391.0,12.79,19.5687,506.36,307.86,118.14,573.71,336.22,6.50786,0.553068,Granito de Biotita Siliceo,,,,,
parm-76,,BD_Ytrio,672845.0,5872883.0,-37.274603,-73.050467,454.0,6.96,10.6488,81.63,15.0,0.5,159.09,110.73,4.982004,0.326911,Granito de Biotita Siliceo,,,,,
pgrm-01,,BD_Ytrio,677068.0,5867583.0,-37.321554,-73.001598,606.0,25.19,38.5407,161.83,123.32,0.5,307.43,149.13,4.135348,0.236295,Granito de Biotita Siliceo,,,,,
pgrm-02,,BD_Ytrio,676881.0,5867765.0,-37.31995,-73.003751,593.0,4.05,6.1965,152.86,122.72,0.5,301.68,169.03,5.06611,0.432269,Granito de Biotita Siliceo,,,,,
pgrm-03,,BD_Ytrio,676765.0,5867575.0,-37.321684,-73.005014,560.0,5.61,8.5833,165.36,103.82,0.5,225.52,168.67,6.25132,0.423095,Granito de Biotita Mafico,,,,,
pgrm-04,,BD_Ytrio,676764.0,5867570.0,-37.321729,-73.005024,559.0,3.51,5.3703,107.27,96.92,7.18,236.14,136.75,3.945409,0.316784,Granito de Biotita Siliceo,,,,,
pgrm-05,,BD_Ytrio,676660.0,5867681.0,-37.320749,-73.006223,529.0,5.47,8.3691,63.62,15.0,0.5,35.0,30.0,4.017722,0.322913,Granito de Biotita Siliceo,,,,,
pgrm-06,,BD_Ytrio,676653.0,5867676.0,-37.320795,-73.006301,529.0,8.25,12.6225,141.59,127.97,0.5,293.25,174.53,6.153584,0.397922,Granito de Biotita Mafico,,,,,
pgrm-07,,BD_Ytrio,676654.0,5867669.0,-37.320858,-73.006288,528.0,11.0,16.83,263.36,74.42,16.85,175.28,102.28,6.614694,0.418373,Granito de Biotita Mafico,,,,,
pgrm-08,,BD_Ytrio,676654.0,5867672.0,-37.320831,-73.006289,528.0,15.36,23.5008,133.85,112.84,0.5,309.32,173.68,9.42525,0.671879,Xenolito Dioritico,,,,,
pgrm-09,,BD_Ytrio,676657.0,5867656.0,-37.320975,-73.006251,524.0,11.9,18.207,146.21,102.9,0.5,246.21,171.15,6.664305,0.433246,Granito de Biotita Mafico,,,,,
pgrm-10,,BD_Ytrio,676510.0,5867632.0,-37.321219,-73.007904,485.0,65.06,99.5418,78.22,63.74,0.5,128.14,100.77,4.783442,0.311826,Granito de Biotita Siliceo,,,,,
pgrm-11,,BD_Ytrio,676492.0,5867467.0,-37.322709,-73.008067,473.0,13.35,20.4255,157.6,131.4,8.47,335.43,199.75,4.119538,0.254269,Granito de Biotita Siliceo,,,,,
pgrm-12,,BD_Ytrio,675990.0,5867498.0,-37.322525,-73.013737,465.0,35.0,53.55,146.5,114.76,0.5,318.55,165.23,5.128386,0.361913,Granito de Biotita Siliceo,,,,,
pgrm-13,,BD_Ytrio,675789.0,5867671.0,-37.321004,-73.016046,480.0,11.67,17.8551,96.37,56.84,9.78,174.05,133.74,2.731021,0.232652,Granito de Biotita Siliceo,,,,,
pgrm-14,,BD_Ytrio,675618.0,5867500.0,-37.322577,-73.017934,508.0,12.21,18.6813,86.79,62.05,0.5,183.87,111.65,4.525629,0.25203,Granito de Biotita Siliceo,,,,,
pgrm-15,,BD_Ytrio,675119.0,5867607.0,-37.321707,-73.023588,619.0,29.43,45.0279,159.24,108.77,16.96,213.79,98.35,3.277984,0.165827,Granito de Biotita Siliceo,,,,,
pgrm-16,,BD_Ytrio,674703.0,5867528.0,-37.322497,-73.028262,713.0,8.12,12.4236,106.18,67.08,0.5,199.56,117.43,6.529041,0.367217,Granito de Biotita Mafico,,,,,
pgrm-17,,BD_Ytrio,674699.0,5867508.0,-37.322678,-73.028302,717.0,21.49,32.8797,172.12,93.55,10.06,227.48,124.88,6.401013,0.329907,Granito de Biotita Siliceo,,,,,
pgrm-18,,BD_Ytrio,674644.0,5867071.0,-37.326625,-73.02882,739.0,21.56,32.9868,142.65,105.96,27.03,191.39,143.95,4.009684,0.287673,Granito de Biotita Siliceo,,,,,
pgrm-19,,BD_Ytrio,674257.0,5867600.0,-37.321932,-73.03331,721.0,10.6,16.218,99.34,118.84,24.72,195.9,121.98,4.250527,0.28242,Granito de Biotita Siliceo,,,,,
pgrm-20,,BD_Ytrio,674244.0,5867604.0,-37.321899,-73.033457,720.0,5.83,8.9199,259.42,242.74,0.5,671.61,416.48,2.854966,0.244367,Granito de Biotita Siliceo,,,,,
pgrm-21,,BD_Ytrio,674370.0,5867874.0,-37.319443,-73.0321,695.0,5.24,8.0172,66.69,59.29,0.5,35.0,30.0,4.993678,0.288337,Granito de Biotita Siliceo,,,,,
pgrm-22,,BD_Ytrio,674384.0,5867872.0,-37.319458,-73.031941,695.0,28.1,42.993,237.71,176.69,0.5,518.13,317.82,3.989971,0.419045,Granito de Biotita Siliceo,,,,,
pgrm-23,,BD_Ytrio,674276.0,5867997.0,-37.318352,-73.033189,678.0,10.86,16.6158,101.35,78.21,0.5,156.83,107.66,5.797126,0.530209,Granito de Biotita Siliceo,,,,,
pgrm-24,,BD_Ytrio,673833.0,5867917.0,-37.319156,-73.038167,651.0,10.2,15.606,66.09,15.0,10.74,111.67,30.0,5.203029,0.339288,Granito de Biotita Mafico,,,,,
pgrm-25,,BD_Ytrio,673827.0,5867914.0,-37.319184,-73.038234,642.0,6.43,9.8379,170.18,131.68,15.33,344.45,207.12,5.782888,0.489991,Granito de Biotita Mafico,,,,,
pgrm-26,,BD_Ytrio,673825.0,5867905.0,-37.319266,-73.038254,641.0,7.27,11.1231,125.33,105.19,0.5,199.79,113.9,5.05445,0.398492,Granito de Biotita Mafico,,,,,
pgrm-27,,BD_Ytrio,673824.0,5867900.0,-37.319311,-73.038264,638.0,8.09,12.3777,108.45,80.52,0.5,211.32,139.87,5.0688,0.439739,Granito de Biotita Mafico,,,,,
pgrm-28,,BD_Ytrio,673819.0,5867889.0,-37.319411,-73.038318,633.0,17.42,26.6526,107.95,83.83,8.24,225.79,139.68,5.098531,0.453853,Granito de Biotita Mafico,,,,,
pgrm-29,,BD_Ytrio,673504.0,5867574.0,-37.322308,-73.041798,637.0,9.28,14.1984,67.02,15.0,17.29,35.0,95.44,3.643783,0.25587,Granito de Biotita Siliceo,,,,,
pgrm-30,,BD_Ytrio,672626.0,5867434.0,-37.323732,-73.051669,747.0,4.33,6.6249,73.62,15.0,8.97,35.0,79.66,4.264568,0.273867,Granito de Biotita Mafico,,,,,
pgrm-31,,BD_Ytrio,672570.0,5867366.0,-37.324355,-73.052285,757.0,14.52,22.2156,95.45,85.27,21.64,135.58,124.73,4.741587,0.24125,Granito de Biotita Siliceo,,,,,
pgrm-32,,BD_Ytrio,672386.0,5866866.0,-37.328894,-73.054244,791.0,10.97,16.7841,90.9,62.02,7.6,110.11,30.0,4.347861,0.3008,Granito de Biotita Siliceo,,,,,
pgrm-33,,BD_Ytrio,671944.0,5866072.0,-37.336129,-73.059047,794.0,3.46,5.2938,20.0,15.0,0.5,35.0,30.0,2.416311,0.149295,Granito de Biotita Siliceo,,,,,
pgrm-34,,BD_Ytrio,672340.0,5867953.0,-37.31911,-73.055016,655.0,0.5,1.53,102.14,95.06,0.5,228.47,157.44,2.698755,0.139609,Granito de Biotita Siliceo,,,,,
pgrm-35,,BD_Ytrio,672278.0,5868548.0,-37.313761,-73.055853,595.0,7.59,11.6127,97.69,59.83,0.5,209.45,143.94,4.252455,0.279978,Granito de Biotita Siliceo,,,,,
pgrm-36,,BD_Ytrio,671681.0,5867067.0,-37.327214,-73.062244,662.0,6.45,9.8685,76.47,72.89,14.31,170.26,103.68,5.615269,0.444258,Granito de Biotita Siliceo,,,,,
qqrm-01,,BD_Ytrio,671351.0,5865783.0,-37.338842,-73.06567,796.0,15.49,23.6997,80.11,15.0,12.71,35.0,30.0,4.861548,0.214572,Granito de Biotita Siliceo,,,,,
qqrm-02,,BD_Ytrio,670946.0,5865547.0,-37.341043,-73.070186,828.0,18.59,28.4427,154.34,178.86,20.05,278.46,183.4,7.922892,0.643785,Granito de Biotita Siliceo,,,,,
qqrm-03,,BD_Ytrio,670633.0,5865747.0,-37.339298,-73.073763,830.0,0.5,1.53,85.1,15.0,0.5,173.24,94.74,3.725939,0.278669,Granito de Biotita Siliceo,,,,,
qqrm-04,,BD_Ytrio,669889.0,5865664.0,-37.340183,-73.082139,810.0,21.07,32.2371,175.06,134.26,15.45,278.9,204.49,4.675243,0.335749,Migmatita,,,,,
qqrm-05,,BD_Ytrio,669559.0,5865892.0,-37.338189,-73.085914,820.0,21.32,32.6196,149.13,106.61,20.8,281.48,184.77,4.963902,0.305798,Migmatita,,,,,
qqrm-06,,BD_Ytrio,670266.0,5865615.0,-37.340555,-73.077874,829.0,4.48,6.8544,108.56,15.0,8.51,161.27,78.41,5.816327,0.478599,Granito de Biotita Siliceo,,,,,
qqrm-07,,BD_Ytrio,670706.0,5865206.0,-37.344159,-73.072815,797.0,21.77,33.3081,67.07,15.0,9.48,35.0,30.0,4.993948,0.291575,Granito de Biotita Siliceo,,,,,
qqrm-08,,BD_Ytrio,670698.0,5864988.0,-37.346124,-73.072855,809.0,18.15,27.7695,158.2,163.71,14.62,298.92,183.72,5.764167,0.396718,Granito de Biotita Siliceo,,,,,
qqrm-09,,BD_Ytrio,670699.0,5865001.0,-37.346007,-73.072847,808.0,25.31,38.7243,158.49,140.53,0.5,303.71,202.85,4.933082,0.339739,Granito de Biotita Mafico,,,,,
qqrm-10,,BD_Ytrio,670693.0,5865012.0,-37.345909,-73.072917,807.0,11.01,16.8453,103.0,15.0,0.5,134.16,30.0,5.645916,0.361472,Granito de Biotita Mafico,,,,,
qqrm-11,,BD_Ytrio,670699.0,5865032.0,-37.345728,-73.072854,806.0,0.5,1.53,151.95,71.24,0.5,267.06,190.84,6.77017,0.580762,Granito de Biotita Mafico,,,,,
qqrm-12,,BD_Ytrio,670694.0,5865029.0,-37.345755,-73.07291,808.0,24.77,37.8981,133.05,122.83,10.12,227.92,149.94,6.022505,0.424696,Granito de Biotita Siliceo,,,,,
qqrm-13,,BD_Ytrio,671253.0,5864939.0,-37.346463,-73.066581,806.0,11.0,16.83,189.26,112.49,13.84,321.38,201.73,5.578141,0.408506,Granito de Biotita Siliceo,,,,,
qqrm-14,,BD_Ytrio,671486.0,5865072.0,-37.345222,-73.063983,784.0,8.89,13.6017,124.78,129.77,11.6,199.42,140.66,4.184594,0.249115,Granito de Biotita Siliceo,,,,,
qqrm-15,,BD_Ytrio,671671.0,5864851.0,-37.347179,-73.061844,786.0,23.98,36.6894,108.37,118.92,8.87,276.92,188.76,4.561223,0.306836,Granito de Biotita Siliceo,,,,,
qqrm-16,,BD_Ytrio,671744.0,5864647.0,-37.349003,-73.060973,811.0,15.24,23.3172,139.32,101.19,0.5,241.9,133.51,4.747359,0.451181,Granito de Biotita Siliceo,,,,,
qqrm-17,,BD_Ytrio,671184.0,5864746.0,-37.348215,-73.067315,763.0,6.06,9.2718,145.41,88.6,16.54,195.78,117.62,2.463594,0.228151,Granito de Biotita Siliceo,,,,,
qqrm-18,,BD_Ytrio,671185.0,5864752.0,-37.34816,-73.067305,758.0,23.19,35.4807,130.21,94.69,0.5,173.18,111.63,4.485708,0.294767,Granito de Biotita Mafico,,,,,
qqrm-19,,BD_Ytrio,671202.0,5864755.0,-37.34813,-73.067114,762.0,5.72,8.7516,62.94,15.0,17.5,120.52,104.04,3.856335,0.24838,Granito de Biotita Mafico,,,,,
qqrm-20,,BD_Ytrio,671195.0,5864770.0,-37.347996,-73.067197,765.0,10.95,16.7535,159.16,84.48,9.31,169.82,127.31,4.290493,0.22185,Granito de Biotita Mafico,,,,,
qqrm-21,,BD_Ytrio,670992.0,5864291.0,-37.352349,-73.069377,747.0,21.65,33.1245,122.03,86.36,0.5,154.14,30.0,3.684598,0.20715,Granito de Biotita Siliceo,,,,,
qqrm-22,,BD_Ytrio,670768.0,5864489.0,-37.350607,-73.07195,732.0,9.98,15.2694,118.27,77.86,31.66,244.04,123.95,6.541593,0.464467,Granito de Biotita Siliceo,,,,,
qqrm-23,,BD_Ytrio,670604.0,5864427.0,-37.351195,-73.073787,699.0,15.27,23.3631,244.29,178.51,8.82,265.17,151.61,3.803409,0.376064,Granito de Biotita Siliceo,,,,,
qqrm-24,,BD_Ytrio,670200.0,5864247.0,-37.352891,-73.078304,644.0,4.15,6.3495,91.65,88.21,9.87,204.72,126.72,5.059209,0.528953,Granito de Biotita Mafico,,,,,
qqrm-25,,BD_Ytrio,670210.0,5864254.0,-37.352826,-73.078193,644.0,10.28,15.7284,93.4,15.0,9.66,157.34,95.32,5.702766,0.33901,Granito de Biotita Siliceo,,,,,
qqrm-26,,BD_Ytrio,670073.0,5864502.0,-37.350617,-73.079796,603.0,4.97,7.6041,76.56,15.0,17.25,130.8,77.66,1.037679,0.0,Granito de Biotita Siliceo,,,,,
qqrm-27,,BD_Ytrio,670067.0,5864733.0,-37.348537,-73.079917,596.0,9.34,14.2902,156.75,70.29,14.77,168.42,111.57,3.556593,0.284049,Granito de Biotita Siliceo,,,,,
qqrm-28,,BD_Ytrio,668104.0,5864216.0,-37.353552,-73.101951,765.0,28.07,42.9471,110.36,72.81,17.47,182.17,98.11,4.661896,0.500172,Migmatita,,,,,
qqrm-29,,BD_Ytrio,671862.0,5864467.0,-37.350603,-73.0596,791.0,21.17,32.3901,99.84,72.25,0.5,187.04,79.04,4.763069,0.368057,Granito de Biotita Siliceo,,,,,
qqrm-30,,BD_Ytrio,672226.0,5864729.0,-37.348175,-73.055553,778.0,19.34,29.5902,152.95,96.45,0.5,227.85,158.83,4.949336,0.342848,Granito de Biotita Siliceo,,,,,
qqrm-31,,BD_Ytrio,672515.0,5864225.0,-37.352662,-73.052175,715.0,6.64,10.1592,94.96,100.18,0.5,155.07,96.34,5.873659,0.411496,Granito de Biotita Siliceo,,,,,
curm-57,,BD_Ytrio,677070.0,5878370.0,-37.224379,-73.004143,0.0,20.33,31.1049,87.51,77.52,10.99,142.23,112.39,4.862178,0.355129,Granito de Biotita Mafico,,,,,
parm-77,,BD_Ytrio,676921.0,5878231.0,-37.225659,-73.005789,0.0,8.91,13.6323,20.0,15.0,0.5,35.0,78.75,5.385991,0.479518,Granito de Biotita Mafico,,,,,
parm-78,,BD_Ytrio,676916.0,5878229.0,-37.225678,-73.005845,0.0,23.12,35.3736,92.38,15.0,0.5,146.05,117.64,7.129143,0.577828,Granito de Biotita Mafico,,,,,
parm-79,,BD_Ytrio,676514.0,5878164.0,-37.22634,-73.010358,0.0,24.43,37.3779,135.74,86.24,0.5,284.38,136.84,5.489414,0.401269,Granito de Biotita Mafico,,,,,
parm-80,,BD_Ytrio,676543.0,5878251.0,-37.225551,-73.010052,0.0,3.01,4.6053,401.38,328.92,21.65,608.33,348.05,2.185457,0.31922,Granito de Biotita Siliceo,,,,,
parm-81,,BD_Ytrio,676551.0,5878278.0,-37.225306,-73.009968,0.0,6.97,10.6641,81.83,77.35,0.5,139.52,123.25,3.658379,0.280592,Granito de Biotita Siliceo,,,,,
parm-82,,BD_Ytrio,676595.0,5878256.0,-37.225496,-73.009467,0.0,14.98,22.9194,90.62,81.09,0.5,176.0,148.63,5.21787,0.369902,Granito de Biotita Mafico,,,,,
parm-83,,BD_Ytrio,676656.0,5878262.0,-37.22543,-73.008782,0.0,67.05,102.5865,224.81,216.52,0.5,402.12,292.45,11.227745,0.708776,Granito de Biotita Mafico,,,,,
parm-84,,BD_Ytrio,676730.0,5878289.0,-37.225173,-73.007954,0.0,28.75,43.9875,127.98,65.17,0.5,188.88,140.03,5.907868,0.404345,Granito de Biotita Mafico,,,,,
parm-85,,BD_Ytrio,676826.0,5878342.0,-37.224677,-73.006885,0.0,13.67,20.9151,70.58,15.0,0.5,35.0,80.08,4.144968,0.172047,Granito de Biotita Siliceo,,,,,
parm-86,,BD_Ytrio,676822.0,5878338.0,-37.224714,-73.006929,0.0,0.5,1.53,92.41,83.34,0.5,150.94,124.21,6.398098,0.249106,Granito de Biotita Mafico,,,,,
parm-87,,BD_Ytrio,677163.0,5878410.0,-37.224001,-73.003105,0.0,4.5,6.885,104.2,62.09,9.35,198.61,115.5,2.861653,0.208894,Granito de Biotita Mafico,,,,,
parm-88,,BD_Ytrio,677166.0,5878445.0,-37.223685,-73.00308,0.0,0.5,1.53,98.57,15.0,10.17,149.25,117.2,3.085746,0.280146,Granito de Biotita Mafico,,,,,
parm-89,,BD_Ytrio,677161.0,5878452.0,-37.223623,-73.003138,0.0,28.49,43.5897,69.8,70.04,0.5,218.09,124.34,6.473493,0.212164,Granito de Biotita Mafico,,,,,
parm-90,,BD_Ytrio,677151.0,5878457.0,-37.22358,-73.003251,0.0,18.59,28.4427,87.66,93.77,9.77,210.25,103.84,5.153459,0.297013,Granito de Biotita Mafico,,,,,
parm-91,,BD_Ytrio,677157.0,5878469.0,-37.22347,-73.003187,0.0,42.57,65.1321,172.54,91.76,0.5,284.52,197.57,8.372564,0.534001,Granito de Biotita Mafico,,,,,
CELBS-01a,,BD_Ytrio,682702.0,5930607.0,-36.752708,-72.95335,226.0,36.6,55.998,243.1,217.12,16.65,368.89,212.84,9.515494,0.301611,Diorita,,,,,
CELBS-01b,,BD_Ytrio,682702.0,5930607.0,-36.752708,-72.95335,226.0,21.25,32.5125,30.0,25.0,9.94,45.0,32.0,3.024156,0.160199,Vetilla Caolinita-Limonita,,,,,
CELCBS-03,,BD_Ytrio,682441.0,5931594.0,-36.743866,-72.956508,281.0,31.68,48.4704,604.66,267.49,169.08,457.9,227.62,10.11858,0.238306,Granito de Granate,,,,,
CELCBS-04,,BD_Ytrio,682317.0,5931189.0,-36.747538,-72.9578,281.0,60.92,93.2076,485.21,275.11,73.03,428.7,248.65,10.016909,0.276039,Granito de Granate,,,,,
CELCBS-05,,BD_Ytrio,682568.0,5931002.0,-36.749175,-72.954945,252.0,226.24,346.1472,261.63,180.22,19.57,401.11,227.05,10.935522,0.36123,Diorita,,,,,
CELCBS-06,,BD_Ytrio,682483.0,5931588.0,-36.743912,-72.956037,295.0,601.88,920.8764,511.7,375.89,62.32,803.25,393.09,13.148372,0.356197,Diorita con Granate,,,Y_ALTO(601.88ppm),,
CELCBS-07,,BD_Ytrio,682835.0,5931989.0,-36.740231,-72.952192,332.0,14.97,22.9041,333.06,225.52,54.2,375.65,211.76,7.022325,0.463813,Diorita,,,,,
CELCBS-08,,BD_Ytrio,681892.0,5931321.0,-36.746431,-72.962589,174.0,83.77,128.1681,212.16,178.19,9.25,370.44,220.06,10.498798,0.305398,Diorita,,,,,
CELCBS-09,,BD_Ytrio,682063.0,5931242.0,-36.74711,-72.960656,220.0,108.59,166.1427,1309.12,747.91,193.91,859.59,448.61,13.303548,0.357216,Granito de granate?,,,,,
CELCBS-11a,,BD_Ytrio,682118.0,5931474.0,-36.745009,-72.960095,223.0,109.87,168.1011,443.76,343.01,80.16,566.38,310.66,9.220278,0.291126,Diorita con Granate,,,,,
CELCBS-12,,BD_Ytrio,682029.0,5931668.0,-36.743278,-72.961138,214.0,63.24,96.7572,467.38,319.38,81.47,366.91,201.47,8.516267,0.194833,Granito de granate?,,,,,
CELCBS-13,,BD_Ytrio,681661.0,5931903.0,-36.741232,-72.965313,115.0,102.9,157.437,547.87,292.78,122.87,381.08,210.02,7.703984,0.514235,Granito de Granate,,,,,
LPPR-01,,BD_Ytrio,685681.0,5930069.0,-36.756976,-72.919868,372.0,22.48,34.3944,225.69,150.76,32.64,321.97,205.3,7.07461,0.223669,Microdiorita,,,,,
LPPR-02a,,BD_Ytrio,686348.0,5929699.0,-36.760178,-72.91231,302.0,22.17,33.9201,125.44,122.41,10.69,220.86,146.55,6.38714,0.372649,Metapelita,,,,,
LPPR-02b,,BD_Ytrio,686348.0,5929699.0,-36.760178,-72.91231,302.0,30.94,47.3382,304.39,259.97,19.6,656.31,412.24,5.273156,0.293113,Metapelita,,,,,
LPPR-03,,BD_Ytrio,686801.0,5930220.0,-36.755395,-72.907366,273.0,4.79,7.3287,121.67,95.28,0.5,163.8,110.64,3.575592,0.250763,Granito de Biotita,,,,,
LPPR-04,,BD_Ytrio,687517.0,5929651.0,-36.76038,-72.89921,275.0,81.15,124.1595,148.75,131.41,24.24,270.31,164.79,4.624037,0.355867,Granito de Biotita,,,,,
LPPR-05,,BD_Ytrio,687990.0,5929328.0,-36.763196,-72.893834,312.0,41.39,63.3267,113.32,125.34,0.5,193.9,153.34,3.561362,0.302581,Granito de Biotita,,,,,
LPPR-06,,BD_Ytrio,688242.0,5929222.0,-36.764101,-72.890986,306.0,32.03,49.0059,125.11,109.69,14.08,151.79,73.42,4.890131,0.359119,Granito de Biotita,,,,,
LPPR-07,,BD_Ytrio,689082.0,5928744.0,-36.76824,-72.881463,276.0,15.45,23.6385,111.69,25.0,8.38,192.23,77.07,3.604986,0.312079,Granito de Biotita,,,,,
LPPR-08,,BD_Ytrio,689809.0,5929240.0,-36.763627,-72.873446,183.0,23.95,36.6435,167.04,124.85,49.5,351.28,204.23,4.738521,0.368733,Granito de Biotita,,,,,
LPPR-09,,BD_Ytrio,690336.0,5929145.0,-36.764377,-72.867521,174.0,3.96,6.0588,137.1,113.52,0.5,356.29,205.08,2.393134,0.238218,Granito de Biotita,,,,,
LPPR-10,,BD_Ytrio,690336.0,5929479.0,-36.761368,-72.867605,217.0,20.81,31.8393,147.4,110.42,11.15,247.59,170.51,6.554264,0.57449,Granito de Biotita,,,,,
LPPR-11a,,BD_Ytrio,690514.0,5930293.0,-36.753999,-72.865815,275.0,17.91,27.4023,119.25,66.99,0.5,235.38,103.12,4.993369,0.450258,Granito de Biotita,,,,,
LPPR-11b,,BD_Ytrio,690514.0,5930293.0,-36.753999,-72.865815,275.0,36.78,56.2734,78.27,25.0,0.5,112.16,90.51,4.645399,0.387332,Granito de Biotita,,,,,
LPPR-12,,BD_Ytrio,688981.0,5928285.0,-36.772395,-72.88248,253.0,16.59,25.3827,126.5,85.9,8.54,232.33,150.98,6.275089,0.376387,Granito de Biotita,,,,,
LPPR-13,,BD_Ytrio,687574.0,5928264.0,-36.772864,-72.89823,276.0,25.91,39.6423,295.88,300.26,19.45,696.02,405.13,6.146659,0.496107,Metapelita,,,,,
LPPR-14,,BD_Ytrio,687489.0,5928375.0,-36.771881,-72.89921,255.0,3.37,5.1561,30.0,25.0,0.5,45.0,32.0,2.767393,0.144299,Granito de Biotita,,,,,
LPPR-15A,,BD_Ytrio,688379.0,5926374.0,-36.789731,-72.888749,210.0,17.66,27.0198,160.68,102.44,0.5,243.23,146.51,5.062458,0.411623,Granito de Biotita,,,,,
LPPR-15B,,BD_Ytrio,688379.0,5926374.0,-36.789731,-72.888749,210.0,16.15,24.7095,135.79,79.43,7.7,185.71,134.8,5.202301,0.356767,Granito de Biotita,,,,,
LPPR-16,,BD_Ytrio,690236.0,5926235.0,-36.790612,-72.867915,186.0,21.0,32.13,106.05,70.76,0.5,174.13,133.57,5.156451,0.345093,Granito de Biotita,,,,,
LPPR-17,,BD_Ytrio,687829.0,5924887.0,-36.803236,-72.894542,112.0,13.66,20.8998,71.04,25.0,12.13,45.0,96.89,3.669821,0.295178,Granito de Biotita,,,,,
LPPR-18,,BD_Ytrio,687923.0,5924066.0,-36.810613,-72.893287,119.0,23.98,36.6894,150.15,107.44,0.5,299.47,178.76,5.200385,0.345598,Granito de Biotita,,,,,
LPPR-19,,BD_Ytrio,687353.0,5923151.0,-36.818969,-72.899447,73.0,11.4,17.442,160.51,130.25,0.5,342.71,212.93,0.0,0.0,Granito de biotita,,,,,
LPPR-20,,BD_Ytrio,688280.0,5922973.0,-36.820388,-72.889016,71.0,18.64,28.5192,161.82,119.11,8.52,285.12,217.63,5.06452,0.418389,Granito de Biotita y Anfibol,,,,,
FLPR-01,,BD_Ytrio,707756.0,5922288.0,-36.822483,-72.670622,266.0,11.76,17.9928,119.13,81.46,10.03,227.72,146.29,4.672296,0.233715,Granito de Biotita,,,,DUP_1/2,
FLPR-01,,BD_Ytrio,707756.0,5922288.0,-36.822483,-72.670622,266.0,11.3,17.289,403.97,123.58,17.92,347.88,202.25,9.588341,0.235544,Granito de Biotita,,,,DUP_2/2,
FLPR-02,,BD_Ytrio,706739.0,5922071.0,-36.82466,-72.681957,265.0,13.63,20.8539,88.88,25.0,16.14,45.0,81.07,2.749824,0.175798,Granito de Biotita,,,,,
FLPR-03,,BD_Ytrio,704343.0,5922430.0,-36.821947,-72.708899,235.0,8.03,12.2859,59.85,78.24,9.47,190.85,141.12,2.535935,0.220644,Granito de Biotita,,,,,
FLPR-04a,,BD_Ytrio,702716.0,5922317.0,-36.823315,-72.727098,235.0,2.0,3.06,73.53,25.0,0.5,164.59,151.02,0.662086,0.0,Leucogranito,,,,,
FLPR-04b,,BD_Ytrio,702716.0,5922317.0,-36.823315,-72.727098,235.0,2.0,3.06,135.7,95.26,10.1,271.67,168.67,0.214602,0.0,Leucogranito,,,,,
FLPR-04c,,BD_Ytrio,702716.0,5922317.0,-36.823315,-72.727098,235.0,34.41,52.6473,95.33,107.05,0.5,267.4,186.55,3.260148,0.231532,Granito de biotita,,,,,
FLPR-05a,,BD_Ytrio,700915.0,5923035.0,-36.817231,-72.747466,170.0,13.9,21.267,166.09,136.41,33.37,331.62,177.96,4.645041,0.269859,Granito de biotita,,,,,
FLPR-05b,,BD_Ytrio,700915.0,5923035.0,-36.817231,-72.747466,170.0,2.0,3.06,267.98,207.26,0.5,572.14,379.25,3.478986,0.0,Dique Dacitico,,,,,
FLPR-06,,BD_Ytrio,698547.0,5923188.0,-36.816353,-72.774036,143.0,25.06,38.3418,192.27,145.42,16.77,389.85,175.17,4.383614,0.236553,Granito de Biotita y Anfibol,,,,DUP_1/2,
FLPR-07,,BD_Ytrio,707493.0,5924455.0,-36.803022,-72.674159,0.0,19.85,30.3705,156.46,113.37,0.5,301.69,162.99,7.204961,0.397764,Granito de biotita,,,,,
FLPR-08A,,BD_Ytrio,706226.0,5926434.0,-36.785473,-72.688887,235.0,2.0,3.06,115.64,92.24,10.92,165.75,111.35,2.137237,0.0,Granito de Biotita y Anfibol,,,,,
FLPR-08B,,BD_Ytrio,706226.0,5926434.0,-36.785473,-72.688887,235.0,8.05,12.3165,310.13,229.44,13.75,626.45,398.06,3.515751,0.173732,Granito de Biotita y Anfibol,,,,,
FLPR-09,,BD_Ytrio,705891.0,5929007.0,-36.762369,-72.693333,233.0,7.59,11.6127,155.93,130.26,0.5,270.47,139.42,4.283458,0.252849,Granito de biotita?,,,,,
FLPR-10,,BD_Ytrio,705906.0,5930495.0,-36.748963,-72.693566,205.0,6.43,9.8379,166.81,114.3,11.5,229.19,140.34,2.871435,0.124244,Granito de Biotita,,,,,
FLPR-11,,BD_Ytrio,705309.0,5931815.0,-36.737203,-72.700604,246.0,16.13,24.6789,159.52,86.03,17.94,194.12,94.57,3.540234,0.264088,Granito de Biotita,,,,,
FLPR-12,,BD_Ytrio,704160.0,5932183.0,-36.734136,-72.713561,195.0,17.99,27.5247,87.64,25.0,20.17,45.0,32.0,4.57755,0.225424,Granito de Biotita,,,,,
FLPR-13,,BD_Ytrio,702631.0,5932013.0,-36.735995,-72.730628,217.0,12.69,19.4157,87.19,67.28,15.76,183.03,93.69,5.214209,0.316783,Granito de Biotita,,,,,
FLPR-14,,BD_Ytrio,700820.0,5931657.0,-36.739586,-72.750802,230.0,14.93,22.8429,89.41,59.82,19.26,150.39,32.0,3.037359,0.231745,Granito de Biotita,,,,,
FLPR-15,,BD_Ytrio,702123.0,5930207.0,-36.752371,-72.735835,209.0,7.12,10.8936,98.16,71.63,16.38,121.22,98.63,3.284045,0.206059,Granito de Biotita,,,,,
FLPR-16,,BD_Ytrio,704674.0,5928065.0,-36.771118,-72.706705,260.0,21.71,33.2163,111.04,96.45,17.94,200.4,118.01,5.378309,0.315988,Granito de Biotita,,,,,
FLPR-17,,BD_Ytrio,701920.0,5928516.0,-36.767646,-72.73766,208.0,11.14,17.0442,121.34,103.85,10.28,231.41,157.4,4.537359,0.342509,Granito de Biotita,,,,,
FLPR-19,,BD_Ytrio,699635.0,5928978.0,-36.763969,-72.763364,178.0,13.98,21.3894,136.31,168.02,23.1,360.44,221.6,5.137989,0.338259,Granito de Biotita,,,,,
FLPR-20,,BD_Ytrio,700137.0,5923279.0,-36.815198,-72.756247,177.0,17.23,26.3619,193.0,161.69,12.22,376.62,236.61,5.303246,0.333105,Granito de Biotita y Anfibol,,,,,
FLPR-21,,BD_Ytrio,702850.0,5924187.0,-36.806442,-72.726095,225.0,12.71,19.4463,80.74,25.0,7.78,140.58,86.76,4.403963,0.251542,Granito de Biotita y Anfibol,,,,,
FLPR-23,,BD_Ytrio,699271.0,5923547.0,-36.812967,-72.766019,192.0,7.48,11.4444,229.67,200.34,0.5,426.5,247.46,2.882956,0.261345,Granito de Biotita y Anfibol,,,,,
FLPR-24,,BD_Ytrio,698023.0,5924084.0,-36.808392,-72.78014,194.0,25.31,38.7243,98.04,107.52,15.45,199.38,147.47,4.936343,0.336032,Granito de Biotita,,,,,
CCPR-07,,BD_Ytrio,692337.0,5923947.0,-36.810798,-72.843805,108.0,41.86,64.0458,135.58,116.56,16.44,294.4,184.41,1.729042,0.0,Granito de Biotita,,,,,
CCPR-08,,BD_Ytrio,692695.0,5922890.0,-36.820247,-72.839526,228.0,17.15,26.2395,60.76,25.0,0.5,45.0,32.0,1.612679,0.0,Granito de Biotita,,,,,
CCPR-09,,BD_Ytrio,692944.0,5923205.0,-36.817359,-72.836816,272.0,29.58,45.2574,106.79,66.46,35.0,146.58,91.96,3.718704,0.174336,Granito de Biotita,,,,,
CCPR-10,,BD_Ytrio,696771.0,5924573.0,-36.804248,-72.794292,120.0,9.68,14.8104,30.0,25.0,0.5,45.0,32.0,3.759994,0.295729,Granito de Biotita,,,,,
CCPR-11,,BD_Ytrio,695635.0,5924071.0,-36.809005,-72.806889,154.0,28.98,44.3394,120.12,84.33,16.76,305.73,194.88,4.777252,0.0,Granito de Biotita y Anfibol,,,,,
CCPR-12A,,BD_Ytrio,694636.0,5923476.0,-36.814571,-72.817928,0.0,9.13,13.9689,141.36,95.22,13.96,191.58,96.48,3.497619,0.26836,Granito de Biotita,,,,,
CCPR-12B,,BD_Ytrio,694636.0,5923476.0,-36.814571,-72.817928,0.0,16.81,25.7193,292.61,177.32,12.95,645.91,367.29,7.095426,0.294388,Microdiorita,,,,,
CCPR-13A,,BD_Ytrio,692240.0,5924501.0,-36.805827,-72.845031,100.0,4.19,6.4107,64.08,25.0,0.5,151.88,32.0,0.965149,0.0,Leucogranito,,,,,
CCPR-13B,,BD_Ytrio,692240.0,5924501.0,-36.805827,-72.845031,100.0,2.0,3.06,187.52,147.75,0.5,418.12,258.95,0.411005,0.0,Leucogranito,,,,,
CCPR-14,,BD_Ytrio,692135.0,5924409.0,-36.806678,-72.846184,84.0,19.67,30.0951,294.6,226.46,22.99,641.69,380.17,6.074428,0.831798,Migmatita,,,,,
CCPR-15A,,BD_Ytrio,684405.0,5924059.0,-36.811368,-72.9327,41.0,14.39,22.0167,155.25,91.91,23.91,191.5,131.83,5.436204,0.395496,Granito de Biotita,,,,,
CCPR-15B,,BD_Ytrio,684405.0,5924059.0,-36.811368,-72.9327,41.0,2.0,3.06,30.0,25.0,0.5,45.0,32.0,1.176947,0.0,Dique Aplitico,,,,,
CCPR-15C,,BD_Ytrio,684405.0,5924059.0,-36.811368,-72.9327,41.0,9.7,14.841,84.78,66.3,0.5,149.95,92.98,4.255971,0.306012,Metapelita,,,,,
CCPR-16A,,BD_Ytrio,685455.0,5922342.0,-36.826631,-72.920517,33.0,10.24,15.6672,144.06,130.13,0.5,266.83,195.68,4.133214,0.261569,Granito de Biotita,,,,,
CCPR-16B,,BD_Ytrio,685455.0,5922342.0,-36.826631,-72.920517,33.0,30.59,46.8027,265.71,198.84,19.51,500.04,313.03,7.470019,0.475806,Metapelita,,,,,
CCPR-16C,,BD_Ytrio,685455.0,5922342.0,-36.826631,-72.920517,33.0,27.08,41.4324,427.02,354.72,20.81,924.52,578.08,14.530508,0.378584,Metapelita,,,,,
CCPR-17A,,BD_Ytrio,696824.0,5923976.0,-36.809615,-72.793544,160.0,26.23,40.1319,162.01,127.17,23.7,321.47,178.0,6.584254,0.477956,Granito de Biotita,,,,,
CCPR-17B,,BD_Ytrio,696824.0,5923976.0,-36.809615,-72.793544,160.0,37.44,57.2832,274.55,266.43,0.5,789.89,444.06,9.178827,0.741237,Microdiorita,,,,,
CCPR-17C,,BD_Ytrio,696824.0,5923976.0,-36.809615,-72.793544,160.0,6.35,9.7155,175.78,161.17,13.75,437.54,258.44,0.905397,0.0,Dique Pegmatitico,,,,,
POPR-01,,BD_Ytrio,696067.0,5929090.0,-36.763704,-72.803341,127.0,20.6,31.518,101.81,85.55,9.76,179.18,95.85,4.010481,0.263211,Granito de Biotita,,,,,
POPR-02,,BD_Ytrio,697375.0,5930392.0,-36.751704,-72.789033,144.0,20.11,30.7683,86.41,25.0,14.25,179.04,150.28,4.35914,0.247811,Granito de Biotita,,,,,
POPR-03,,BD_Ytrio,697854.0,5929609.0,-36.758658,-72.783468,129.0,29.93,45.7929,160.7,117.14,16.96,233.38,141.81,5.162429,0.321151,Granito de Biotita,,,,,
POPR-04,,BD_Ytrio,696890.0,5930038.0,-36.754994,-72.794371,0.0,6.93,10.6029,92.23,71.39,0.5,127.87,89.11,2.449462,0.23154,Granito de Biotita,,,,,
POPR-05,,BD_Ytrio,696223.0,5930083.0,-36.754727,-72.801849,153.0,14.32,21.9096,122.45,25.0,13.94,106.07,32.0,4.722135,0.304709,Granito de Biotita,,,,,
POPR-06,,BD_Ytrio,697353.0,5932070.0,-36.736593,-72.789713,166.0,27.69,42.3657,133.02,25.0,24.0,165.53,101.39,4.992021,0.380924,Granito de Biotita,,,,,
POPR-07,,BD_Ytrio,697110.0,5931200.0,-36.744481,-72.792208,145.0,30.86,47.2158,184.85,150.23,8.85,386.55,214.76,4.907961,0.282086,Granito de Biotita,,,,,
POPR-8A,,BD_Ytrio,695322.0,5928062.0,-36.773118,-72.811418,121.0,8.65,13.2345,128.95,130.03,0.5,288.03,166.63,2.531809,0.218227,Granito de Biotita,,,,,
POPR-8B,,BD_Ytrio,695322.0,5928062.0,-36.773118,-72.811418,121.0,2.0,3.06,128.22,100.46,0.5,261.93,196.29,0.292052,0.0,Pegmatita,,,,,
POPR-8C,,BD_Ytrio,695322.0,5928062.0,-36.773118,-72.811418,121.0,15.7,24.021,155.43,73.64,0.5,190.98,107.14,4.678068,0.299854,Granito de Biotita,,,,,
POPR-8D,,BD_Ytrio,695322.0,5928062.0,-36.773118,-72.811418,121.0,7.87,12.0411,116.94,70.1,0.5,189.58,123.46,3.020754,0.159819,Granito de Biotita,,,,,
POPR-8E,,BD_Ytrio,695322.0,5928062.0,-36.773118,-72.811418,121.0,71.85,109.9305,124.41,60.18,55.6,45.0,32.0,3.498272,0.0,Pegmatita,,,,,
POPR-09,,BD_Ytrio,694729.0,5926197.0,-36.790041,-72.817582,111.0,7.68,11.7504,30.0,25.0,0.5,45.0,32.0,4.657127,0.238865,Granito de Biotita,,,,,
POPR-10,,BD_Ytrio,693835.0,5925352.0,-36.797836,-72.82738,141.0,13.02,19.9206,135.3,79.79,0.5,153.7,121.32,4.494742,0.298539,Granito de Biotita,,,,,
POPR-11(1),,BD_Ytrio,693012.0,5926796.0,-36.784996,-72.836965,177.0,18.68,28.5804,87.19,70.37,0.5,129.38,94.23,4.566818,0.162683,Granito de biotita,,,,,
POPR-11(2),,BD_Ytrio,692489.0,5929976.0,-36.756456,-72.843625,341.0,30.09,46.0377,118.91,73.56,0.5,175.54,115.25,6.124559,0.442597,Granito de biotita,,,,,
POPR-12A,,BD_Ytrio,693261.0,5929043.0,-36.764704,-72.834746,0.0,7.7,11.781,96.87,25.0,11.63,45.0,111.64,5.521761,0.290433,Granito de biotita,,,,,
POPR-12B,,BD_Ytrio,693261.0,5929043.0,-36.764704,-72.834746,0.0,6.75,10.3275,211.27,157.97,18.71,357.57,280.51,4.301832,0.224573,Granito de biotita,,,,,
POPR-13B,,BD_Ytrio,693412.0,5928447.0,-36.770042,-72.832904,0.0,17.04,26.0712,129.65,75.06,10.0,163.98,97.17,3.887504,0.225044,Granito de biotita,,,,,
POPR-14,,BD_Ytrio,693213.0,5928929.0,-36.765741,-72.835254,0.0,5.79,8.8587,119.09,94.81,26.55,165.56,121.69,1.818424,0.0,Granito de biotita,,,,,
POPR-15,,BD_Ytrio,692876.0,5928438.0,-36.770232,-72.838903,0.0,17.71,27.0963,244.91,176.28,10.95,376.99,244.77,5.297149,0.279931,Granito de biotita,,,,,
POPR-16,,BD_Ytrio,692292.0,5928547.0,-36.769369,-72.84547,0.0,12.57,19.2321,92.78,63.66,8.71,157.95,32.0,5.047658,0.332803,Granito de biotita,,,,,
POPR-17A,,BD_Ytrio,692825.0,5927962.0,-36.774531,-72.839354,0.0,25.94,39.6882,82.31,25.0,0.5,177.96,107.38,4.369568,0.289752,Granito de biotita,,,,,
POPR-17C,,BD_Ytrio,692825.0,5927962.0,-36.774531,-72.839354,0.0,17.22,26.3466,216.15,168.06,8.52,408.75,269.52,5.034652,0.388176,Microgranito de Biotita,,,,,
POPR-17B,,BD_Ytrio,692825.0,5927962.0,-36.774531,-72.839354,246.0,16.83,25.7499,131.17,109.95,8.29,203.86,168.11,5.144345,0.3721,Microgranito de Biotita,,,,,
POPR-18,,BD_Ytrio,693236.0,5927951.0,-36.774546,-72.834749,270.0,7.11,10.8783,86.93,25.0,22.03,110.35,67.85,0.0,0.169247,Granito de biotita,,,,,
POPR-19A,,BD_Ytrio,691380.0,5923947.0,-36.810992,-72.854526,93.0,11.7,17.901,114.93,76.18,11.06,181.54,130.82,0.0,0.336046,Granito de biotita,,,,,
POPR-19B,,BD_Ytrio,692455.0,5924913.0,-36.802072,-72.842727,85.0,14.76,22.5828,139.6,80.79,8.21,250.99,182.14,0.0,0.215559,Granito de biotita,,,,DUP_1/2,
POPR-19B,,BD_Ytrio,692455.0,5924913.0,-36.802072,-72.842727,85.0,13.13,20.0889,120.87,25.0,0.5,156.32,117.53,3.5976,0.241121,Granito de Biotita,,,,DUP_2/2,
POPR-20,,BD_Ytrio,696857.0,5925971.0,-36.791637,-72.79369,139.0,22.67,34.6851,158.54,120.34,0.5,248.55,164.95,5.670715,0.432746,Granito de biotita,,,,,
POPR-21,,BD_Ytrio,695727.0,5927316.0,-36.779755,-72.806692,162.0,19.65,30.0645,91.24,64.95,15.2,101.04,77.81,3.596572,0.197623,Granito de biotita,,,,,
POPR-22,,BD_Ytrio,697055.0,5929099.0,-36.763418,-72.792281,169.0,20.67,31.6251,128.0,89.72,11.18,136.18,116.29,4.486977,0.3442,Granito de biotita,,,,,
POPR-23,,BD_Ytrio,698215.0,5928036.0,-36.772752,-72.779018,183.0,8.7,13.311,126.15,67.16,11.5,186.79,78.87,5.133576,0.282472,Granito de biotita,,,,,
BEPR-01,,BD_Ytrio,683528.0,5929978.0,-36.758215,-72.943952,301.0,326.97,500.2641,582.33,442.18,94.75,752.24,442.97,11.130904,0.374057,Granito de Granate,,,,,
VTT JUAN CHICO,,BD_Ytrio,690625.0,5937672.0,-36.687503,-72.866412,331.0,117.06,179.1018,222.04,149.49,0.5,411.4,240.3,11.00276,0.88059,Vetilla de Oxidos,,,,DUP_2/2,
LPPR22,,BD_Ytrio,689170.0,5922093.0,-36.828138,-72.878825,154.0,35.78,54.7434,97.56,69.49,0.5,188.12,157.45,0.0,0.544172,Granito de biotita,,,,,
LPPR-23,,BD_Ytrio,690611.0,5923623.0,-36.814066,-72.863061,84.0,25.26,38.6478,136.9,114.45,8.7,281.27,199.66,0.0,0.0005,Granito de biotita,,,,DUP_1/2,
lppr-24a,,BD_Ytrio,685297.0,5931974.0,-36.739889,-72.92463,0.0,31.55,48.2715,157.53,110.37,25.77,253.6,141.31,6.635343,0.483774,Metapelita,,,,,
lppr-24b,,BD_Ytrio,685297.0,5931974.0,-36.739889,-72.92463,0.0,31.4,48.042,293.33,225.88,22.9,470.99,285.04,8.855259,0.733446,Metapelita,,,,,
lppr-24c,,BD_Ytrio,685297.0,5931974.0,-36.739889,-72.92463,0.0,32.59,49.8627,264.68,198.77,23.58,564.67,325.55,4.00554,0.263128,Metapelita,,,,,
lppr-25a,,BD_Ytrio,685586.0,5931895.0,-36.740544,-72.921376,0.0,116.45,178.1685,351.98,192.42,55.87,396.88,210.91,9.11312,0.422894,Granito de Granate,,,,,
lppr-25b,,BD_Ytrio,685586.0,5931895.0,-36.740544,-72.921376,0.0,119.32,182.5596,556.76,312.87,60.54,618.77,340.72,10.018489,0.524036,Granito de Granate,,,,,
lppr-26a,,BD_Ytrio,685774.0,5931872.0,-36.740715,-72.919266,0.0,5.04,7.7112,100.18,56.8,10.99,119.79,87.19,4.518006,0.179549,Granito de biotita,,,,,
lppr-26b,,BD_Ytrio,685774.0,5931872.0,-36.740715,-72.919266,0.0,32.75,50.1075,183.27,158.36,26.47,460.09,266.85,7.143418,0.611388,Microdiorita,,,,,
lppr-27,,BD_Ytrio,686119.0,5931783.0,-36.741449,-72.915382,0.0,10.98,16.7994,30.0,25.0,12.26,45.0,32.0,3.356814,0.224544,Granito de biotita,,,,,
lppr-28,,BD_Ytrio,686824.0,5931724.0,-36.741842,-72.907476,0.0,24.87,38.0511,280.11,206.79,20.88,533.22,279.8,5.028567,0.603139,Metapelita,,,,,
lppr-29a,,BD_Ytrio,687004.0,5931938.0,-36.739878,-72.905514,0.0,29.84,45.6552,113.18,72.03,10.47,119.49,84.04,3.236913,0.214245,Granito de biotita,,,,,
lppr-31,,BD_Ytrio,690526.0,5931209.0,-36.745745,-72.865909,0.0,48.06,73.5318,120.14,92.94,9.97,218.44,142.06,5.596738,0.413637,Granito de biotita,,,,,
popr-24,,BD_Ytrio,691423.0,5931310.0,-36.744655,-72.855894,0.0,50.29,76.9437,116.51,121.88,11.63,203.91,130.12,4.631054,0.304971,Granito de biotita,,,,,
popr-25,,BD_Ytrio,691600.0,5931473.0,-36.74315,-72.853953,0.0,68.67,105.0651,107.15,100.27,9.6,172.04,82.66,5.125041,0.31541,Granito de biotita,,,,,
popr-26a,,BD_Ytrio,693358.0,5930989.0,-36.747154,-72.834153,0.0,16.65,25.4745,157.68,125.74,24.37,325.42,215.8,1.755982,0.146299,Microgranito de Biotita,,,,,
popr-26b,,BD_Ytrio,693358.0,5930989.0,-36.747154,-72.834153,0.0,4.4,6.732,100.93,101.47,10.09,185.4,127.01,2.500454,0.0,Microgranito de Biotita,,,,,
popr-27,,BD_Ytrio,693897.0,5931306.0,-36.744188,-72.8282,0.0,4.0,6.12,170.98,159.95,13.58,432.1,296.31,3.467195,0.0,Microgranito de Biotita,,,,,
popr-28,,BD_Ytrio,693926.0,5931348.0,-36.743804,-72.827886,0.0,11.44,17.5032,136.78,110.35,17.16,266.64,149.17,2.067603,0.0,Granito de biotita,,,,,
popr-29,,BD_Ytrio,694665.0,5931990.0,-36.737869,-72.819777,0.0,10.47,16.0191,103.3,123.73,11.56,190.82,111.43,2.667366,0.18201,Granito de biotita,,,,,
flpr-25,,BD_Ytrio,700384.0,5924077.0,-36.807958,-72.75369,0.0,28.84,44.1252,142.04,88.74,12.53,193.61,32.0,4.577346,0.285461,Granito de biotita,,,,,
pbpr-01a,,BD_Ytrio,685742.0,5920328.0,-36.844718,-72.916809,0.0,19.96,30.5388,157.44,132.65,12.42,274.6,198.58,4.581205,0.397328,Granito de biotita,,,,,
pbpr-01b,,BD_Ytrio,685742.0,5920328.0,-36.844718,-72.916809,0.0,21.76,33.2928,115.56,25.0,10.46,165.08,119.34,1.407018,0.101401,Pegmatita,,,,,
pbpr-01c,,BD_Ytrio,685742.0,5920328.0,-36.844718,-72.916809,0.0,26.61,40.7133,266.31,218.81,0.5,464.22,372.18,5.047731,0.261919,Pegmatita,,,,,
pbpr-02,,BD_Ytrio,686839.0,5919906.0,-36.848304,-72.904409,0.0,15.71,24.0363,118.25,93.65,22.71,251.3,124.17,4.199338,0.339873,Granito de biotita,,,,,
chpr-01a,,BD_Ytrio,688522.0,5919255.0,-36.853834,-72.885382,0.0,2.0,3.06,173.61,166.04,0.5,419.85,261.96,1.071203,0.0,Pegmatita,,,,,
chpr-01b,,BD_Ytrio,688522.0,5919255.0,-36.853834,-72.885382,0.0,36.66,56.0898,139.01,118.96,0.5,318.91,167.99,0.624986,0.0,Pegmatita,,,,,
chpr-01c,,BD_Ytrio,688522.0,5919255.0,-36.853834,-72.885382,0.0,14.26,21.8178,232.22,174.53,0.5,512.78,310.0,6.449941,0.304599,Microdiorita,,,,,
chpr-01d,,BD_Ytrio,688522.0,5919255.0,-36.853834,-72.885382,0.0,6.72,10.2816,84.63,90.72,0.5,154.21,93.74,3.549371,0.27661,Granito de biotita,,,,,
chpr-01e,,BD_Ytrio,688522.0,5919255.0,-36.853834,-72.885382,0.0,6.82,10.4346,153.89,159.59,7.22,358.66,249.27,0.576249,0.0,Granito de biotita,,,,,
chpr-02,,BD_Ytrio,690074.0,5919214.0,-36.853892,-72.867975,0.0,7.73,11.8269,70.89,25.0,8.6,143.23,32.0,3.010016,0.183695,Granito de biotita,,,,,
chpr-03,,BD_Ytrio,692716.0,5918121.0,-36.863203,-72.838081,0.0,11.52,17.6256,30.0,25.0,0.5,45.0,32.0,4.031946,0.249709,Granito de biotita,,,,,
chpr-03b,,BD_Ytrio,692716.0,5918121.0,-36.863203,-72.838081,0.0,42.98,65.7594,177.75,148.55,13.64,408.15,283.4,4.563291,0.0,Granito de biotita,,,,,
chpr-04,,BD_Ytrio,693947.0,5917625.0,-36.867419,-72.824154,0.0,14.52,22.2156,127.01,86.84,11.2,289.28,168.26,5.412948,0.484779,Granito de biotita,,,,,
chpr-05,,BD_Ytrio,695128.0,5917102.0,-36.871887,-72.810779,0.0,12.81,19.5993,92.87,82.51,8.91,183.84,107.4,4.699029,0.342154,Granito de biotita,,,,,
chpr-06,,BD_Ytrio,695824.0,5918365.0,-36.860366,-72.803301,0.0,16.31,24.9543,371.41,247.57,20.18,653.53,395.73,5.027724,0.479288,Granito de biotita y anfibol,,,,,
chpr-07,,BD_Ytrio,695589.0,5918587.0,-36.858415,-72.805993,0.0,8.82,13.4946,98.38,85.78,24.95,212.5,103.55,4.125057,0.252178,Granito de biotita,,,,,
chpr-08,,BD_Ytrio,695231.0,5920103.0,-36.844833,-72.810396,0.0,10.11,15.4683,160.82,114.86,0.5,297.63,183.82,5.993782,0.495736,Granito de biotita,,,,,
chpr-09,,BD_Ytrio,694508.0,5922266.0,-36.825497,-72.819053,0.0,19.4,29.682,105.69,118.43,18.75,213.29,138.59,4.053021,0.261092,Granito de biotita,,,,,
chpr-10,,BD_Ytrio,694299.0,5922918.0,-36.819667,-72.821561,0.0,8.68,13.2804,131.3,108.34,14.54,406.17,235.48,4.677477,0.26109,Granito de biotita,,,,,
chpr-11,,BD_Ytrio,694047.0,5922825.0,-36.820556,-72.824361,0.0,10.04,15.3612,107.12,82.93,9.1,184.99,111.51,2.961357,0.203762,Granito de biotita,,,,,
chpr-12,,BD_Ytrio,693765.0,5922393.0,-36.824506,-72.827411,0.0,9.11,13.9383,90.92,82.58,10.24,194.89,142.26,3.194657,0.178922,Granito de biotita,,,,,
BEPR-02A,,BD_Ytrio,682789.0,5929746.0,-36.760448,-72.95217,0.0,35.06,53.6418,167.52,150.03,0.5,391.53,228.32,8.220754,0.38608,Diorita,,,,,
BEPR-02b,,BD_Ytrio,682789.0,5929746.0,-36.760448,-72.95217,0.0,28.56,43.6968,217.2,147.96,13.38,463.19,251.95,8.843257,0.290248,Diorita,,,,,
BEPR-02C,,BD_Ytrio,682789.0,5929746.0,-36.760448,-72.95217,0.0,43.0,65.79,131.88,102.47,0.5,247.14,163.73,10.45307,0.413109,Diorita,,,,,
BEPR-02D,,BD_Ytrio,682789.0,5929746.0,-36.760448,-72.95217,0.0,27.88,42.6564,222.78,189.48,9.22,513.77,306.45,9.456775,0.439654,Diorita,,,,,
BEPR-02E,,BD_Ytrio,682789.0,5929746.0,-36.760448,-72.95217,0.0,29.05,44.4465,198.35,190.24,0.5,435.05,302.16,9.891473,0.324405,Diorita,,,,,
BEPR-02F,,BD_Ytrio,682789.0,5929746.0,-36.760448,-72.95217,0.0,25.79,39.4587,244.72,200.87,17.66,590.78,338.44,8.261385,0.0005,Diorita,,,,,
BEPR-03,,BD_Ytrio,684555.0,5930062.0,-36.757259,-72.932473,0.0,2.0,3.06,30.0,25.0,0.5,45.0,32.0,1.395564,0.249938,Granito de biotita,,,,,
BEPR-04A,,BD_Ytrio,683644.0,5930004.0,-36.757958,-72.942659,0.0,34.23,52.3719,141.13,130.55,0.5,256.86,176.9,7.795023,0.3779,Diorita,,,,,
BEPR-04B,,BD_Ytrio,683644.0,5930004.0,-36.757958,-72.942659,0.0,3.67,5.6151,72.77,67.69,0.5,131.98,116.67,1.171545,0.0005,Dique Aplitico,,,,,
BEPR-04C,,BD_Ytrio,683644.0,5930004.0,-36.757958,-72.942659,0.0,2.0,3.06,182.3,227.1,0.5,517.62,328.26,0.328751,0.0005,Dique Aplitico,,,,,
BEPR-04D,,BD_Ytrio,683644.0,5930004.0,-36.757958,-72.942659,0.0,39.26,60.0678,245.55,246.52,25.42,548.27,384.9,7.303455,0.370654,Metapelita,,,,,
PBPR-03,,BD_Ytrio,686681.0,5921194.0,-36.836732,-72.906497,0.0,5.12,7.8336,95.69,67.01,0.5,240.53,104.52,3.622027,0.259384,Granito de biotita,,,,,
PBPR-04A,,BD_Ytrio,686504.0,5922312.0,-36.826695,-72.908755,0.0,22.36,34.2108,160.02,146.62,16.52,317.89,182.83,5.585508,0.388256,Granito de biotita,,,,,
PBPR-04B,,BD_Ytrio,686504.0,5922312.0,-36.826695,-72.908755,0.0,16.76,25.6428,288.54,220.43,20.84,536.9,319.33,4.48623,0.253397,Metapelita,,,,,
PBPR-04C,,BD_Ytrio,686504.0,5922312.0,-36.826695,-72.908755,0.0,21.42,32.7726,341.4,245.01,23.34,615.77,392.0,4.016241,0.310524,Microdiorita,,,,,
PBPR-04D,,BD_Ytrio,686504.0,5922312.0,-36.826695,-72.908755,0.0,14.33,21.9249,183.32,140.89,16.6,429.59,247.94,5.283821,0.414084,Granito de biotita,,,,,
CHPR-13,,BD_Ytrio,689762.0,5921450.0,-36.833812,-72.872031,0.0,2.0,3.06,160.57,154.12,0.5,402.65,231.49,0.407518,0.0,Leucogranito,,,,,
CHPR-14,,BD_Ytrio,689988.0,5921618.0,-36.832253,-72.86954,0.0,2.0,3.06,75.25,25.0,18.06,152.47,97.92,1.449763,0.0,Leucogranito,,,,,
CHPR-15,,BD_Ytrio,691030.0,5920776.0,-36.839629,-72.857651,0.0,15.42,23.5926,118.19,83.72,0.5,202.29,145.43,4.973132,0.410202,Granito de biotita,,,,,
CHPR-16A,,BD_Ytrio,690519.0,5919394.0,-36.852181,-72.863031,0.0,21.76,33.2928,68.84,25.0,17.8,159.79,77.49,5.920315,0.460894,Microgranito de Biotita,,,,,
CHPR-16B,,BD_Ytrio,690519.0,5919394.0,-36.852181,-72.863031,0.0,12.19,18.6507,193.65,162.39,100.46,391.81,241.9,1.640518,0.0,Microgranito de Biotita,,,,,
CHPR-17,,BD_Ytrio,696527.0,5916886.0,-36.873543,-72.795038,0.0,15.07,23.0571,71.86,25.0,8.36,45.0,32.0,4.06904,0.277101,Granito de biotita,,,,,
CHPR-18,,BD_Ytrio,696565.0,5919016.0,-36.854348,-72.795163,0.0,8.99,13.7547,63.65,25.0,12.3,45.0,32.0,2.982193,0.238291,Granito de biotita,,,,,
CHPR-19,,BD_Ytrio,694498.0,5918463.0,-36.859757,-72.818191,0.0,13.1,20.043,186.13,102.67,16.09,284.53,158.32,5.594677,0.368718,Granito de biotita,,,,,
CHPR-20,,BD_Ytrio,693142.0,5919218.0,-36.853234,-72.833585,0.0,15.46,23.6538,30.0,25.0,14.08,45.0,32.0,2.892053,0.167052,Granito de biotita,,,,,
CHPR-21,,BD_Ytrio,693964.0,5919951.0,-36.846463,-72.824558,0.0,27.28,41.7384,97.07,104.44,16.5,190.86,122.44,1.784387,0.12214,Granito de biotita,,,,,
carm-01,,BD_Ytrio,674062.0,5862892.0,-37.364381,-73.034404,562.0,9.72,14.8716,108.93,87.75,0.5,152.57,82.23,2.940772,0.142945,Granito de Biotita Siliceo,,,,,
carm-02,,BD_Ytrio,674178.0,5863074.0,-37.36272,-73.033137,580.0,17.21,26.3313,65.87,25.0,12.07,45.0,32.0,3.165526,0.303357,Granito de Biotita Siliceo,,,,,
carm-03,,BD_Ytrio,674250.0,5863132.0,-37.362184,-73.032339,582.0,6.21,9.5013,134.07,89.8,12.16,253.52,182.25,5.338295,0.34372,Granito de Biotita Mafico,,,,,
carm-04,,BD_Ytrio,674113.0,5862972.0,-37.363651,-73.033847,574.0,7.02,10.7406,105.57,97.95,0.5,213.7,161.62,7.519331,0.418381,Xenolito Microdioritico,,,,,
carm-05,,BD_Ytrio,674110.0,5862969.0,-37.363679,-73.03388,574.0,13.53,20.7009,111.71,70.61,0.5,223.76,151.94,6.081402,0.649925,Granito de Biotita Siliceo,,,,,
carm-06,,BD_Ytrio,674212.0,5863192.0,-37.361651,-73.032781,586.0,18.74,28.6722,111.79,66.28,10.54,155.79,103.49,4.234702,0.290721,Granito de Biotita Siliceo,,,,,
carm-07,,BD_Ytrio,674115.0,5863204.0,-37.361561,-73.033879,591.0,29.98,45.8694,130.4,86.44,7.59,228.29,116.95,3.588029,0.17885,Granito de Biotita Siliceo,,,,,
carm-08,,BD_Ytrio,674143.0,5863280.0,-37.360871,-73.033581,603.0,14.52,22.2156,104.2,65.68,13.05,232.38,141.5,3.45412,0.257992,Granito de Biotita Siliceo,,,,,
carm-09,,BD_Ytrio,674106.0,5863318.0,-37.360536,-73.034007,607.0,20.32,31.0896,175.68,142.66,8.09,325.87,153.33,5.155027,0.455702,Granito de Biotita Siliceo,,,,,
carm-10,,BD_Ytrio,674122.0,5863357.0,-37.360181,-73.033836,604.0,2.0,3.06,139.81,97.48,0.5,284.52,210.65,0.582838,0.0,Dique Aplitico,,,,,
carm-11,,BD_Ytrio,674146.0,5863392.0,-37.359861,-73.033573,608.0,5.95,9.1035,138.39,69.89,12.43,244.93,145.64,4.853267,0.321083,Granito de Biotita Mafico,,,,,
carm-12,,BD_Ytrio,674136.0,5863595.0,-37.358034,-73.033734,601.0,116.81,178.7193,113.56,139.3,0.5,208.57,113.96,3.775065,0.220254,Granito de Biotita Siliceo,,,,,
carm-13,,BD_Ytrio,674143.0,5863605.0,-37.357943,-73.033657,598.0,44.72,68.4216,121.14,80.14,0.5,239.31,140.56,6.744863,0.391108,Diorita,,,,,
carm-14,,BD_Ytrio,674087.0,5863659.0,-37.357467,-73.034302,592.0,10.19,15.5907,152.56,90.97,12.78,206.63,115.53,3.727227,0.233671,Granito de Biotita Siliceo,,,,,
carm-15,,BD_Ytrio,674173.0,5863686.0,-37.357208,-73.033338,584.0,22.25,34.0425,122.11,89.85,8.82,205.33,112.38,3.962489,0.252227,Granito de Biotita Siliceo,,,,,
carm-16,,BD_Ytrio,674238.0,5863690.0,-37.35716,-73.032605,574.0,6.65,10.1745,122.41,76.68,15.77,200.3,95.75,2.805351,0.186699,Granito de Biotita Siliceo,,,,,
carm-17,,BD_Ytrio,674286.0,5863713.0,-37.356943,-73.032069,567.0,113.67,173.9151,122.84,123.62,20.53,203.67,146.47,4.088054,0.255318,Granito de Biotita Mafico,,,,,
carm-18,,BD_Ytrio,674303.0,5863744.0,-37.356661,-73.031884,564.0,40.8,62.424,167.37,161.25,10.52,279.59,171.37,4.25757,0.338145,Granito de Biotita Mafico,,,,,
carm-19,,BD_Ytrio,674344.0,5863736.0,-37.356725,-73.03142,561.0,63.63,97.3539,125.05,85.89,11.45,123.36,81.51,5.053009,0.329327,Granito de Biotita Siliceo,,,,,
carm-20,,BD_Ytrio,674478.0,5863727.0,-37.356781,-73.029905,540.0,24.88,38.0664,99.98,25.0,11.71,164.05,98.29,3.638657,0.205487,Granito de Biotita Mafico,,,,,
carm-21,,BD_Ytrio,674483.0,5863725.0,-37.356798,-73.029849,540.0,47.03,71.9559,80.44,91.53,0.5,229.23,146.31,6.656046,0.353518,Xenolito Microdioritico,,,,,
carm-22,,BD_Ytrio,674542.0,5863691.0,-37.357093,-73.029175,530.0,10.67,16.3251,139.0,95.59,10.94,222.86,171.71,4.007033,0.34317,Granito de Biotita Mafico,,,,,
carm-23,,BD_Ytrio,674571.0,5863674.0,-37.357241,-73.028843,518.0,18.91,28.9323,81.22,66.16,13.11,130.6,103.35,4.821068,0.308945,Granito de Biotita Mafico,,,,,
carm-24,,BD_Ytrio,674576.0,5863671.0,-37.357267,-73.028786,517.0,17.33,26.5149,140.31,130.07,0.5,309.28,157.74,5.162023,0.31972,Granito de Biotita Mafico,,,,,
carm-25,,BD_Ytrio,674578.0,5863668.0,-37.357294,-73.028763,518.0,15.52,23.7456,150.63,118.45,12.52,315.22,195.86,6.037152,0.416587,Granito de Biotita Mafico,,,,,
carm-26,,BD_Ytrio,674586.0,5863653.0,-37.357427,-73.028669,518.0,26.16,40.0248,110.91,78.57,0.5,283.27,162.47,6.614909,0.470452,Granito de Biotita Oxidado,,,,,
carm-27,,BD_Ytrio,674582.0,5863666.0,-37.357311,-73.028717,520.0,11.64,17.8092,114.11,84.36,0.5,273.38,163.12,6.660127,0.390303,Granito de Biotita Oxidado,,,,,
carm-28,,BD_Ytrio,674584.0,5863668.0,-37.357293,-73.028695,520.0,19.06,29.1618,96.03,90.78,0.5,193.19,143.36,6.145123,0.482609,Granito de Biotita Oxidado,,,,,
carm-29,,BD_Ytrio,674588.0,5863662.0,-37.357346,-73.028649,520.0,15.77,24.1281,99.96,93.76,0.5,258.24,157.38,5.851545,0.380341,Granito de Biotita Oxidado,,,,,
carm-30,,BD_Ytrio,674593.0,5863663.0,-37.357336,-73.028593,519.0,125.68,192.2904,70.65,101.27,0.5,193.12,119.63,5.324734,0.387902,Granito de Biotita Oxidado,,,,,
carm-31,,BD_Ytrio,674596.0,5863646.0,-37.357489,-73.028555,519.0,27.22,41.6466,30.0,87.32,0.5,182.81,119.79,5.573635,0.340185,Granito de Biotita Oxidado,,,,,
carm-32,,BD_Ytrio,674601.0,5863657.0,-37.357389,-73.028501,521.0,27.45,41.9985,148.4,109.2,0.5,230.78,144.39,6.400521,0.375719,Granito de Biotita Oxidado,,,,,
carm-33,,BD_Ytrio,674607.0,5863665.0,-37.357315,-73.028435,519.0,18.01,27.5553,139.13,98.01,8.64,322.07,164.64,5.401998,0.324322,Granito de Biotita Mafico,,,,,
carm-34,,BD_Ytrio,674739.0,5863831.0,-37.355795,-73.026985,536.0,5.49,8.3997,119.43,64.85,0.5,178.27,104.79,4.079482,0.348022,Granito de Biotita Mafico,,,,,
carm-35,,BD_Ytrio,674764.0,5863791.0,-37.356151,-73.026693,528.0,36.35,55.6155,109.35,109.61,0.5,347.05,209.6,6.401814,0.362746,Granito de Biotita Mafico,,,,,
carm-36,,BD_Ytrio,674810.0,5863551.0,-37.358304,-73.026117,548.0,8.5,13.005,67.32,80.32,0.5,184.87,94.34,5.269914,0.433238,Granito de Biotita Mafico,,,,,
carm-37,,BD_Ytrio,674926.0,5863786.0,-37.356165,-73.024864,563.0,34.28,52.4484,121.93,88.9,0.5,181.64,123.7,5.367775,0.277943,Granito de Biotita Siliceo,,,,,
carm-38,,BD_Ytrio,675732.0,5864023.0,-37.353878,-73.015824,619.0,18.4,28.152,146.06,125.4,18.1,220.33,141.03,5.060374,0.353678,Granito de Biotita Mafico,,,,,
carm-39,,BD_Ytrio,675308.0,5863762.0,-37.356309,-73.020547,557.0,25.38,38.8314,169.13,177.07,0.5,402.31,261.91,5.299131,0.681023,Granito de Biotita Mafico,,,,DUP_1/2,
carm-39,,BD_Ytrio,675308.0,5863762.0,-37.356309,-73.020547,557.0,16.47,25.1991,169.67,133.53,51.74,289.53,185.67,4.902768,0.567897,Granito de Biotita Mafico,,,,DUP_2/2,
carm-40,,BD_Ytrio,676198.0,5864518.0,-37.34933,-73.010683,658.0,16.23,24.8319,131.94,148.95,0.5,284.22,162.5,5.404195,0.329193,Granito de Biotita Mafico,,,,,
carm-41,,BD_Ytrio,674906.0,5865393.0,-37.341692,-73.025469,730.0,15.03,22.9959,521.17,25.0,7.71,154.39,132.29,4.720221,0.354741,Granito de Biotita Mafico,,,,,
carm-42,,BD_Ytrio,674909.0,5865397.0,-37.341656,-73.025436,731.0,21.5,32.895,91.26,78.53,11.14,172.56,99.41,3.227119,0.174418,Granito de Biotita Siliceo,,,,,
carm-43,,BD_Ytrio,674907.0,5865395.0,-37.341674,-73.025458,731.0,15.55,23.7915,141.22,89.2,7.74,121.1,102.0,3.531115,0.198879,Granito de Biotita Mafico,,,,,
carm-44,,BD_Ytrio,674906.0,5865395.0,-37.341674,-73.025469,729.0,12.48,19.0944,128.83,57.88,0.5,169.05,100.1,3.390256,0.258566,Granito de Biotita Mafico,,,,,
carm-45,,BD_Ytrio,674908.0,5865399.0,-37.341638,-73.025447,725.0,16.11,24.6483,87.69,62.56,0.5,168.98,94.71,3.122721,0.143305,Granito de Biotita Mafico,,,,,
carm-46,,BD_Ytrio,674906.0,5865398.0,-37.341647,-73.02547,725.0,28.29,43.2837,90.73,109.79,0.5,169.32,119.41,5.261741,0.517275,Granito de Biotita Mafico,,,,,
carm-47,,BD_Ytrio,674915.0,5865400.0,-37.341628,-73.025369,726.0,17.96,27.4788,201.33,160.3,21.34,333.85,177.31,5.531522,0.475171,Granito de Biotita Siliceo,,,,,
carm-48,,BD_Ytrio,674911.0,5865395.0,-37.341673,-73.025413,726.0,21.67,33.1551,134.21,110.1,23.54,224.54,140.09,4.171007,0.299684,Granito de Biotita Siliceo,,,,,
carm-49,,BD_Ytrio,675209.0,5865560.0,-37.340131,-73.022089,701.0,6.6,10.098,158.79,81.64,7.67,131.63,75.37,2.322623,0.0,Granito de Biotita Siliceo,,,,,
carm-50,,BD_Ytrio,675212.0,5865562.0,-37.340112,-73.022056,701.0,14.49,22.1697,167.59,104.69,9.86,248.88,144.98,4.318782,0.33652,Granito de Biotita Mafico,,,,,
carm-51,,BD_Ytrio,675388.0,5865522.0,-37.340439,-73.020061,689.0,14.17,21.6801,155.75,135.48,50.89,280.41,182.07,4.207217,0.269217,Granito de Biotita Siliceo,,,,,
carm-52,,BD_Ytrio,675641.0,5865431.0,-37.341211,-73.017185,669.0,19.02,29.1006,137.85,67.74,0.5,216.78,189.77,6.983944,0.478399,Granito de Biotita Mafico,,,,,
carm-53,,BD_Ytrio,675638.0,5865435.0,-37.341176,-73.017219,669.0,29.89,45.7317,147.77,111.84,13.59,271.7,165.5,7.433829,0.484393,Granito de Biotita Mafico,,,,,
carm-54,,BD_Ytrio,675637.0,5865435.0,-37.341176,-73.017231,669.0,76.65,117.2745,79.29,80.06,0.5,159.21,77.96,4.823134,0.432384,Granito de Biotita Mafico,,,,,
carm-55,,BD_Ytrio,675640.0,5865436.0,-37.341166,-73.017197,672.0,24.2,37.026,137.53,82.58,0.5,243.77,161.37,6.567021,0.517817,Granito de Biotita Mafico,,,,,
carm-56,,BD_Ytrio,675641.0,5865436.0,-37.341166,-73.017186,671.0,18.51,28.3203,142.07,106.24,9.99,323.77,183.75,7.697724,0.497922,Granito de Biotita Mafico,,,,,
carm-57,,BD_Ytrio,675646.0,5865434.0,-37.341183,-73.017129,670.0,23.69,36.2457,114.76,25.0,0.5,163.86,93.66,5.210732,0.415072,Granito de Biotita Mafico,,,,,
carm-58,,BD_Ytrio,675657.0,5865434.0,-37.341181,-73.017005,671.0,24.87,38.0511,122.53,99.64,18.59,259.37,169.25,6.864423,0.348629,Granito de Biotita Mafico,,,,,
carm-59,,BD_Ytrio,675655.0,5865433.0,-37.341191,-73.017027,673.0,47.9,73.287,119.29,105.38,0.5,293.73,155.21,6.102413,0.479186,Granito de Biotita Mafico,,,,,
carm-60,,BD_Ytrio,675655.0,5865430.0,-37.341218,-73.017026,674.0,54.98,84.1194,137.82,87.6,0.5,292.64,186.98,5.751532,0.367538,Granito de Biotita Mafico,,,,,
BEPR-06a,,BD_Ytrio,683905.0,5932238.0,-36.737781,-72.940275,347.0,14.49,22.1697,79.55,52.84,9.91,45.0,32.0,3.754092,0.199134,Metapelita,,,,,
BEPR-06b,,BD_Ytrio,683905.0,5932238.0,-36.737781,-72.940275,347.0,6.58,10.0674,115.87,62.92,18.31,149.84,81.7,2.900122,0.0,Metapelita,,,,,
BEPR-07,,BD_Ytrio,683743.0,5931695.0,-36.742705,-72.941958,326.0,30.02,45.9306,198.79,158.59,24.56,439.12,284.08,3.698607,0.0,Metapelita,,,,,
BEPR-08A,,BD_Ytrio,683340.0,5931216.0,-36.747098,-72.946354,348.0,27.29,41.7537,432.54,240.34,76.82,360.65,215.01,7.910584,0.265543,Metapelita,,,,,
BEPR-08B,,BD_Ytrio,683340.0,5931216.0,-36.747098,-72.946354,348.0,19.31,29.5443,220.07,188.65,28.02,420.57,248.44,3.769961,0.249456,Metapelita,,,,,
BEPR-09,,BD_Ytrio,683371.0,5930954.0,-36.749452,-72.945944,341.0,19.47,29.7891,268.67,176.49,26.2,476.93,310.03,4.632865,0.0,Metapelita,,,,,
BEPR-10,,BD_Ytrio,683417.0,5930686.0,-36.751858,-72.945365,328.0,8.88,13.5864,73.18,25.0,7.64,132.3,81.19,4.733656,0.235858,Granito,,,,,
BEPR-11A,,BD_Ytrio,683458.0,5930942.0,-36.749544,-72.944967,334.0,97.39,149.0067,205.1,134.97,47.62,291.88,150.21,8.711023,0.235211,Diorita,,,,,
BEPR-11B,,BD_Ytrio,683458.0,5930942.0,-36.749544,-72.944967,334.0,22.7,34.731,245.98,198.71,15.75,456.01,288.04,3.530895,0.0,Diorita,,,,,
BEPR-12,,BD_Ytrio,682435.0,5931495.0,-36.744759,-72.956552,302.0,17.56,26.8668,88.83,25.0,15.37,134.89,85.8,6.456489,0.155352,Metapelita,,,,,
BEPR-13A,,BD_Ytrio,683623.0,5930806.0,-36.750737,-72.943087,317.0,2.37,3.6261,30.0,25.0,0.5,45.0,32.0,1.969034,0.0,Granito de biotita,,,,,
BEPR-13B,,BD_Ytrio,683623.0,5930806.0,-36.750737,-72.943087,317.0,16.43,25.1379,223.95,164.11,13.52,503.44,304.22,8.217155,0.651787,Diorita,,,,,
BEPR-14,,BD_Ytrio,684661.0,5931935.0,-36.740364,-72.93174,392.0,27.55,42.1515,186.23,140.56,27.14,330.7,205.94,3.790646,0.0,Metapelita,,,,,
BEPR-15A,,BD_Ytrio,684353.0,5931442.0,-36.744866,-72.935068,396.0,28.52,43.6356,197.18,111.21,61.08,196.73,96.14,7.569394,0.274116,Granito de Granate,,,,,
BEPR-15B,,BD_Ytrio,684353.0,5931442.0,-36.744866,-72.935068,396.0,19.12,29.2536,82.76,25.0,18.96,115.52,80.04,5.473618,0.272356,Metapelita,,,,,
BEPR-16,,BD_Ytrio,683350.0,5930765.0,-36.751159,-72.946134,314.0,10.25,15.6825,59.42,25.0,0.5,127.65,32.0,4.359326,0.0,Granito,,,,,
BEPR-17,,BD_Ytrio,682565.0,5930986.0,-36.74932,-72.954975,247.0,157.82,241.4646,248.28,177.41,30.85,241.81,161.76,8.011413,0.0,Granito de Granate,,,,,
BEPR-18,,BD_Ytrio,682656.0,5930862.0,-36.750419,-72.953926,257.0,45.41,69.4773,321.42,165.87,49.65,362.9,149.62,9.417818,0.218453,Granito de Granate,,,,,
BEPR-19,,BD_Ytrio,682701.0,5930963.0,-36.749501,-72.953447,257.0,31.02,47.4606,285.26,170.03,56.61,217.78,104.11,6.973275,0.24462,Granito de Granate,,,,,
BEPR-20A,,BD_Ytrio,682735.0,5931014.0,-36.749035,-72.953078,273.0,242.86,371.5758,264.68,184.91,52.68,209.35,95.57,6.521291,0.0,Granito de Granate,,,,,
BEPR-20B,,BD_Ytrio,682735.0,5931014.0,-36.749035,-72.953078,273.0,50.26,76.8978,188.08,129.21,51.83,217.37,96.27,6.511234,0.256377,Granito de Granate,,,,,
BEPR-21,,BD_Ytrio,682952.0,5931007.0,-36.749056,-72.950647,294.0,27.61,42.2433,248.07,77.77,56.3,137.84,92.94,9.30146,0.320145,Granito de Granate,,,,,
BEPR-22,,BD_Ytrio,682988.0,5930925.0,-36.749788,-72.950225,282.0,80.65,123.3945,551.37,293.47,92.87,493.04,238.6,6.770677,0.278534,Granito de Granate,,,,,
BEPR-24,,BD_Ytrio,683171.0,5930875.0,-36.750203,-72.948164,293.0,57.35,87.7455,423.89,246.77,74.9,329.1,152.06,6.787748,0.218967,Granito de Granate,,,,,
BEPR-25,,BD_Ytrio,683868.0,5930866.0,-36.750149,-72.940359,337.0,2.83,4.3299,30.0,25.0,9.0,45.0,32.0,2.221235,0.0,Granito,,,,,
BEPR-27,,BD_Ytrio,684386.0,5931033.0,-36.748544,-72.9346,381.0,16.0,24.48,123.3,127.89,9.42,244.43,154.38,3.718159,0.210516,Metapelita,,,,,
BEPR-28A,,BD_Ytrio,684101.0,5930633.0,-36.752203,-72.937694,351.0,13.77,21.0681,217.69,168.36,20.88,422.32,195.79,10.154487,0.213595,Diorita,,,,,
BEPR-28B,,BD_Ytrio,684101.0,5930633.0,-36.752203,-72.937694,351.0,21.85,33.4305,90.88,61.86,14.46,168.63,78.22,6.207618,0.232736,Granito,,,,,
BEPR-39,,BD_Ytrio,682477.0,5928393.0,-36.772697,-72.95534,326.0,19.69,30.1257,144.82,82.48,16.99,206.43,167.69,0.0,0.0,Metapelita,,,,,
BEPR-30,,BD_Ytrio,683961.0,5930507.0,-36.753365,-72.939231,318.0,14.4,22.032,129.66,95.91,14.18,289.79,148.94,9.293626,0.0,Diorita,,,,,
BEPR-31,,BD_Ytrio,684094.0,5930289.0,-36.755303,-72.937689,320.0,18.25,27.9225,186.54,183.9,17.02,403.92,285.64,2.993253,0.169199,Metapelita/Hornfels,,,,,
BEPR-33,,BD_Ytrio,684446.0,5929694.0,-36.760595,-72.933605,352.0,30.26,46.2978,116.85,99.42,23.44,274.13,219.18,5.02557,0.258972,Metapelita/Hornfels,,,,,
BEPR-34A,,BD_Ytrio,684219.0,5929340.0,-36.763828,-72.936061,367.0,4.11,6.2883,30.0,25.0,0.5,45.0,32.0,1.60548,0.0,Granito,,,,,
BEPR-34B,,BD_Ytrio,684219.0,5929340.0,-36.763828,-72.936061,367.0,21.59,33.0327,251.38,148.93,14.95,360.05,264.22,10.102294,0.0,Metapelita/Hornfels,,,,,
BEPR-36,,BD_Ytrio,683835.0,5929485.0,-36.762597,-72.940395,370.0,9.25,14.1525,114.88,71.31,13.49,140.65,123.8,3.254702,0.164317,Granito,,,,,
BEPR-37,,BD_Ytrio,682604.0,5928484.0,-36.771853,-72.953939,350.0,13.01,19.9053,30.0,25.0,10.13,45.0,32.0,4.621556,0.148108,Granito,,,,,
LPPR-23,,BD_Ytrio,690611.0,5923623.0,-36.814066,-72.863061,84.0,42.4,64.872,100.63,96.11,45.25,188.65,145.19,1.798241,0.147871,Granito de biotita,,,,DUP_2/2,
LPPR-34A,,BD_Ytrio,687030.0,5931898.0,-36.740234,-72.905213,337.0,14.94,22.8582,113.94,79.06,20.11,170.35,102.59,4.158313,0.340257,Granito de biotita,,,,,
LPPR-34B,,BD_Ytrio,687030.0,5931898.0,-36.740234,-72.905213,337.0,6.32,9.6696,96.39,64.08,17.11,143.32,107.93,4.914039,0.30441,Granito de biotita,,,,,
LPPR-34C,,BD_Ytrio,687030.0,5931898.0,-36.740234,-72.905213,337.0,2.0,3.06,140.77,83.95,8.48,212.79,156.09,4.058911,0.256141,Granito de biotita,,,,,
LPPR-34D,,BD_Ytrio,687030.0,5931898.0,-36.740234,-72.905213,337.0,3.55,5.4315,88.34,25.0,11.9,123.73,77.86,4.148023,0.290082,Granito de biotita,,,,,
LPPR-34E,,BD_Ytrio,687030.0,5931898.0,-36.740234,-72.905213,337.0,3.87,5.9211,145.25,121.04,10.32,286.88,189.03,7.039779,0.404582,Granito de biotita,,,,,
LPPR-35,,BD_Ytrio,687380.0,5931956.0,-36.739642,-72.901309,324.0,80.41,123.0273,30.0,70.78,16.5,112.14,32.0,4.800602,0.308419,Granito de biotita,,,,,
LPPR-34F,,BD_Ytrio,687030.0,5931898.0,-36.740234,-72.905213,337.0,4.05,6.1965,90.55,25.0,0.5,154.56,116.46,3.715811,0.263549,Granito de biotita,,,,,
LPPR-29C,,BD_Ytrio,687004.0,5931938.0,-36.739878,-72.905514,344.0,12.83,19.6299,197.07,140.91,15.32,441.63,280.75,2.390836,0.192384,Granito de biotita,,,,,
BEPR-05,,BD_Ytrio,684300.0,5929365.0,-36.763587,-72.93516,350.0,2.0,3.06,69.5,59.88,10.84,127.09,81.53,3.139609,0.0,Granito de biotita,,,,,
LPPR-30A,,BD_Ytrio,688597.0,5932411.0,-36.735302,-72.8878,285.0,13.63,20.8539,98.76,25.0,0.5,45.0,32.0,5.132767,0.250916,Granito de biotita,,,,,
LPPR-30B,,BD_Ytrio,688597.0,5932411.0,-36.735302,-72.8878,285.0,22.59,34.5627,105.33,108.91,16.57,220.33,118.81,4.886489,0.234016,Granito de biotita,,,,,
LPPR-30C,,BD_Ytrio,688597.0,5932411.0,-36.735302,-72.8878,285.0,27.59,42.2127,64.45,114.28,12.95,182.22,109.1,5.19412,0.305784,Granito de biotita,,,,,
LPPR-30D,,BD_Ytrio,688597.0,5932411.0,-36.735302,-72.8878,285.0,69.05,105.6465,112.64,141.01,17.86,269.46,144.34,4.7173,0.513795,Granito de biotita,,,,,
LPPR-30E,,BD_Ytrio,688597.0,5932411.0,-36.735302,-72.8878,285.0,101.33,155.0349,84.49,67.72,13.11,158.58,32.0,5.04284,0.320179,Granito de biotita,,,,,
LPPR-33,,BD_Ytrio,689307.0,5931723.0,-36.741359,-72.879682,284.0,17.66,27.0198,81.41,25.0,0.5,45.0,80.75,3.747116,0.237352,Granito de biotita,,,,,
LPPR-32,,BD_Ytrio,689033.0,5932218.0,-36.736954,-72.882872,331.0,65.46,100.1538,159.63,77.65,14.29,131.31,32.0,4.912717,0.295054,Granito de biotita,,,,,
LPPR-29B,,BD_Ytrio,687004.0,5931938.0,-36.739878,-72.905514,344.0,41.24,63.0972,148.38,128.62,11.59,147.8,87.21,4.566113,0.319765,Granito de biotita,,,,,
CELCBS-17A,,BD_Ytrio,681284.0,5932208.0,-36.738556,-72.969606,184.0,267.73,409.6269,351.84,192.09,67.61,236.32,145.22,4.308618,0.155905,Dique Granitico,,,,,
CELCBS-17B,,BD_Ytrio,681284.0,5932208.0,-36.738556,-72.969606,184.0,194.71,297.9063,392.19,264.22,52.59,488.89,284.03,5.968102,0.0,Granito de Granate,,,,,
celcbs-18,,BD_Ytrio,682051.0,5932250.0,-36.738031,-72.961031,202.0,363.71,556.4763,524.99,261.94,68.4,414.85,230.08,8.93997,0.0,Granito de Granate,,,,,
celcbs-19,,BD_Ytrio,682037.0,5932227.0,-36.738241,-72.961182,0.0,236.52,361.8756,347.39,186.77,60.43,301.5,162.41,7.330898,0.282055,Granito de Granate,,,,,
BEPR-40,,BD_Ytrio,682864.0,5928351.0,-36.773001,-72.950996,279.0,16.98,25.9794,80.85,25.0,7.93,123.45,32.0,0.0,0.0,Granito de biotita,,,,DUP_1/2,
BEPR-41,,BD_Ytrio,683228.0,5928307.0,-36.773327,-72.946909,225.0,25.41,38.8773,116.7,74.37,18.14,123.47,107.05,0.0,0.0,Granito de biotita,,,,,
BEPR-42,,BD_Ytrio,683088.0,5929869.0,-36.759282,-72.948852,296.0,29.09,44.5077,168.1,100.85,11.68,223.99,147.26,10.44864,0.314931,Diorita,,,,,
BEPR-43,,BD_Ytrio,684182.0,5929987.0,-36.758007,-72.936631,312.0,37.08,56.7324,83.42,67.36,12.83,127.78,69.08,3.456982,0.210107,Metapelita,,,,,
BEPR-44,,BD_Ytrio,684150.0,5929984.0,-36.75804,-72.936989,311.0,174.11,266.3883,363.9,260.09,52.82,360.29,202.4,5.997389,0.19538,Granito de Granate,,,,,
BEPR-45,,BD_Ytrio,685537.0,5931014.0,-36.748491,-72.92171,341.0,1.79,2.7387,30.0,25.0,0.5,45.0,32.0,1.260798,0.0,Granito de biotita,,,,,
BEPR-46,,BD_Ytrio,680513.0,5929394.0,-36.764055,-72.977571,217.0,54.54,83.4462,160.38,102.99,23.08,258.05,180.16,5.000097,0.348023,Metapelita,,,,,
BEPR-47,,BD_Ytrio,680669.0,5928950.0,-36.768025,-72.975719,226.0,176.53,270.0909,599.91,358.83,101.84,574.77,290.66,9.465143,0.305501,Granito de Granate,,,,,
BEPR-48,,BD_Ytrio,682870.0,5928208.0,-36.774288,-72.950894,263.0,14.32,21.9096,111.93,25.0,13.33,99.11,32.0,4.435532,0.215135,Granito de biotita,,,,,
BEPR-49,,BD_Ytrio,683318.0,5928218.0,-36.774111,-72.94588,223.0,6.03,9.2259,109.63,76.44,14.74,204.27,138.5,1.977201,0.0,Granito de biotita,,,,,
LPPR-49,,BD_Ytrio,683318.0,5928218.0,-36.774111,-72.94588,223.0,36.22,55.4166,64.88,25.0,12.36,102.21,32.0,3.291779,0.120135,Granito de biotita,,,,,
BEPR-50,,BD_Ytrio,683076.0,5927792.0,-36.777996,-72.948488,175.0,24.07,36.8271,131.24,89.86,19.67,203.86,113.39,4.513101,0.197844,Granito de biotita,,,,,
LPPR-50,,BD_Ytrio,683076.0,5927792.0,-36.777996,-72.948488,175.0,10.44,15.9732,99.97,82.85,15.07,176.93,114.01,3.419397,0.0,Granito de biotita,,,,,
BEPR51-A,,BD_Ytrio,683136.0,5927427.0,-36.781272,-72.947728,141.0,13.8,21.114,126.04,25.0,0.5,128.71,118.69,4.457732,0.231278,Diorita Porfidica,,,,,
BEPR51-B,,BD_Ytrio,683136.0,5927427.0,-36.781272,-72.947728,141.0,11.69,17.8857,124.9,87.46,0.5,285.42,163.51,4.067759,0.255625,Diorita Porfidica,,,,,
BEPR-52,,BD_Ytrio,683207.0,5927931.0,-36.776718,-72.947054,158.0,16.76,25.6428,135.91,83.35,11.4,178.68,96.57,3.465187,0.160492,Granito de biotita,,,,,
LPPR-52,,BD_Ytrio,683207.0,5927931.0,-36.776718,-72.947054,158.0,3.01,4.6053,57.83,25.0,16.53,45.0,32.0,2.56817,0.0,Granito de biotita,,,,,
LPPR-53,,BD_Ytrio,682905.0,5927601.0,-36.779749,-72.950357,134.0,19.3,29.529,279.15,224.25,0.5,547.13,341.96,4.056838,0.363499,Metapelita,,,,,
BEPR-53,,BD_Ytrio,682905.0,5927601.0,-36.779749,-72.950357,134.0,7.01,10.7253,68.01,25.0,0.5,174.01,83.79,5.519371,0.303398,Diorita Porfidica,,,,,
BEPR-54,,BD_Ytrio,683088.0,5927465.0,-36.780939,-72.948275,122.0,8.69,13.2957,199.71,157.93,14.12,452.37,270.94,2.885,0.146741,Diorita Porfidica,,,,,
BEPR-55,,BD_Ytrio,683271.0,5927666.0,-36.779093,-72.946273,149.0,13.75,21.0375,86.22,70.85,12.35,147.04,89.38,3.757941,0.191684,Granito de biotita,,,,,
BEPR-56,,BD_Ytrio,683764.0,5927459.0,-36.780863,-72.940702,147.0,17.98,27.5094,131.73,99.81,10.11,195.25,151.34,4.294354,0.288841,Granito de biotita,,,,,
LPPR-36,,BD_Ytrio,685894.0,5931326.0,-36.74561,-72.91779,334.0,13.18,20.1654,30.0,80.57,12.48,142.78,79.06,5.065518,0.195074,Granito de biotita,,,,,
LPPR-37,,BD_Ytrio,685198.0,5931671.0,-36.742638,-72.925665,374.0,31.28,47.8584,133.34,106.41,25.02,241.07,190.8,7.392029,0.476849,Metapelita,,,,,
LPPR-38,,BD_Ytrio,685760.0,5931597.0,-36.743195,-72.919356,312.0,5.94,9.0882,180.51,159.4,18.83,422.7,256.95,1.090706,0.93847,Granito de biotita,,,,,
LPPR-39,,BD_Ytrio,687500.0,5931496.0,-36.743762,-72.899853,236.0,31.07,47.5371,158.02,124.91,13.92,251.72,175.39,2.967115,0.146812,Granito de biotita,,,,,
LPPR-40,,BD_Ytrio,686478.0,5931526.0,-36.743694,-72.911301,329.0,12.69,19.4157,241.58,207.4,15.61,485.85,312.11,6.431889,0.296813,Metapelita,,,,,
LPPR-41,,BD_Ytrio,686633.0,5930774.0,-36.750438,-72.909382,295.0,18.37,28.1061,119.4,80.28,15.22,219.32,145.43,4.031165,0.261596,Metapelita,,,,,
LPPR-42,,BD_Ytrio,685637.0,5930174.0,-36.756038,-72.920386,372.0,5.3,8.109,95.2,85.48,0.5,184.11,144.03,2.150748,0.0,Dique Granitico,,,,,
BEPR-57,,BD_Ytrio,680696.0,5929368.0,-36.764254,-72.975516,211.0,15.62,23.8986,122.55,25.0,10.64,193.87,105.24,4.524605,0.153612,Metapelita,,,,,
BEPR-58,,BD_Ytrio,680741.0,5929319.0,-36.764687,-72.975,211.0,52.26,79.9578,359.76,196.7,44.0,328.49,163.28,2.022438,0.198932,Granito de Granate,,,,,
BEPR-59,,BD_Ytrio,680708.0,5929205.0,-36.76572,-72.975343,210.0,35.01,53.5653,172.39,91.61,37.54,112.57,32.0,5.719877,0.252439,Granito de biotita,,,,,
BEPR-60,,BD_Ytrio,680661.0,5929057.0,-36.767063,-72.975834,229.0,58.33,89.2449,152.34,125.51,19.65,284.23,173.78,4.745283,0.21962,Metapelita,,,,,
BEPR-61,,BD_Ytrio,680661.0,5929057.0,-36.767063,-72.975834,0.0,131.57,201.3021,550.19,309.26,95.42,500.03,242.44,12.135846,0.0,Granito de Granate,,,,,
BEPR-62,,BD_Ytrio,680635.0,5928775.0,-36.769608,-72.976058,208.0,48.32,73.9296,206.05,125.95,12.06,304.45,169.12,8.760288,0.41913,Diorita,,,,,
BEPR-63,,BD_Ytrio,680458.0,5928317.0,-36.773768,-72.977932,192.0,21.61,33.0633,338.01,240.22,14.05,545.97,362.93,5.076822,0.833517,Metapelita,,,,,
BEPR-64,,BD_Ytrio,680486.0,5927685.0,-36.779457,-72.977469,129.0,14.69,22.4757,94.62,25.0,8.67,161.04,133.97,5.258898,0.23746,Metapelita/Hornfels,,,,,
BEPR-65,,BD_Ytrio,680425.0,5927489.0,-36.781234,-72.978105,107.0,96.09,147.0177,409.96,292.51,59.02,510.61,302.39,8.991727,0.335364,Metapelita,,,,,
BEPR-66,,BD_Ytrio,680369.0,5927355.0,-36.782452,-72.978701,68.0,14.34,21.9402,82.16,25.0,21.72,45.0,66.23,2.111558,0.379693,Granito de biotita,,,,,
BEPR-67,,BD_Ytrio,680513.0,5927318.0,-36.782758,-72.977079,42.0,9.6,14.688,722.75,703.24,0.5,1860.72,1279.89,3.856879,0.0,Metapelita/Hornfels,,,,,
BEPR-68,,BD_Ytrio,680487.0,5927089.0,-36.784826,-72.977316,31.0,152.8,233.784,408.18,309.11,32.82,715.38,396.31,4.426933,0.228327,Granito de biotita,,,,,
BEPR-69,,BD_Ytrio,680865.0,5928196.0,-36.774781,-72.973345,159.0,186.53,285.3909,451.03,232.27,65.89,414.36,260.38,8.603295,0.281487,Granito de Granate,,,,,
BEPR-71,,BD_Ytrio,680865.0,5928649.0,-36.7707,-72.973453,215.0,189.8,290.394,486.13,254.72,104.19,358.89,182.2,9.053766,0.251603,Granito de Granate,,,,,
BEPR-73,,BD_Ytrio,681340.0,5928673.0,-36.770393,-72.968139,0.0,9.44,14.4432,127.39,25.0,15.27,193.33,95.2,7.871469,0.213971,Metapelita,,,,,
BEPR-74A,,BD_Ytrio,680802.0,5928642.0,-36.770775,-72.974157,232.0,326.2,499.086,414.44,229.52,137.19,233.67,92.25,10.257971,0.178649,Diorita con Granate,,,,,
BEPR-74B,,BD_Ytrio,680802.0,5928642.0,-36.770775,-72.974157,232.0,87.91,134.5023,189.76,289.94,0.5,415.32,226.63,2.731457,0.0,Diorita con Granate,,,,,
BEPR-75A,,BD_Ytrio,681278.0,5928085.0,-36.775702,-72.968694,189.0,17.15,26.2395,100.9,76.59,0.5,164.78,133.13,7.138328,0.44329,Diorita,,,,,
BEPR-75B,,BD_Ytrio,681278.0,5928085.0,-36.775702,-72.968694,189.0,41.59,63.6327,405.99,333.78,0.5,727.45,477.18,13.211486,0.503853,Metapelita,,,,,
BEPR-76,,BD_Ytrio,681746.0,5928007.0,-36.776315,-72.963434,224.0,99.75,152.6175,30.0,25.0,12.97,45.0,32.0,5.142501,0.134629,Granito de biotita,,,,,
BEPR-77,,BD_Ytrio,681810.0,5928001.0,-36.776357,-72.962716,226.0,36.77,56.2581,30.0,25.0,0.5,45.0,32.0,2.53609,0.215214,Metapelita,,,,,
BEPR-78,,BD_Ytrio,681929.0,5927265.0,-36.782964,-72.961207,186.0,7.78,11.9034,423.4,338.72,0.5,903.65,684.71,6.092331,0.560374,Diorita Porfidica,,,,,
BEPR-79,,BD_Ytrio,682156.0,5927189.0,-36.783606,-72.958647,159.0,5.24,8.0172,142.95,112.15,10.51,279.84,223.52,4.684316,0.247288,Granito de biotita,,,,,
BEPR-81A,,BD_Ytrio,682791.0,5926757.0,-36.787375,-72.951431,68.0,18.88,28.8864,120.23,98.96,14.21,183.21,128.28,3.839722,0.0,Granito de biotita,,,,,
BEPR-81B,,BD_Ytrio,682791.0,5926757.0,-36.787375,-72.951431,68.0,20.12,30.7836,143.39,114.26,14.68,210.55,159.52,5.006248,0.243825,Diorita Porfidica,,,,,
BEPR-82,,BD_Ytrio,682360.0,5926921.0,-36.785981,-72.956298,122.0,15.08,23.0724,284.59,229.12,14.03,675.18,413.9,7.067999,0.670687,Diorita Porfidica,,,,,
BEPR-83A,,BD_Ytrio,682226.0,5928022.0,-36.776088,-72.958062,234.0,25.5,39.015,104.44,66.39,23.16,139.65,87.83,5.688112,0.229096,Metapelita,,,,,
BEPR-83B,,BD_Ytrio,682226.0,5928022.0,-36.776088,-72.958062,234.0,19.4,29.682,308.4,306.06,18.14,731.8,437.11,9.791728,0.0,Metapelita,,,,,
BEPR-83C,,BD_Ytrio,682226.0,5928022.0,-36.776088,-72.958062,234.0,4.98,7.6194,168.92,119.26,11.11,276.39,160.36,1.967985,0.0,Dique Granitico,,,,,
BEPR-84,,BD_Ytrio,683610.0,5926503.0,-36.789505,-72.942197,33.0,13.9,21.267,89.69,86.45,16.05,45.0,32.0,4.868253,0.0,Granito de biotita,,,,,
BEPR-85,,BD_Ytrio,684315.0,5926633.0,-36.788197,-72.934331,36.0,24.38,37.3014,163.51,140.0,12.25,360.15,240.87,3.306387,0.224065,Granito de biotita,,,,,
BEPR-86A,,BD_Ytrio,684221.0,5927527.0,-36.780161,-72.9356,74.0,13.22,20.2266,258.11,270.55,0.5,720.4,476.27,4.071659,0.266048,Diorita Porfidica,,,,,
BEPR-86B,,BD_Ytrio,684221.0,5927527.0,-36.780161,-72.9356,74.0,19.84,30.3552,236.51,192.84,0.5,541.34,375.39,4.858641,0.309081,Diorita Porfidica,,,,,
BEPR-87,,BD_Ytrio,684019.0,5927594.0,-36.779597,-72.937879,92.0,15.66,23.9598,104.32,68.08,0.5,189.3,122.91,3.672153,0.165271,Granito de biotita,,,,,
BEPR-88,,BD_Ytrio,684579.0,5926401.0,-36.790236,-72.931318,86.0,22.56,34.5168,224.89,255.2,0.5,719.89,441.31,8.553198,1.017835,Diorita Porfidica,,,,,
LPPR-43,,BD_Ytrio,685427.0,5925296.0,-36.800025,-72.921551,200.0,6.52,9.9756,30.0,25.0,8.21,45.0,32.0,2.438717,0.0,Granito de biotita,,,,,
LPPR-44,,BD_Ytrio,686074.0,5926380.0,-36.790132,-72.914568,154.0,17.5,26.775,85.91,61.95,0.5,121.44,103.61,2.482034,0.208832,Granito de biotita,,,,,
LPPR-45A,,BD_Ytrio,685915.0,5926540.0,-36.788722,-72.916388,110.0,8.77,13.4181,327.11,242.12,0.5,743.77,525.29,5.549291,0.545327,Diorita Porfidica,,,,,
LPPR-45B,,BD_Ytrio,685915.0,5926540.0,-36.788722,-72.916388,110.0,5.73,8.7669,212.87,143.81,13.14,437.77,298.84,1.533797,0.16325,Aplita,,,,,
LPPR-45C,,BD_Ytrio,685915.0,5926540.0,-36.788722,-72.916388,110.0,7.88,12.0564,294.69,296.31,0.5,778.65,514.03,6.259754,0.563452,Diorita Porfidica,,,,,
LPPR-46,,BD_Ytrio,685611.0,5926780.0,-36.786619,-72.919851,106.0,9.8,14.994,100.34,73.15,20.83,141.31,107.96,1.942145,0.130649,Aplita,,,,,
LPPR-47A,,BD_Ytrio,685179.0,5926942.0,-36.785245,-72.924729,90.0,9.13,13.9689,73.61,25.0,14.35,45.0,32.0,3.447437,0.155179,Granito de biotita,,,,,
LPPR-47B,,BD_Ytrio,685179.0,5926942.0,-36.785245,-72.924729,90.0,3.74,5.7222,205.18,164.61,0.5,383.83,307.94,0.851018,0.0,Granito de biotita,,,,,
BEPR-40,,BD_Ytrio,682864.0,5928351.0,-36.773001,-72.950996,279.0,16.98,25.9794,80.85,25.0,7.93,123.45,32.0,4.323325,0.0,Granito de biotita,,,,DUP_2/2,
CELBS14,,BD_Ytrio,681743.0,5931516.0,-36.744703,-72.964303,222.0,2.75,4.2075,214.05,196.96,0.5,418.71,291.34,1.307592,0.0,Diorita con Granate,,,,,
CELBS15,,BD_Ytrio,681217.0,5931906.0,-36.74129,-72.970284,161.0,2.0,3.06,30.0,25.0,0.5,94.12,32.0,1.945675,3.531654,Granito de biotita?,,,,,
CELBS16,,BD_Ytrio,681262.0,5932042.0,-36.740056,-72.969813,179.0,25.71,39.3363,205.27,139.9,12.6,410.46,251.91,5.212402,0.214007,Zona de Falla,,,,,
CELBS20,,BD_Ytrio,682212.0,5932188.0,-36.738558,-72.959214,235.0,41.94,64.1682,689.66,319.21,154.97,361.78,216.35,8.948669,0.259209,Granito de granate?,,,,,
TOGG-122,,BD_Ytrio,685951.0,5944710.0,-36.625023,-72.920402,243.0,25.78,39.4434,98.41,25.0,11.76,118.91,74.77,4.268663,0.27065,Granito de Biotita,,,,,
TOGG-123,,BD_Ytrio,687949.0,5946186.0,-36.611334,-72.898432,256.0,37.12,56.7936,117.86,25.0,8.0,120.83,86.71,2.760898,0.199494,Granito de Biotita,,,,,
TOGG-124,,BD_Ytrio,693950.0,5948479.0,-36.589475,-72.831952,153.0,17.7,27.081,188.97,167.22,19.02,353.38,261.45,1.049257,0.0005,Dique Dacitico,,,,,
TOGG-125,,BD_Ytrio,694412.0,5949564.0,-36.579607,-72.827065,248.0,76.07,116.3871,71.39,100.5,13.07,115.47,32.0,1.650922,0.0005,Dique Granodioritico,,,,,
TOGG-125b,,BD_Ytrio,694412.0,5949564.0,-36.579607,-72.827065,248.0,21.99,33.6447,197.18,147.82,16.87,355.26,265.11,1.071935,0.0005,Dique Granodioritico,,,,,
TOGG-126,,BD_Ytrio,695933.0,5947331.0,-36.599412,-72.809507,281.0,2.0,3.06,30.0,25.0,0.5,45.0,32.0,0.673324,0.0005,Dique Pegmatitico,,,,,
TOGG-127,,BD_Ytrio,691154.0,5949031.0,-36.585067,-72.863324,251.0,15.3,23.409,108.67,60.91,7.77,131.22,103.56,3.478751,0.155213,Granito de Biotita,,,,,
TRGG-01,,BD_Ytrio,693979.0,5969162.0,-36.403142,-72.836819,26.0,15.98,24.4494,186.91,166.3,0.5,375.13,236.05,8.82786,0.335472,Metapelita,,,,,
TRGG-02,,BD_Ytrio,694594.0,5968981.0,-36.404648,-72.82992,183.0,55.78,85.3434,197.35,216.39,8.32,501.86,302.73,4.110566,0.303868,Metapelita,,,,,
TRGG-03,,BD_Ytrio,695472.0,5968282.0,-36.410767,-72.819959,309.0,13.68,20.9304,76.63,107.25,14.95,219.66,151.94,6.567259,0.324859,Metapelita,,,,,
TRGG-04,,BD_Ytrio,692838.0,5968618.0,-36.408272,-72.8494,11.0,104.51,159.9003,402.44,346.88,0.5,636.17,332.71,8.212123,0.0005,Metapelita,,,,,
TRGG-05,,BD_Ytrio,694147.0,5966563.0,-36.426522,-72.834296,278.0,27.99,42.8247,361.44,278.82,18.25,668.32,416.99,8.702309,0.30449,Metapelita,,,,,
TRGG-06,,BD_Ytrio,695494.0,5966123.0,-36.430212,-72.81917,254.0,37.83,57.8799,113.95,107.06,8.71,210.44,144.43,5.408601,0.266389,Granito de Biotita,,,,,
TRGG-07,,BD_Ytrio,701474.0,5966871.0,-36.422237,-72.7527,351.0,14.88,22.7664,148.72,25.0,22.04,45.0,32.0,3.950168,0.341925,Hornfels,,,,,
TRGG-08,,BD_Ytrio,704242.0,5966348.0,-36.426363,-72.721709,48.0,8.59,13.1427,116.75,103.23,0.5,228.41,164.66,1.700899,0.0005,Granito de Biotita,,,,,
TRGG-09,,BD_Ytrio,704049.0,5966296.0,-36.426873,-72.723847,96.0,17.51,26.7903,77.79,25.0,21.07,45.0,32.0,3.408429,0.264404,Granito de Biotita,,,,,
TRGG-10,,BD_Ytrio,703717.0,5966372.0,-36.426259,-72.727567,124.0,9.07,13.8771,94.3,73.11,8.62,168.82,98.61,3.110808,0.223131,Hornfels,,,,,
TRGG-11,,BD_Ytrio,703599.0,5966408.0,-36.425959,-72.728892,116.0,10.33,15.8049,95.0,69.16,0.5,210.17,120.71,5.463037,0.226669,Hornfels,,,,,
TRGG-11R,,BD_Ytrio,703599.0,5966408.0,-36.425959,-72.728892,116.0,13.6,20.808,189.54,141.95,0.5,393.83,243.67,3.587604,0.233803,Hornfels,,,,,
TRGG-12,,BD_Ytrio,703558.0,5966434.0,-36.425734,-72.729356,114.0,7.07,10.8171,30.0,25.0,0.5,45.0,74.32,2.051167,0.0005,Granito de Biotita,,,,,
TRGG-12b,,BD_Ytrio,703558.0,5966434.0,-36.425734,-72.729356,114.0,17.82,27.2646,107.27,25.0,26.67,45.0,32.0,3.13538,0.232368,Granito de Biotita,,,,,
TRGG-13,,BD_Ytrio,703193.0,5966506.0,-36.425163,-72.733443,172.0,58.59,89.6427,113.57,92.33,8.5,174.72,98.63,4.502168,0.404775,Granito de Biotita,,,,,
TRGG-14,,BD_Ytrio,702717.0,5966669.0,-36.423795,-72.738792,244.0,16.13,24.6789,154.02,132.77,10.59,292.58,182.7,5.416136,0.434798,Hornfels,,,,,
TRGG-15,,BD_Ytrio,702218.0,5966809.0,-36.422639,-72.744391,324.0,17.06,26.1018,126.14,83.46,11.52,160.6,108.3,4.49752,0.469551,Hornfels,,,,,
TRGG-16,,BD_Ytrio,704018.0,5967106.0,-36.419583,-72.724405,19.0,5.44,8.3232,169.3,137.74,0.5,338.84,219.83,6.066696,0.0005,Granito de Biotita,,,Mn_ALTO(1.061241%),,
TRGG-17,,BD_Ytrio,703373.0,5968280.0,-36.409144,-72.731902,24.0,23.37,35.7561,331.06,328.52,9.57,790.92,508.73,5.041048,0.463898,Granodiorita,,,,,
TRGG-18,,BD_Ytrio,701788.0,5968594.0,-36.40665,-72.749648,28.0,14.51,22.2003,128.5,87.74,0.5,210.0,157.81,4.688763,0.383259,Granito de Biotita,,,,,
TRGG-19,,BD_Ytrio,700555.0,5969102.0,-36.402332,-72.76352,12.0,18.18,27.8154,342.41,303.92,14.54,765.53,504.89,8.255081,0.513356,Granito de Biotita,,,,,
TRGG-20,,BD_Ytrio,697095.0,5969715.0,-36.397525,-72.802234,35.0,22.18,33.9354,139.85,132.89,12.67,352.29,219.22,4.395637,0.309664,Metapelita,,,,,
COGG-01,,BD_Ytrio,696360.0,5966072.0,-36.430495,-72.809502,298.0,10.33,15.8049,75.89,25.0,0.5,226.17,142.73,4.849933,0.190329,Granodiorita,,,,,
COGG-02,,BD_Ytrio,696977.0,5965413.0,-36.436305,-72.802457,409.0,4.15,6.3495,30.0,25.0,0.5,132.92,123.81,6.070426,0.535954,Hornfels,,,,,
COGG03,,BD_Ytrio,696977.0,5965410.0,-36.436332,-72.802456,409.0,27.72,42.4116,208.48,180.26,18.97,488.28,302.39,6.266985,0.299312,Metapelita,,,,,
COGG-04,,BD_Ytrio,696722.0,5964879.0,-36.441168,-72.805164,335.0,36.46,55.7838,162.99,113.58,0.5,294.18,204.09,5.313099,0.362419,Hornfels,,,,,
COGG-04R,,BD_Ytrio,696722.0,5964879.0,-36.441168,-72.805164,335.0,20.04,30.6612,154.83,111.49,17.27,345.52,224.61,7.158198,0.0005,Hornfels,,,,,
COGG-05,,BD_Ytrio,697759.0,5964957.0,-36.440252,-72.793622,454.0,20.46,31.3038,142.42,107.98,15.57,280.17,179.1,7.053918,0.407382,Microgranito,,,,,
COGG-05R,,BD_Ytrio,697759.0,5964957.0,-36.440252,-72.793622,454.0,21.93,33.5529,238.08,207.61,12.7,538.55,343.23,3.924172,0.311172,Microgranito,,,,,
COGG-06,,BD_Ytrio,698375.0,5965635.0,-36.434017,-72.786927,416.0,12.19,18.6507,30.0,25.0,36.92,45.0,32.0,2.710381,0.160373,Hornfels,,,,,
COGG-07,,BD_Ytrio,698732.0,5965084.0,-36.438907,-72.782806,487.0,23.7,36.261,157.8,111.59,23.16,248.81,158.88,6.868027,0.425757,Metapelita,,,,,
COGG-08,,BD_Ytrio,699381.0,5964643.0,-36.442745,-72.775457,493.0,27.07,41.4171,179.47,134.63,20.44,360.99,209.83,6.395039,0.397143,Hornfels,,,,,
COGG-09,,BD_Ytrio,699796.0,5965741.0,-36.432767,-72.771113,525.0,8.47,12.9591,255.29,215.7,16.26,448.77,265.14,6.370702,0.330866,Hornfels,,,,,
COGG-10,,BD_Ytrio,699209.0,5966258.0,-36.428232,-72.77779,405.0,14.01,21.4353,91.13,57.83,9.84,137.36,90.14,4.498254,0.702164,Hornfels,,,,,
COGG-11,,BD_Ytrio,700606.0,5965996.0,-36.430301,-72.762149,500.0,16.98,25.9794,169.3,108.52,0.5,293.31,165.43,8.018566,0.232661,Hornfels,,,,,
COGG-12,,BD_Ytrio,701330.0,5966226.0,-36.428078,-72.754137,444.0,20.28,31.0284,239.2,181.87,11.85,464.48,324.46,7.9587,0.32508,Hornfels,,,,,
COGG-13,,BD_Ytrio,701251.0,5966091.0,-36.42931,-72.754983,448.0,17.03,26.0559,128.8,107.69,13.2,241.72,196.27,6.266786,0.243639,Hornfels,,,,,
COGG-14,,BD_Ytrio,701247.0,5966094.0,-36.429284,-72.755028,448.0,8.27,12.6531,30.0,25.0,0.5,45.0,70.84,0.665754,0.0005,Granodiorita,,,,,
COGG-15,,BD_Ytrio,701242.0,5966087.0,-36.429348,-72.755082,447.0,7.43,11.3679,241.32,209.73,12.28,519.64,323.44,4.604253,0.270431,Hornfels,,,,,
COGG-16,,BD_Ytrio,699099.0,5963744.0,-36.450902,-72.77837,456.0,17.62,26.9586,142.68,109.78,16.87,217.15,168.33,6.565204,0.375167,Hornfels,,,,,
COGG-16R,,BD_Ytrio,699099.0,5963744.0,-36.450902,-72.77837,456.0,25.9,39.627,277.3,222.85,19.17,506.06,327.45,4.379313,0.245583,Hornfels,,,,,
COGG-17,,BD_Ytrio,699778.0,5963311.0,-36.454662,-72.770687,358.0,15.66,23.9598,147.87,129.72,8.48,252.82,181.11,4.852315,0.150157,Hornfels,,,,,
COGG-18,,BD_Ytrio,700220.0,5963172.0,-36.455821,-72.765722,272.0,22.29,34.1037,30.0,68.72,0.5,153.63,77.87,4.852972,0.321623,Granito de Biotita,,,,,
COGG-19,,BD_Ytrio,701646.0,5963102.0,-36.456153,-72.749802,194.0,34.9,53.397,86.64,64.04,9.91,45.0,32.0,2.846134,0.152599,Granito de Biotita,,,,,
COGG-20,,BD_Ytrio,702086.0,5963036.0,-36.456655,-72.744878,96.0,13.93,21.3129,97.83,70.43,14.03,146.43,79.96,3.807075,0.209536,Granito de Biotita,,,,,
COGG-21,,BD_Ytrio,703525.0,5962273.0,-36.463224,-72.728631,137.0,9.27,14.1831,115.15,74.85,0.5,181.28,159.64,2.062622,0.0005,Granito de Biotita,,,,,
COGG-22,,BD_Ytrio,704750.0,5961401.0,-36.470818,-72.714739,122.0,13.3,20.349,108.84,25.0,14.86,172.8,115.74,2.417804,0.1316,Granito de Biotita,,,,,
COGG-23,,BD_Ytrio,705543.0,5960776.0,-36.476278,-72.705728,96.0,15.15,23.1795,246.41,192.85,9.25,458.98,256.22,3.155874,0.374662,Granito de Biotita,,,,,
COGG-24,,BD_Ytrio,689333.0,5960649.0,-36.480763,-72.886517,146.0,18.48,28.2744,144.89,94.43,10.48,260.98,193.32,6.968572,0.509875,Metapelita,,,,,
COGG-25,,BD_Ytrio,691314.0,5960723.0,-36.479703,-72.864436,233.0,14.65,22.4145,87.3,25.0,15.82,156.73,100.59,5.78862,0.465499,Metapelita,,,,,
COGG-26,,BD_Ytrio,692270.0,5960415.0,-36.482286,-72.853695,257.0,6.03,9.2259,30.0,25.0,0.5,45.0,32.0,2.551415,0.140953,Granito de Biotita,,,,,
COGG-27,,BD_Ytrio,693003.0,5960977.0,-36.477076,-72.845658,184.0,7.82,11.9646,142.87,25.0,0.5,214.4,194.84,2.929192,0.0005,Granito de Biotita,,,,,
COGG-28,,BD_Ytrio,693715.0,5961423.0,-36.472914,-72.837827,170.0,28.11,43.0083,118.2,111.99,0.5,227.86,125.64,3.445877,0.229304,Granito de Biotita,,,,,
COGG-29,,BD_Ytrio,694620.0,5961212.0,-36.474632,-72.827679,224.0,11.41,17.4573,81.03,25.0,0.5,45.0,32.0,2.392177,0.160773,Granito de Biotita,,,,,
COGG-30,,BD_Ytrio,695400.0,5961577.0,-36.471185,-72.819071,261.0,5.4,8.262,105.28,61.33,0.5,124.54,96.65,3.736074,0.271349,Granito de Biotita,,,,,
COGG-31,,BD_Ytrio,696253.0,5961387.0,-36.472722,-72.809508,284.0,2.96,4.5288,30.0,25.0,0.5,45.0,32.0,2.873994,0.243308,Granito de Biotita,,,,,
COGG-32,,BD_Ytrio,697166.0,5961136.0,-36.474796,-72.799261,247.0,7.01,10.7253,92.36,25.0,13.39,92.69,32.0,3.589539,0.255945,Granito de Biotita,,,,,
COGG-33,,BD_Ytrio,698282.0,5961228.0,-36.473737,-72.786836,215.0,9.51,14.5503,63.48,63.61,0.5,128.14,75.84,3.981543,0.329987,Granito de Biotita,,,,,
COGG-34,,BD_Ytrio,699121.0,5961752.0,-36.468842,-72.777612,147.0,11.84,18.1152,101.21,79.62,0.5,191.42,133.33,3.531073,0.24375,Granito de Biotita,,,,,
COGG-35,,BD_Ytrio,700432.0,5962040.0,-36.465975,-72.763065,127.0,8.47,12.9591,56.04,25.0,0.5,45.0,32.0,2.157379,0.188228,Granito de Biotita,,,,,
COGG-36,,BD_Ytrio,701252.0,5962357.0,-36.462947,-72.754002,118.0,11.68,17.8704,103.12,69.6,9.29,132.29,76.28,3.166751,0.246165,Granito de Biotita,,,,,
COGG-37,,BD_Ytrio,701858.0,5962581.0,-36.460802,-72.747302,123.0,11.82,18.0846,99.92,89.76,0.5,194.92,130.76,1.770245,0.0005,Granito de Biotita,,,,,
COGG-38,,BD_Ytrio,705035.0,5959674.0,-36.486314,-72.711103,65.0,16.34,25.0002,100.25,25.0,10.03,121.71,115.36,2.780354,0.184742,Granito de Biotita,,,,,
COGG-39,,BD_Ytrio,703370.0,5959169.0,-36.491218,-72.729544,129.0,44.72,68.4216,146.3,105.44,8.62,198.8,32.0,3.856753,0.289269,Granito de Biotita,,,,,
COGG-40,,BD_Ytrio,702438.0,5959130.0,-36.491767,-72.739931,200.0,32.12,49.1436,151.39,98.61,8.0,240.77,185.22,4.086858,0.266709,Granito de Biotita,,,,,
COGG-41,,BD_Ytrio,701571.0,5959191.0,-36.4914,-72.74962,210.0,17.09,26.1477,121.09,60.43,10.02,119.61,87.86,3.286036,1.212618,Granito de Biotita,,,,,
COGG-42,,BD_Ytrio,700953.0,5960014.0,-36.484116,-72.756728,259.0,13.59,20.7927,99.92,78.79,0.5,171.33,89.21,3.007903,0.210521,Granito de Biotita,,,,,
COGG-43,,BD_Ytrio,700216.0,5960720.0,-36.477911,-72.765132,292.0,5.49,8.3997,109.08,86.98,8.18,221.33,136.24,4.73246,0.203683,Granito de Biotita,,,,,
COGG-44,,BD_Ytrio,699174.0,5960582.0,-36.479371,-72.77672,290.0,36.97,56.5641,30.0,25.0,0.5,45.0,78.45,3.991485,0.237715,Granito de Biotita,,,,,
COGG-45,,BD_Ytrio,698589.0,5960592.0,-36.479403,-72.783248,288.0,20.2,30.906,221.44,25.0,12.31,107.6,80.15,3.330546,0.248695,Granito de Biotita,,,,,
COGG-46,,BD_Ytrio,698588.0,5960592.0,-36.479403,-72.783259,288.0,13.26,20.2878,60.84,25.0,0.5,45.0,32.0,1.699037,0.0005,Granodiorita,,,,,
COGG-47,,BD_Ytrio,694968.0,5960495.0,-36.48102,-72.823617,227.0,21.58,33.0174,109.74,103.2,0.5,205.78,153.77,3.747671,0.217968,Granito de Biotita,,,,,
COGG-48,,BD_Ytrio,694788.0,5959458.0,-36.490399,-72.825363,266.0,24.58,37.6074,176.76,144.68,12.25,257.3,156.35,4.983382,0.318974,Granito de Biotita,,,,,
COGG-49,,BD_Ytrio,694869.0,5958640.0,-36.497752,-72.824254,300.0,32.23,49.3119,107.7,25.0,0.5,203.78,182.88,7.467576,0.656165,Granito de Biotita,,,,,
COGG-50,,BD_Ytrio,696044.0,5956900.0,-36.513187,-72.810702,336.0,15.04,23.0112,167.2,151.08,0.5,346.86,242.67,1.557356,0.0005,Granito de Biotita,,,,,
COGG-51,,BD_Ytrio,696553.0,5957419.0,-36.508407,-72.805153,326.0,38.18,58.4154,167.89,110.4,17.87,173.51,89.86,3.962708,0.272092,Granito de Biotita,,,,,
COGG-52,,BD_Ytrio,697197.0,5957692.0,-36.505815,-72.798036,319.0,112.53,172.1709,127.11,130.38,18.4,180.8,79.39,4.581923,0.306629,Granito de Biotita,,,,,
COGG-53,,BD_Ytrio,697525.0,5958011.0,-36.502874,-72.794458,270.0,7.09,10.8477,77.28,25.0,14.58,45.0,32.0,3.60323,0.160657,Granito de Biotita,,,,,
COGG-54,,BD_Ytrio,697839.0,5958576.0,-36.497719,-72.791099,246.0,52.84,80.8452,110.29,74.89,8.16,277.03,166.72,8.475709,0.241429,Granito de Biotita,,,,,
COGG-55,,BD_Ytrio,698451.0,5958609.0,-36.497295,-72.784279,181.0,39.35,60.2055,115.05,66.72,22.54,179.34,88.78,3.780828,0.302194,Granito de Biotita,,,,,
COGG-56,,BD_Ytrio,699054.0,5958243.0,-36.500467,-72.777457,134.0,35.2,53.856,190.87,182.56,13.43,443.23,245.49,6.671511,0.469423,Granito de Biotita,,,,,
COGG-57,,BD_Ytrio,699435.0,5957542.0,-36.506702,-72.773024,109.0,2.0,3.06,88.24,79.96,0.5,160.37,100.87,1.909879,0.0005,Granodiorita,,,,,
COGG-58,,BD_Ytrio,700436.0,5957232.0,-36.509286,-72.761774,136.0,25.35,38.7855,82.64,25.0,10.79,139.18,32.0,3.213975,0.162447,Granito de Biotita,,,,,
COGG-59,,BD_Ytrio,701288.0,5956744.0,-36.513503,-72.752139,93.0,13.62,20.8386,118.08,25.0,0.5,114.92,88.06,3.418486,0.179093,Granito de Biotita,,,,,
COGG-60,,BD_Ytrio,703013.0,5957228.0,-36.508779,-72.733016,50.0,10.13,15.4989,84.07,79.1,0.5,168.62,82.67,2.940951,0.28257,Granito de Biotita,,,,,
COGG-61,,BD_Ytrio,703139.0,5956298.0,-36.517129,-72.731366,63.0,26.03,39.8259,111.57,63.1,0.5,276.03,150.78,2.534225,0.124676,Granito de Biotita,,,,,
COGG-62,,BD_Ytrio,702755.0,5955455.0,-36.524805,-72.73543,70.0,20.15,30.8295,106.88,116.29,0.5,218.01,164.6,4.575175,0.333123,Granito de Biotita,,,,,
COGG-63,,BD_Ytrio,705514.0,5958821.0,-36.493895,-72.705532,36.0,23.01,35.2053,139.99,102.83,10.37,359.96,170.37,3.104767,0.269494,Granito de Biotita,,,,,
COGG-64,,BD_Ytrio,706124.0,5961521.0,-36.469442,-72.699446,30.0,3.8,5.814,105.77,74.04,0.5,226.66,131.0,2.240319,0.096234,Granito de Biotita,,,,,
COGG-65,,BD_Ytrio,706200.0,5962486.0,-36.460733,-72.698856,36.0,3.12,4.7736,136.93,117.07,0.5,268.23,163.83,1.700267,0.10503,Granito de Biotita,,,,,
COGG-66,,BD_Ytrio,706019.0,5963781.0,-36.449107,-72.701219,35.0,23.54,36.0162,152.46,119.91,16.27,258.33,168.75,2.911682,0.192383,Granito de Biotita,,,,,
COGG-67,,BD_Ytrio,706272.0,5964820.0,-36.439693,-72.698674,31.0,12.75,19.5075,101.9,87.64,16.19,189.57,123.04,1.641081,0.0005,Granito de Biotita,,,,,
COGG-68,,BD_Ytrio,706265.0,5965595.0,-36.432714,-72.698959,41.0,9.34,14.2902,131.8,97.76,0.5,324.98,200.65,1.153083,0.151996,Granito de Biotita,,,,,
COGG-69,,BD_Ytrio,691666.0,5962330.0,-36.465155,-72.860907,229.0,17.24,26.3772,132.17,128.16,15.79,325.73,197.76,3.07235,0.30497,Metapelita,,,,,
COGG-70,,BD_Ytrio,692226.0,5961850.0,-36.469367,-72.854542,233.0,24.16,36.9648,115.87,108.75,19.83,221.86,168.69,4.762223,0.254537,Metapelita,,,,,
COGG-71,,BD_Ytrio,698353.0,5963379.0,-36.454345,-72.786595,441.0,17.2,26.316,143.56,101.05,11.86,206.26,144.04,4.609491,0.399811,Granito de Biotita,,,,,
COGG-72,,BD_Ytrio,697549.0,5962959.0,-36.458294,-72.795454,430.0,19.04,29.1312,163.3,93.15,10.15,204.72,111.54,4.279009,0.387034,Granito de Biotita,,,,,
COGG-73,,BD_Ytrio,696263.0,5963453.0,-36.454108,-72.80992,408.0,15.03,22.9959,83.09,25.0,0.5,45.0,32.0,6.126262,0.425352,Hornfels,,,,,
COGG-74,,BD_Ytrio,695418.0,5962890.0,-36.459353,-72.819202,395.0,19.91,30.4623,202.17,154.67,8.71,482.12,291.86,6.72403,0.490748,Hornfels,,,,,
COGG-75,,BD_Ytrio,694471.0,5963227.0,-36.456509,-72.829847,351.0,19.07,29.1771,210.12,147.97,17.09,382.74,235.96,5.187705,0.398462,Metapelita,,,,,
COGG-76,,BD_Ytrio,693744.0,5963340.0,-36.455639,-72.837983,293.0,18.78,28.7334,327.59,297.51,12.1,759.04,497.23,13.122789,0.728739,Metapelita,,,,,
COGG-77,,BD_Ytrio,702261.0,5960106.0,-36.483012,-72.742161,180.0,19.82,30.3246,79.53,25.0,11.07,148.59,100.78,3.726377,0.241344,Granito de Biotita,,,,,
COGG-78,,BD_Ytrio,701998.0,5961022.0,-36.474816,-72.745334,128.0,8.01,12.2553,67.39,25.0,14.03,113.47,105.95,2.459195,0.274383,Granito de Biotita,,,,,
DIGG-67,,BD_Ytrio,692483.0,5951738.0,-36.560413,-72.849155,168.0,38.41,58.7673,58.44,25.0,8.24,45.0,32.0,2.297436,0.0005,Granito de Biotita,,,,,
DIGG-68,,BD_Ytrio,692483.0,5951738.0,-36.560413,-72.849155,168.0,30.83,47.1699,87.72,25.0,13.62,45.0,74.81,3.132219,0.271251,Metapelita,,,,,
DIGG-69,,BD_Ytrio,692486.0,5951749.0,-36.560313,-72.849124,171.0,27.09,41.4477,30.0,25.0,0.5,45.0,32.0,4.927196,0.346217,Diorita,,,,,
DIGG-70,,BD_Ytrio,691842.0,5953893.0,-36.541128,-72.856849,204.0,29.33,44.8749,161.06,86.42,21.96,158.73,82.71,5.219921,0.289248,Granito de Biotita,,,,,
COGG-79,,BD_Ytrio,697189.0,5957696.0,-36.505781,-72.798127,317.0,33.47,51.2091,105.24,81.74,9.66,163.44,82.06,3.482647,0.270884,Granito de Biotita,,,,,
COGG-80,,BD_Ytrio,697189.0,5957696.0,-36.505781,-72.798127,316.0,18.71,28.6263,119.62,71.37,12.96,142.73,80.14,4.152261,0.204065,Granito de Biotita,,,,,
COGG-81,,BD_Ytrio,697189.0,5957696.0,-36.505781,-72.798127,315.0,105.28,161.0784,84.32,146.89,9.25,202.87,109.73,3.964028,0.263513,Granito de Biotita,,,,,
SJGG-01,,BD_Ytrio,677011.0,5881907.0,-37.192526,-73.005647,185.0,51.99,79.5447,250.19,196.1,26.5,503.53,261.92,6.959437,0.269852,Migmatita,,,,,
SJGG-02,,BD_Ytrio,676656.0,5880619.0,-37.204197,-73.00934,146.0,22.21,33.9813,118.13,25.0,25.81,45.0,32.0,4.280083,0.291656,Migmatita,,,,,
SJGG-03,,BD_Ytrio,676825.0,5878343.0,-37.224668,-73.006897,245.0,5.9,9.027,267.71,243.53,10.2,635.17,422.66,6.241998,0.424546,Tonalita de Anfibol y Biotita,,,,,
SJGG-03a,,BD_Ytrio,676825.0,5878343.0,-37.224668,-73.006897,245.0,57.73,88.3269,306.53,234.0,10.87,764.28,438.23,8.126915,0.428463,Tonalita de Anfibol y Biotita,,,,,
SJGG-03b,,BD_Ytrio,676769.0,5878263.0,-37.2254,-73.007509,250.0,21.34,32.6502,385.85,355.57,0.5,1022.89,537.09,10.671388,0.8522,Diorita Cuarcifera,,,,,
SJGG-04,,BD_Ytrio,677446.0,5876612.0,-37.240144,-72.999489,367.0,7.08,10.8324,30.0,25.0,10.63,45.0,32.0,0.954108,0.0005,Dique Dacitico,,,,,
SJGG-05,,BD_Ytrio,680516.0,5878431.0,-37.223168,-72.965338,77.0,40.07,61.3071,152.96,91.44,0.5,239.11,118.98,5.031849,0.300953,Arenisca,,,,,
SJGG-06,,BD_Ytrio,680076.0,5877881.0,-37.228208,-72.970162,184.0,9.06,13.8618,64.72,25.0,45.85,45.0,32.0,2.158573,0.0005,Granito de Biotita,,,,,
SJGG-07,,BD_Ytrio,679562.0,5877639.0,-37.230487,-72.975894,300.0,6.81,10.4193,95.34,25.0,14.79,132.75,78.56,3.062784,0.18373,Granito de Biotita,,,,,
SJGG-08,,BD_Ytrio,679109.0,5877304.0,-37.233592,-72.980917,348.0,23.55,36.0315,118.7,54.47,28.04,45.0,32.0,2.764589,0.0005,Granito de Biotita,,,,,
SJGG-09,,BD_Ytrio,678571.0,5877317.0,-37.233578,-72.986982,354.0,10.97,16.7841,56.07,25.0,0.5,45.0,32.0,2.756654,0.145355,Granito de Biotita,,,,,
SJGG-10,,BD_Ytrio,677824.0,5876513.0,-37.240964,-72.995206,476.0,24.9,38.097,103.59,98.44,8.33,157.11,114.12,6.260593,0.326455,Granito de Biotita,,,,,
SJGG-11,,BD_Ytrio,677411.0,5876343.0,-37.242574,-72.999819,350.0,14.98,22.9194,147.35,137.38,0.5,239.55,114.89,3.483781,0.141083,Granito de Biotita,,,,,
SJGG-12,,BD_Ytrio,677284.0,5876186.0,-37.244013,-73.001213,327.0,6.16,9.4248,133.84,118.19,0.5,257.36,167.51,3.328129,0.0005,Granito de Biotita,,,,,
SJGG-13,,BD_Ytrio,677236.0,5875891.0,-37.246679,-73.001684,286.0,22.24,34.0272,83.13,77.43,0.5,198.6,102.22,4.812882,0.233048,Granito de Biotita,,,,,
SJGG-14,,BD_Ytrio,676474.0,5875940.0,-37.246383,-73.010282,208.0,3.05,4.6665,67.87,25.0,0.5,45.0,32.0,3.622318,0.212333,Granito de Biotita,,,,,
SJGG-15,,BD_Ytrio,676052.0,5876323.0,-37.243012,-73.015128,204.0,13.87,21.2211,121.05,104.85,0.5,226.44,153.08,3.92268,0.217218,Granito de Biotita,,,,,
SJGG-16,,BD_Ytrio,675438.0,5876556.0,-37.241029,-73.022101,158.0,31.07,47.5371,219.83,155.8,0.5,387.09,205.42,6.947727,0.492463,Granito de Biotita,,,,,
SJGG-17,,BD_Ytrio,674818.0,5876844.0,-37.238551,-73.029155,120.0,12.82,19.6146,203.26,159.92,9.24,432.75,268.34,6.841241,0.436119,Granito de Biotita,,,,,
SJGG-18,,BD_Ytrio,674439.0,5877243.0,-37.235028,-73.033519,111.0,17.87,27.3411,76.84,25.0,9.55,115.05,32.0,5.796353,0.345676,Granito de Biotita,,,,,
SJGG-19,,BD_Ytrio,674997.0,5877772.0,-37.230157,-73.027356,116.0,12.85,19.6605,30.0,25.0,0.5,45.0,32.0,3.143609,0.270877,Migmatita,,,,,
SJGG-20,,BD_Ytrio,675420.0,5878400.0,-37.22442,-73.022738,121.0,22.41,34.2873,178.81,97.11,16.21,258.08,164.22,3.879518,0.23412,Migmatita,,,,,
SJGG-21,,BD_Ytrio,676074.0,5879523.0,-37.21418,-73.015636,125.0,24.13,36.9189,136.28,106.07,20.93,221.97,115.24,5.15193,0.200573,Migmatita,,,,,
SJGG-22,,BD_Ytrio,678134.0,5883249.0,-37.180223,-72.993321,170.0,6.53,9.9909,64.79,25.0,0.5,149.98,93.85,5.37894,0.262423,Granito de Biotita,,,,,
SJGG-23,,BD_Ytrio,677540.0,5883768.0,-37.175661,-73.000132,238.0,21.98,33.6294,238.99,143.31,13.53,352.96,218.45,3.854437,0.279173,Granito de Biotita,,,,,
SJGG-24,,BD_Ytrio,677183.0,5884422.0,-37.169837,-73.004307,298.0,2.48,3.7944,104.94,101.01,0.5,114.86,83.13,2.372973,0.129469,Migmatita,,,,,
SJGG-25,,BD_Ytrio,677382.0,5885154.0,-37.163205,-73.00224,310.0,16.76,25.6428,145.88,126.91,9.96,294.35,184.73,4.434043,0.19473,Esquisto de Biotita,,,,,
SJGG-26,,BD_Ytrio,677619.0,5886141.0,-37.154268,-72.999807,287.0,10.47,16.0191,128.48,25.0,15.61,116.59,32.0,5.909696,0.0005,Esquisto de Biotita,,,,,
SJGG-27,,BD_Ytrio,679016.0,5887244.0,-37.144065,-72.984347,215.0,17.87,27.3411,114.72,82.51,10.75,189.37,107.69,3.050386,0.144741,Granito de Biotita,,,,,
SJGG-28,,BD_Ytrio,677031.0,5878679.0,-37.221603,-73.004656,330.0,35.12,53.7336,129.51,116.12,0.5,262.76,131.35,7.935086,0.402658,Tonalita de Anfibol y Biotita,,,,,
SJGG-29,,BD_Ytrio,677111.0,5878811.0,-37.220398,-73.003786,347.0,24.53,37.5309,240.56,190.39,16.54,546.7,340.82,6.610464,0.486169,Xenolito dioritico,,,,,
SJGG-29A,,BD_Ytrio,677111.0,5878811.0,-37.220398,-73.003786,347.0,19.37,29.6361,192.33,134.25,9.97,442.0,248.98,4.586281,0.338248,Tonalita de Anfibol y Biotita,,,,,
SJGG-30,,BD_Ytrio,678672.0,5880761.0,-37.202534,-72.986669,204.0,19.81,30.3093,122.11,93.33,8.04,236.72,153.82,4.811289,0.223884,Granito de Biotita,,,,DUP_1/2,
SJGG-31,,BD_Ytrio,679264.0,5881178.0,-37.198664,-72.980102,197.0,4.57,6.9921,88.45,25.0,11.99,150.24,78.37,2.899009,0.194333,Granito de Biotita,,,,,
SJGG-32,,BD_Ytrio,678987.0,5880463.0,-37.205158,-72.98305,185.0,31.15,47.6595,95.3,75.35,9.75,173.86,128.61,4.922463,0.308986,Granito de Biotita,,,,,
SJGG-33,,BD_Ytrio,678173.0,5880612.0,-37.203971,-72.992253,200.0,8.0,12.24,94.06,92.84,0.5,221.2,119.28,7.153926,0.0005,Granito de Biotita,,,,,
SJGG-34,,BD_Ytrio,677576.0,5880564.0,-37.204518,-72.998965,211.0,11.25,17.2125,106.62,75.55,0.5,205.34,147.3,8.499789,0.230787,Diorita,,,,,
SJGG-34a,,BD_Ytrio,677576.0,5880564.0,-37.204518,-72.998965,211.0,7.13,10.9089,238.97,187.18,10.32,640.19,370.59,5.42638,0.0005,Diorita,,,,,
SJGG-35,,BD_Ytrio,677264.0,5880370.0,-37.206325,-73.002433,161.0,9.74,14.9022,72.8,25.0,9.44,45.0,32.0,4.337726,0.240755,Tonalita de Anfibol y Biotita,,,,,
SJGG-36,,BD_Ytrio,677619.0,5880005.0,-37.209545,-72.998348,258.0,16.95,25.9335,105.94,86.55,0.5,190.13,113.45,6.060757,0.442731,Tonalita de Anfibol y Biotita,,,,,
SJGG-37,,BD_Ytrio,678013.0,5879652.0,-37.21265,-72.993826,295.0,23.31,35.6643,88.38,71.61,7.78,126.48,87.29,5.723743,0.358939,Tonalita de Anfibol y Biotita,,,,,
SJGG-38,,BD_Ytrio,678229.0,5879543.0,-37.213591,-72.991367,234.0,8.26,12.6378,113.82,93.03,10.75,195.46,104.0,3.599053,0.202528,Tonalita de Anfibol y Biotita,,,,,
SJGG-39,,BD_Ytrio,677878.0,5879020.0,-37.218369,-72.995196,321.0,2.85,4.3605,76.35,25.0,0.5,106.0,108.2,5.593796,0.481761,Granito de Biotita,,,,,
SJGG-40,,BD_Ytrio,677643.0,5879058.0,-37.218072,-72.997852,354.0,34.68,53.0604,122.7,107.59,8.92,328.2,213.76,5.846484,0.453089,Tonalita de Anfibol y Biotita,,,,,
SJGG-41,,BD_Ytrio,677617.0,5879550.0,-37.213645,-72.998262,356.0,44.31,67.7943,83.57,58.8,0.5,107.75,68.23,5.337829,0.349553,Tonalita de Anfibol y Biotita,,,,,
SJGG-42,,BD_Ytrio,679359.0,5880110.0,-37.208267,-72.978776,230.0,8.46,12.9438,30.0,25.0,11.0,45.0,76.6,2.802411,0.169334,Granito de Biotita,,,,,
SJGG-43,,BD_Ytrio,679327.0,5879570.0,-37.213137,-72.979006,205.0,14.33,21.9249,99.41,69.79,13.61,178.23,137.14,4.172982,0.0005,Granito de Biotita,,,,,
SJGG-44,,BD_Ytrio,679480.0,5879456.0,-37.214135,-72.977255,175.0,12.02,18.3906,141.05,120.28,8.75,301.25,162.48,2.357118,0.127814,Dique Andesita,,,,,
SJGG-45,,BD_Ytrio,679481.0,5879455.0,-37.214144,-72.977244,174.0,29.86,45.6858,90.33,89.16,51.64,185.83,101.9,5.024327,0.288947,Granito de Biotita,,,,,
SJGG-46,,BD_Ytrio,679651.0,5879252.0,-37.21594,-72.97528,131.0,10.23,15.6519,108.34,76.37,11.17,148.31,75.49,3.290511,0.16573,Granito de Biotita,,,,,
SJGG-47,,BD_Ytrio,679162.0,5878853.0,-37.219628,-72.980692,284.0,15.71,24.0363,30.0,25.0,0.5,45.0,32.0,3.547771,0.160328,Granito de Biotita,,,,,
SJGG-48,,BD_Ytrio,678566.0,5878367.0,-37.22412,-72.98729,327.0,30.43,46.5579,158.65,119.02,0.5,208.17,101.28,4.318971,0.269631,Granito de Biotita,,,,,
SJGG-49,,BD_Ytrio,678134.0,5878309.0,-37.224726,-72.992142,343.0,15.54,23.7762,158.81,93.85,10.47,230.91,127.34,5.881639,0.341228,Granito de Biotita,,,,,
SJGG-50,,BD_Ytrio,678735.0,5877991.0,-37.227475,-72.985296,327.0,16.64,25.4592,73.64,91.45,11.09,45.0,32.0,5.595508,0.298616,Granito de Biotita,,,,,
SJGG-51,,BD_Ytrio,677436.0,5878157.0,-37.226228,-72.999969,427.0,27.63,42.2739,163.57,181.11,9.82,276.34,163.15,6.707468,0.51938,Tonalita de Anfibol y Biotita,,,,,
SJGG-52,,BD_Ytrio,678991.0,5883437.0,-37.178366,-72.983718,50.0,33.82,51.7446,155.44,123.98,16.49,214.46,157.2,3.079703,0.182147,Lutita,,,,,
SJGG-53,,BD_Ytrio,678468.0,5882664.0,-37.18543,-72.989421,126.0,22.61,34.5933,78.18,60.49,0.5,169.44,79.71,4.364295,0.226265,Granito de Biotita,,,,,
SJGG-54,,BD_Ytrio,676939.0,5881311.0,-37.197909,-73.006316,241.0,15.27,23.3631,129.54,91.92,25.99,281.94,151.93,5.789387,0.420608,Migmatita,,,,,
SJGG-55,,BD_Ytrio,676326.0,5881331.0,-37.197845,-73.013224,304.0,12.67,19.3851,156.12,126.4,12.88,183.61,134.87,5.64975,0.392768,Migmatita,,,,,
SJGG-56,,BD_Ytrio,675798.0,5881366.0,-37.197629,-73.019179,416.0,20.17,30.8601,114.66,102.41,9.86,211.12,155.62,3.385861,0.320806,Migmatita,,,,,
SJGG-57,,BD_Ytrio,675278.0,5881998.0,-37.192034,-73.025183,564.0,9.82,15.0246,113.25,70.65,10.32,150.88,80.94,5.176879,0.348673,Esquisto de Biotita,,,,,
SJGG-58,,BD_Ytrio,675240.0,5882720.0,-37.185536,-73.02578,536.0,12.72,19.4616,108.1,102.24,12.01,230.09,148.53,4.237988,0.332018,Esquisto de Biotita,,,,,
SJGG-59,,BD_Ytrio,675678.0,5883413.0,-37.179211,-73.021012,501.0,11.34,17.3502,187.48,183.78,22.19,433.53,312.93,7.47655,0.391962,Esquisto de Biotita,,,,,
SJGG-60,,BD_Ytrio,675115.0,5883431.0,-37.179155,-73.027355,360.0,15.94,24.3882,80.01,59.9,12.24,157.91,78.01,3.421399,0.274914,Esquisto de Biotita,,,,,
SJGG-60a,,BD_Ytrio,675115.0,5883431.0,-37.179155,-73.027355,360.0,25.11,38.4183,280.81,234.63,13.9,590.64,354.2,7.508336,0.460332,Esquisto de Biotita,,,,,
SJGG-61,,BD_Ytrio,675446.0,5884503.0,-37.169435,-73.02388,265.0,8.58,13.1274,203.35,134.31,0.5,423.78,271.97,5.428018,0.24232,Esquisto de Biotita,,,,,
SJGG-62,,BD_Ytrio,676025.0,5885061.0,-37.164299,-73.017493,215.0,7.82,11.9646,110.39,102.34,10.2,161.67,105.28,3.932177,0.156771,Esquisto de Biotita,,,,,
SJGG-63,,BD_Ytrio,675176.0,5884973.0,-37.165252,-73.027029,293.0,10.64,16.2792,169.49,101.89,16.51,304.88,161.63,4.756199,0.225405,Esquisto de Biotita,,,,,
SJGG-64,,BD_Ytrio,675034.0,5884858.0,-37.166314,-73.028601,310.0,9.63,14.7339,241.07,234.93,10.39,639.94,412.56,8.50803,0.259817,Porfido Dioritico,,,,,
SJGG-65,,BD_Ytrio,674637.0,5882477.0,-37.187839,-73.032513,546.0,8.56,13.0968,147.84,90.79,11.05,234.97,146.86,3.701201,0.218318,Esquisto de Biotita,,,,,
SJGG-66,,BD_Ytrio,673705.0,5880998.0,-37.201337,-73.042664,625.0,13.58,20.7774,246.87,185.11,20.22,375.04,217.01,6.292729,0.449195,Esquisto de Biotita,,,,,
SJGG-67,,BD_Ytrio,672476.0,5881169.0,-37.200024,-73.056544,570.0,15.2,23.256,112.92,25.0,16.99,191.96,110.09,4.162366,0.141138,Esquisto de Biotita,,,,,
SJGG-68,,BD_Ytrio,672476.0,5881169.0,-37.200024,-73.056544,570.0,2.15,3.2895,142.95,76.41,24.64,122.32,70.7,2.830821,0.0005,Granito de Biotita,,,,,
SJGG-69,,BD_Ytrio,671645.0,5881750.0,-37.194943,-73.066037,645.0,2.0,3.06,55.74,25.0,6.98,45.0,32.0,1.459963,0.0005,Granito de Biotita,,,,,
SJGG-70,,BD_Ytrio,670347.0,5880750.0,-37.20419,-73.080426,658.0,29.93,45.7929,137.88,118.77,10.36,243.84,160.75,4.357729,0.331005,Esquisto de Biotita,,,,,
SJGG-71,,BD_Ytrio,669021.0,5880349.0,-37.208044,-73.09527,636.0,8.59,13.1427,135.52,147.36,11.78,251.63,163.16,3.695185,0.187373,Esquisto de Biotita,,,,,
SJGG-72,,BD_Ytrio,669909.0,5882312.0,-37.190198,-73.085715,638.0,12.71,19.4463,206.38,182.97,10.28,430.96,325.48,4.031948,0.373475,Esquisto de Biotita,,,,,
SJGG-73,,BD_Ytrio,669001.0,5883441.0,-37.180191,-73.096195,583.0,26.01,39.7953,152.68,124.91,19.2,331.5,219.29,3.442389,0.185945,Esquisto de Biotita,,,,,
SJGG-74,,BD_Ytrio,671899.0,5883102.0,-37.182716,-73.063488,661.0,4.04,6.1812,107.79,81.5,18.15,159.51,94.6,3.452177,0.181158,Esquisto de Biotita,,,,,
SJGG-75,,BD_Ytrio,671107.0,5883807.0,-37.17651,-73.072567,596.0,46.07,70.4871,151.52,100.79,12.49,335.79,151.39,4.331336,0.0005,Esquisto de Biotita,,,,,
SJGG-76,,BD_Ytrio,672339.0,5884408.0,-37.170869,-73.058835,589.0,17.18,26.2854,176.67,98.9,18.85,307.92,159.04,4.397797,0.242391,Esquisto de Biotita,,,,,
SJGG-77,,BD_Ytrio,672592.0,5885514.0,-37.160859,-73.056242,509.0,11.43,17.4879,80.36,25.0,16.95,110.31,81.64,4.336373,0.278146,Esquisto de Biotita,,,,,
SJGG-78,,BD_Ytrio,672842.0,5886098.0,-37.155551,-73.053563,491.0,14.06,21.5118,172.61,147.21,14.43,362.06,232.89,5.259824,0.492757,Esquisto de Biotita,,,,,
SJGG-79,,BD_Ytrio,683253.0,5878201.0,-37.224706,-72.93445,275.0,13.71,20.9763,141.99,90.53,9.78,184.27,123.74,2.892041,0.0005,Arenisca,,,,,
SJGG-80,,BD_Ytrio,682850.0,5879754.0,-37.210796,-72.939371,164.0,23.24,35.5572,123.38,60.98,18.0,102.64,69.7,2.480972,0.266589,Arenisca,,,,,
SJGG-81,,BD_Ytrio,683744.0,5877242.0,-37.233249,-72.928683,226.0,7.0,10.71,30.0,25.0,7.82,45.0,32.0,1.922036,0.111638,Aplita,,,,,
SJGG-82,,BD_Ytrio,683410.0,5876913.0,-37.236278,-72.932365,182.0,15.55,23.7915,130.32,118.64,16.25,276.92,162.26,4.335587,0.352488,Granito Grafico,,,,,
SJGG-83,,BD_Ytrio,683710.0,5875910.0,-37.245254,-72.928737,154.0,4.27,6.5331,367.42,294.1,13.31,693.59,459.08,1.018733,0.0005,Granito Grafico,,,,,
SJGG-84,,BD_Ytrio,684574.0,5876866.0,-37.236472,-72.919239,308.0,14.71,22.5063,98.64,61.07,14.53,146.39,126.81,3.043931,0.281119,Granito Grafico,,,,,
SJGG-85,,BD_Ytrio,684849.0,5876152.0,-37.242849,-72.915963,162.0,9.01,13.7853,127.82,111.92,12.76,309.36,182.98,0.567568,0.104739,Granito Grafico,,,,,
SJGG-86,,BD_Ytrio,684260.0,5875893.0,-37.245299,-72.922536,157.0,13.63,20.8539,115.62,96.26,13.67,45.09,128.19,2.607814,0.111652,Granito Grafico,,,,,
CCPR-19A,,BD_Ytrio,681064.0,5924709.0,-36.806157,-72.970288,40.0,15.22,23.2866,71.42,25.0,12.91,130.99,89.58,4.610827,0.302344,Diorita Porfídica,,,,,
CCPR-19B,,BD_Ytrio,681064.0,5924709.0,-36.806157,-72.970288,40.0,12.19,18.6507,161.71,112.72,14.09,339.87,230.61,3.642854,0.0005,Diorita Porfídica,,,,,
CCPR-20,,BD_Ytrio,681222.0,5924004.0,-36.812478,-72.96835,117.0,21.21,32.4513,152.49,112.78,16.03,241.13,172.95,4.147646,0.230246,Granito de Biotita,,,,,
CCPR-21,,BD_Ytrio,684273.0,5923113.0,-36.819916,-72.93395,116.0,21.82,33.3846,30.0,25.0,10.74,45.0,32.0,3.028418,0.16612,Metapelita/Roca Cornea,,,,,
CCPR-22,,BD_Ytrio,683999.0,5922985.0,-36.821123,-72.936989,170.0,7.53,11.5209,30.0,25.0,0.5,45.0,32.0,0.959243,0.0005,Granito de Biotita,,,,,
CCPR-23A,,BD_Ytrio,683203.0,5922820.0,-36.822764,-72.945869,330.0,12.87,19.6911,30.0,25.0,0.5,45.0,32.0,3.984929,0.143642,Granito de Biotita,,,,,
CCPR-23B,,BD_Ytrio,683203.0,5922820.0,-36.822764,-72.945869,330.0,13.01,19.9053,143.46,92.59,11.66,174.39,124.77,3.785042,0.238712,Metapelita,,,,,
CCPR-24,,BD_Ytrio,681504.0,5923560.0,-36.816424,-72.965084,226.0,30.79,47.1087,286.95,256.86,13.97,590.99,403.53,5.398531,0.473977,Metapelita,,,,,
CCPR-25,,BD_Ytrio,685174.0,5922095.0,-36.828911,-72.923606,88.0,4.6,7.038,88.68,25.0,0.5,134.07,91.42,3.207761,0.0005,Granito de Biotita,,,,,
CCPR-26A,,BD_Ytrio,684669.0,5923045.0,-36.820452,-72.929496,62.0,7.18,10.9854,30.0,25.0,0.5,45.0,73.16,4.689314,0.0005,Diorita,,,,,
CCPR-26-B,,BD_Ytrio,684669.0,5923045.0,-36.820452,-72.929496,62.0,7.5,11.475,204.58,208.98,0.5,638.23,444.66,6.750948,0.336534,Diorita,,,,,
CCPR-26C,,BD_Ytrio,684669.0,5923045.0,-36.820452,-72.929496,62.0,2.61,3.9933,78.37,80.97,0.5,191.62,121.22,0.530383,0.0005,Vetilla Cuarzo-Feldespato,,,,,
CCPR-27,,BD_Ytrio,685253.0,5922534.0,-36.824941,-72.922828,46.0,7.29,11.1537,62.41,25.0,10.18,121.92,32.0,2.437513,0.131298,Granito de Biotita,,,,,
CCPR-28A,,BD_Ytrio,683819.0,5924532.0,-36.807221,-72.93938,31.0,4.91,7.5123,124.52,104.05,12.19,206.93,125.89,3.98694,0.194731,Granito de Biotita,,,,,
CCPR-28B,,BD_Ytrio,683819.0,5924532.0,-36.807221,-72.93938,31.0,16.02,24.5106,121.85,87.39,10.26,104.15,74.05,4.542605,0.273883,Diorita Porfídica,,,,,
FLPR-06,,BD_Ytrio,698547.0,5923188.0,-36.816353,-72.774036,143.0,14.68,22.4604,187.94,140.21,16.04,290.91,212.48,4.681917,0.272091,Granito de biotita y anfibol,,,,DUP_2/2,
PBPR-05A,,BD_Ytrio,684961.0,5921942.0,-36.830331,-72.925956,143.0,10.9,16.677,118.98,92.12,10.03,201.28,111.32,3.078403,0.0005,Granito de biotita,,,,,
PBPR-05B,,BD_Ytrio,684961.0,5921942.0,-36.830331,-72.925956,143.0,2.0,3.06,30.0,25.0,0.5,45.0,32.0,1.145722,0.0005,Dique Aplitico,,,,,
PBPR-06,,BD_Ytrio,684299.0,5921275.0,-36.836469,-72.933213,165.0,7.85,12.0105,48.14,25.0,0.5,45.0,32.0,2.826848,0.141582,Granito de Biotita,,,,,
PBPR-07,,BD_Ytrio,684188.0,5920948.0,-36.839437,-72.934378,217.0,2.77,4.2381,30.0,25.0,0.5,45.0,32.0,1.704088,0.0005,Dique Granitico,,,,,
PBPR-08A,,BD_Ytrio,684148.0,5921028.0,-36.838724,-72.934845,202.0,11.05,16.9065,70.43,67.44,14.34,151.63,84.75,3.768582,0.201624,Granito de Biotita,,,,,
PBPR-08B,,BD_Ytrio,684148.0,5921028.0,-36.838724,-72.934845,202.0,127.7,195.381,136.29,103.73,13.12,243.96,125.35,5.234089,0.231843,Metapelita,,,,,
PBPR-09,,BD_Ytrio,683690.0,5920221.0,-36.846083,-72.939784,345.0,11.49,17.5797,235.08,186.78,16.31,503.17,282.37,3.608349,0.236687,Granito de Biotita,,,,,
PBPR-10,,BD_Ytrio,683471.0,5920202.0,-36.846297,-72.942234,355.0,11.43,17.4879,94.76,25.0,9.24,45.0,68.72,2.853371,0.0005,Dique Granitico,,,,,
PBPR-11,,BD_Ytrio,683070.0,5920191.0,-36.846474,-72.946726,378.0,24.33,37.2249,361.22,286.41,18.17,755.15,456.23,11.141862,0.676121,Metapelita,,,,,
PBPR-12,,BD_Ytrio,682249.0,5919687.0,-36.851173,-72.955808,397.0,61.61,94.2633,129.92,86.42,15.87,198.1,88.02,5.179378,0.266732,Granito de Biotita,,,,,
PBPR-13,,BD_Ytrio,681917.0,5920065.0,-36.847831,-72.95962,392.0,17.93,27.4329,118.66,25.0,19.81,134.27,72.93,4.117929,0.262305,Granito de Biotita,,,,,
PBPR-14,,BD_Ytrio,681677.0,5920212.0,-36.846553,-72.962346,359.0,10.86,16.6158,147.38,138.49,0.5,402.4,267.85,6.546954,0.397541,Granito de Biotita,,,,,
PBPR-15,,BD_Ytrio,681683.0,5920223.0,-36.846453,-72.962281,357.0,14.54,22.2462,105.5,63.96,14.66,155.03,87.39,4.486319,0.252295,Granito de Biotita,,,,,
PBPR-16,,BD_Ytrio,680850.0,5920989.0,-36.839712,-72.971801,287.0,7.6,11.628,97.81,57.7,13.46,153.21,118.47,3.883287,0.180261,Granito de Biotita,,,,,
PBPR-17,,BD_Ytrio,680715.0,5921385.0,-36.83617,-72.973408,231.0,13.21,20.2113,182.5,158.3,0.5,381.74,207.02,4.303333,0.30282,Diorita Porfídica,,,,,
PBPR-18,,BD_Ytrio,680605.0,5921655.0,-36.833759,-72.974705,275.0,10.61,16.2333,126.67,72.38,0.5,156.05,32.0,6.202014,0.25827,Metapelita,,,,,
PBPR-19,,BD_Ytrio,680144.0,5922206.0,-36.828883,-72.980002,202.0,26.92,41.1876,215.04,172.78,18.46,436.01,269.31,5.0643,0.278123,Metapelita,,,,,
PBPR-20,,BD_Ytrio,680068.0,5922263.0,-36.828384,-72.980868,193.0,15.53,23.7609,195.91,152.23,23.61,375.1,225.58,4.004436,0.211131,Granito de Biotita,,,,,
PBPR-21A,,BD_Ytrio,685392.0,5921639.0,-36.832976,-72.921052,41.0,23.08,35.3124,73.04,25.0,9.24,106.36,93.21,3.394191,0.159389,Granito de Biotita,,,,,
PBPR-21B,,BD_Ytrio,685392.0,5921639.0,-36.832976,-72.921052,41.0,24.02,36.7506,414.54,265.68,18.97,688.35,414.43,5.812104,0.356207,Metapelita,,,,,
PBPR-22A,,BD_Ytrio,684500.0,5920141.0,-36.846646,-72.930685,85.0,11.52,17.6256,118.68,25.0,15.21,236.15,121.73,3.441322,0.142221,Granito de Biotita,,,,,
PBPR-22B,,BD_Ytrio,684500.0,5920141.0,-36.846646,-72.930685,85.0,12.56,19.2168,136.15,78.19,11.9,207.93,138.44,2.946834,0.160318,Granito,,,,,
PBPR-23,,BD_Ytrio,684381.0,5920001.0,-36.847931,-72.931985,122.0,14.99,22.9347,95.22,81.47,12.35,160.39,100.12,2.620835,0.126427,Granito de Biotita,,,,,
PBPR-24,,BD_Ytrio,684039.0,5919786.0,-36.849934,-72.935766,155.0,26.48,40.5144,317.26,276.13,15.53,707.34,393.43,5.011307,0.486379,Metapelita,,,,,
PBPR-25,,BD_Ytrio,683787.0,5919483.0,-36.852713,-72.938518,183.0,9.88,15.1164,264.16,231.53,0.5,719.42,392.03,7.573518,0.509443,Granito de Biotita,,,,,
PBPR-26,,BD_Ytrio,683435.0,5919273.0,-36.854673,-72.942413,206.0,18.21,27.8613,263.58,210.51,8.48,538.56,367.11,2.295365,0.149207,Metapelita,,,,,
PBPR-27,,BD_Ytrio,683043.0,5919181.0,-36.855578,-72.946785,281.0,10.65,16.2945,229.74,223.29,0.5,541.54,359.44,6.125329,0.0005,Pegmatita,,,,,
PBPR-28,,BD_Ytrio,683157.0,5919426.0,-36.853349,-72.945566,290.0,8.55,13.0815,99.77,97.58,9.33,236.91,172.22,6.467007,0.0005,Pegmatita,,,,,
PBPR-30,,BD_Ytrio,682335.0,5919403.0,-36.853715,-72.954776,373.0,17.71,27.0963,141.17,119.94,17.35,234.44,154.61,4.88305,0.295052,Granito de Biotita,,,,,
PBPR-32,,BD_Ytrio,683007.0,5919156.0,-36.85581,-72.947183,286.0,9.58,14.6574,65.41,25.0,10.73,45.0,32.0,3.828036,0.190158,Granito de Biotita,,,,,
PBPR-33,,BD_Ytrio,682306.0,5920362.0,-36.845081,-72.955331,360.0,11.57,17.7021,81.21,25.0,17.57,139.48,112.13,4.149269,0.173208,Granito de Biotita,,,,,
PBPR-34,,BD_Ytrio,682651.0,5920662.0,-36.842312,-72.951536,389.0,16.02,24.5106,100.94,76.92,15.31,168.25,32.0,6.182639,0.277306,Metapelita,,,,,
PBPR-35,,BD_Ytrio,682529.0,5918556.0,-36.861308,-72.952397,344.0,16.75,25.6275,83.23,25.0,17.74,117.15,78.08,5.434935,0.229376,Metapelita,,,,,
PBPR-36,,BD_Ytrio,682525.0,5918529.0,-36.861552,-72.952436,343.0,21.7,33.201,272.54,183.67,18.9,460.67,276.98,4.437854,0.225035,Metapelita,,,,,
PBPR-37,,BD_Ytrio,682507.0,5918490.0,-36.861907,-72.952628,337.0,4.87,7.4511,66.57,25.0,7.82,103.97,32.0,3.656106,0.201301,Granito de Biotita,,,,,
PBPR-38,,BD_Ytrio,682658.0,5917467.0,-36.871094,-72.950689,289.0,8.19,12.5307,30.0,25.0,21.47,45.0,32.0,1.354952,0.0005,Granito de Biotita,,,,,
PBPR-39,,BD_Ytrio,683526.0,5918493.0,-36.861682,-72.941204,205.0,8.2,12.546,30.0,25.0,11.38,112.82,32.0,2.772693,0.0005,Granito de biotita,,,,,
BEPR-90,,BD_Ytrio,683214.0,5930059.0,-36.757546,-72.947487,295.0,57.73,88.3269,213.51,136.61,39.82,163.76,122.67,8.145175,0.2751,Granito de Granate,,,,,
BEPR-89,,BD_Ytrio,683761.0,5930076.0,-36.757287,-72.941366,300.0,26.36,40.3308,181.33,139.02,0.5,287.52,212.3,8.898698,0.366485,Diorita,,,,,
CCPR-29,,BD_Ytrio,682491.0,5925302.0,-36.800541,-72.954443,19.0,2.0,3.06,164.65,152.39,0.5,331.01,211.89,0.454593,0.0005,Granito de Biotita,,,,,
CCPR-30,,BD_Ytrio,682879.0,5925091.0,-36.802367,-72.950045,115.0,15.93,24.3729,63.76,25.0,14.73,45.0,32.0,5.031035,0.224551,Granito de Biotita,,,,,
CCPR-31,,BD_Ytrio,682299.0,5924791.0,-36.805182,-72.956471,156.0,11.39,17.4267,79.16,25.0,0.5,104.29,95.88,4.267363,0.283223,Granito de Biotita,,,,,
CCPR-32,,BD_Ytrio,682661.0,5924809.0,-36.80495,-72.95242,139.0,12.68,19.4004,30.0,25.0,8.47,45.0,32.0,5.076369,0.333501,Microdiorita,,,,,
PBPR-40A,,BD_Ytrio,683272.0,5918061.0,-36.865623,-72.943948,216.0,25.07,38.3571,93.95,25.0,18.86,45.0,32.0,1.533765,0.0005,Pegmatita,,,,,
PBPR-40B,,BD_Ytrio,683272.0,5918061.0,-36.865623,-72.943948,216.0,11.05,16.9065,119.83,106.57,12.54,254.82,138.12,2.600513,0.0005,Pegmatita,,,,,
PBPR-41,,BD_Ytrio,683221.0,5917689.0,-36.868985,-72.94443,235.0,18.1,27.693,124.34,95.17,0.5,255.34,175.12,5.248581,0.271994,Granito de Biotita,,,,,
PBPR-42A,,BD_Ytrio,683825.0,5917004.0,-36.875038,-72.937491,304.0,11.42,17.4726,89.12,65.22,8.34,202.01,124.2,5.237179,0.283652,Granito de Biotita,,,,,
PBPR-42B,,BD_Ytrio,683825.0,5917004.0,-36.875038,-72.937491,304.0,58.03,88.7859,74.74,94.68,16.22,152.48,113.78,4.94965,0.334009,Granito de Biotita,,,,,
PBPR-43A,,BD_Ytrio,683941.0,5916834.0,-36.876547,-72.936149,339.0,15.09,23.0877,444.02,350.24,0.5,1121.18,661.76,2.538726,0.507069,Granito de Biotita,,,,,
PBPR-43B,,BD_Ytrio,683941.0,5916834.0,-36.876547,-72.936149,339.0,50.36,77.0508,332.11,391.05,0.5,903.48,600.17,9.492133,0.740773,Diorita,,,,,
PBPR-44,,BD_Ytrio,684557.0,5917994.0,-36.865977,-72.929524,322.0,10.12,15.4836,68.39,25.0,10.43,143.73,105.99,5.093344,0.285055,Granito de Biotita,,,,,
PBPR-45A,,BD_Ytrio,684781.0,5918194.0,-36.864131,-72.927061,287.0,7.47,11.4291,30.0,25.0,7.9,45.0,32.0,1.727516,0.0005,Granito de Biotita,,,,,
PBPR-45B,,BD_Ytrio,684781.0,5918194.0,-36.864131,-72.927061,287.0,5.55,8.4915,186.44,164.53,0.5,278.59,277.51,0.807112,0.0005,Granito,,,,,
PBPR-46,,BD_Ytrio,684027.0,5916860.0,-36.876296,-72.935191,332.0,12.19,18.6507,30.0,25.0,0.5,45.0,32.0,2.986668,0.132505,Granito de Biotita,,,,,
PBPR-47,,BD_Ytrio,684608.0,5918026.0,-36.865678,-72.92896,332.0,21.92,33.5376,98.93,94.31,0.5,173.75,151.05,5.347513,0.359063,Dique Andesita,,,,,
PBPR-48A,,BD_Ytrio,684724.0,5918178.0,-36.864286,-72.927696,310.0,4.79,7.3287,69.6,25.0,8.6,105.24,89.3,4.677385,0.261985,Granito de Biotita,,,,,
PBPR-48B,,BD_Ytrio,684724.0,5918178.0,-36.864286,-72.927696,310.0,19.87,30.4011,30.0,25.0,0.5,45.0,32.0,1.277814,0.0005,Dique Granitico,,,,,
PBPR-49,,BD_Ytrio,685664.0,5918169.0,-36.864183,-72.917155,274.0,4.18,6.3954,55.99,25.0,12.7,45.0,32.0,4.195538,0.244698,Granito de Biotita,,,,,
PBPR-50A,,BD_Ytrio,685700.0,5918282.0,-36.863158,-72.916779,268.0,7.15,10.9395,30.0,25.0,11.08,45.0,71.69,2.863175,0.188199,Granito de Biotita,,,,,
PBPR-50B,,BD_Ytrio,685700.0,5918282.0,-36.863158,-72.916779,268.0,67.61,103.4433,67.02,25.0,0.5,45.0,32.0,3.707455,0.243085,Granito de Biotita,,,,,
PBPR-50C,,BD_Ytrio,685700.0,5918282.0,-36.863158,-72.916779,268.0,6.18,9.4554,100.4,90.05,0.5,218.0,134.02,0.381214,0.0005,Dique aplita,,,,,
PBPR-51,,BD_Ytrio,686087.0,5918841.0,-36.858046,-72.912577,226.0,13.22,20.2266,30.0,25.0,15.1,45.0,32.0,5.304024,0.264701,Granito de Biotita,,,,,
PBPR-52,,BD_Ytrio,686123.0,5918998.0,-36.856625,-72.912212,210.0,27.18,41.5854,30.0,25.0,7.65,45.0,32.0,1.416683,0.0005,Granito de Biotita,,,,,
PBPR-53,,BD_Ytrio,686014.0,5919480.0,-36.852304,-72.913552,166.0,23.58,36.0774,60.53,25.0,17.7,45.0,32.0,3.032407,0.0005,Granito de Biotita,,,,,
PBPR-54,,BD_Ytrio,686334.0,5919155.0,-36.855169,-72.909885,191.0,27.47,42.0291,88.31,25.0,11.29,121.56,86.65,4.142609,0.194982,Granito de Biotita,,,,,
PBPR-55,,BD_Ytrio,686582.0,5918557.0,-36.860507,-72.906958,157.0,12.92,19.7676,105.4,82.81,11.99,201.21,111.1,4.983588,0.208352,Granito de biotita,,,,,
PBPR-56A,,BD_Ytrio,686673.0,5918372.0,-36.862156,-72.905893,174.0,17.68,27.0504,93.02,71.7,0.5,160.36,79.54,3.959016,0.207412,Granito de Biotita,,,,,
PBPR-56B,,BD_Ytrio,686673.0,5918372.0,-36.862156,-72.905893,174.0,10.7,16.371,95.59,60.18,0.5,119.5,119.5,2.851217,0.0005,Dique Granitico,,,,,
PBPR-57,,BD_Ytrio,686779.0,5918013.0,-36.865369,-72.904616,169.0,24.05,36.7965,100.38,73.42,0.5,194.38,115.37,3.216295,0.148418,Granito de Biotita,,,,,
PBPR-58,,BD_Ytrio,683576.0,5914630.0,-36.896473,-72.939709,374.0,6.04,9.2412,30.0,25.0,25.45,45.0,32.0,1.820453,0.0005,Granito de Biotita,,,,,
PBPR-59,,BD_Ytrio,683602.0,5914834.0,-36.894631,-72.939466,362.0,70.34,107.6202,307.89,221.24,0.5,628.1,378.63,5.371448,0.49171,Microdiorita,,,,,
PBPR-60,,BD_Ytrio,683913.0,5915181.0,-36.891444,-72.936062,318.0,18.04,27.6012,30.0,25.0,0.5,45.0,70.81,1.774472,0.0005,Granito de Biotita,,,,,
PBPR-61,,BD_Ytrio,685101.0,5915351.0,-36.88968,-72.92278,278.0,48.86,74.7558,83.13,77.32,11.61,101.73,32.0,4.457908,0.249592,Granito de Biotita,,,,,
PBPR-62,,BD_Ytrio,685180.0,5915187.0,-36.891142,-72.921854,275.0,70.82,108.3546,100.75,103.9,7.96,176.99,104.29,4.819217,0.310293,Granito de Biotita,,,,,
PBPR-63,,BD_Ytrio,686266.0,5915363.0,-36.889343,-72.909717,267.0,8.01,12.2553,120.5,83.47,9.14,153.78,112.71,3.362035,0.160634,Granito de Biotita,,,,,
PBPR-64,,BD_Ytrio,686573.0,5916123.0,-36.882436,-72.906461,205.0,9.91,15.1623,30.0,25.0,8.07,96.12,32.0,2.454987,0.13798,Granito de Biotita,,,,,
PBPR-65,,BD_Ytrio,686078.0,5916870.0,-36.875804,-72.912195,181.0,19.7,30.141,59.57,25.0,10.17,114.97,32.0,3.251256,0.160976,Granito de Biotita Porfidico,,,,,
PBPR-66,,BD_Ytrio,686406.0,5917147.0,-36.873244,-72.908585,201.0,6.4,9.792,100.24,89.15,0.5,243.17,162.95,2.307621,0.0005,Granito de Biotita Porfidico,,,,,
PBPR-67,,BD_Ytrio,686706.0,5916828.0,-36.876058,-72.905143,250.0,33.03,50.5359,61.63,25.0,7.21,45.0,32.0,3.709217,0.247384,Granito de Biotita Porfidico,,,,,
PBPR-68,,BD_Ytrio,687058.0,5916775.0,-36.876466,-72.901183,289.0,2.0,3.06,104.71,110.36,11.55,224.81,174.83,0.401985,0.0005,Granito de Biotita,,,,,
PBPR-69,,BD_Ytrio,687362.0,5916304.0,-36.880649,-72.897657,296.0,2.0,3.06,134.98,91.09,0.5,284.75,241.77,0.49566,0.0005,Aplita,,,,,
PIPR-01,,BD_Ytrio,687239.0,5913957.0,-36.901816,-72.898457,301.0,19.55,29.9115,58.77,25.0,10.16,139.11,95.94,5.12615,0.250869,Granito de Biotita,,,,,
PIPR-02,,BD_Ytrio,687498.0,5913305.0,-36.907638,-72.89539,289.0,20.68,31.6404,63.67,25.0,7.8,45.0,32.0,5.148401,0.269566,Granito de Biotita,,,,,
PIPR-03,,BD_Ytrio,687700.0,5912800.0,-36.912147,-72.892999,268.0,25.64,39.2292,30.0,25.0,15.19,45.0,32.0,4.326341,0.271643,Granito de Biotita,,,,,
PIPR-04,,BD_Ytrio,687427.0,5911045.0,-36.928012,-72.895627,154.0,10.82,16.5546,30.0,25.0,19.02,45.0,32.0,4.289912,0.237517,Granito de Biotita,,,,,
PIPR-05,,BD_Ytrio,688156.0,5911719.0,-36.921795,-72.887615,232.0,15.09,23.0877,80.92,64.93,11.88,45.0,75.44,4.770446,0.273192,Granito de Biotita,,,,,
PIPR-06,,BD_Ytrio,687897.0,5912452.0,-36.915243,-72.890703,284.0,7.69,11.7657,30.0,25.0,8.83,45.0,32.0,4.132388,0.267402,Granito de Biotita,,,,,
PIPR-07,,BD_Ytrio,687360.0,5912595.0,-36.914062,-72.896763,282.0,29.24,44.7372,93.88,71.76,8.3,123.23,32.0,4.961795,0.312645,Granito de Biotita,,,,,
PIPR-08,,BD_Ytrio,686849.0,5912899.0,-36.911425,-72.902571,264.0,38.3,58.599,30.0,25.0,0.5,45.0,32.0,3.130838,0.176097,Granito de Biotita,,,,,
CMPR-01,,BD_Ytrio,684531.0,5909013.0,-36.946889,-72.927627,53.0,16.25,24.8625,111.49,81.31,15.32,141.59,98.95,3.342973,0.207718,Granito de Biotita,,,,,
CMPR-02,,BD_Ytrio,685006.0,5909207.0,-36.945048,-72.922344,46.0,19.79,30.2787,380.07,204.15,0.5,427.64,291.49,2.549604,0.0005,Granito de Biotita,,,,,
CMPR-03A,,BD_Ytrio,685199.0,5909720.0,-36.940388,-72.920303,47.0,6.7,10.251,125.47,129.15,0.5,311.59,166.91,2.967197,0.181045,Granito de Biotita,,,,,
CMPR-03B,,BD_Ytrio,685199.0,5909720.0,-36.940388,-72.920303,47.0,26.97,41.2641,143.7,134.2,11.43,340.91,222.55,5.330242,0.376062,Granito de Biotita,,,,,
CMPR-05,,BD_Ytrio,685796.0,5909545.0,-36.941847,-72.91356,72.0,17.59,26.9127,30.0,25.0,14.33,45.0,32.0,4.464986,0.243899,Granito de Biotita,,,,,
CMPR-06,,BD_Ytrio,686457.0,5909924.0,-36.938303,-72.906235,75.0,16.4,25.092,168.12,98.82,9.37,302.45,189.36,3.186089,0.234824,Granito de Biotita,,,,,
CMPR-07A,,BD_Ytrio,686862.0,5910271.0,-36.935096,-72.901776,99.0,11.93,18.2529,110.29,25.0,0.5,148.94,79.81,3.627284,0.269007,Granito de Biotita,,,,,
CMPR-07B,,BD_Ytrio,686862.0,5910271.0,-36.935096,-72.901776,99.0,20.87,31.9311,462.38,428.03,0.5,1129.58,672.53,8.145718,0.75064,Granito de Biotita,,,,,
CMPR-08,,BD_Ytrio,686109.0,5912025.0,-36.919444,-72.910657,220.0,3.83,5.8599,132.01,25.0,8.51,120.24,97.26,4.070669,0.238566,Granito de Biotita,,,,,
CMPR-09,,BD_Ytrio,686051.0,5911783.0,-36.921636,-72.911249,175.0,15.69,24.0057,30.0,25.0,11.57,45.0,32.0,4.700575,0.23495,Granito de Biotita Porfidico,,,,,
CMPR-10,,BD_Ytrio,685728.0,5910759.0,-36.930924,-72.914621,104.0,12.29,18.8037,97.94,87.57,10.71,199.65,124.75,3.232224,0.168469,Granito de Biotita,,,,,
CMPR-11A,,BD_Ytrio,685531.0,5910194.0,-36.936053,-72.916693,88.0,15.71,24.0363,30.0,25.0,22.35,45.0,32.0,2.525012,0.0005,Granito de Biotita Porfidico,,,,,
CMPR-11B,,BD_Ytrio,685531.0,5910194.0,-36.936053,-72.916693,88.0,21.91,33.5223,187.57,135.26,0.5,473.7,252.81,3.506857,0.181672,Granito de Biotita Porfidico,,,,,
CMPR-12,,BD_Ytrio,684832.0,5910134.0,-36.936731,-72.924523,72.0,17.79,27.2187,85.01,25.0,10.82,45.0,32.0,4.223322,0.176475,Granito de Biotita Porfidico,,,,,
CMPR-13,,BD_Ytrio,684154.0,5910873.0,-36.930206,-72.932312,113.0,10.95,16.7535,115.04,61.98,0.5,134.62,32.0,3.310026,0.196415,Granito de Biotita Porfidico,,,,,
CMPR-14,,BD_Ytrio,684641.0,5911670.0,-36.922931,-72.927041,151.0,10.54,16.1262,117.16,67.22,9.31,140.97,100.16,3.0598,0.130296,Granito de Biotita,,,,,
CMPR-15,,BD_Ytrio,684964.0,5912615.0,-36.914355,-72.923648,174.0,8.07,12.3471,107.97,96.85,30.47,166.6,98.41,3.054379,0.176429,Granito de Biotita,,,,,
CMPR-16,,BD_Ytrio,685092.0,5913301.0,-36.90815,-72.92238,175.0,2.0,3.06,185.58,204.94,7.92,418.4,287.54,0.397887,0.256831,Granito de Biotita,,,,,
CMPR-17,,BD_Ytrio,685167.0,5913548.0,-36.90591,-72.921599,188.0,28.66,43.8498,89.16,82.18,13.16,176.21,73.66,3.659591,0.227716,Granito de Biotita,,,,,
CMPR-18,,BD_Ytrio,685383.0,5913073.0,-36.910147,-72.91906,194.0,28.13,43.0389,30.0,25.0,18.23,45.0,32.0,4.33477,0.219951,Granito de Biotita Porfidico,,,,,
CMPR-19,,BD_Ytrio,684897.0,5913749.0,-36.904152,-72.924677,223.0,2.0,3.06,169.08,121.42,0.5,283.91,232.73,0.474115,0.0005,Granodiorita,,,,,
CMPR-20,,BD_Ytrio,684340.0,5914100.0,-36.901099,-72.93101,263.0,39.11,59.8383,86.88,71.15,13.07,110.39,32.0,4.886032,0.331856,Granito de Biotita,,,,,
CMPR-21,,BD_Ytrio,686493.0,5913933.0,-36.90218,-72.906819,299.0,18.2,27.846,30.0,25.0,0.5,45.0,32.0,4.328994,0.292224,Granito de Biotita,,,,,
CHPR-22,,BD_Ytrio,687232.0,5918394.0,-36.861847,-72.899631,221.0,24.12,36.9036,68.92,25.0,10.37,45.0,32.0,3.324258,0.204686,Granito de Biotita,,,,,
CHPR-23,,BD_Ytrio,687321.0,5918077.0,-36.864685,-72.898555,250.0,16.14,24.6942,68.77,25.0,0.5,148.65,91.64,5.067754,0.269836,Granito de Biotita,,,,,
CHPR-24,,BD_Ytrio,687238.0,5917882.0,-36.866458,-72.899437,265.0,14.19,21.7107,85.83,25.0,7.8,114.19,97.61,5.915923,0.372607,Granito de Biotita,,,,,
CHPR-25,,BD_Ytrio,687113.0,5917115.0,-36.873392,-72.90065,261.0,2.0,3.06,145.49,118.26,0.5,321.66,227.05,0.967803,0.0005,Granito de Biotita,,,,,
CHPR-26,,BD_Ytrio,688655.0,5918715.0,-36.858672,-72.883757,172.0,7.18,10.9854,73.73,25.0,10.67,45.0,32.0,4.083982,0.236569,Granito de Biotita,,,,,
CHPR-27,,BD_Ytrio,688804.0,5918073.0,-36.864426,-72.881927,221.0,10.81,16.5393,79.75,72.7,10.42,155.57,142.92,7.365103,0.331584,Granito de Biotita,,,,,
CHPR-28,,BD_Ytrio,688789.0,5917860.0,-36.866347,-72.882043,247.0,27.36,41.8608,104.34,25.0,15.09,183.36,96.16,6.570806,0.458085,Granito de Biotita,,,,,
CHPR-29,,BD_Ytrio,688697.0,5917618.0,-36.868546,-72.883014,273.0,48.43,74.0979,121.3,99.65,9.85,193.79,112.49,3.641252,0.21715,Granito de Biotita,,,,,
CHPR-30,,BD_Ytrio,688476.0,5916944.0,-36.874662,-72.885324,310.0,16.01,24.4953,82.35,25.0,9.5,45.0,32.0,4.281297,0.2507,Granito de Biotita,,,,,
CHPR-31,,BD_Ytrio,688584.0,5915410.0,-36.888459,-72.883732,294.0,21.65,33.1245,83.23,25.0,7.85,114.52,32.0,3.976928,0.239755,Granito de Biotita,,,,,
CHPR-32,,BD_Ytrio,688728.0,5914766.0,-36.894232,-72.881957,273.0,7.59,11.6127,83.83,25.0,0.5,125.79,90.88,4.725082,0.278282,Granito de Biotita,,,,,
CHPR-33,,BD_Ytrio,687647.0,5914497.0,-36.896871,-72.894014,320.0,38.86,59.4558,58.9,25.0,18.17,104.51,32.0,3.058773,0.202769,Granito de Biotita,,,,,
CHPR-34,,BD_Ytrio,687769.0,5914944.0,-36.89282,-72.892757,328.0,43.01,65.8053,71.74,25.0,13.96,45.0,32.0,4.437183,0.257123,Granito de Biotita,,,,,
CHPR-35,,BD_Ytrio,688571.0,5916260.0,-36.880805,-72.884089,290.0,19.26,29.4678,291.89,162.51,0.5,451.96,233.9,2.969083,0.0005,Granito de Biotita Porfidico,,,,,
CHPR-36,,BD_Ytrio,690175.0,5918540.0,-36.859944,-72.866674,100.0,31.48,48.1644,30.0,25.0,0.5,45.0,32.0,3.592835,0.204658,Granito Fino,,,,,
CHPR-37,,BD_Ytrio,688922.0,5919139.0,-36.854799,-72.88087,73.0,14.89,22.7817,60.55,25.0,0.5,45.0,79.25,3.81924,0.0005,Granito de Biotita,,,,,
CHPR-38,,BD_Ytrio,690685.0,5919102.0,-36.854778,-72.861097,104.0,2.0,3.06,175.64,167.86,0.5,446.45,290.9,1.23921,0.0005,Leucogranito,,,,,
CHPR-39,,BD_Ytrio,690713.0,5919094.0,-36.854845,-72.860781,105.0,14.45,22.1085,140.03,121.91,22.24,296.68,173.23,4.221425,0.249176,Leucogranito,,,,,
CHPR-40,,BD_Ytrio,691064.0,5920752.0,-36.839838,-72.857264,276.0,19.96,30.5388,82.77,25.0,0.5,140.88,75.44,4.805523,0.275005,Granito de Biotita,,,,,
CHPR-41,,BD_Ytrio,690733.0,5921197.0,-36.835896,-72.861085,255.0,37.82,57.8646,73.63,64.18,9.21,126.84,32.0,6.65657,0.393984,Granito de Biotita,,,,,
CHPR-42,,BD_Ytrio,691531.0,5920928.0,-36.838158,-72.852074,304.0,32.63,49.9239,77.31,56.98,0.5,119.9,32.0,4.900368,0.324437,Granito de Biotita,,,,,
CHPR-43,,BD_Ytrio,692539.0,5922264.0,-36.825918,-72.841116,248.0,10.98,16.7994,116.85,81.31,0.5,210.35,100.83,4.733217,0.285904,Granito de Biotita,,,,,
CHPR-44,,BD_Ytrio,692388.0,5923106.0,-36.818364,-72.843021,210.0,6.38,9.7614,103.45,66.72,10.94,165.17,104.3,2.536785,0.0005,Granito de Biotita,,,,,
CHPR-45,,BD_Ytrio,692599.0,5921154.0,-36.835905,-72.840162,301.0,11.78,18.0234,30.0,62.68,8.21,136.05,113.27,2.511096,0.0005,Granito de Biotita Porfidico,,,,,
CHPR-46,,BD_Ytrio,692618.0,5921167.0,-36.835784,-72.839952,298.0,25.82,39.5046,87.13,25.0,17.17,45.0,32.0,2.665818,0.0005,Granito Fino,,,,,
CHPR-47,,BD_Ytrio,693783.0,5921147.0,-36.835726,-72.826891,241.0,9.77,14.9481,84.28,72.36,22.5,176.07,32.0,4.195449,0.197084,Granito de Biotita,,,,,
CHPR-48,,BD_Ytrio,689972.0,5920366.0,-36.843535,-72.869406,227.0,15.79,24.1587,188.13,203.87,0.5,466.92,277.08,6.410526,0.271594,Granito de Biotita,,,,,
CHPR-49,,BD_Ytrio,689862.0,5920161.0,-36.845404,-72.870588,212.0,17.22,26.3466,103.31,25.0,7.72,171.28,121.49,6.573627,0.361424,Granito de Biotita,,,,,
CHPR-50,,BD_Ytrio,689456.0,5920997.0,-36.837954,-72.875347,152.0,26.7,40.851,30.0,25.0,12.07,110.54,32.0,6.038284,0.299678,Granito de Biotita,,,,,
CHPR-51,,BD_Ytrio,690773.0,5918296.0,-36.862021,-72.859908,71.0,18.66,28.5498,110.2,113.5,8.26,228.17,182.04,6.971207,0.382084,Granito de Biotita,,,,,
CHPR-52,,BD_Ytrio,691471.0,5918350.0,-36.861394,-72.852097,93.0,7.34,11.2302,68.64,25.0,0.5,96.88,68.48,1.641213,0.0005,Granito de Biotita,,,,,
CHPR-53A,,BD_Ytrio,691852.0,5917456.0,-36.86937,-72.8476,136.0,8.49,12.9897,59.16,25.0,12.07,45.0,32.0,1.7586,0.0005,Granodiorita,,,,,
CHPR-53B,,BD_Ytrio,691852.0,5917456.0,-36.86937,-72.8476,136.0,10.0,15.3,285.67,217.81,15.08,337.46,216.79,0.71168,0.0005,Granodiorita,,,,,
CHPR-54,,BD_Ytrio,692636.0,5916998.0,-36.873336,-72.838693,154.0,20.52,31.3956,61.07,25.0,22.74,104.88,74.01,4.731254,0.210764,Granito de Biotita,,,,,
CHPR-55,,BD_Ytrio,692899.0,5916822.0,-36.874868,-72.8357,193.0,21.82,33.3846,30.0,25.0,21.45,45.0,32.0,4.857849,0.21503,Granito de Biotita,,,,,
CHPR-56,,BD_Ytrio,693107.0,5916109.0,-36.881248,-72.833186,187.0,4.42,6.7626,30.0,25.0,15.43,45.0,32.0,1.588695,0.160262,Granodiorita,,,,,
CHPR-57,,BD_Ytrio,693012.0,5915879.0,-36.883339,-72.834193,203.0,11.98,18.3294,190.27,137.21,0.5,407.4,255.79,4.282454,0.0005,Granito de Biotita,,,,,
CHPR-58,,BD_Ytrio,693035.0,5915690.0,-36.885037,-72.833887,208.0,10.61,16.2333,30.0,25.0,25.08,45.0,32.0,4.594479,0.217655,Granito de Biotita,,,,,
CHPR-59,,BD_Ytrio,693848.0,5916335.0,-36.87906,-72.824934,274.0,10.73,16.4169,100.36,25.0,12.02,160.84,107.77,4.100026,0.26712,Granito de Biotita,,,,,
CHPR-60,,BD_Ytrio,694435.0,5915476.0,-36.886677,-72.818132,237.0,25.23,38.6019,66.59,25.0,15.13,45.0,32.0,4.624449,0.253006,Granito de Biotita,,,,,
CHPR-61,,BD_Ytrio,690154.0,5918583.0,-36.859561,-72.86692,109.0,10.33,15.8049,99.69,77.4,26.14,132.0,85.29,2.61014,0.0005,Granito Fino,,,,,
CHPR-62,,BD_Ytrio,690376.0,5918132.0,-36.863579,-72.864318,177.0,7.05,10.7865,205.3,149.22,11.99,330.34,213.15,0.979601,0.0005,Granito Fino,,,,,
CHPR-63A,,BD_Ytrio,690452.0,5917888.0,-36.865761,-72.863405,166.0,4.66,7.1298,97.23,81.77,12.18,104.51,109.26,1.695028,0.0005,Granito Fino,,,,,
CHPR-63B,,BD_Ytrio,690452.0,5917888.0,-36.865761,-72.863405,166.0,2.0,3.06,181.8,153.78,14.52,408.67,253.42,1.801573,0.0005,Granito Fino,,,,,
CHPR-64,,BD_Ytrio,691059.0,5915892.0,-36.883619,-72.856097,249.0,7.36,11.2608,94.41,25.0,11.22,45.0,32.0,3.694696,0.0005,Granito Fino,,,,,
CHPR-65,,BD_Ytrio,691064.0,5915841.0,-36.884078,-72.856028,256.0,5.31,8.1243,159.6,138.9,9.04,365.27,209.45,1.52073,0.0005,Granito de Biotita,,,,,
CHPR-66,,BD_Ytrio,691304.0,5915580.0,-36.88638,-72.853271,258.0,21.78,33.3234,63.08,25.0,7.86,45.0,32.0,3.048205,0.18037,Granito de Biotita,,,,,
CHPR-67,,BD_Ytrio,691359.0,5914952.0,-36.892026,-72.852495,280.0,11.89,18.1917,66.78,25.0,13.65,45.0,32.0,1.983395,0.0005,Granito de Biotita,,,,,
CHPR-68A,,BD_Ytrio,691935.0,5914461.0,-36.896332,-72.845911,300.0,9.07,13.8771,95.87,25.0,11.75,45.0,32.0,2.392221,0.0005,Granito de Biotita Porfidico,,,,,
CHPR-68B,,BD_Ytrio,691935.0,5914461.0,-36.896332,-72.845911,300.0,8.27,12.6531,135.79,113.83,12.37,281.16,174.23,2.299445,0.113807,Granito de Biotita Porfidico,,,,,
CHPR-69,,BD_Ytrio,692211.0,5914145.0,-36.899123,-72.842735,270.0,3.54,5.4162,30.0,25.0,15.36,45.0,32.0,3.22499,0.171904,Granito de Biotita,,,,,
PIPR-09,,BD_Ytrio,692731.0,5913774.0,-36.902359,-72.836808,262.0,7.79,11.9187,30.0,25.0,14.71,45.0,32.0,2.613375,0.158971,Granito de Biotita,,,,,
PIPR-10,,BD_Ytrio,693722.0,5913135.0,-36.907912,-72.825529,281.0,8.4,12.852,30.0,25.0,8.4,45.0,32.0,2.435976,0.0005,Granito de Biotita,,,,,
PIPR-11,,BD_Ytrio,694896.0,5913577.0,-36.903689,-72.812474,225.0,23.56,36.0468,69.8,25.0,12.65,45.0,32.0,3.641325,0.17512,Granito de Biotita,,,,,
PIPR-12,,BD_Ytrio,693613.0,5913124.0,-36.908033,-72.826749,273.0,9.9,15.147,30.0,25.0,20.14,154.56,91.25,1.731735,0.0005,Granito de Biotita,,,,,
PIPR-13,,BD_Ytrio,692445.0,5912214.0,-36.91647,-72.83962,247.0,8.74,13.3722,64.55,25.0,16.31,45.0,32.0,4.017681,0.233908,Granito de Biotita,,,,,
PIPR-14,,BD_Ytrio,692801.0,5910984.0,-36.927477,-72.835313,282.0,15.2,23.256,30.0,25.0,7.57,45.0,32.0,2.413941,0.0005,Granito Fino,,,,,
PIPR-15,,BD_Ytrio,692961.0,5909887.0,-36.937326,-72.833238,291.0,7.58,11.5974,30.0,25.0,11.89,45.0,32.0,1.981065,0.0005,Granito Fino,,,,,
PIPR-16,,BD_Ytrio,692955.0,5910284.0,-36.933751,-72.833406,277.0,10.74,16.4322,30.0,25.0,10.85,45.0,32.0,1.925776,0.0005,Granito Fino,,,,,
PIPR-17,,BD_Ytrio,692572.0,5910537.0,-36.931551,-72.837768,245.0,24.67,37.7451,103.25,25.0,8.78,121.99,81.62,5.039039,0.281331,Granito Fino,,,,,
PIPR-18,,BD_Ytrio,691981.0,5913467.0,-36.905277,-72.845143,199.0,25.53,39.0609,75.26,63.1,8.49,148.04,32.0,4.77049,0.258711,Granito de Biotita,,,,,
PIPR-19A,,BD_Ytrio,691138.0,5913595.0,-36.904295,-72.854631,258.0,39.54,60.4962,104.71,25.0,20.37,142.15,83.75,7.639203,0.410136,Granito de Biotita,,,,,
PIPR-19B,,BD_Ytrio,691138.0,5913595.0,-36.904295,-72.854631,258.0,16.44,25.1532,70.92,25.0,10.66,104.69,32.0,1.263132,0.0005,Granito Fino,,,,,
PIPR-20,,BD_Ytrio,690739.0,5913321.0,-36.906844,-72.859038,267.0,10.31,15.7743,30.0,25.0,0.5,95.29,32.0,1.140779,0.0005,Granito Fino,,,,,
PIPR-21,,BD_Ytrio,689860.0,5912085.0,-36.918156,-72.868588,210.0,9.05,13.8465,153.71,97.0,13.75,257.13,154.12,1.68959,0.167369,Granito Fino,,,,,
PIPR-22,,BD_Ytrio,690383.0,5912172.0,-36.917267,-72.862743,181.0,9.05,13.8465,94.07,25.0,11.95,156.96,78.85,2.22814,0.0005,Granito Fino,,,,,
PIPR-23,,BD_Ytrio,688734.0,5910518.0,-36.932498,-72.88083,238.0,12.7,19.431,120.55,60.14,12.13,162.13,90.27,4.451941,0.221384,Granito de Biotita,,,,,
PIPR-24,,BD_Ytrio,688032.0,5909290.0,-36.943701,-72.888402,208.0,5.28,8.0784,30.0,25.0,14.5,45.0,32.0,1.936108,0.0005,Granito de Biotita,,,,,
PIPR-25,,BD_Ytrio,688006.0,5909299.0,-36.943625,-72.888696,215.0,22.33,34.1649,99.65,61.39,9.79,171.47,123.44,3.708212,0.207343,Granito de Biotita,,,,,
PIPR-26,,BD_Ytrio,689342.0,5909966.0,-36.937349,-72.87387,252.0,18.11,27.7083,125.42,72.34,10.92,131.82,32.0,4.407105,0.26345,Granito de Biotita,,,,,
PIPR-27,,BD_Ytrio,690123.0,5909153.0,-36.944515,-72.864901,284.0,37.18,56.8854,30.0,25.0,17.07,45.0,32.0,4.898457,0.246238,Granito de Biotita,,,,,
PIPR-28,,BD_Ytrio,690794.0,5908222.0,-36.952766,-72.857135,315.0,26.14,39.9942,117.83,66.8,12.2,172.61,106.84,5.324921,0.289484,Granito de Biotita,,,,,
PIPR-29,,BD_Ytrio,689625.0,5907982.0,-36.955164,-72.870196,258.0,31.16,47.6748,125.55,97.3,15.75,220.85,130.07,4.970864,0.311186,Granito de Biotita,,,,,
PIPR-30,,BD_Ytrio,688917.0,5907547.0,-36.959225,-72.878034,227.0,5.37,8.2161,209.69,105.34,12.54,296.13,158.4,3.761676,0.0005,Granito de Biotita,,,,,
PIPR-31,,BD_Ytrio,686620.0,5907488.0,-36.960215,-72.903805,173.0,4.14,6.3342,76.83,25.0,7.58,45.0,32.0,3.254813,0.0005,Granito de Biotita,,,,,
CMPR-22,,BD_Ytrio,686703.0,5908746.0,-36.948866,-72.903184,118.0,10.57,16.1721,30.0,25.0,0.5,45.0,32.0,3.255946,0.16458,Granito de Biotita,,,,,
CMPR-23,,BD_Ytrio,685508.0,5908014.0,-36.955696,-72.916417,131.0,42.73,65.3769,126.77,83.34,13.85,157.18,137.43,5.550105,0.332843,Granito de Biotita,,,,,
CMPR-24,,BD_Ytrio,685020.0,5908533.0,-36.951117,-72.922021,93.0,47.03,71.9559,93.78,70.27,10.42,110.48,32.0,2.463909,0.0005,Granito de Biotita,,,,,
CMPR-25,,BD_Ytrio,684279.0,5908448.0,-36.952028,-72.930318,68.0,4.88,7.4664,107.01,25.0,14.74,45.0,32.0,3.056729,0.148259,Granito de Biotita,,,,,
CMPR-26,,BD_Ytrio,685222.0,5907549.0,-36.959942,-72.919513,81.0,23.02,35.2206,83.91,56.79,14.4,160.97,121.4,4.629298,0.244427,Granito de Biotita Porfidico,,,,,
LPPR-55,,BD_Ytrio,684886.0,5931852.0,-36.741068,-72.929201,396.0,67.61,103.4433,348.7,252.08,55.4,533.49,324.48,8.305889,0.199376,Granito de Granate,,,,,
PIPR-32,,BD_Ytrio,691637.0,5907245.0,-36.961396,-72.847425,230.0,38.09,58.2777,129.26,60.32,12.41,125.88,76.58,3.233185,0.0005,Granito de Biotita,,,,,
PIPR-33,,BD_Ytrio,693368.0,5907469.0,-36.959024,-72.828052,173.0,36.85,56.3805,30.0,25.0,10.2,45.0,32.0,3.524623,0.145537,Granito de Biotita,,,,,
PIPR-34,,BD_Ytrio,693622.0,5908727.0,-36.94764,-72.825523,175.0,13.51,20.6703,30.0,25.0,9.62,115.23,95.49,3.103605,0.145053,Granito de Biotita,,,,,
PIPR-35,,BD_Ytrio,691307.0,5908971.0,-36.945915,-72.851567,287.0,23.3,35.649,91.45,65.14,0.5,45.0,71.34,4.517847,0.289076,Granito de Biotita,,,,,
PIPR-36,,BD_Ytrio,691682.0,5909301.0,-36.942866,-72.847442,213.0,6.64,10.1592,126.37,90.27,7.69,285.33,171.61,1.788497,0.0005,Aplita,,,,,
CMPR-27a,,BD_Ytrio,683635.0,5911134.0,-36.927956,-72.938199,135.0,15.84,24.2352,135.48,73.94,0.5,149.12,32.0,4.939359,0.342707,Granito de Biotita,,,,,
CMPR-27b,,BD_Ytrio,683635.0,5911134.0,-36.927956,-72.938199,135.0,2.0,3.06,160.45,185.59,0.5,498.26,315.59,1.146149,0.0005,Aplita,,,,,
CMPR-27C,,BD_Ytrio,683635.0,5911134.0,-36.927956,-72.938199,135.0,2.0,3.06,118.78,129.74,0.5,312.41,256.69,0.622736,0.0005,Aplopegmatita,,,,,
CMPR-28a,,BD_Ytrio,683269.0,5910713.0,-36.93182,-72.942204,145.0,32.37,49.5261,99.88,72.76,10.83,183.14,78.53,4.020766,0.201064,Granito de Biotita,,,,,
CMPR-28b,,BD_Ytrio,683269.0,5910713.0,-36.93182,-72.942204,145.0,2.0,3.06,126.29,159.78,0.5,403.59,233.57,0.282291,0.0005,Pegmatita,,,,,
CMPR-29a,,BD_Ytrio,683059.0,5910412.0,-36.934573,-72.944488,189.0,27.43,41.9679,30.0,25.0,0.5,45.0,32.0,3.61058,0.255128,Granito de Biotita,,,,,
CMPR-29B,,BD_Ytrio,683059.0,5910412.0,-36.934573,-72.944488,189.0,17.26,26.4078,119.81,97.33,14.66,212.78,138.5,3.087497,0.20457,Metapelita,,,,,
CMPR-30,,BD_Ytrio,682087.0,5908447.0,-36.952463,-72.954922,52.0,23.61,36.1233,138.63,91.64,9.89,234.8,151.1,3.612988,0.0005,Granito de Biotita,,,,,
CMPR-31,,BD_Ytrio,681626.0,5907090.0,-36.964777,-72.959771,30.0,12.27,18.7731,191.45,168.44,10.44,390.69,276.0,2.764417,0.0005,Metapelita,,,,,
CMPR-32,,BD_Ytrio,681369.0,5907089.0,-36.964836,-72.962656,34.0,16.79,25.6887,287.21,222.04,18.06,610.24,400.16,6.174426,0.0005,Microdiorita,,,,,
CMPR-33,,BD_Ytrio,680556.0,5906845.0,-36.96719,-72.971725,54.0,16.79,25.6887,96.26,75.89,8.72,221.69,112.01,2.82805,0.146909,Lutita,,,,,
CMPR-34,,BD_Ytrio,680243.0,5907092.0,-36.965025,-72.975298,127.0,23.51,35.9703,102.48,78.02,13.5,45.0,74.11,4.70832,0.0005,Lutita,,,,,
CMPR-35,,BD_Ytrio,680328.0,5908014.0,-36.956703,-72.974564,374.0,40.3,61.659,236.89,174.52,21.04,464.16,269.18,6.47871,0.273996,Lutita,,,,,
CMPR-36,,BD_Ytrio,680573.0,5908206.0,-36.954926,-72.971859,415.0,11.28,17.2584,269.6,172.91,9.32,503.43,302.74,9.108705,0.0005,Lutita,,,,,
SJGG-87,,BD_Ytrio,675671.0,5878545.0,-37.223067,-73.019945,115.0,38.59,59.0427,218.83,134.84,9.23,422.91,277.84,4.594591,0.223188,Granito de Biotita,,,,,
SJGG-88,,BD_Ytrio,676171.0,5876241.0,-37.243728,-73.013768,221.0,18.1,27.693,113.01,81.53,0.5,205.18,140.93,4.949478,0.363146,Granito de Biotita,,,,,
SJGG-89,,BD_Ytrio,675941.0,5875931.0,-37.246565,-73.016286,285.0,27.27,41.7231,83.26,25.0,0.5,198.22,104.62,5.802365,0.326994,Granito de Biotita,,,,,
SJGG-90,,BD_Ytrio,676137.0,5875306.0,-37.252158,-73.01393,415.0,86.99,133.0947,69.15,25.0,0.5,116.24,32.0,4.083582,0.240126,Granito de Biotita,,,,,
SJGG-91,,BD_Ytrio,676078.0,5874418.0,-37.260169,-73.014384,475.0,133.09,203.6277,129.87,78.61,0.5,100.42,102.76,4.725258,0.377648,Granito de Biotita,,,,,
SJGG-92,,BD_Ytrio,676078.0,5874418.0,-37.260169,-73.014384,472.0,14.17,21.6801,89.53,25.0,0.5,128.12,92.34,4.483692,0.266124,Granito de Biotita,,,,,
SJGG-93,,BD_Ytrio,674860.0,5876741.0,-37.239471,-73.028658,156.0,70.45,107.7885,90.0,96.28,0.5,166.54,109.46,5.338544,0.326091,Granito de Biotita,,,,,
SJGG-94,,BD_Ytrio,674062.0,5876955.0,-37.237693,-73.037699,110.0,14.91,22.8123,164.47,125.13,9.72,275.34,153.39,4.178367,0.29415,Granito de Biotita,,,,,
SJGG-95,,BD_Ytrio,673492.0,5876599.0,-37.241006,-73.044039,110.0,19.46,29.7738,93.98,25.0,0.5,129.2,99.85,5.732193,0.223519,Granito de Biotita,,,,,
SJGG-96,,BD_Ytrio,672719.0,5875729.0,-37.248987,-73.052548,132.0,31.57,48.3021,84.53,61.63,11.09,167.32,90.64,4.398727,0.225373,Migmatita,,,,,
SJGG-97,,BD_Ytrio,672039.0,5875585.0,-37.25041,-73.060177,120.0,25.56,39.1068,69.53,25.0,19.23,138.41,83.3,4.200611,0.3423,Migmatita,,,,,
SJGG-98,,BD_Ytrio,671241.0,5875287.0,-37.253242,-73.069102,119.0,25.65,39.2445,226.84,176.13,15.42,439.23,262.32,4.513777,0.210034,Milonita,,,,,
SJGG-99,,BD_Ytrio,670519.0,5876153.0,-37.245573,-73.077437,113.0,34.61,52.9533,210.38,170.39,0.5,521.28,316.78,2.898771,0.192038,Milonita,,,,,
SJGG-100,,BD_Ytrio,670030.0,5877133.0,-37.236833,-73.083172,125.0,13.17,20.1501,30.0,25.0,0.5,45.0,32.0,0.791139,0.0005,Milonita,,,,,
SJGG-101,,BD_Ytrio,669198.0,5877310.0,-37.23539,-73.092587,168.0,15.35,23.4855,111.8,71.88,0.5,109.75,86.36,3.09363,0.217284,Esquisto de Biotita,,,,,
SJGG-102,,BD_Ytrio,675526.0,5878747.0,-37.221274,-73.021626,172.0,5.16,7.8948,110.24,70.18,11.72,180.97,135.65,4.561339,0.287526,Migmatita,,,,,
SJGG-103,,BD_Ytrio,674930.0,5878897.0,-37.220035,-73.028375,204.0,5.8,8.874,30.0,25.0,0.5,45.0,32.0,3.962963,0.240204,Esquisto de Biotita,,,,,
SJGG-104,,BD_Ytrio,674153.0,5879147.0,-37.217928,-73.037186,272.0,34.56,52.8768,343.28,283.15,16.82,698.52,424.08,7.194002,0.571187,Esquisto de Biotita,,,,,
SJGG-105,,BD_Ytrio,674173.0,5880012.0,-37.210132,-73.037163,525.0,9.35,14.3055,82.11,63.39,12.2,101.07,70.08,3.580863,0.265666,Esquisto de Biotita,,,,,
SJGG-106,,BD_Ytrio,675075.0,5879762.0,-37.212215,-73.026945,364.0,11.49,17.5797,78.99,25.0,11.42,123.48,32.0,3.617168,0.354698,Esquisto de Biotita,,,,,
SJGG-107,,BD_Ytrio,673268.0,5878841.0,-37.22085,-73.047084,434.0,13.3,20.349,59.18,25.0,8.95,135.87,32.0,3.445873,0.252071,Esquisto de Biotita,,,,,
SJGG-108,,BD_Ytrio,673217.0,5879678.0,-37.213319,-73.047853,473.0,6.1,9.333,100.4,25.0,9.59,45.0,32.0,2.2597,0.120841,Esquisto de Biotita,,,,,
SJGG-109,,BD_Ytrio,672307.0,5877477.0,-37.233316,-73.057595,425.0,13.13,20.0889,116.95,72.1,16.86,153.5,32.0,3.756562,0.239107,Esquisto de Biotita,,,,,
SJGG-110,,BD_Ytrio,671525.0,5876192.0,-37.245037,-73.06611,302.0,20.72,31.7016,30.0,25.0,10.51,45.0,32.0,3.653942,0.222603,Esquisto de Biotita,,,,,
SJGG-111,,BD_Ytrio,671369.0,5875784.0,-37.248741,-73.067774,250.0,14.42,22.0626,108.59,81.8,17.67,130.18,97.88,3.939423,0.190137,Esquisto de Biotita,,,,,
SJGG-112,,BD_Ytrio,674788.0,5877282.0,-37.234611,-73.029596,125.0,33.68,51.5304,66.93,25.0,0.5,105.26,87.09,4.000258,0.271342,Granito de Biotita,,,,,
SJGG-113,,BD_Ytrio,675333.0,5877315.0,-37.234211,-73.023463,241.0,6.9,10.557,107.36,72.81,8.83,154.32,125.32,3.853939,0.231889,Granito de Biotita,,,,,
SJGG-114,,BD_Ytrio,675954.0,5877582.0,-37.231689,-73.016529,288.0,64.63,98.8839,91.06,68.27,0.5,136.43,123.11,5.834184,0.443073,Tonalita de Anfibol y Biotita,,,,,
SJGG-115,,BD_Ytrio,676381.0,5877470.0,-37.232617,-73.011692,314.0,12.52,19.1556,140.29,98.35,0.5,230.67,144.63,4.546232,0.235607,Granito de Biotita,,,,,
SJGG-116,,BD_Ytrio,675776.0,5877004.0,-37.236929,-73.018399,279.0,11.2,17.136,89.18,25.0,7.94,128.16,96.97,5.795332,0.288092,Granito de Biotita,,,,,
SJGG-117,,BD_Ytrio,669349.0,5876272.0,-37.244714,-73.090649,372.0,15.07,23.0571,72.53,62.75,10.78,159.87,90.97,4.834731,0.240022,Esquisto de Biotita,,,,,
SJGG-118,,BD_Ytrio,669697.0,5875508.0,-37.251534,-73.086554,423.0,22.84,34.9452,163.15,108.14,15.89,269.69,164.56,6.062485,0.371032,Esquisto de Biotita,,,,,
SJGG-119,,BD_Ytrio,669466.0,5874087.0,-37.264378,-73.088833,512.0,18.0,27.54,130.07,87.49,9.59,169.94,126.98,5.30314,0.258088,Esquisto de Biotita,,,,,
SJGG-120,,BD_Ytrio,680678.0,5877163.0,-37.23456,-72.963206,70.0,9.45,14.4585,30.0,25.0,0.5,45.0,32.0,2.411862,0.158305,Granito de Biotita,,,,,
SJGG-121,,BD_Ytrio,680323.0,5876387.0,-37.241619,-72.967018,184.0,2.53,3.8709,70.33,25.0,0.5,45.0,71.28,3.713913,0.211483,Granito de Biotita,,,,,
SJGG-122,,BD_Ytrio,679825.0,5875419.0,-37.250435,-72.972396,320.0,11.58,17.7174,94.71,59.06,0.5,118.06,94.97,4.001089,0.0005,Granito de Biotita,,,,,
SJGG-123,,BD_Ytrio,679444.0,5874833.0,-37.255788,-72.976548,403.0,9.95,15.2235,51.55,25.0,0.5,127.86,105.82,6.042027,0.276791,Tonalita de Anfibol y Biotita,,,,,
SJGG-124,,BD_Ytrio,678886.0,5874460.0,-37.259255,-72.982747,505.0,16.04,24.5412,67.31,25.0,0.5,158.38,107.0,4.254804,0.291669,Tonalita de Anfibol y Biotita,,,,,
SJGG-124A,,BD_Ytrio,678886.0,5874460.0,-37.259255,-72.982747,505.0,22.55,34.5015,133.66,118.43,13.52,393.52,267.17,2.257496,0.0005,Tonalita de Anfibol y Biotita,,,,,
SJGG-125,,BD_Ytrio,677892.0,5874796.0,-37.256419,-72.99403,500.0,18.8,28.764,137.63,90.15,0.5,192.85,111.53,5.265861,0.307206,Granito de Biotita,,,,,
SJGG-126,,BD_Ytrio,677873.0,5875408.0,-37.250909,-72.99439,513.0,15.64,23.9292,108.66,74.94,0.5,166.16,112.57,4.80265,0.283654,Granito de Biotita,,,,,
SJGG-127,,BD_Ytrio,677825.0,5876203.0,-37.243757,-72.995121,467.0,70.63,108.0639,30.0,25.0,0.5,91.92,32.0,3.160826,0.236503,Granito de Biotita,,,,,
SJGG-128,,BD_Ytrio,678052.0,5875834.0,-37.247037,-72.992475,436.0,64.07,98.0271,88.68,25.0,10.92,45.0,32.0,4.98023,0.305128,Granito de Biotita,,,,,
SJGG-128R,,BD_Ytrio,678052.0,5875834.0,-37.247037,-72.992475,436.0,7.02,10.7406,92.82,25.0,0.5,224.63,142.69,3.105242,0.176431,Granito de Biotita,,,,,
SJGG-129,,BD_Ytrio,678433.0,5875737.0,-37.247838,-72.988158,395.0,19.68,30.1104,71.16,25.0,0.5,45.0,101.34,3.134672,0.255558,Granito de Biotita,,,,,
SJGG-30,,BD_Ytrio,678694.0,5873992.0,-37.263508,-72.984798,521.0,10.73,16.4169,72.93,60.94,9.43,173.89,128.97,3.80105,0.211802,Tonalita de Anfibol y Biotita,,,,DUP_2/2,
SJGG-131,,BD_Ytrio,678740.0,5873143.0,-37.271147,-72.984076,535.0,18.82,28.7946,59.82,25.0,0.5,45.0,32.0,5.0737,0.289118,Granito de Biotita,,,,,
SJGG-132,,BD_Ytrio,678029.0,5873009.0,-37.272491,-72.992058,491.0,41.95,64.1835,79.73,62.12,0.5,45.0,77.17,5.477821,0.261083,Granito de Biotita,,,,,
SJGG-133,,BD_Ytrio,677741.0,5873311.0,-37.269825,-72.995377,495.0,46.54,71.2062,99.51,60.71,0.5,157.01,105.4,4.339123,0.228626,Granito de Biotita,,,,,
SJGG-134,,BD_Ytrio,677790.0,5873523.0,-37.267906,-72.994875,475.0,58.88,90.0864,124.73,116.29,0.5,218.38,138.6,4.119072,0.180621,Granito de Biotita,,,,,
SJGG-135,,BD_Ytrio,677319.0,5873287.0,-37.270122,-73.000128,415.0,25.5,39.015,77.64,25.0,0.5,45.0,32.0,5.312186,0.230521,Granito de Biotita,,,,,
SJGG-136,,BD_Ytrio,677137.0,5873150.0,-37.271391,-73.002147,349.0,12.91,19.7523,152.38,112.57,0.5,227.65,158.13,3.6399,0.25162,Granito de Biotita,,,,,
SJGG-137,,BD_Ytrio,677840.0,5872296.0,-37.27895,-72.994018,501.0,13.25,20.2725,70.8,25.0,0.5,111.49,32.0,3.431912,0.239315,Granito de Biotita,,,,,
SJGG-138,,BD_Ytrio,672032.0,5875034.0,-37.255376,-73.060129,143.0,7.95,12.1635,157.67,138.34,7.59,273.2,192.05,4.384815,0.234257,Migmatita,,,,,
SJGG-139,,BD_Ytrio,672015.0,5874425.0,-37.260865,-73.06018,223.0,11.06,16.9218,59.58,25.0,0.5,105.09,76.93,2.803683,0.134041,Migmatita,,,,,
SJGG-140,,BD_Ytrio,672389.0,5873929.0,-37.265264,-73.05585,312.0,8.22,12.5766,85.41,86.92,7.45,178.56,146.52,4.166447,0.205751,Migmatita,,,,,
SJGG-141,,BD_Ytrio,672297.0,5873329.0,-37.270687,-73.056748,360.0,9.78,14.9634,150.59,78.75,0.5,184.24,106.93,4.635356,0.289919,Granito de Biotita,,,,,
SJGG-142,,BD_Ytrio,672373.0,5872946.0,-37.274123,-73.055802,382.0,6.1,9.333,85.31,25.0,0.5,194.06,105.36,4.032254,0.229409,Granito de Biotita,,,,,
SJGG-143,,BD_Ytrio,672297.0,5872539.0,-37.277804,-73.056565,373.0,10.06,15.3918,30.0,25.0,14.38,45.0,32.0,1.133199,0.0005,Migmatita,,,,,
SJGG-144,,BD_Ytrio,672952.0,5872675.0,-37.276457,-73.049212,490.0,2.0,3.06,88.01,72.25,0.5,181.58,133.6,3.568873,0.268403,Granito de Biotita,,,,,
SJGG-145,,BD_Ytrio,673014.0,5872522.0,-37.277824,-73.048477,503.0,3.27,5.0031,129.06,80.85,0.5,213.71,120.8,4.139108,0.300362,Granito de Biotita,,,,,
SJGG-146,,BD_Ytrio,673706.0,5871909.0,-37.283217,-73.040533,568.0,6.99,10.6947,110.38,73.68,7.63,196.59,150.27,3.865804,0.275966,Granito de Biotita,,,,,
SJGG-147,,BD_Ytrio,673705.0,5871399.0,-37.287812,-73.040425,564.0,40.73,62.3169,72.09,67.41,0.5,121.33,103.29,4.470598,0.197329,Granito de Biotita,,,,,
SJGG-148,,BD_Ytrio,673610.0,5870723.0,-37.293919,-73.041338,640.0,17.12,26.1936,96.95,25.0,0.5,114.21,94.61,4.900105,0.280861,Granito de Biotita,,,,,
SJGG-149,,BD_Ytrio,673977.0,5870052.0,-37.299896,-73.037043,695.0,32.7,50.031,68.68,109.07,0.5,152.17,127.41,3.634058,0.158616,Granito de Biotita,,,,,
SJGG-150,,BD_Ytrio,674286.0,5869659.0,-37.303378,-73.033466,654.0,4.51,6.9003,134.6,71.88,11.41,179.54,127.14,5.084508,0.288452,Granito de Biotita,,,,,
SJGG-151,,BD_Ytrio,674505.0,5870117.0,-37.299211,-73.031104,611.0,14.09,21.5577,102.53,59.45,0.5,98.3,32.0,4.6924,0.246109,Granito de Biotita,,,,,
SJGG-152,,BD_Ytrio,674505.0,5870117.0,-37.299211,-73.031104,611.0,7.72,11.8116,161.45,114.37,11.41,306.34,205.91,4.87563,0.253339,Granito de Biotita,,,,,
SJGG-153,,BD_Ytrio,674743.0,5870774.0,-37.293248,-73.028575,546.0,9.82,15.0246,103.25,57.17,0.5,151.13,95.48,4.414529,0.259931,Granito de Biotita,,,,,
SJGG-154,,BD_Ytrio,675228.0,5870567.0,-37.295021,-73.023057,522.0,9.11,13.9383,107.72,25.0,0.5,121.52,86.08,4.468634,0.173143,Granito de Biotita,,,,,
SJGG-155,,BD_Ytrio,675564.0,5870112.0,-37.299057,-73.019161,518.0,2.0,3.06,92.42,96.65,0.5,164.21,136.62,3.554377,0.18271,Granito de Biotita,,,,,
SJGG-156,,BD_Ytrio,676043.0,5869508.0,-37.304407,-73.013616,506.0,13.48,20.6244,94.19,57.08,21.04,141.86,107.01,4.198298,0.29123,Granito de Biotita,,,,,
SJGG-157,,BD_Ytrio,676175.0,5868769.0,-37.31104,-73.011952,478.0,8.79,13.4487,154.23,132.76,14.67,283.2,179.18,4.235013,0.216753,Granito de Biotita Rico en Qz,,,,,
SJGG-158,,BD_Ytrio,675808.0,5868042.0,-37.317658,-73.015919,471.0,11.6,17.748,123.22,61.45,0.5,108.99,32.0,2.832088,0.135351,Granito de Biotita Rico en Qz,,,,,
SJGG-159,,BD_Ytrio,675989.0,5867478.0,-37.322705,-73.013744,465.0,16.68,25.5204,113.47,78.18,0.5,201.65,113.32,4.281503,0.162109,Granito de Biotita Rico en Qz,,,,,
SJGG-160,,BD_Ytrio,676551.0,5867689.0,-37.320698,-73.007455,491.0,33.91,51.8823,164.39,143.37,9.41,329.21,223.75,4.612722,0.197903,Granito de Biotita Rico en Qz,,,,,
SJGG-160b,,BD_Ytrio,676551.0,5867689.0,-37.320698,-73.007455,491.0,11.16,17.0748,92.09,89.0,16.58,258.9,209.06,2.772736,0.0005,Granito de Biotita Rico en Qz,,,,,
SJGG-161,,BD_Ytrio,676658.0,5867678.0,-37.320776,-73.006245,520.0,7.18,10.9854,152.84,104.59,0.5,120.49,32.0,3.456134,0.196649,Granito de Biotita Rico en Qz,,,,,
SJGG-161b,,BD_Ytrio,676658.0,5867678.0,-37.320776,-73.006245,520.0,4.24,6.4872,102.43,103.18,0.5,288.83,220.3,2.23532,0.142468,Granito de Biotita Rico en Qz,,,,,
SJGG-162,,BD_Ytrio,676658.0,5867678.0,-37.320776,-73.006245,520.0,6.55,10.0215,61.32,25.0,0.5,100.16,64.73,3.664474,0.169218,Tonalita de Anfibol y Biotita,,,,,
SJGG-162b,,BD_Ytrio,676658.0,5867678.0,-37.320776,-73.006245,520.0,35.01,53.5653,226.02,194.21,8.5,528.19,406.85,4.048559,0.184004,Tonalita de Anfibol y Biotita,,,,,
SJGG-163,,BD_Ytrio,680965.0,5877731.0,-37.229387,-72.960111,68.0,7.97,12.1941,102.47,66.63,0.5,167.68,123.88,2.439651,0.148406,Arenisca,,,,,
SJGG-164,,BD_Ytrio,681145.0,5875352.0,-37.250783,-72.957504,118.0,5.28,8.0784,143.24,107.91,0.5,291.66,182.11,5.645873,0.0005,Granito de Biotita,,,,,
SJGG-165,,BD_Ytrio,682075.0,5872951.0,-37.272231,-72.946437,201.0,8.06,12.3318,106.52,25.0,0.5,204.27,133.9,4.510164,0.377286,Granito de Biotita,,,,,
SJGG-166,,BD_Ytrio,681031.0,5871510.0,-37.285415,-72.957854,269.0,2.72,4.1616,96.24,60.61,0.5,185.53,142.64,3.737613,0.279798,Granito de Biotita,,,,,
SJGG-167,,BD_Ytrio,680894.0,5871726.0,-37.283496,-72.959451,236.0,32.42,49.6026,249.03,211.84,0.5,510.44,340.18,6.497548,0.363922,Tonalita de Anfibol y Biotita,,,,,
SJGG-168,,BD_Ytrio,680042.0,5871678.0,-37.284094,-72.969045,333.0,14.23,21.7719,138.07,83.76,0.5,325.39,184.38,5.030165,0.0005,Granito de Biotita,,,,,
SJGG-169,,BD_Ytrio,680457.0,5870352.0,-37.295958,-72.964044,387.0,24.04,36.7812,128.95,101.34,0.5,271.32,155.29,4.626938,0.398188,Granito de Biotita,,,,,
SJGG-170,,BD_Ytrio,681484.0,5870167.0,-37.297425,-72.952419,281.0,4.33,6.6249,102.42,60.1,12.42,147.64,121.8,4.800663,0.2722,Diorita,,,,,
SJGG-171,,BD_Ytrio,679763.0,5869713.0,-37.301849,-72.971715,467.0,59.75,91.4175,71.69,74.73,0.5,167.82,114.0,4.491743,0.347311,Diorita,,,,,
SJGG-172,,BD_Ytrio,679090.0,5869487.0,-37.304015,-72.97925,562.0,16.33,24.9849,107.52,97.26,0.5,175.24,149.85,5.331074,0.411868,Tonalita de Anfibol y Biotita,,,,,
SJGG-173,,BD_Ytrio,678635.0,5869486.0,-37.304111,-72.984381,610.0,8.73,13.3569,103.8,80.2,0.5,116.68,107.16,4.620006,0.323441,Tonalita de Anfibol y Biotita,,,,,
SJGG-174,,BD_Ytrio,678731.0,5870948.0,-37.290923,-72.98365,526.0,11.46,17.5338,153.9,117.06,0.5,284.12,180.29,4.624106,0.20659,Granito de Biotita,,,,,
SJGG-175,,BD_Ytrio,679149.0,5870800.0,-37.292175,-72.978901,479.0,34.31,52.4943,216.56,163.84,14.32,232.84,153.43,5.817705,0.222306,Granito de Biotita,,,,,
SJGG-176,,BD_Ytrio,679097.0,5870916.0,-37.29114,-72.979515,489.0,3.32,5.0796,150.1,130.71,0.5,289.38,188.99,4.133327,0.257542,Granito de Biotita,,,,,
SJGG-177,,BD_Ytrio,679365.0,5871530.0,-37.285558,-72.976642,459.0,10.28,15.7284,81.98,78.42,0.5,213.18,123.42,5.194364,0.292344,Granito de Biotita,,,,,
SJGG-178,,BD_Ytrio,679320.0,5871744.0,-37.283639,-72.977201,440.0,15.73,24.0669,50.51,25.0,0.5,45.0,32.0,3.29704,0.321323,Granito de Biotita,,,,,
SJGG-179,,BD_Ytrio,678220.0,5871966.0,-37.28185,-72.989655,532.0,19.2,29.376,131.96,128.0,0.5,312.93,181.88,4.897007,0.486157,Granito de Biotita,,,,,
SJGG-180,,BD_Ytrio,677953.0,5870889.0,-37.291603,-72.992408,507.0,4.65,7.1145,77.79,66.61,0.5,201.4,144.97,5.240955,0.370929,Tonalita de Anfibol y Biotita,,,,,
SJGG-181,,BD_Ytrio,677287.0,5871258.0,-37.288406,-73.000005,439.0,32.55,49.8015,68.4,64.33,0.5,147.0,80.15,4.358331,0.376368,Tonalita de Anfibol y Biotita,,,,,
SJGG-182,,BD_Ytrio,676876.0,5872050.0,-37.28135,-73.004827,473.0,10.39,15.8967,151.05,116.72,12.37,256.76,229.35,4.817793,0.299419,Tonalita de Anfibol y Biotita,,,,,
SJGG-183,,BD_Ytrio,676876.0,5872050.0,-37.28135,-73.004827,473.0,10.56,16.1568,30.0,25.0,0.5,45.0,32.0,1.175221,0.0005,Dique Dacitico,,,,,
SJGG-184,,BD_Ytrio,678199.0,5868344.0,-37.314482,-72.989023,649.0,8.76,13.4028,75.06,66.4,0.5,160.36,119.4,5.429378,0.369685,Tonalita de Anfibol y Biotita,,,,,
SJGG-185,,BD_Ytrio,677699.0,5867547.0,-37.321758,-72.994472,662.0,21.09,32.2677,140.19,118.8,0.5,288.79,203.24,10.031052,0.4314,Tonalita de Anfibol y Biotita,,,,,
SJGG-186,,BD_Ytrio,677075.0,5867549.0,-37.321859,-73.001511,613.0,14.09,21.5577,192.34,164.34,31.5,287.49,150.11,4.211556,0.181799,Granito de Biotita,,,,,
SJGG-187,,BD_Ytrio,675294.0,5867716.0,-37.320692,-73.02164,584.0,7.44,11.3832,129.15,54.36,12.4,105.06,83.16,3.098798,0.220883,Granito de Biotita,,,,,
SJGG-188,,BD_Ytrio,674560.0,5867786.0,-37.3202,-73.029936,680.0,10.68,16.3404,194.85,103.35,79.07,141.1,32.0,3.693593,0.313939,Granito de Biotita,,,,,
SJGG-189,,BD_Ytrio,674505.0,5868750.0,-37.311526,-73.030783,681.0,4.95,7.5735,131.86,25.0,10.51,162.62,105.22,3.77785,0.0005,Granito de Biotita,,,,,
SJGG-190,,BD_Ytrio,674384.0,5871351.0,-37.288117,-73.032758,537.0,5.53,8.4609,148.61,95.83,0.5,216.65,166.25,4.355358,0.294214,Granito de Biotita,,,,,
SJGG-191,,BD_Ytrio,674194.0,5871928.0,-37.282955,-73.035036,495.0,4.05,6.1965,116.9,103.43,11.02,225.23,169.75,3.548145,0.204268,Diorita,,,,,
SJGG-192,,BD_Ytrio,674561.0,5872446.0,-37.27822,-73.03102,467.0,47.19,72.2007,137.71,96.7,0.5,302.24,172.16,4.658263,0.268122,Granito de Biotita,,,,,
SJGG-193,,BD_Ytrio,675253.0,5872711.0,-37.275702,-73.023281,445.0,28.58,43.7274,153.23,88.69,0.5,177.6,148.47,4.484118,0.269642,Granito de Biotita,,,,,
SJGG-194,,BD_Ytrio,675755.0,5872765.0,-37.275121,-73.017634,432.0,19.65,30.0645,101.93,71.34,0.5,196.74,134.07,3.831703,0.300004,Granito de Biotita,,,,,
SJGG-195,,BD_Ytrio,676108.0,5873238.0,-37.270793,-73.013767,382.0,13.64,20.8692,110.79,25.0,0.5,158.29,109.08,4.147949,0.312579,Granito de Biotita,,,,,
SJGG-196,,BD_Ytrio,674992.0,5873190.0,-37.271436,-73.026336,540.0,6.1,9.333,171.45,72.07,8.56,229.19,149.8,4.358001,0.27548,Granito de Biotita,,,,,
SJGG-197,,BD_Ytrio,675447.0,5873827.0,-37.265612,-73.021357,540.0,19.45,29.7585,78.08,66.84,0.5,136.49,73.23,4.063334,0.250273,Granito de Biotita,,,,,
SJGG-198,,BD_Ytrio,675285.0,5874571.0,-37.25894,-73.023358,526.0,17.08,26.1324,157.36,100.42,0.5,332.15,213.15,6.856093,0.48734,Diorita,,,,,
SJGG-199,,BD_Ytrio,674908.0,5875029.0,-37.254885,-73.027715,423.0,8.22,12.5766,133.13,111.25,13.12,235.67,132.76,3.023535,0.26693,Granito de Biotita,,,,,
SJGG-200,,BD_Ytrio,673364.0,5872573.0,-37.277299,-73.044544,488.0,7.89,12.0717,95.1,73.7,0.5,121.99,90.17,3.302614,0.169129,Granito de Biotita,,,,,
SJGG-201,,BD_Ytrio,674518.0,5867146.0,-37.325973,-73.030259,707.0,2.0,3.06,71.85,25.0,0.5,88.72,73.21,2.550644,0.14826,Granito de Biotita,,,,,
SJGG-202,,BD_Ytrio,675130.0,5866454.0,-37.332092,-73.023192,682.0,12.58,19.2474,148.94,69.09,0.5,45.0,71.5,3.378417,0.244746,Granito de Biotita,,,,,
SJGG-203,,BD_Ytrio,675385.0,5865705.0,-37.338791,-73.020138,687.0,15.95,24.4035,131.92,91.94,0.5,208.9,117.37,4.299223,0.25347,Granito de Biotita,,,,,
SJGG-204,,BD_Ytrio,676162.0,5865058.0,-37.344473,-73.011218,641.0,9.09,13.9077,89.8,83.97,12.1,139.0,90.71,3.911827,0.279113,Granito de Biotita,,,,,
SJGG-205,,BD_Ytrio,675765.0,5864166.0,-37.352584,-73.015486,621.0,9.45,14.4585,83.71,25.0,10.36,152.59,96.7,4.184533,0.19926,Granito de Biotita,,,,,
SJGG-206,,BD_Ytrio,675283.0,5863831.0,-37.355693,-73.020845,550.0,12.96,19.8288,103.75,25.0,0.5,105.96,32.0,3.932527,0.213717,Granito de Biotita,,,,,
SJGG-207,,BD_Ytrio,675395.0,5862883.0,-37.364211,-73.019357,568.0,9.12,13.9536,120.21,125.48,8.96,259.49,165.7,4.700682,0.289623,Granito de Biotita,,,,,
SJGG-208,,BD_Ytrio,676167.0,5861725.0,-37.374497,-73.010368,423.0,13.52,20.6856,124.54,113.46,0.5,286.97,144.17,3.879897,0.261985,Granito de Biotita,,,,,
SJGG-209,,BD_Ytrio,678363.0,5866395.0,-37.332008,-72.986705,717.0,22.07,33.7671,102.56,120.55,0.5,236.29,153.83,5.011768,0.343205,Granito de Biotita,,,,,
SJGG-210,,BD_Ytrio,678893.0,5865747.0,-37.337744,-72.98057,719.0,24.11,36.8883,146.17,114.5,0.5,290.48,181.14,6.842792,0.397078,Granito de Biotita,,,,,
SJGG-211,,BD_Ytrio,678895.0,5865741.0,-37.337797,-72.980546,718.0,35.49,54.2997,141.07,141.67,0.5,340.02,179.07,6.282317,0.463124,Tonalita de Anfibol y Biotita,,,,,
SJGG-212,,BD_Ytrio,678478.0,5865009.0,-37.344472,-72.985074,685.0,13.3,20.349,110.84,60.25,0.5,158.24,118.38,4.61394,0.286699,Diorita,,,,,
SJGG-213,,BD_Ytrio,678118.0,5864923.0,-37.345316,-72.989115,675.0,16.98,25.9794,70.45,72.6,0.5,142.3,107.02,4.220405,0.298595,Granito de Biotita,,,,,
SJGG-214,,BD_Ytrio,677101.0,5865177.0,-37.343222,-73.000651,665.0,2.55,3.9015,107.03,112.79,0.5,221.63,136.34,3.24351,0.217918,Granito de Biotita,,,,,
SJGG-215,,BD_Ytrio,676260.0,5864428.0,-37.350129,-73.009962,666.0,5.85,8.9505,64.65,71.33,0.5,165.39,116.75,3.418477,0.164747,Granito de Biotita,,,,,
SJGG-216,,BD_Ytrio,674684.0,5864177.0,-37.352689,-73.027687,549.0,9.4,14.382,85.48,25.0,0.5,157.3,79.27,6.54423,0.430826,Granito de Biotita,,,,,
SJGG-217,,BD_Ytrio,673917.0,5864297.0,-37.351752,-73.03637,620.0,7.0,10.71,100.78,78.29,9.31,121.4,69.4,2.991636,0.152494,Granito de Biotita,,,,,
SJGG-218,,BD_Ytrio,673611.0,5865113.0,-37.344458,-73.040015,651.0,13.05,19.9665,135.42,73.75,14.75,196.2,126.05,3.718346,0.209178,Granito de Biotita,,,,,
SJGG-219,,BD_Ytrio,673593.0,5865873.0,-37.337615,-73.040396,680.0,7.31,11.1843,154.3,108.8,0.5,249.12,184.7,7.74278,0.466585,Granito de Biotita,,,,,
SJGG-220,,BD_Ytrio,673607.0,5865859.0,-37.337738,-73.040234,682.0,11.91,18.2223,116.91,109.14,0.5,249.12,183.13,6.768457,0.321168,Granito de Biotita,,,,,
SJGG-221,,BD_Ytrio,673951.0,5866273.0,-37.333944,-73.03645,634.0,3.02,4.6206,122.88,69.13,25.07,175.41,103.94,2.321738,0.0005,Granito de Biotita,,,,,
SJGG-222,,BD_Ytrio,673504.0,5867195.0,-37.325722,-73.041709,607.0,3.93,6.0129,149.22,116.3,0.5,165.8,124.65,1.381652,0.0005,Granito de Biotita,,,,,
SJGG-223,,BD_Ytrio,672644.0,5867472.0,-37.323387,-73.051475,735.0,8.4,12.852,107.73,25.0,0.5,169.31,121.95,4.509311,0.241892,Granito de Biotita,,,,,
SJGG-224,,BD_Ytrio,672152.0,5866146.0,-37.335424,-73.056717,792.0,9.67,14.7951,101.12,25.0,0.5,159.03,81.46,4.48454,0.396129,Granito de Biotita,,,,,
SJGG-225,,BD_Ytrio,670999.0,5865387.0,-37.342474,-73.069551,816.0,11.13,17.0289,58.7,25.0,0.5,45.0,91.31,2.810189,0.170582,Granito de Biotita,,,,,
SJGG-226,,BD_Ytrio,669014.0,5866472.0,-37.333063,-73.092196,845.0,16.05,24.5565,153.33,76.76,18.32,260.96,160.9,3.432479,0.248271,Migmatita,,,,,
SJGG-227,,BD_Ytrio,667890.0,5866553.0,-37.332537,-73.104895,871.0,28.42,43.4826,266.16,249.02,18.86,567.65,389.79,7.27133,0.666947,Esquisto de Biotita,,,,,
CMPR-37,,BD_Ytrio,683295.0,5907079.0,-36.964553,-72.941031,40.0,11.66,17.8398,150.68,144.7,0.5,350.15,248.68,5.210214,0.289366,Arena,,,,,
CMPR-38,,BD_Ytrio,683147.0,5907266.0,-36.962897,-72.942738,52.0,19.06,29.1618,76.73,25.0,8.04,45.0,32.0,3.936891,0.173171,Granito de biotita,,,,,
CMPR-39,,BD_Ytrio,682879.0,5914323.0,-36.899374,-72.947452,363.0,8.31,12.7143,116.18,83.25,0.5,170.23,103.98,4.805151,0.320517,Granito de biotita,,,,,
CMPR-40,,BD_Ytrio,682330.0,5914552.0,-36.897418,-72.953666,383.0,2.0,3.06,197.13,196.14,0.5,527.71,330.29,1.594768,0.0005,Granito de biotita,,,,,
CMPR-41A,,BD_Ytrio,681794.0,5914537.0,-36.897656,-72.959674,350.0,18.25,27.9225,126.13,84.0,0.5,283.86,175.85,6.721185,0.238796,Diorita,,,,,
CMPR-41B,,BD_Ytrio,681794.0,5914537.0,-36.897656,-72.959674,350.0,21.14,32.3442,223.92,181.24,11.18,526.92,328.47,5.408242,0.333236,Diorita,,,,,
CMPR-42,,BD_Ytrio,681672.0,5914604.0,-36.897076,-72.961059,334.0,25.04,38.3112,100.92,92.75,0.5,223.25,154.38,7.07404,0.352825,Diorita cuarcifera,,,,,
CMPR-43,,BD_Ytrio,681646.0,5914673.0,-36.89646,-72.961367,330.0,12.9,19.737,58.23,25.0,0.5,45.0,66.24,5.138397,0.23732,Granito de biotita,,,,,
CMPR-44,,BD_Ytrio,683312.0,5913502.0,-36.906687,-72.942397,381.0,23.41,35.8173,295.55,213.51,28.77,614.37,360.89,4.975413,0.241772,Metapelita,,,,,
CMPR-45A,,BD_Ytrio,683083.0,5912802.0,-36.913037,-72.944797,372.0,18.01,27.5553,199.7,128.7,17.95,330.31,204.45,5.539484,0.230679,Metapelita,,,,,
CMPR-45B,,BD_Ytrio,683083.0,5912802.0,-36.913037,-72.944797,372.0,11.73,17.9469,87.27,25.0,46.54,162.51,81.21,6.978218,0.458441,Metapelita,,,,,
CMPR-46,,BD_Ytrio,682230.0,5912282.0,-36.917887,-72.954241,341.0,34.45,52.7085,65.76,25.0,17.52,45.0,32.0,6.162914,0.274392,Granito de biotita,,,,,
CMPR-47,,BD_Ytrio,681940.0,5911459.0,-36.925357,-72.957297,382.0,19.14,29.2842,141.92,73.8,13.74,273.29,153.11,4.285295,0.195298,Metapelita,,,,,
CMPR-48,,BD_Ytrio,681422.0,5911074.0,-36.928926,-72.963017,403.0,21.56,32.9868,107.04,88.04,8.26,225.68,142.18,2.760337,0.134241,Metapelita,,,,,
CMPR-49,,BD_Ytrio,681161.0,5910895.0,-36.930588,-72.965903,403.0,3.55,5.4315,94.17,25.0,15.02,150.5,115.49,5.085516,0.0005,Granito de biotita,,,,,
CMPR-50,,BD_Ytrio,680695.0,5910339.0,-36.935687,-72.971,396.0,12.68,19.4004,85.59,25.0,8.04,45.0,32.0,3.619904,0.146019,Granito de biotita,,,,,
CMPR-51,,BD_Ytrio,680282.0,5911193.0,-36.928072,-72.975838,427.0,11.98,18.3294,161.46,94.88,11.97,255.16,151.14,5.10378,0.282527,Granito de biotita,,,,,
CMPR-52,,BD_Ytrio,680183.0,5911859.0,-36.922091,-72.977108,448.0,12.52,19.1556,148.59,91.4,9.4,261.55,189.24,5.383614,0.310012,Granito de biotita,,,,,
CMPR-53,,BD_Ytrio,681276.0,5909831.0,-36.940152,-72.964358,297.0,16.22,24.8166,30.0,65.09,11.42,113.98,72.04,4.07368,0.410009,Granito de biotita,,,,,
CMPR-54,,BD_Ytrio,680780.0,5910232.0,-36.936634,-72.97002,386.0,18.03,27.5859,121.5,79.39,16.98,269.11,112.96,3.027687,0.232085,Metapelita,,,,,
CMPR-55,,BD_Ytrio,681182.0,5910774.0,-36.931674,-72.965638,407.0,17.73,27.1269,177.16,186.94,14.08,414.44,266.71,3.782811,0.222351,Metapelita,,,,,
CMPR-56,,BD_Ytrio,682284.0,5910472.0,-36.934182,-72.953199,282.0,5.72,8.7516,52.54,25.0,13.41,120.71,68.14,3.827386,0.184198,Granito de biotita,,,,,
CMPR-57,,BD_Ytrio,682989.0,5906971.0,-36.965585,-72.94444,27.0,18.3,27.999,171.9,149.32,16.62,284.53,196.77,4.620055,0.202708,Metapelita,,,,,
CMPR-58,,BD_Ytrio,682152.0,5907756.0,-36.958676,-72.954026,41.0,20.43,31.2579,119.47,89.35,11.36,194.72,144.36,3.455966,0.19979,Metapelita,,,,DUP_1/2,
PBPR-70,,BD_Ytrio,680878.0,5920245.0,-36.846409,-72.97131,200.0,38.82,59.3946,30.0,79.93,12.75,117.99,32.0,2.921529,0.15614,Granito de biotita,,,,,
PBPR-71,,BD_Ytrio,679923.0,5919877.0,-36.849907,-72.981928,233.0,7.25,11.0925,99.58,62.38,0.5,100.38,112.21,4.560163,0.279253,Granito de biotita,,,,,
PBPR-72,,BD_Ytrio,678966.0,5917361.0,-36.872755,-72.992062,78.0,16.03,24.5259,119.48,116.06,9.82,335.29,173.63,3.717381,0.197951,Granito de biotita,,,,,
PIPR-38,,BD_Ytrio,690162.0,5911984.0,-36.919005,-72.865175,189.0,13.51,20.6703,64.69,25.0,8.26,121.83,85.68,1.766383,0.0005,Granito Fino,,,,,
PIPR-39,,BD_Ytrio,690499.0,5911361.0,-36.924549,-72.861237,230.0,18.77,28.7181,92.48,66.56,12.24,139.26,104.7,3.477995,0.184754,Granito de biotita,,,,,
PIPR-40,,BD_Ytrio,691087.0,5911236.0,-36.925556,-72.854608,200.0,18.22,27.8766,137.59,87.34,74.93,236.24,156.97,3.47421,0.140748,Granito de biotita,,,,,
PIPR-41,,BD_Ytrio,691650.0,5912429.0,-36.914695,-72.848593,199.0,14.16,21.6648,82.12,67.86,0.5,176.94,94.86,3.388155,0.186303,Granito de biotita,,,,,
PIPR-42,,BD_Ytrio,690892.0,5912505.0,-36.914164,-72.857116,186.0,10.04,15.3612,119.5,119.35,13.78,321.14,213.42,1.830266,0.112376,Granito de biotita,,,,,
PIPR-43,,BD_Ytrio,693919.0,5910774.0,-36.929139,-72.822715,290.0,8.01,12.2553,70.25,25.0,12.01,112.13,32.0,3.728473,0.178225,Granito de biotita,,,,,
PIPR-44,,BD_Ytrio,692186.0,5910184.0,-36.934809,-72.84201,241.0,9.71,14.8563,122.46,94.73,9.38,175.93,140.65,3.733273,0.261772,Granito de biotita,,,,,
PIPR-45,,BD_Ytrio,690474.0,5913258.0,-36.907465,-72.861995,259.0,10.73,16.4169,61.04,25.0,11.16,45.0,32.0,3.628918,0.25285,Granito de biotita,,,,,
CHPR-70,,BD_Ytrio,691930.0,5915451.0,-36.887415,-72.846218,226.0,10.65,16.2945,62.04,25.0,9.68,45.0,69.42,3.858059,0.23027,Granito de biotita,,,,,
CHPR-71,,BD_Ytrio,690223.0,5918327.0,-36.861853,-72.866082,149.0,26.86,41.0958,30.0,25.0,0.5,45.0,32.0,5.300348,0.350186,Granito de biotita,,,,DUP_1/3,
CHPR-71,,BD_Ytrio,690223.0,5918327.0,-36.861853,-72.866082,149.0,36.91,56.4723,94.87,25.0,0.5,148.58,91.62,5.589461,0.338905,Granito de biotita,,,,DUP_2/3,
CHPR-71,,BD_Ytrio,690223.0,5918327.0,-36.861853,-72.866082,149.0,27.97,42.7941,30.0,25.0,0.5,102.48,32.0,5.072259,0.266107,Granito de biotita,,,,DUP_3/3,
CHPR-72,,BD_Ytrio,690454.0,5917689.0,-36.867554,-72.863332,155.0,11.85,18.1305,99.02,25.0,0.5,187.8,87.72,5.043308,0.410405,Granito de biotita,,,,,
CVBS-05,,BD_Ytrio,680582.0,5930741.0,-36.751906,-72.977117,156.0,11.33,17.3349,84.74,94.36,13.7,175.27,141.97,3.396359,0.220456,Granito de biotita,,,,,
CELCBS-21,,BD_Ytrio,681319.0,5931477.0,-36.745135,-72.969041,135.0,281.55,430.7715,213.08,190.12,0.5,445.48,229.56,10.612882,0.38158,Diorita,,,,,
CELCBS-22,,BD_Ytrio,681325.0,5931348.0,-36.746296,-72.968943,147.0,82.76,126.6228,475.22,281.39,126.17,411.86,228.42,7.348494,0.274857,Granito de Granate,,,,,
CELCBS-23,,BD_Ytrio,681483.0,5931532.0,-36.744608,-72.967218,147.0,117.43,179.6679,658.63,418.35,122.43,615.64,263.72,7.556108,0.321089,Granito de Granate,,,,,
CELCBS-24,,BD_Ytrio,680951.0,5930551.0,-36.753548,-72.972941,241.0,7.91,12.1023,110.27,25.0,11.6,126.41,80.52,3.251953,0.165946,Granito de biotita,,,,,
CELCBS-25,,BD_Ytrio,681074.0,5930626.0,-36.752849,-72.971582,231.0,13.7,20.961,163.48,118.57,0.5,275.64,179.36,2.407461,0.214357,Metapelita,,,,,
CELCBS-26,,BD_Ytrio,680839.0,5930618.0,-36.752966,-72.974211,198.0,18.72,28.6416,124.23,115.54,0.5,228.46,156.58,4.145101,0.190968,Granito de biotita,,,,,
CELCBS-27,,BD_Ytrio,681156.0,5931337.0,-36.746427,-72.970832,158.0,22.46,34.3638,30.0,25.0,0.5,45.0,32.0,2.140328,0.0005,Granito de biotita,,,,,
CELCBS-28,,BD_Ytrio,681157.0,5931322.0,-36.746562,-72.970817,161.0,44.15,67.5495,117.08,76.12,9.04,193.41,123.64,5.842254,0.220952,Granito de biotita,,,,,
CELCBS-29,,BD_Ytrio,680889.0,5931184.0,-36.747857,-72.973785,143.0,23.09,35.3277,126.58,72.03,0.5,182.86,109.84,4.07071,0.191637,Zona de Falla,,,,,
CELCBS-30,,BD_Ytrio,681332.0,5931189.0,-36.747727,-72.968827,176.0,200.88,307.3464,493.53,332.93,94.58,493.1,237.15,7.087918,0.367427,Granito de Granate,,,,,
CELCBS-31,,BD_Ytrio,681379.0,5931286.0,-36.746844,-72.968324,177.0,66.07,101.0871,504.82,401.79,126.81,516.38,291.86,7.990139,0.258274,Granito de Granate,,,,,
CELCBS-32,,BD_Ytrio,682228.0,5931058.0,-36.748736,-72.958765,188.0,87.23,133.4619,573.89,478.42,114.43,529.84,271.95,8.170099,0.219667,Metapelita,,,,,
CELCBS-33,,BD_Ytrio,682131.0,5931109.0,-36.748295,-72.959863,214.0,95.74,146.4822,495.31,285.66,80.61,387.34,171.97,7.582143,0.274252,Granito de Granate,,,,,
CMPR-58,,BD_Ytrio,682152.0,5907756.0,-36.958676,-72.954026,41.0,16.46,25.1838,77.31,25.0,13.32,45.0,32.0,4.008705,0.47015,Granito de biotita,,,,DUP_2/2,
CMPR-59,,BD_Ytrio,683257.0,5911920.0,-36.920949,-72.942631,248.0,15.58,23.8374,178.86,143.04,15.1,347.53,224.3,5.683973,0.289637,Metapelita,,,,,
CMPR-60,,BD_Ytrio,681974.0,5911738.0,-36.922837,-72.956983,362.0,6.15,9.4095,99.83,71.8,15.85,150.25,105.92,3.942921,0.227721,Granito de biotita,,,,,
CMPR-61,,BD_Ytrio,681738.0,5914784.0,-36.895442,-72.960362,324.0,29.65,45.3645,101.9,25.0,0.5,176.41,86.98,5.012773,0.154322,Diorita Cuarcifera,,,,,
PBPR-73,,BD_Ytrio,681699.0,5917122.0,-36.874387,-72.961359,226.0,16.97,25.9641,285.19,279.86,0.5,733.03,495.86,3.764501,0.289905,Granito de Biotita Grueso,,,,,
PBPR-74,,BD_Ytrio,681049.0,5917036.0,-36.875286,-72.968628,227.0,20.02,30.6306,30.0,25.0,0.5,45.0,32.0,2.855719,0.0005,Granito de Biotita Fino,,,,,
PBPR-75,,BD_Ytrio,680770.0,5917003.0,-36.875637,-72.971748,216.0,20.07,30.7071,163.18,148.88,31.97,453.02,302.31,8.599627,0.145204,Granito de Biotita Fino,,,,,
PBPR-76,,BD_Ytrio,680328.0,5917231.0,-36.873667,-72.976759,147.0,20.35,31.1355,124.2,84.72,9.11,178.9,98.11,2.10449,0.0005,Granito de Biotita Fino,,,,,
PBPR-77,,BD_Ytrio,680222.0,5917120.0,-36.874688,-72.977921,139.0,18.4,28.152,173.43,181.04,19.08,317.65,251.77,2.100538,0.0005,Granito de Biotita Fino,,,,,
PBPR-78A,,BD_Ytrio,679940.0,5916970.0,-36.876093,-72.981048,148.0,19.54,29.8962,204.06,129.44,18.16,400.95,213.12,1.939286,0.0005,Granito de Biotita Fino,,,,,
PBPR-78B,,BD_Ytrio,679940.0,5916970.0,-36.876093,-72.981048,148.0,24.3,37.179,62.61,66.59,0.5,182.79,79.93,0.43349,0.0005,Dique Tonalitico,,,,,
PBPR-79,,BD_Ytrio,679559.0,5916817.0,-36.877544,-72.985284,98.0,9.16,14.0148,148.92,129.82,13.96,313.61,265.86,3.80142,0.0005,Granito de biotita,,,,,
PBPR-80,,BD_Ytrio,679897.0,5916980.0,-36.876011,-72.981532,141.0,15.26,23.3478,163.39,153.55,17.05,349.45,236.71,2.388387,0.0005,Diorita Porfídica,,,,,
PBPR-81,,BD_Ytrio,681099.0,5918094.0,-36.865745,-72.968319,234.0,11.09,16.9677,100.87,93.27,0.5,186.31,104.14,5.029645,0.315677,Granito de biotita,,,,,
CMPR-62,,BD_Ytrio,681564.0,5914998.0,-36.893547,-72.962365,321.0,10.98,16.7994,78.09,25.0,10.56,45.0,32.0,4.434692,0.261743,Granito de biotita,,,,,
CMPR-63,,BD_Ytrio,681280.0,5915097.0,-36.89271,-72.965574,298.0,23.97,36.6741,95.33,70.83,13.39,189.84,107.12,7.896854,0.30228,Granito de biotita,,,,,
CMPR-64A,,BD_Ytrio,680534.0,5914727.0,-36.896187,-72.973853,240.0,9.37,14.3361,91.35,25.0,0.5,45.0,32.0,4.325485,0.206887,Granito de biotita,,,,,
CMPR-64B,,BD_Ytrio,680534.0,5914727.0,-36.896187,-72.973853,240.0,7.99,12.2247,327.05,310.8,0.5,744.66,529.78,3.374447,0.367086,Granito de biotita,,,,,
CMPR-65,,BD_Ytrio,680351.0,5914296.0,-36.900104,-72.975803,187.0,13.97,21.3741,68.21,25.0,8.45,114.81,98.94,5.621078,0.244036,Granito de biotita,,,,,
CMPR-66,,BD_Ytrio,680303.0,5914276.0,-36.900294,-72.976337,199.0,12.14,18.5742,188.34,185.3,0.5,507.85,352.38,3.496122,0.297777,Diorita,,,,,
CMPR-67,,BD_Ytrio,680422.0,5914141.0,-36.901487,-72.97497,241.0,11.92,18.2376,30.0,25.0,10.04,45.0,32.0,4.361613,0.277228,Granito de biotita,,,,,
CMPR-68,,BD_Ytrio,681134.0,5913038.0,-36.911288,-72.966719,278.0,8.68,13.2804,161.14,171.11,11.3,475.61,354.14,4.491637,0.248136,Diorita,,,,,
CMPR-69,,BD_Ytrio,681213.0,5912976.0,-36.911831,-72.965818,268.0,22.51,34.4403,80.16,62.22,0.5,161.85,108.49,7.899528,0.292051,Diorita,,,,,
CMPR-70,,BD_Ytrio,681501.0,5913070.0,-36.910929,-72.962609,305.0,37.92,58.0176,145.5,123.07,11.93,300.61,215.69,3.386135,0.25457,Granito de biotita,,,,,
CMPR-71,,BD_Ytrio,682306.0,5912806.0,-36.913152,-72.953515,320.0,10.26,15.6978,156.67,110.2,9.22,109.97,80.16,4.500082,0.245271,Granito de biotita,,,,,
CMPR-72,,BD_Ytrio,680152.0,5914459.0,-36.898674,-72.978074,193.0,14.25,21.8025,82.88,25.0,0.5,127.58,112.02,6.450954,0.225968,Diorita,,,,,
CMPR-73,,BD_Ytrio,680123.0,5914588.0,-36.897517,-72.97843,211.0,8.45,12.9285,100.7,95.36,16.83,180.77,148.9,1.008844,0.0005,Granito de Biotita Grueso,,,,,
CMPR-74,,BD_Ytrio,680051.0,5914546.0,-36.897909,-72.979228,220.0,23.36,35.7408,72.27,25.0,7.68,117.79,32.0,4.063534,0.178119,Granito de biotita,,,,,
CMPR-75,,BD_Ytrio,681857.0,5914695.0,-36.896221,-72.959006,331.0,18.32,28.0296,30.0,25.0,11.21,45.0,32.0,3.792034,0.0005,Granito de biotita,,,,,
SJGG-228,,BD_Ytrio,674944.0,5863810.0,-37.355946,-73.024666,538.0,11.95,18.2835,60.61,62.92,0.5,131.92,82.91,4.225587,0.249181,Granito de Biotita,,,,,
SJGG-229,,BD_Ytrio,674811.0,5863610.0,-37.357772,-73.02612,532.0,68.43,104.6979,92.65,104.05,0.5,151.41,143.64,5.709788,0.377496,Granito de Biotita,,,,,
SJGG-230,,BD_Ytrio,674738.0,5863753.0,-37.356498,-73.026977,508.0,20.87,31.9311,79.47,60.81,0.5,103.15,70.06,3.991248,0.231765,Granito de Biotita,,,,,
SJGG-231,,BD_Ytrio,674536.0,5863704.0,-37.356977,-73.029245,529.0,12.78,19.5534,87.15,63.72,0.5,137.42,100.02,4.719888,0.301749,Granito de Biotita,,,,,
SJGG-232,,BD_Ytrio,674587.0,5863668.0,-37.357292,-73.028661,521.0,14.9,22.797,94.07,73.05,0.5,201.05,148.22,6.352417,0.262964,Granito de Biotita,,,,,
SJGG-233,,BD_Ytrio,674342.0,5863735.0,-37.356735,-73.031442,551.0,36.97,56.5641,123.03,105.6,11.87,192.26,138.5,4.356284,0.261513,Granito de Biotita,,,,,
SJGG-234,,BD_Ytrio,674084.0,5863690.0,-37.357188,-73.034343,576.0,15.63,23.9139,62.64,25.0,9.69,45.0,32.0,3.221465,0.175744,Granito de Biotita,,,,,
SJGG-235,,BD_Ytrio,674145.0,5863642.0,-37.357609,-73.033643,583.0,8.21,12.5613,93.37,62.67,8.5,179.94,80.7,6.471324,0.208255,Diorita,,,,,
SJGG-235b,,BD_Ytrio,674145.0,5863642.0,-37.357609,-73.033643,583.0,11.65,17.8245,276.42,237.24,0.5,649.27,447.16,6.40945,0.287803,Diorita,,,,,
SJGG-236,,BD_Ytrio,674151.0,5863221.0,-37.361401,-73.033477,583.0,6.04,9.2412,93.25,64.57,0.5,101.21,75.37,3.350458,0.234011,Granito de Biotita,,,,,
SJGG-237,,BD_Ytrio,674108.0,5863018.0,-37.363238,-73.033914,569.0,7.32,11.1996,87.35,67.05,0.5,174.68,94.78,2.589639,0.0005,Granito de Biotita,,,,,
SJGG-238,,BD_Ytrio,673811.0,5862381.0,-37.369032,-73.037117,559.0,203.17,310.8501,113.75,129.75,9.06,279.48,136.94,4.334818,0.323744,Granito de Biotita,,,,,
SJGG-239,,BD_Ytrio,673529.0,5862477.0,-37.36822,-73.040322,520.0,21.19,32.4207,99.37,25.0,8.05,128.02,32.0,3.667971,0.187029,Granito de Biotita,,,,,
SJGG-240,,BD_Ytrio,673131.0,5862649.0,-37.366745,-73.044855,560.0,17.12,26.1936,180.65,111.59,30.62,247.96,129.75,4.07028,0.264525,Granito de Biotita,,,,,
SJGG-241,,BD_Ytrio,673721.0,5862793.0,-37.365337,-73.038229,588.0,19.69,30.1257,86.95,76.05,12.11,122.03,76.2,3.731679,0.187499,Granito de Biotita,,,,,
SJGG-242,,BD_Ytrio,674035.0,5863583.0,-37.358162,-73.034871,612.0,2.0,3.06,101.56,60.92,0.5,144.69,101.62,2.973619,0.195279,Granito de Biotita,,,,,
SJGG-243,,BD_Ytrio,673388.0,5863526.0,-37.358796,-73.042159,610.0,6.01,9.1953,131.77,25.0,7.84,129.98,76.18,2.852776,0.208181,Granito de Biotita,,,,,
SJGG-244,,BD_Ytrio,674950.0,5863420.0,-37.359458,-73.024506,501.0,23.73,36.3069,129.32,107.54,0.5,224.66,143.5,4.149416,0.301859,Granito de Biotita,,,,,
SJGG-245,,BD_Ytrio,674109.0,5863355.0,-37.360202,-73.033982,584.0,8.33,12.7449,139.9,110.33,0.5,267.68,128.95,1.056843,0.0005,Aplita,,,,,
SJGG-245b,,BD_Ytrio,674109.0,5863355.0,-37.360202,-73.033982,584.0,2.0,3.06,121.0,95.02,18.97,292.33,219.55,0.206006,0.0005,Aplita,,,,,
SJGG-246,,BD_Ytrio,673972.0,5862699.0,-37.366137,-73.035374,537.0,3.42,5.2326,30.0,25.0,0.5,45.0,32.0,0.797015,0.0005,Dique Aplitico,,,,,
SJGG-247,,BD_Ytrio,673972.0,5862699.0,-37.366137,-73.035374,537.0,136.48,208.8144,125.55,127.06,13.87,244.66,162.79,5.177788,0.452285,Granito de Biotita,,,,,
SJGG-248,,BD_Ytrio,673808.0,5862386.0,-37.368987,-73.037152,553.0,2.0,3.06,30.0,25.0,10.17,45.0,32.0,0.62031,0.0005,Dique Aplitico,,,,,
SJGG-249,,BD_Ytrio,673817.0,5862373.0,-37.369103,-73.037047,553.0,2.0,3.06,30.0,25.0,0.5,45.0,32.0,0.374537,0.0005,Dique Aplitico,,,,,
SJGG-250,,BD_Ytrio,673823.0,5862354.0,-37.369273,-73.036975,549.0,47.63,72.8739,110.97,140.52,0.5,282.43,167.23,4.523202,0.230345,Granito de Biotita,,,,,
SJGG-251,,BD_Ytrio,672729.0,5865574.0,-37.340469,-73.050074,772.0,13.46,20.5938,139.05,84.18,8.99,180.76,114.11,4.650665,0.280291,Granito de Biotita,,,,,
SJGG-252,,BD_Ytrio,673169.0,5865243.0,-37.343369,-73.045032,732.0,18.6,28.458,30.0,59.84,9.23,45.0,32.0,3.462829,0.177029,Granito de Biotita,,,,,
SJGG-253,,BD_Ytrio,671620.0,5864963.0,-37.346179,-73.062445,756.0,5.88,8.9964,30.0,25.0,48.54,45.0,32.0,2.062564,0.0005,Granito de Biotita,,,,,
SJGG-254,,BD_Ytrio,672363.0,5864659.0,-37.34878,-73.053991,755.0,20.94,32.0382,30.0,61.31,0.5,105.84,81.63,3.895366,0.174439,Granito de Biotita,,,,,
SJGG-255,,BD_Ytrio,671165.0,5864632.0,-37.349245,-73.067503,749.0,15.51,23.7303,109.2,56.03,8.22,145.35,90.72,2.38526,0.128702,Granito de Biotita,,,,,
SJGG-256,,BD_Ytrio,670451.0,5863962.0,-37.355413,-73.075406,610.0,2.0,3.06,58.07,25.0,0.5,91.32,32.0,3.843711,0.231266,Granito de Biotita,,,,,
SJGG-257,,BD_Ytrio,670470.0,5863736.0,-37.357445,-73.07514,587.0,22.43,34.3179,166.4,113.6,14.02,199.96,148.98,4.735749,0.235489,Granito de Biotita,,,,,
SJGG-258,,BD_Ytrio,671264.0,5863137.0,-37.362695,-73.06604,497.0,3.51,5.3703,58.26,25.0,0.5,45.0,32.0,2.07893,0.0005,Granito de Biotita,,,,,
SJGG-259,,BD_Ytrio,671650.0,5863185.0,-37.362191,-73.061695,501.0,45.11,69.0183,145.99,122.78,0.5,232.43,141.32,3.88249,0.162421,Granito de Biotita,,,,,
SJGG-260,,BD_Ytrio,671031.0,5862874.0,-37.365107,-73.068609,516.0,2.0,3.06,30.0,25.0,13.32,103.51,93.36,1.246667,0.0005,Granito de Biotita,,,,,
SJGG-261,,BD_Ytrio,670771.0,5862248.0,-37.370795,-73.0714,412.0,26.38,40.3614,58.72,25.0,0.5,45.0,77.75,1.743773,0.0005,Granito de Biotita,,,,,
SJGG-262,,BD_Ytrio,670169.0,5864406.0,-37.351464,-73.078691,602.0,12.77,19.5381,81.98,25.0,0.5,45.0,104.29,4.238009,0.213365,Granito de Biotita,,,,,
SJGG-263,,BD_Ytrio,669601.0,5864621.0,-37.349631,-73.08515,593.0,7.19,11.0007,91.31,91.25,0.5,206.65,129.88,2.97094,0.16231,Granito de Biotita,,,,,
SJGG-264,,BD_Ytrio,669263.0,5864462.0,-37.351126,-73.088927,616.0,12.77,19.5381,146.71,117.27,13.21,296.41,175.32,5.529248,0.336478,Granito de Biotita,,,,,
SJGG-265,,BD_Ytrio,668818.0,5864330.0,-37.352396,-73.093919,682.0,29.76,45.5328,134.03,89.37,0.5,282.76,170.14,5.526651,0.190446,Diorita,,,,,
SJGG-266,,BD_Ytrio,669661.0,5868827.0,-37.311729,-73.085435,799.0,27.26,41.7078,149.3,98.09,13.33,272.31,140.96,5.077437,0.323389,Migmatita,,,,,
SJGG-267,,BD_Ytrio,670250.0,5867256.0,-37.325774,-73.078431,831.0,3.42,5.2326,112.29,116.98,0.5,307.83,175.96,2.166794,0.139028,Migmatita,,,,,
SJGG-268,,BD_Ytrio,670897.0,5868558.0,-37.313926,-73.071432,762.0,10.02,15.3306,108.5,76.71,10.1,173.06,120.81,3.7747,0.159554,Migmatita,,,,,
SJGG-268b,,BD_Ytrio,670897.0,5868558.0,-37.313926,-73.071432,762.0,21.97,33.6141,209.45,172.85,26.8,392.87,234.52,5.642633,0.285006,Migmatita,,,,,
SJGG-269,,BD_Ytrio,670248.0,5869533.0,-37.305262,-73.078976,802.0,21.67,33.1551,188.43,127.11,13.21,321.23,219.99,6.468737,0.347732,Esquisto de Biotita,,,,,
SJGG-270,,BD_Ytrio,670599.0,5870700.0,-37.294684,-73.075285,658.0,23.53,36.0009,77.82,85.63,23.07,123.43,105.38,4.651693,0.0005,Esquisto de Biotita,,,,,
SJGG-271,,BD_Ytrio,671528.0,5869920.0,-37.30154,-73.06463,595.0,8.9,13.617,131.47,94.15,12.64,183.11,156.54,3.44417,0.211114,Migmatita,,,,,
SJGG-272,,BD_Ytrio,671228.0,5872877.0,-37.274956,-73.068694,323.0,15.22,23.2866,119.3,78.46,12.1,253.26,140.78,5.422137,0.332282,Esquisto de Biotita,,,,,
PBPR-82,,BD_Ytrio,679699.0,5919634.0,-36.852139,-72.984381,281.0,6.36,9.7308,112.86,68.36,13.82,172.35,116.81,5.549111,0.280811,Metapelita,,,,,
PBPR-83,,BD_Ytrio,679682.0,5919762.0,-36.850989,-72.984602,267.0,6.03,9.2259,106.6,25.0,0.5,146.62,98.41,4.797645,0.191029,Granito de biotita,,,,,
PBPR-84,,BD_Ytrio,679682.0,5919842.0,-36.850268,-72.984621,263.0,12.24,18.7272,189.81,188.72,0.5,483.26,319.15,3.062699,0.172444,Granito de biotita,,,,,
CHPR-73,,BD_Ytrio,690919.0,5915852.0,-36.884008,-72.857657,235.0,3.29,5.0337,155.35,97.04,27.75,315.86,230.7,2.674996,0.199106,Granito de Biotita Porfidico,,,,,
PIPR-46,,BD_Ytrio,689900.0,5913228.0,-36.907851,-72.868426,171.0,21.08,32.2524,94.96,67.06,14.7,150.15,71.62,3.98869,0.199468,Granito de biotita,,,,,
MS_01,,BD_Ytrio,681044.0,5932694.0,-36.734223,-72.972408,181.0,250.73,383.6169,626.71,530.46,179.08,680.45,316.73,8.255861,0.3678,Granito de Granate,,,,,
MS_02,,BD_Ytrio,682279.0,5932594.0,-36.734888,-72.958561,248.0,232.44,355.6332,353.58,411.48,29.75,524.87,296.48,5.542673,0.0005,Diorita,,,,,
MS_03,,BD_Ytrio,682389.0,5932071.0,-36.739579,-72.957204,229.0,125.07,191.3571,231.45,128.97,11.19,261.25,137.27,3.716779,1.698278,Vetilla,,,,,
MS-04,,BD_Ytrio,679606.0,5931528.0,-36.745001,-72.988229,74.0,10.36,15.8508,90.36,79.45,0.5,198.65,144.71,2.992753,0.147285,Granito de Biotita,,,,,
MS-05,,BD_Ytrio,679644.0,5931572.0,-36.744598,-72.987814,73.0,11.43,17.4879,114.16,93.59,13.3,178.81,121.54,2.840802,0.680704,Granito de Biotita,,,,,
MS-06,,BD_Ytrio,688401.0,5919296.0,-36.853489,-72.886749,79.0,2.0,3.06,119.17,110.17,0.5,345.26,228.86,1.349108,0.099767,Pegmatita,,,,,
MS-07,,BD_Ytrio,695864.0,5947482.0,-36.598066,-72.810317,334.0,23.62,36.1386,30.0,25.0,0.5,45.0,32.0,4.125427,0.251673,Granito de biotita,,,,,
MS-08,,BD_Ytrio,695864.0,5947482.0,-36.598066,-72.810317,0.0,29.2,44.676,333.59,187.45,19.55,522.09,308.71,2.750092,0.547527,Sedimento Magnetita,,,,,
MS-09,,BD_Ytrio,703398.0,5968362.0,-36.4084,-72.731645,25.0,27.72,42.4116,231.36,175.55,15.96,517.99,266.76,4.383048,0.287916,Zona de Falla,,,,,
MS-11,,BD_Ytrio,681042.0,5932820.0,-36.733089,-72.97246,175.0,43.78,66.9834,199.54,109.39,22.21,191.61,127.36,3.537345,0.0005,Granito de Biotita,,,,,
MS-12,,BD_Ytrio,681046.0,5932820.0,-36.733088,-72.972415,176.0,29.8,45.594,185.64,172.3,12.46,373.35,217.95,4.40022,0.256531,Metapelita,,,,,
SJGG-273,,BD_Ytrio,679235.0,5890046.0,-37.118781,-72.982554,31.0,13.79,21.0987,73.92,55.82,9.98,171.38,81.31,3.848006,0.230355,Granito de Biotita,,,,,
PEPR-01,,BD_Ytrio,708395.0,6023061.0,-35.914583,-72.690464,40.0,26.19,40.0707,143.12,103.43,19.76,226.15,150.44,1.231889,0.0005,Dique Aplitico,,,,,
PEPR-02,,BD_Ytrio,703802.0,6019636.0,-35.946407,-72.740451,39.0,28.5,43.605,404.52,359.23,11.42,900.68,628.42,3.498305,0.0005,Dique Andesita,,,,,
PEPR-03,,BD_Ytrio,703458.0,6017815.0,-35.962884,-72.743796,14.0,15.36,23.5008,162.36,119.85,0.5,364.04,228.4,6.075478,0.252943,Granito Rosado,,,,,
PEPR-04A,,BD_Ytrio,703318.0,6016758.0,-35.972436,-72.745077,49.0,12.55,19.2015,98.02,54.54,8.66,164.98,128.39,3.196994,0.0005,Tonalita de Anfibol,,,,,
PEPR-04B,,BD_Ytrio,703318.0,6016758.0,-35.972436,-72.745077,49.0,28.16,43.0848,202.02,142.35,9.71,339.42,209.32,4.116418,0.0005,Dique Andesita,,,,,
PEPR-04C,,BD_Ytrio,703318.0,6016758.0,-35.972436,-72.745077,49.0,7.48,11.4444,30.0,25.0,0.5,45.0,32.0,2.074904,0.0005,Vetilla Cuarzo-Plagioclasa,,,,,
PEPR-05A,,BD_Ytrio,702923.0,6016664.0,-35.973365,-72.74943,101.0,17.35,26.5455,30.0,25.0,0.5,99.47,95.88,4.471007,0.279894,Diorita Cuarcifera de Biotita,,,,,
PEPR-05B,,BD_Ytrio,702923.0,6016664.0,-35.973365,-72.74943,101.0,22.04,33.7212,98.19,65.25,0.5,268.36,127.89,5.971888,0.247221,Diorita Cuarcifera de Biotita,,,,,
PEPR-05C,,BD_Ytrio,702923.0,6016664.0,-35.973365,-72.74943,101.0,25.27,38.6631,102.74,101.4,0.5,276.68,184.03,7.94519,0.389699,Diorita Cuarcifera de Biotita,,,,,
PEPR-05D,,BD_Ytrio,702923.0,6016664.0,-35.973365,-72.74943,101.0,14.88,22.7664,98.15,64.48,0.5,154.95,140.55,6.256439,0.230205,Diorita Cuarcifera de Biotita,,,,,
PEPR-05E,,BD_Ytrio,702923.0,6016664.0,-35.973365,-72.74943,101.0,13.66,20.8998,30.0,25.0,0.5,145.45,97.21,6.415846,0.355559,Diorita Cuarcifera de Biotita,,,,,
PEPR-05F,,BD_Ytrio,702923.0,6016664.0,-35.973365,-72.74943,101.0,25.42,38.8926,272.36,263.94,16.78,774.67,463.93,4.194555,0.390275,Diorita Cuarcifera de Biotita,,,,,
PEPR-06A,,BD_Ytrio,700017.0,6016482.0,-35.975605,-72.781592,12.0,7.97,12.1941,121.2,120.97,9.33,284.88,182.83,0.585976,0.0005,Granito Rosado,,,,,
PEPR-06B,,BD_Ytrio,700017.0,6016482.0,-35.975605,-72.781592,12.0,27.02,41.3406,159.54,141.59,18.5,329.14,238.48,2.418704,0.0005,Dique Andesita,,,,,
PEPR-07,,BD_Ytrio,700064.0,6016478.0,-35.975631,-72.78107,20.0,14.67,22.4451,68.42,25.0,0.5,45.0,32.0,7.307723,0.288708,Granito Rosado,,,,,
PEPR-08A,,BD_Ytrio,701009.0,6011545.0,-36.019879,-72.769345,35.0,84.15,128.7495,73.16,118.78,0.5,199.8,108.21,8.954511,0.593624,Diorita Fina,,,,,
PEPR-08B,,BD_Ytrio,701009.0,6011545.0,-36.019879,-72.769345,35.0,55.06,84.2418,168.7,124.44,0.5,286.32,200.93,8.801288,0.68199,Diorita Fina,,,,,
PEPR-08C,,BD_Ytrio,701009.0,6011545.0,-36.019879,-72.769345,35.0,41.31,63.2043,231.77,156.39,0.5,361.35,211.72,7.563289,0.543177,Diorita Fina,,,,,
PEPR-08D,,BD_Ytrio,701009.0,6011545.0,-36.019879,-72.769345,35.0,24.38,37.3014,30.0,25.0,12.61,45.0,32.0,4.805462,0.207589,Diorita Fina,,,,,
PEPR-08E,,BD_Ytrio,701009.0,6011545.0,-36.019879,-72.769345,35.0,21.86,33.4458,30.0,25.0,13.99,45.0,32.0,3.10083,0.123962,Diorita Fina,,,,,
PEPR-08F,,BD_Ytrio,701009.0,6011545.0,-36.019879,-72.769345,35.0,16.3,24.939,30.0,25.0,15.26,45.0,32.0,3.492637,0.218113,Diorita Fina,,,,,
PEPR-09,,BD_Ytrio,703758.0,6019263.0,-35.949777,-72.740843,21.0,4.01,6.1353,120.8,127.81,7.18,218.68,158.37,1.870912,0.184205,Metapelita Recristalizada,,,,,
PEPR-10,,BD_Ytrio,715680.0,6027020.0,-35.87734,-72.610862,223.0,26.67,40.8051,111.74,58.55,12.75,125.37,83.48,2.259872,0.0005,Granito Rosado,,,,,
PEPR-11A,,BD_Ytrio,703989.0,6019730.0,-35.945521,-72.738404,53.0,8.87,13.5711,87.3,25.0,8.05,138.85,115.19,12.362809,0.417128,Arenisca,,,,,
PEPR-11B,,BD_Ytrio,703989.0,6019730.0,-35.945521,-72.738404,53.0,12.79,19.5687,200.5,147.1,16.98,397.7,253.93,0.996477,0.0005,Dique Andesita,,,,,
PEPR-12,,BD_Ytrio,706083.0,6021133.0,-35.932442,-72.715568,40.0,25.09,38.3877,108.68,25.0,8.93,189.86,116.51,4.730418,0.160678,Dique Tonalitico,,,,,
PEPR-13,,BD_Ytrio,710865.0,6024440.0,-35.901631,-72.663476,114.0,14.64,22.3992,110.28,66.39,0.5,296.37,191.83,4.820559,0.248687,Arena,,,,,
PEPR-14,,BD_Ytrio,712742.0,6022165.0,-35.921719,-72.642085,188.0,19.15,29.2995,69.05,62.29,12.91,94.77,68.82,2.647097,0.22855,Metapelita,,,,,
PEPR-15,,BD_Ytrio,713507.0,6022071.0,-35.922399,-72.633587,83.0,8.24,12.6072,98.01,25.0,0.5,213.43,122.43,4.224502,0.0005,Diorita de Anfibol y biotita,,,,,
PEPR-15B,,BD_Ytrio,713507.0,6022071.0,-35.922399,-72.633587,83.0,7.86,12.0258,30.0,25.0,19.51,206.65,100.76,1.318562,0.0005,Diorita de Anfibol y biotita,,,,,
PEPR-16,,BD_Ytrio,713623.0,6022127.0,-35.921869,-72.632317,55.0,27.96,42.7788,246.93,198.22,31.61,598.73,336.54,7.421094,0.0005,Metapelita Recristalizada,,,,,
PEPR-17,,BD_Ytrio,711970.0,6022335.0,-35.920355,-72.65068,181.0,23.91,36.5823,195.73,161.44,19.5,360.91,234.55,0.160427,0.0005,Porfido Dacitico,,,,,
PEPR-18,,BD_Ytrio,712007.0,6022156.0,-35.921959,-72.650222,206.0,22.72,34.7616,30.0,25.0,14.56,45.0,32.0,2.409224,0.0005,Porfido Dacitico,,,,,
PEPR-19,,BD_Ytrio,712053.0,6021376.0,-35.928976,-72.649505,325.0,7.72,11.8116,30.0,25.0,10.86,45.0,32.0,4.309597,0.27024,Metapelita,,,,,
PEPR-20,,BD_Ytrio,712333.0,6020664.0,-35.935329,-72.646213,401.0,12.46,19.0638,232.45,202.75,14.71,649.48,403.23,5.5867,1.481975,Diorita de Anfibol y biotita,,,,,
PEPR-21,,BD_Ytrio,712158.0,6018940.0,-35.950898,-72.647691,423.0,10.25,15.6825,30.0,25.0,10.72,45.0,32.0,3.895263,0.24824,Metapelita,,,,,
PEPR-22,,BD_Ytrio,711912.0,6016618.0,-35.971869,-72.649797,509.0,3.12,4.7736,94.23,25.0,11.81,45.0,32.0,3.507791,0.224636,Filita,,,,,
PEPR-23,,BD_Ytrio,711154.0,6016079.0,-35.976888,-72.658054,546.0,4.72,7.2216,30.0,25.0,14.77,45.0,32.0,5.694861,0.0005,Filita,,,,,
PEPR-24,,BD_Ytrio,710373.0,6016345.0,-35.974661,-72.66678,568.0,47.49,72.6597,176.7,147.26,10.68,433.6,253.04,4.03404,0.308647,Metapelita Recristalizada,,,,,
PEPR-25,,BD_Ytrio,710136.0,6016451.0,-35.973757,-72.669435,565.0,104.75,160.2675,286.92,235.43,10.77,375.44,207.78,7.717567,0.0005,Diorita de Anfibol y biotita,,,,,
PEPR-26,,BD_Ytrio,709853.0,6017273.0,-35.966413,-72.672788,530.0,21.73,33.2469,83.15,51.67,13.16,139.28,84.06,3.575192,0.166471,Diorita de Anfibol y biotita,,,,,
PEPR-27A,,BD_Ytrio,709900.0,6018240.0,-35.957692,-72.672523,502.0,4.54,6.9462,30.0,25.0,14.04,45.0,32.0,1.680124,0.0005,Granito Rosado,,,,,
PEPR-27B,,BD_Ytrio,709900.0,6018240.0,-35.957692,-72.672523,502.0,16.68,25.5204,177.09,157.34,13.26,414.28,254.0,0.972819,0.0005,Granito Rosado,,,,,
PEPR-28,,BD_Ytrio,709576.0,6019785.0,-35.943843,-72.676521,434.0,12.57,19.2321,63.01,25.0,16.08,45.0,32.0,4.214793,0.161473,Metapelita,,,,,
PEPR-29A,,BD_Ytrio,709573.0,6019960.0,-35.942267,-72.676601,404.0,45.02,68.8806,30.0,25.0,0.5,45.0,32.0,3.617106,0.229065,Diorita Cuarcifera de Biotita,,,,,
PEPR-29B,,BD_Ytrio,709573.0,6019960.0,-35.942267,-72.676601,404.0,83.33,127.4949,88.87,72.8,0.5,217.93,130.81,4.206332,0.246366,Diorita Cuarcifera de Biotita,,,,,
PEPR-29C,,BD_Ytrio,709573.0,6019960.0,-35.942267,-72.676601,404.0,133.03,203.5359,30.0,25.0,10.07,45.0,88.25,4.884631,0.288495,Diorita Cuarcifera de Biotita,,,,,
PEPR-29D,,BD_Ytrio,709573.0,6019960.0,-35.942267,-72.676601,404.0,202.83,310.3299,30.0,25.0,0.5,45.0,32.0,5.433707,0.250918,Diorita Cuarcifera de Biotita,,,,,
PEPR-29E,,BD_Ytrio,709573.0,6019960.0,-35.942267,-72.676601,404.0,20.68,31.6404,234.46,171.72,16.35,505.08,344.85,3.61411,0.265008,Diorita Cuarcifera de Biotita,,,,,
PEPR-30,,BD_Ytrio,709160.0,6021267.0,-35.930581,-72.68152,240.0,14.79,22.6287,82.92,25.0,9.45,109.46,32.0,4.322704,0.0005,Metapelita Recristalizada,,,,,
PEPR-31,,BD_Ytrio,711629.0,6024892.0,-35.897394,-72.655137,72.0,28.35,43.3755,281.8,229.53,1.77,642.56,396.34,9.833703,0.301826,Filita,,,,,
PEPR-32,,BD_Ytrio,713149.0,6023739.0,-35.907451,-72.637999,78.0,19.63,30.0339,55.8,25.0,0.5,45.0,32.0,4.806809,0.149897,Filita,,,,,
PEPR-33,,BD_Ytrio,712853.0,6024962.0,-35.896498,-72.641604,121.0,4.12,6.3036,30.0,25.0,0.5,45.0,32.0,5.431093,0.26036,Filita,,,,,
PEPR-34,,BD_Ytrio,713069.0,6026430.0,-35.883226,-72.639605,129.0,22.4,34.272,148.48,129.66,15.85,369.41,231.75,2.056798,0.0005,Dique Diorita,,,,,
PEPR-35,,BD_Ytrio,713160.0,6027272.0,-35.875621,-72.638823,99.0,20.03,30.6459,143.96,123.2,27.37,439.47,226.74,3.91702,0.197117,Filita,,,,,
PEPR-36A,,BD_Ytrio,704443.0,6016661.0,-35.973075,-72.732583,103.0,28.01,42.8553,94.57,25.0,8.54,173.18,118.52,4.212116,0.306044,Diorita Cuarcifera de Biotita,,,,,
PEPR-36B,,BD_Ytrio,704443.0,6016661.0,-35.973075,-72.732583,103.0,21.61,33.0633,221.67,204.74,14.1,589.97,346.34,3.459387,0.328032,Diorita Cuarcifera de Biotita,,,,,
PEPR-37,,BD_Ytrio,704836.0,6016682.0,-35.972803,-72.728233,162.0,55.42,84.7926,62.19,77.81,14.67,132.9,71.97,2.090103,0.0005,Granito Rosado,,,,,
PEPR-38,,BD_Ytrio,706030.0,6016247.0,-35.97647,-72.714887,223.0,22.59,34.5627,52.59,25.0,7.86,45.0,32.0,1.96571,0.119719,Granito Rosado,,,,,
PEPR-39,,BD_Ytrio,706329.0,6015819.0,-35.980263,-72.711462,275.0,50.69,77.5557,30.0,25.0,16.27,45.0,32.0,1.384274,0.0005,Granito Rosado,,,,,
PEPR-40,,BD_Ytrio,706575.0,6015850.0,-35.979932,-72.708744,320.0,34.7,53.091,30.0,25.0,15.17,45.0,32.0,0.995998,0.0005,Granito Rosado,,,,,
PEPR-41,,BD_Ytrio,706978.0,6015906.0,-35.979342,-72.704292,381.0,5.53,8.4609,353.55,25.0,15.07,45.0,76.32,3.010878,0.0005,Granito Rosado,,,,,
PEPR-42,,BD_Ytrio,707976.0,6016045.0,-35.977877,-72.693267,460.0,21.09,32.2677,85.06,58.21,15.18,110.89,88.88,2.009043,0.0005,Granito Rosado,,,,,
PEPR-433,,BD_Ytrio,707727.0,6014626.0,-35.990714,-72.695655,483.0,6.93,10.6029,105.1,25.0,9.59,45.0,83.83,2.699974,0.138977,Granito Rosado,,,,,
PEPR-44,,BD_Ytrio,708468.0,6013519.0,-36.000528,-72.687149,486.0,6.03,9.2259,119.41,87.05,10.76,285.99,160.25,7.478495,0.392785,Granito Rosado,,,,,
PEPR-45,,BD_Ytrio,708440.0,6013364.0,-36.00193,-72.687419,480.0,14.95,22.8735,165.55,129.58,15.22,300.75,203.5,3.914529,0.0005,Metapelita Recristalizada,,,,,
PEPR-46,,BD_Ytrio,709067.0,6014879.0,-35.988148,-72.680867,555.0,10.1,15.453,187.44,149.26,7.63,402.93,261.7,5.111247,0.214036,Metapelita,,,,,
PEPR-47,,BD_Ytrio,709893.0,6013024.0,-36.004681,-72.67122,556.0,13.05,19.9665,201.02,181.65,22.58,469.34,268.61,8.406126,0.283643,Metapelita,,,,,
PEPR-48,,BD_Ytrio,710066.0,6012579.0,-36.008653,-72.669184,541.0,8.56,13.0968,119.34,76.76,9.35,259.05,175.97,3.838385,0.299367,Metapelita,,,,,
PEPR-49,,BD_Ytrio,710176.0,6012591.0,-36.008521,-72.667968,535.0,17.97,27.4941,30.0,25.0,24.97,45.0,32.0,3.015108,0.0005,Metapelita,,,,,
PEPR-50,,BD_Ytrio,710995.0,6014432.0,-35.99176,-72.659377,539.0,7.66,11.7198,30.0,25.0,14.1,45.0,32.0,2.818045,0.115373,Metapelita,,,,,
PEPR-51,,BD_Ytrio,708899.0,6017160.0,-35.967636,-72.68333,530.0,6.88,10.5264,30.0,25.0,17.77,45.0,32.0,1.433547,0.0005,Granito Rosado,,,,,
PEPR-52,,BD_Ytrio,708071.0,6017251.0,-35.966993,-72.69253,482.0,8.08,12.3624,52.21,25.0,16.27,45.0,32.0,2.754419,0.153353,Granito Rosado,,,,,
PEPR-53,,BD_Ytrio,706892.0,6018092.0,-35.959667,-72.705815,343.0,25.9,39.627,30.0,25.0,9.73,45.0,32.0,3.591967,0.174589,Granito Rosado,,,,,
PEPR-54,,BD_Ytrio,708104.0,6020792.0,-35.935086,-72.693092,233.0,185.61,283.9833,86.47,162.51,8.48,321.0,150.93,9.662298,0.300151,Granito Rosado,,,,,
PEPR-55,,BD_Ytrio,708729.0,6020624.0,-35.936466,-72.686125,257.0,18.22,27.8766,118.27,91.17,8.85,200.55,120.72,3.563825,0.262111,Metapelita,,,,,
PEPR-56,,BD_Ytrio,704096.0,6015646.0,-35.982291,-72.736168,170.0,6.2,9.486,94.2,81.52,8.94,226.93,140.08,4.959066,0.255549,Granito Rosado,,,,,
COPR-01,,BD_Ytrio,700646.0,6009249.0,-36.040638,-72.772788,33.0,32.0,48.96,127.64,128.01,0.5,299.86,174.86,7.867739,0.233054,Diorita Fina,,,,,
COPR-02,,BD_Ytrio,700608.0,6007023.0,-36.0607,-72.772644,60.0,46.1,70.533,55.73,25.0,16.95,45.0,79.52,1.476516,0.0005,Diorita Fina,,,,,
COPR-03,,BD_Ytrio,700563.0,6005157.0,-36.07752,-72.772669,16.0,27.94,42.7482,273.85,223.19,23.18,481.2,322.12,4.51162,0.0005,Metapelita Recristalizada,,,,,
COPR-04A,,BD_Ytrio,699463.0,6005344.0,-36.076062,-72.784924,15.0,23.57,36.0621,242.3,249.46,14.48,682.37,419.63,4.669345,0.0005,Diorita de Anfibol y biotita,,,,,
COPR-04B,,BD_Ytrio,699463.0,6005344.0,-36.076062,-72.784924,15.0,26.75,40.9275,268.01,216.68,10.41,657.95,376.12,6.256709,0.465573,Dique Andesita,,,Ca_ALTO(102433.83ppm),,
COPR-05A,,BD_Ytrio,701244.0,6010880.0,-36.025821,-72.766569,30.0,105.06,160.7418,142.63,138.93,15.1,336.8,194.94,4.016681,0.305629,Granito Rosado,,,,,
COPR-05B,,BD_Ytrio,701244.0,6010880.0,-36.025821,-72.766569,30.0,68.14,104.2542,224.22,25.0,8.53,45.0,32.0,3.330278,0.0005,Vetilla de Oxidos,,,,,
COPR-07,,BD_Ytrio,703573.0,6011063.0,-36.023689,-72.740787,266.0,11.67,17.8551,159.63,128.75,12.67,331.87,191.78,0.716195,0.0005,Granodiorita,,,,,
COPR-06,,BD_Ytrio,703378.0,6011539.0,-36.019441,-72.743072,158.0,15.65,23.9445,61.63,25.0,1.04,45.0,32.0,5.161198,0.205904,Granito Rosado,,,,,
COPR-08A,,BD_Ytrio,705017.0,6010454.0,-36.028872,-72.724615,443.0,2.39,3.6567,128.68,94.1,0.5,186.38,144.81,5.965846,0.257489,Diorita Fina,,,,,
COPR-08B,,BD_Ytrio,705017.0,6010454.0,-36.028872,-72.724615,443.0,50.27,76.9131,262.37,228.87,16.17,572.21,348.24,6.632652,0.0005,Diorita Fina,,,,,
COPR-09,,BD_Ytrio,706831.0,6009191.0,-36.039866,-72.704167,422.0,18.21,27.8613,116.05,25.0,12.38,135.48,89.8,4.937115,0.160872,Metapelita,,,,,
COPR-10,,BD_Ytrio,704407.0,6007896.0,-36.052045,-72.730719,396.0,17.83,27.2799,76.22,25.0,16.16,105.73,32.0,5.828841,0.204744,Filita,,,,,
COPR-11A,,BD_Ytrio,703690.0,6007738.0,-36.053618,-72.738633,364.0,39.4,60.282,30.0,25.0,11.52,45.0,32.0,2.043358,0.0005,Granito Rosado,,,,,
COPR-11B,,BD_Ytrio,703690.0,6007738.0,-36.053618,-72.738633,364.0,18.49,28.2897,30.0,25.0,13.46,45.0,32.0,2.560557,0.0005,Granito Rosado,,,,,
COPR-12,,BD_Ytrio,701558.0,6005780.0,-36.071702,-72.761786,48.0,16.54,25.3062,127.35,99.79,0.5,311.48,190.44,7.582735,0.537852,Diorita Fina,,,,,
COPR-13,,BD_Ytrio,698375.0,6005378.0,-36.075978,-72.797007,37.0,19.92,30.4776,30.0,25.0,0.5,113.7,91.15,5.109741,0.0005,Diorita de Anfibol y biotita,,,,,
CUPR-01A,,BD_Ytrio,714749.0,6021771.0,-35.924829,-72.619751,28.0,24.13,36.9189,60.68,53.4,0.5,168.22,107.13,5.684317,0.28927,Diorita de Anfibol y biotita,,,,,
CUPR-01B,,BD_Ytrio,714749.0,6021771.0,-35.924829,-72.619751,29.0,17.18,26.2854,197.02,203.18,15.01,628.73,393.38,5.478231,0.490822,Diorita de Anfibol y biotita,,,,,
SJGG-274,,BD_Ytrio,674811.0,5863610.0,-37.357772,-73.02612,533.0,18.89,28.9017,70.71,69.02,0.5,221.06,115.22,5.483173,0.309741,Granito de Biotita,,,,,
SJGG-275,,BD_Ytrio,674811.0,5863610.0,-37.357772,-73.02612,534.0,24.92,38.1276,119.62,99.65,0.5,241.6,167.69,5.232614,0.250944,Granito de Biotita,,,,,
SJGG-276,,BD_Ytrio,673026.0,5860121.0,-37.389538,-73.045449,323.0,18.18,27.8154,127.73,112.83,0.5,276.39,155.56,4.124932,0.191619,Granito de Biotita,,,,,
SJGG-277,,BD_Ytrio,666998.0,5859455.0,-37.396644,-73.113358,386.0,134.93,206.4429,121.07,125.29,10.75,258.67,91.3,2.890884,0.0005,Granito de Biotita,,,,,
CAPR-01A,,BD_Ytrio,736365.0,6017520.0,-35.958129,-72.379112,170.0,19.3,29.529,174.47,143.33,13.84,341.53,240.94,8.979438,0.466135,Tonalita de biotita,,,,,
CAPR-01B,,BD_Ytrio,736365.0,6017520.0,-35.958129,-72.379112,170.0,7.6,11.628,126.56,99.42,13.85,244.31,163.68,1.368786,0.0005,Dique Aplitico,,,,,
CAPR-01C,,BD_Ytrio,736365.0,6017520.0,-35.958129,-72.379112,170.0,7.47,11.4291,93.7,94.8,0.5,312.47,164.42,5.213615,0.167239,Dique Aplitico,,,,,
CAPR-01D,,BD_Ytrio,736365.0,6017520.0,-35.958129,-72.379112,170.0,24.56,37.5768,176.54,150.33,15.58,432.72,286.49,5.424607,0.269405,Dique Microdiorita,,,,,
CAPR-02,,BD_Ytrio,736225.0,6018554.0,-35.94885,-72.380971,278.0,19.77,30.2481,142.51,125.45,16.31,359.11,227.7,3.924831,0.0005,Tonalita de biotita,,,,,
CAPR-03A,,BD_Ytrio,735548.0,6016966.0,-35.963316,-72.387998,179.0,17.94,27.4482,126.99,95.45,8.63,240.17,206.13,5.102812,0.3806,Dique Microdiorita,,,,,
CAPR-03B,,BD_Ytrio,735548.0,6016966.0,-35.963316,-72.387998,179.0,24.37,37.2861,235.27,150.84,13.88,542.07,321.94,5.15358,0.297402,Dique Microdiorita,,,,,
CAPR-04A,,BD_Ytrio,734552.0,6017292.0,-35.960619,-72.399129,216.0,20.23,30.9519,176.5,156.8,10.54,389.89,266.44,5.45942,0.229905,Tonalita de biotita,,,,,
CAPR-04B,,BD_Ytrio,734552.0,6017292.0,-35.960619,-72.399129,216.0,21.41,32.7573,155.76,97.94,10.26,313.78,162.22,6.986098,0.0005,Tonalita de biotita,,,,,
CAPR-04C,,BD_Ytrio,734552.0,6017292.0,-35.960619,-72.399129,216.0,13.97,21.3741,161.96,115.18,0.5,295.38,193.27,4.921667,0.3075,Tonalita de biotita,,,,,
CAPR-04D,,BD_Ytrio,734552.0,6017292.0,-35.960619,-72.399129,216.0,10.26,15.6978,108.68,113.8,0.5,330.27,206.34,3.836886,0.227006,Tonalita de biotita,,,,,
CAPR-05,,BD_Ytrio,733560.0,6015299.0,-35.978808,-72.409532,251.0,11.24,17.1972,114.63,103.2,18.15,199.25,134.54,3.22314,0.21554,Dique Microdiorita,,,,,
CAPR-06,,BD_Ytrio,731810.0,6018555.0,-35.949899,-72.429875,214.0,14.69,22.4757,170.88,104.97,0.5,341.53,172.85,4.361931,0.223974,Tonalita de biotita,,,,,
CAPR-07,,BD_Ytrio,731194.0,6018226.0,-35.953008,-72.436603,242.0,12.39,18.9567,30.0,25.0,0.5,128.96,79.94,7.099745,0.352596,Metapelita Recristalizada,,,,,
CAPR-08,,BD_Ytrio,732908.0,6021583.0,-35.922365,-72.4186,207.0,25.59,39.1527,30.0,25.0,8.74,45.0,32.0,4.200163,0.290368,Tonalita de biotita,,,,,
TAPR-01,,BD_Ytrio,697436.0,5992980.0,-36.187865,-72.804317,94.0,2.4,3.672,30.0,25.0,0.5,45.0,32.0,1.759988,0.14365,Cuarzoarenita,,,,,
TAPR-02,,BD_Ytrio,696949.0,5991527.0,-36.201054,-72.809365,55.0,18.08,27.6624,59.64,25.0,8.03,45.0,32.0,3.2253,0.217108,Lutita,,,,,
TAPR-03,,BD_Ytrio,696892.0,5987939.0,-36.23339,-72.809097,10.0,18.8,28.764,232.18,189.39,11.71,495.86,316.03,1.2884,0.0005,Dique Tonalitico,,,,,
COPR14,,BD_Ytrio,701974.0,6004858.0,-36.079922,-72.756934,27.0,16.64,25.4592,218.54,160.25,14.16,357.1,229.24,2.979676,0.0005,Tonalita de biotita,,,,,
COPR-15,,BD_Ytrio,701384.0,6004018.0,-36.087612,-72.763267,218.0,20.17,30.8601,30.0,25.0,13.58,45.0,32.0,1.23973,0.0005,Tonalita de biotita,,,,,
COPR-16,,BD_Ytrio,698607.0,6004260.0,-36.086003,-72.794151,181.0,18.73,28.6569,68.15,69.49,16.35,128.22,125.7,4.400621,0.208849,Metapelita,,,,,
COPR-17,,BD_Ytrio,701286.0,6010897.0,-36.025659,-72.766108,44.0,6.45,9.8685,30.0,25.0,10.11,45.0,32.0,1.695503,0.0005,Granito Rosado,,,,,
COPR-18,,BD_Ytrio,704435.0,6010149.0,-36.031742,-72.730991,437.0,18.96,29.0088,56.91,25.0,11.73,45.0,32.0,1.06308,0.0005,Granito Rosado,,,,,
COPR-19,,BD_Ytrio,704404.0,6009978.0,-36.033289,-72.731291,421.0,46.96,71.8488,121.08,142.15,12.43,286.86,173.23,1.524695,0.0005,Granito Rosado,,,,,
COPR-20,,BD_Ytrio,704010.0,6009780.0,-36.035155,-72.73561,420.0,6.4,9.792,85.3,25.0,8.6,45.0,32.0,2.679071,0.0005,Diorita de Anfibol y biotita,,,,,
COPR-21A,,BD_Ytrio,706409.0,6011288.0,-36.021065,-72.709395,357.0,36.26,55.4778,178.47,152.95,0.5,398.04,247.12,6.955173,0.367003,Diorita de Anfibol y biotita,,,,,
COPR-21B,,BD_Ytrio,706409.0,6011288.0,-36.021065,-72.709395,357.0,26.72,40.8816,96.04,75.56,0.5,177.69,141.55,5.647821,0.255203,Diorita de Anfibol y biotita,,,,,
COPR-22A,,BD_Ytrio,706872.0,6011550.0,-36.018606,-72.704329,360.0,48.71,74.5263,30.0,25.0,9.66,45.0,70.14,5.415446,0.23138,Diorita de Anfibol y biotita,,,,,
COPR-22B,,BD_Ytrio,706872.0,6011550.0,-36.018606,-72.704329,360.0,36.8,56.304,239.95,202.37,13.05,562.68,339.66,4.167432,0.306888,Diorita de Anfibol y biotita,,,,,
COPR-22C,,BD_Ytrio,706872.0,6011550.0,-36.018606,-72.704329,360.0,51.77,79.2081,30.0,62.44,0.5,137.85,86.91,6.071578,0.227184,Diorita de Anfibol y biotita,,,,,
COPR-23,,BD_Ytrio,706544.0,6012024.0,-36.014406,-72.70809,440.0,16.83,25.7499,132.43,94.0,0.5,280.8,129.44,6.293239,0.263061,Diorita de Anfibol y biotita,,,,,
COPR-24,,BD_Ytrio,706179.0,6012254.0,-36.012411,-72.712197,432.0,17.86,27.3258,61.11,25.0,11.62,45.0,67.96,5.327255,0.227032,Diorita de Anfibol y biotita,,,,,
COPR-25,,BD_Ytrio,706222.0,6012210.0,-36.012798,-72.711709,431.0,157.97,241.6941,116.67,140.03,8.54,231.37,131.54,5.397087,0.339886,Diorita de Anfibol y biotita,,,,,
COPR-26,,BD_Ytrio,705484.0,6012950.0,-36.006288,-72.720084,393.0,3.94,6.0282,30.0,51.01,0.5,104.02,76.08,2.992652,0.151931,Granito Rosado,,,,,
COPR-27,,BD_Ytrio,706776.0,6012630.0,-36.008897,-72.705675,319.0,5.84,8.9352,168.98,125.57,9.05,316.49,209.71,1.577875,0.168029,Diorita Fina,,,,,
COPR-28,,BD_Ytrio,707138.0,6011958.0,-36.014874,-72.701486,395.0,26.82,41.0346,187.39,210.54,15.61,672.25,372.62,6.619301,0.312232,Diorita Fina,,,,,
COPR-29,,BD_Ytrio,710684.0,6010156.0,-36.030347,-72.661687,451.0,16.04,24.5412,120.74,130.42,11.33,339.91,209.01,6.502243,0.414439,Metapelita,,,,,
COPR-30,,BD_Ytrio,709444.0,6011031.0,-36.022732,-72.675671,492.0,4.42,6.7626,180.35,147.35,19.7,371.45,239.71,5.029975,0.191372,Metapelita,,,,,
COPR-31,,BD_Ytrio,707562.0,6011622.0,-36.017811,-72.696696,463.0,5.0,7.65,233.39,70.62,0.5,301.17,185.7,8.228161,0.283746,Diorita Fina,,,,,
COPR-32,,BD_Ytrio,708007.0,6012097.0,-36.013437,-72.691886,483.0,13.41,20.5173,30.0,25.0,15.63,45.0,32.0,1.395737,0.0005,Dique Dacitico,,,,,
COPR-33,,BD_Ytrio,707896.0,6012402.0,-36.010713,-72.693197,479.0,14.85,22.7205,65.72,25.0,13.53,45.0,32.0,4.256057,0.235311,Metapelita,,,,,
COPR-34,,BD_Ytrio,707137.0,6012957.0,-36.005875,-72.701758,320.0,20.09,30.7377,167.92,160.43,9.2,394.62,310.09,7.266067,0.381782,Diorita Fina,,,,,
COPR-35,,BD_Ytrio,707520.0,6012616.0,-36.008865,-72.697423,387.0,42.74,65.3922,116.27,85.68,10.57,206.53,141.96,5.846071,0.31472,Diorita Fina,,,,,
COPR-36,,BD_Ytrio,710331.0,6009795.0,-36.033675,-72.665506,424.0,7.88,12.0564,61.58,25.0,12.3,155.25,71.55,2.526207,0.218507,Metapelita,,,,,
COPR-37,,BD_Ytrio,702801.0,6005921.0,-36.070173,-72.748029,26.0,34.15,52.2495,30.0,25.0,7.9,45.0,32.0,6.47648,0.0005,Dique Microdiorita,,,,,
COPR-38,,BD_Ytrio,702999.0,6005965.0,-36.069736,-72.745843,24.0,21.08,32.2524,180.25,175.15,8.48,450.77,331.48,5.652618,0.232651,Dique Microdiorita,,,,,
COPR-39,,BD_Ytrio,703804.0,6006025.0,-36.069027,-72.736926,38.0,18.02,27.5706,170.61,135.2,16.63,358.22,208.9,1.047885,0.0005,Porfido Dacitico,,,,,
COPR-39B,,BD_Ytrio,703804.0,6006025.0,-36.069027,-72.736926,38.0,22.31,34.1343,225.08,229.96,13.38,698.27,399.4,6.527542,0.467922,Dique Andesita,,,,,
COPR-40,,BD_Ytrio,703414.0,6005201.0,-36.076532,-72.741041,189.0,11.62,17.7786,90.27,76.21,0.5,189.47,138.54,7.529618,0.349824,Metapelita,,,,,
COPR-41,,BD_Ytrio,704806.0,6005054.0,-36.077564,-72.725555,399.0,13.41,20.5173,101.55,25.0,11.36,143.47,103.38,4.126736,0.155823,Metapelita,,,,,
COPR-42,,BD_Ytrio,705398.0,6004566.0,-36.081835,-72.718859,433.0,8.03,12.2859,260.05,71.76,8.23,226.26,163.22,9.614703,0.297723,Dique Diorita,,,,,
COPR-43,,BD_Ytrio,707432.0,6004203.0,-36.084673,-72.69619,457.0,10.22,15.6366,95.71,87.06,0.5,175.06,120.57,6.514289,0.370219,Dique Andesita,,,,,
COPR-44A,,BD_Ytrio,708072.0,6005328.0,-36.074402,-72.689384,471.0,21.58,33.0174,83.93,73.94,0.5,132.82,83.86,7.164945,0.337667,Dique Andesita,,,,,
COPR-45,,BD_Ytrio,700012.0,6002967.0,-36.097364,-72.778229,260.0,8.83,13.5099,109.43,73.08,0.5,158.97,149.88,5.819788,0.294192,Metapelita,,,,,
COPR-46,,BD_Ytrio,701967.0,6002459.0,-36.101536,-72.756397,275.0,12.41,18.9873,100.5,61.65,12.62,188.43,135.7,4.485089,0.0005,Metapelita,,,,,
COPR-47,,BD_Ytrio,703846.0,6002359.0,-36.102044,-72.735512,391.0,18.0,27.54,71.37,25.0,14.04,107.13,89.67,3.18957,0.169486,Metapelita,,,,,
COPR-48,,BD_Ytrio,705937.0,6001144.0,-36.112548,-72.711983,440.0,6.37,9.7461,124.43,103.09,0.5,256.36,209.54,5.997054,0.32574,Dique Diorita,,,,,
COPR-49,,BD_Ytrio,706933.0,6000904.0,-36.114498,-72.700862,409.0,13.34,20.4102,118.49,108.98,16.51,242.81,166.74,1.40682,0.149179,Dique Aplitico,,,,,
COPR-50,,BD_Ytrio,709333.0,6000724.0,-36.115605,-72.674168,431.0,16.19,24.7707,176.88,179.1,21.72,414.79,279.1,3.49442,0.201426,Metapelita,,,,,
COPR-51,,BD_Ytrio,709652.0,6000854.0,-36.114365,-72.670661,454.0,15.35,23.4855,123.69,131.85,15.51,297.12,168.69,1.090225,0.0005,Dique Diorita,,,,,
COPR-52,,BD_Ytrio,703344.0,5998324.0,-36.138499,-72.740043,363.0,16.91,25.8723,30.0,25.0,8.73,45.0,32.0,4.92414,1.100345,Dique Granitico,,,,,
COPR-53,,BD_Ytrio,704357.0,5997824.0,-36.142791,-72.728663,394.0,17.42,26.6526,106.84,76.16,0.5,205.89,100.44,4.131878,0.149644,Metapelita,,,,,
COPR-54,,BD_Ytrio,706037.0,5997859.0,-36.14212,-72.710013,467.0,6.93,10.6029,88.4,83.9,0.5,180.66,171.99,7.11365,0.502349,Arenisca,,,,,
COPR-55,,BD_Ytrio,707111.0,5995860.0,-36.159899,-72.697558,510.0,16.57,25.3521,249.31,222.63,17.93,479.26,288.99,4.961912,0.274517,Arenisca,,,,,
COPR-56,,BD_Ytrio,709571.0,5998071.0,-36.139453,-72.67082,467.0,14.47,22.1391,61.2,25.0,16.18,109.67,32.0,3.074264,0.0005,Arenisca,,,,,
COPR-57,,BD_Ytrio,709707.0,5998140.0,-36.138802,-72.669328,468.0,16.5,25.245,99.13,66.65,18.09,205.45,94.12,2.088536,0.262877,Lutita,,,,,
COPR-58,,BD_Ytrio,715255.0,6000526.0,-36.116094,-72.608368,509.0,12.38,18.9414,124.01,25.0,7.99,240.36,132.36,9.294988,0.385312,Lutita,,,,,
COPR-59,,BD_Ytrio,714289.0,5999692.0,-36.12382,-72.618865,472.0,27.26,41.7078,214.21,165.06,8.18,561.99,352.23,7.114415,0.471368,Dique Diorita,,,,,
COPR-60,,BD_Ytrio,709182.0,6009247.0,-36.038859,-72.678104,480.0,12.99,19.8747,157.51,128.8,0.5,347.76,177.31,10.982565,0.766619,Dique Indeterminado,,,,,
COPR-61A,,BD_Ytrio,711866.0,6008029.0,-36.049251,-72.648008,501.0,15.99,24.4647,174.61,150.65,0.5,332.06,219.88,8.140352,0.72824,Dique Andesita,,,,,
COPR-61B,,BD_Ytrio,711866.0,6008029.0,-36.049251,-72.648008,501.0,16.73,25.5969,241.84,254.64,21.96,663.1,420.8,4.911805,0.352355,Dique Andesita,,,,,
COPR-62A,,BD_Ytrio,712061.0,6007927.0,-36.050127,-72.645818,511.0,9.36,14.3208,30.0,25.0,20.7,45.0,32.0,1.910098,0.0005,Porfido dacitico,,,,,
COPR-62B,,BD_Ytrio,712061.0,6007927.0,-36.050127,-72.645818,511.0,10.77,16.4781,80.33,71.88,0.5,170.8,116.01,6.264745,0.408421,Dique Andesita,,,,,
COPR-63,,BD_Ytrio,712593.0,6007953.0,-36.049777,-72.639923,537.0,18.89,28.9017,191.87,151.27,0.5,405.77,269.71,8.351273,0.712175,Diorita Fina,,,,,
COPR-64,,BD_Ytrio,714382.0,6003991.0,-36.085074,-72.619002,642.0,22.98,35.1594,63.03,65.52,11.37,171.88,88.63,6.958011,0.323904,Dique Andesita,,,,,
COPR-65,,BD_Ytrio,713360.0,6003913.0,-36.086002,-72.630323,535.0,25.68,39.2904,206.27,171.75,17.38,515.71,361.71,11.229515,0.0005,Dique Andesita,,,,,
COPR-66A,,BD_Ytrio,712570.0,6004221.0,-36.083401,-72.639173,550.0,33.06,50.5818,119.91,122.93,13.08,256.08,162.12,2.29978,0.0005,Dique Dacitico,,,,,
COPR-66B,,BD_Ytrio,712570.0,6004221.0,-36.083401,-72.639173,550.0,21.82,33.3846,124.4,99.95,17.23,275.89,196.21,1.288059,0.133714,Dique Dacitico,,,,,
COPR-67,,BD_Ytrio,711349.0,6004493.0,-36.081217,-72.652797,593.0,7.69,11.7657,148.94,105.44,10.26,171.7,152.56,6.127314,0.378391,Metapelita,,,,,
COPR-68,,BD_Ytrio,709564.0,6002365.0,-36.100773,-72.67204,514.0,20.75,31.7475,30.0,25.0,11.81,45.0,32.0,1.312208,0.152965,Metapelita,,,,,
COPR-69,,BD_Ytrio,709131.0,6002647.0,-36.098326,-72.676922,444.0,9.87,15.1011,94.24,25.0,0.5,131.86,83.92,7.78613,0.487577,Diorita Fina,,,,,
COPR-70,,BD_Ytrio,708705.0,6003247.0,-36.093012,-72.681809,478.0,18.95,28.9935,101.36,25.0,22.22,163.93,92.54,4.0245,0.0005,Diorita Fina,,,,,
COPR-71,,BD_Ytrio,709401.0,6003048.0,-36.094655,-72.674031,528.0,17.33,26.5149,194.52,164.84,17.79,445.81,298.52,2.755375,0.235588,Diorita Fina,,,,,
COPR-72,,BD_Ytrio,710097.0,6004932.0,-36.077533,-72.666808,586.0,3.01,4.6053,122.13,108.07,8.73,287.42,209.21,2.834196,0.137226,Arenisca,,,,,
COPR-73A,,BD_Ytrio,698167.0,6005408.0,-36.075751,-72.799323,50.0,31.53,48.2409,113.06,97.39,10.98,171.38,135.05,2.075761,0.0005,Dique Tonalitico,,,,,
COPR-73B,,BD_Ytrio,698167.0,6005408.0,-36.075751,-72.799323,50.0,29.51,45.1503,79.43,112.56,13.29,231.75,157.62,0.965345,0.0005,Dique Tonalitico,,,,,
COPR-73C,,BD_Ytrio,698167.0,6005408.0,-36.075751,-72.799323,50.0,29.13,44.5689,30.0,25.0,0.5,187.15,116.58,6.754437,0.411151,Dique Diabasa,,,,,
COPR-73D,,BD_Ytrio,698167.0,6005408.0,-36.075751,-72.799323,50.0,17.25,26.3925,118.04,86.31,0.5,290.63,137.74,6.765273,0.311999,Diorita,,,,,
COPR-73E,,BD_Ytrio,698167.0,6005408.0,-36.075751,-72.799323,50.0,19.18,29.3454,113.73,63.81,8.98,112.54,69.77,2.936733,0.141142,Dique Diabasa,,,,,
COPR-13(B),,BD_Ytrio,697217.0,6003585.0,-36.092368,-72.80941,,12.26,18.7578,154.92,167.29,15.12,392.59,256.84,4.729555,0.247956,Arena,,,COTA_NEGATIVA(-1.0),,
COPR-20B,,BD_Ytrio,704010.0,6009780.0,-36.035155,-72.73561,420.0,20.65,31.5945,30.0,25.0,0.5,45.0,32.0,6.435566,0.0005,Granito Rosado,,,,,
PEPR-57A,,BD_Ytrio,709676.0,6016416.0,-35.974171,-72.674523,543.0,6.16,9.4248,84.92,65.11,0.5,221.96,125.48,4.971098,0.252451,Diorita de Anfibol y biotita,,,,,
PEPR-57B,,BD_Ytrio,709676.0,6016416.0,-35.974171,-72.674523,543.0,8.46,12.9438,70.36,25.0,0.5,94.72,32.0,6.29584,0.234252,Diorita de Anfibol y biotita,,,,,
PEPR-57C,,BD_Ytrio,709676.0,6016416.0,-35.974171,-72.674523,543.0,2.0,3.06,30.0,25.0,0.5,45.0,32.0,4.345722,0.238231,Diorita de Anfibol y biotita,,,,,
PEPR-57D,,BD_Ytrio,709676.0,6016416.0,-35.974171,-72.674523,543.0,2.56,3.9168,79.7,84.75,0.5,198.36,134.66,5.864039,0.181719,Diorita de Anfibol y biotita,,,,,
PEPR-57E,,BD_Ytrio,709676.0,6016416.0,-35.974171,-72.674523,543.0,2.84,4.3452,135.5,77.49,0.5,166.74,118.51,5.11628,0.219473,Diorita de Anfibol y biotita,,,,,
PEPR-58A,,BD_Ytrio,709679.0,6016423.0,-35.974108,-72.674492,545.0,3.09,4.7277,66.14,25.0,0.5,183.18,88.63,3.910357,0.298072,Diorita de Anfibol y biotita,,,,,
PEPR-58B,,BD_Ytrio,709679.0,6016423.0,-35.974108,-72.674492,545.0,2.0,3.06,30.0,25.0,0.5,45.0,32.0,5.308432,0.252819,Diorita de Anfibol y biotita,,,,,
PEPR-59A,,BD_Ytrio,709677.0,6016229.0,-35.975856,-72.674463,545.0,12.74,19.4922,92.16,25.0,8.37,45.0,32.0,4.701077,0.209863,Diorita de Anfibol y biotita,,,,,
PEPR-59B,,BD_Ytrio,709677.0,6016229.0,-35.975856,-72.674463,545.0,7.46,11.4138,108.61,74.57,9.73,143.16,104.51,7.318585,0.184555,Diorita de Anfibol y biotita,,,,,
PEPR-60,,BD_Ytrio,709911.0,6016045.0,-35.977463,-72.671821,552.0,13.41,20.5173,171.51,155.13,15.13,510.11,350.03,2.10439,0.0005,Dique Tonalitico,,,,,
PEPR-61A,,BD_Ytrio,709903.0,6015919.0,-35.9786,-72.671876,543.0,6.54,10.0062,71.07,68.57,9.54,118.43,87.67,4.534664,0.313697,Diorita Fina,,,,,
PEPR-61B,,BD_Ytrio,709903.0,6015919.0,-35.9786,-72.671876,543.0,18.09,27.6777,108.39,98.46,0.5,277.38,158.92,5.346726,0.345475,Diorita Fina,,,,,
PEPR-62,,BD_Ytrio,709577.0,6016027.0,-35.977697,-72.675518,519.0,16.98,25.9794,115.15,57.33,21.02,154.71,105.41,2.789648,0.239372,Metapelita,,,,,
PEPR-63,,BD_Ytrio,710302.0,6016813.0,-35.97046,-72.667691,532.0,10.23,15.6519,104.13,82.93,9.93,299.46,139.98,9.740698,0.40364,Metapelita,,,,,
PEPR-64,,BD_Ytrio,712325.0,6020674.0,-35.935241,-72.646305,403.0,29.68,45.4104,133.1,110.98,0.5,287.96,158.87,6.810038,0.255826,Diorita de Anfibol y biotita,,,,,
PEPR-65,,BD_Ytrio,712250.0,6021119.0,-35.931248,-72.647254,369.0,9.86,15.0858,93.21,76.87,7.6,222.65,156.09,5.901023,0.368315,Diorita de Anfibol y biotita,,,,,
PEPR-66,,BD_Ytrio,703818.0,6018321.0,-35.958251,-72.739937,98.0,13.82,21.1446,60.79,25.0,13.39,90.28,32.0,1.285746,0.0005,Granito Rosado,,,,,
PEPR-67,,BD_Ytrio,703664.0,6018493.0,-35.956733,-72.741687,86.0,21.07,32.2371,75.85,58.13,11.46,139.69,91.1,1.886473,0.0005,Granito Rosado,,,,,
SJGG-278A,,BD_Ytrio,677751.0,5876249.0,-37.243356,-72.995966,457.0,52.56,80.4168,98.75,25.0,0.5,45.0,32.0,4.909596,0.257906,Granito de Biotita,,,,,
SJGG-278B,,BD_Ytrio,677751.0,5876249.0,-37.243356,-72.995966,458.0,32.78,50.1534,30.0,63.1,8.18,45.0,69.94,4.772373,0.265119,Granito de Biotita,,,,,
SJGG-279,,BD_Ytrio,674498.0,5863965.0,-37.354633,-73.029736,559.0,21.36,32.6808,104.95,25.0,0.5,121.35,108.19,5.485543,0.298706,Granito de Biotita,,,,,
SJGG-280,,BD_Ytrio,676248.0,5874943.0,-37.255407,-73.012593,408.0,13.69,20.9457,91.65,25.0,0.5,145.86,122.74,4.50056,0.314081,Tonalita de Biotita,,,,,
SJGG-281,,BD_Ytrio,676301.0,5874849.0,-37.256244,-73.011973,384.0,10.29,15.7437,112.86,25.0,9.35,95.31,32.0,4.490388,0.297991,Tonalita de Biotita,,,,,
SJGG-282,,BD_Ytrio,677752.0,5876618.0,-37.240032,-72.996042,478.0,26.39,40.3767,111.28,82.84,0.5,198.86,176.02,4.291005,0.246637,Granito de Biotita,,,,,
SJGG-283,,BD_Ytrio,673013.0,5860112.0,-37.389622,-73.045593,307.0,18.32,28.0296,147.6,127.38,0.5,292.98,188.98,5.08818,0.290002,Enclave máfico,,,,,
SJGG-284,,BD_Ytrio,672533.0,5859957.0,-37.391107,-73.050977,275.0,6.09,9.3177,88.17,25.0,15.94,45.0,32.0,4.736071,0.296859,Enclave máfico,,,,,
SJGG-285,,BD_Ytrio,672533.0,5859957.0,-37.391107,-73.050977,275.0,9.53,14.5809,113.92,65.22,65.56,181.3,129.21,4.124495,0.318799,Granito de Biotita,,,,,
SJGG-286,,BD_Ytrio,670962.0,5859655.0,-37.394119,-73.068644,240.0,17.1,26.163,78.16,25.0,9.69,172.89,116.75,4.108379,0.3285,Granito de Biotita,,,,,
SJGG-287,,BD_Ytrio,669009.0,5859832.0,-37.392883,-73.090737,220.0,12.44,19.0332,142.42,91.41,13.4,228.98,164.42,4.217385,0.235623,Granito de Biotita,,,,,
SJGG-288,,BD_Ytrio,666713.0,5860204.0,-37.389947,-73.116745,228.0,18.11,27.7083,154.13,115.38,18.86,309.92,147.82,5.240374,0.234008,Metapelita,,,,,
SJGG-289,,BD_Ytrio,667066.0,5860083.0,-37.390974,-73.112732,215.0,69.91,106.9623,65.89,25.0,8.62,126.59,32.0,4.042185,0.0005,Granito de Biotita,,,,,
SJGG-290,,BD_Ytrio,665642.0,5860010.0,-37.391887,-73.128794,220.0,100.37,153.5661,123.02,119.33,15.01,162.22,76.85,3.721521,0.283186,Granito de Biotita,,,,,
SJGG-291,,BD_Ytrio,664264.0,5859220.0,-37.39925,-73.144178,263.0,10.05,15.3765,81.99,25.0,0.5,45.0,32.0,4.274882,0.25531,Granito de Biotita,,,,,
SJGG-292,,BD_Ytrio,662159.0,5859363.0,-37.398332,-73.16798,359.0,36.62,56.0286,72.08,58.94,0.5,139.34,95.93,5.263899,0.281176,Granito de Biotita,,,,,
SJGG-293,,BD_Ytrio,677770.0,5876450.0,-37.241542,-72.9958,465.0,20.13,30.7989,114.9,64.91,0.5,119.75,111.03,3.427377,0.229677,Granito de Biotita,,,,,
SJGG-294A,,BD_Ytrio,678099.0,5875780.0,-37.247515,-72.991932,431.0,22.67,34.6851,99.96,71.52,9.45,223.87,142.29,4.07734,0.271588,Granito de Biotita,,,,,
SJGG-294B,,BD_Ytrio,678099.0,5875780.0,-37.247515,-72.991932,432.0,15.58,23.8374,118.7,105.15,0.5,225.04,143.15,4.783799,0.254798,Granito de Biotita,,,,,
SJGG-294C,,BD_Ytrio,678099.0,5875780.0,-37.247515,-72.991932,433.0,6.54,10.0062,55.27,25.0,0.5,114.9,32.0,3.953422,0.186657,Granito de Biotita,,,,,
SJGG-295,,BD_Ytrio,677873.0,5875957.0,-37.245964,-72.994521,496.0,3.76,5.7528,84.05,25.0,0.5,147.38,98.38,2.396849,0.151849,Granito de Biotita,,,,,
SJGG-296,,BD_Ytrio,677773.0,5872891.0,-37.273603,-72.994916,526.0,20.62,31.5486,30.0,56.26,0.5,104.91,32.0,4.981214,0.272387,Granito de Biotita,,,,,
SJGG-128A,,BD_Ytrio,678052.0,5875834.0,-37.247037,-72.992475,437.0,53.41,81.7173,94.38,106.28,0.5,146.83,96.1,4.671681,0.26018,Granito de Biotita,,,,,
SJGG-128B,,BD_Ytrio,678052.0,5875834.0,-37.247037,-72.992475,438.0,14.64,22.3992,99.8,113.05,8.07,200.89,132.83,5.117118,0.350133,Granito de Biotita,,,,,
SJGG-128C,,BD_Ytrio,678052.0,5875834.0,-37.247037,-72.992475,439.0,13.11,20.0583,79.82,79.67,0.5,142.72,107.55,4.227435,0.223132,Granito de Biotita,,,,,
SJGG-297,,BD_Ytrio,679283.0,5860195.0,-37.387682,-72.974825,209.0,11.91,18.2223,64.65,25.0,9.76,45.0,98.16,4.40264,0.30565,Granito de Biotita,,,,,
SJGG-298,,BD_Ytrio,679120.0,5860122.0,-37.388371,-72.976648,215.0,28.86,44.1558,30.0,78.45,0.5,147.74,118.93,5.293777,0.354544,Granito de Biotita,,,,,
SJGG-299,,BD_Ytrio,678642.0,5859981.0,-37.389734,-72.98201,235.0,18.61,28.4733,89.23,71.55,0.5,230.74,143.05,5.041431,0.27403,Granito de Biotita,,,,,
SJGG-300,,BD_Ytrio,678212.0,5859739.0,-37.391997,-72.986807,246.0,44.93,68.7429,76.41,25.0,0.5,214.91,118.12,7.127049,0.446477,Granito de Biotita,,,,,
SJGG-301,,BD_Ytrio,677310.0,5859489.0,-37.394422,-72.996931,320.0,33.92,51.8976,102.1,76.74,0.5,191.47,142.83,4.445855,0.306811,Granito de Biotita,,,,,
SJGG-302,,BD_Ytrio,676103.0,5859485.0,-37.394688,-73.010558,365.0,9.8,14.994,52.15,25.0,8.86,45.0,32.0,3.066046,0.228621,Granito de Biotita,,,,,
SJGG-303,,BD_Ytrio,674599.0,5859856.0,-37.39163,-73.027627,321.0,18.96,29.0088,69.11,73.3,22.62,189.28,123.24,4.478697,0.261875,Granito de Biotita,,,,,
SJGG-304,,BD_Ytrio,673632.0,5859930.0,-37.391145,-73.038562,328.0,8.36,12.7908,80.29,56.49,0.5,106.96,76.34,3.462637,0.338524,Granito de Biotita,,,,,
SJGG-305,,BD_Ytrio,668205.0,5859165.0,-37.399038,-73.099663,309.0,23.4,35.802,188.38,124.1,13.77,277.41,213.3,4.820155,0.344143,Granito de Biotita,,,,,
SJGG-306,,BD_Ytrio,666622.0,5858481.0,-37.405486,-73.117384,533.0,34.38,52.6014,83.98,72.18,8.61,98.24,93.48,3.559862,0.204862,Granito de Biotita,,,,,
SJGG-307,,BD_Ytrio,665709.0,5858376.0,-37.406596,-73.127671,631.0,2.77,4.2381,151.86,79.02,7.84,229.21,147.63,3.684304,0.246856,Granito de Biotita,,,,,
SJGG-308,,BD_Ytrio,666532.0,5859381.0,-37.397394,-73.118603,386.0,3.82,5.8446,76.45,25.0,0.5,139.49,96.33,1.816706,0.0005,Granito de Biotita,,,,,
SJGG-309,,BD_Ytrio,667070.0,5859488.0,-37.396333,-73.112552,394.0,18.87,28.8711,103.27,92.49,0.5,175.59,125.54,3.7813,0.239017,Granito de Biotita,,,,,
SJGG-310,,BD_Ytrio,666773.0,5859449.0,-37.396738,-73.115897,363.0,26.25,40.1625,139.69,110.62,11.31,286.5,132.89,3.738124,0.211998,Granito de Biotita,,,,,
SJGG-311,,BD_Ytrio,667657.0,5860670.0,-37.385579,-73.106192,297.0,2.6,3.978,69.5,59.35,0.5,141.28,105.12,0.71745,0.0005,Granito de Biotita,,,,,
SJGG-312,,BD_Ytrio,668951.0,5860895.0,-37.383317,-73.091634,205.0,16.82,25.7346,30.0,51.43,0.5,88.34,62.22,1.553978,0.0005,Granito de Biotita,,,,,
SJGG-313,,BD_Ytrio,669320.0,5861551.0,-37.37734,-73.087619,270.0,39.28,60.0984,81.11,56.07,26.37,86.61,32.0,2.920101,0.138433,Granito de Biotita,,,,,
SJGG-314,,BD_Ytrio,669139.0,5862239.0,-37.371175,-73.089819,378.0,11.96,18.2988,80.81,89.29,8.62,188.13,106.62,2.710379,0.153625,Granito de Biotita,,,,,
SJGG-315,,BD_Ytrio,668318.0,5862056.0,-37.372973,-73.099045,532.0,8.5,13.005,130.67,114.51,0.5,281.84,195.11,7.649294,0.326594,Granito de Biotita,,,,,
SJGG-316,,BD_Ytrio,668410.0,5862219.0,-37.371488,-73.098043,516.0,8.46,12.9438,74.19,25.0,22.28,130.89,87.77,4.029087,0.213794,Granito de Biotita,,,,,
SJGG-277R,,BD_Ytrio,667171.0,5859511.0,-37.396108,-73.111417,395.0,45.71,69.9363,257.91,260.42,15.08,719.52,411.28,6.323887,0.25349,Tonalita de Biotita,,,,,
SJGG-114B,,BD_Ytrio,675954.0,5877582.0,-37.231689,-73.016529,289.0,47.01,71.9253,72.7,72.09,0.5,182.86,92.29,4.624299,0.273428,Granito de Biotita,,,,,
SJGG-114C,,BD_Ytrio,675954.0,5877582.0,-37.231689,-73.016529,290.0,19.7,30.141,97.67,91.36,0.5,205.67,142.6,6.733269,0.468127,Granito de Biotita,,,,,
SJGG-114D,,BD_Ytrio,675954.0,5877582.0,-37.231689,-73.016529,291.0,14.75,22.5675,113.12,101.16,0.5,248.52,151.84,5.359077,0.402654,Granito de Biotita,,,,,
SJGG-133B,,BD_Ytrio,677741.0,5873311.0,-37.269825,-72.995377,496.0,41.68,63.7704,168.56,83.17,0.5,162.97,105.36,3.4252,0.210295,Granito de Biotita,,,,,
SJGG-133C,,BD_Ytrio,677741.0,5873311.0,-37.269825,-72.995377,497.0,37.35,57.1455,105.55,67.67,0.5,128.41,89.33,3.726746,0.231698,Granito de Biotita,,,,,
SJGG-133D,,BD_Ytrio,677741.0,5873311.0,-37.269825,-72.995377,498.0,54.93,84.0429,97.23,72.08,0.5,194.52,111.26,5.440496,0.279873,Granito de Biotita,,,,,
SJGG-133E,,BD_Ytrio,677741.0,5873311.0,-37.269825,-72.995377,499.0,38.64,59.1192,87.94,96.75,0.5,173.44,93.66,3.662624,0.199541,Granito de Biotita,,,,,
SJGG-133F,,BD_Ytrio,677741.0,5873311.0,-37.269825,-72.995377,500.0,30.18,46.1754,95.6,94.36,0.5,230.1,129.87,3.830636,0.234003,Granito de Biotita,,,,,
SJGG-133G,,BD_Ytrio,677741.0,5873311.0,-37.269825,-72.995377,501.0,13.06,19.9818,106.13,25.0,0.5,156.73,82.0,4.348788,0.219854,Granito de Biotita,,,,,
SJGG-317,,BD_Ytrio,677824.0,5871890.0,-37.28261,-72.994102,537.0,48.71,74.5263,123.78,81.86,0.5,219.64,142.54,6.200871,0.30286,Granito de Biotita,,,,,
SJGG-318A,,BD_Ytrio,677815.0,5871785.0,-37.283558,-72.994178,530.0,12.94,19.7982,128.25,83.44,0.5,162.13,140.43,4.784427,0.206923,Granito de Biotita,,,,,
SJGG-318B,,BD_Ytrio,677815.0,5871785.0,-37.283558,-72.994178,531.0,8.86,13.5558,94.9,57.59,0.5,144.39,115.15,5.368216,0.266097,Granito de Biotita,,,,,
SJGG-318,,BD_Ytrio,677815.0,5871785.0,-37.283558,-72.994178,529.0,21.76,33.2928,30.0,25.0,0.5,125.11,87.72,5.100448,0.273185,Granito de Biotita,,,,,
SJGG-319,,BD_Ytrio,678004.0,5872304.0,-37.278846,-72.992171,531.0,32.39,49.5567,169.87,89.9,0.5,306.38,189.03,7.566008,0.43718,Granito de Biotita,,,,,
SJGG-320,,BD_Ytrio,676569.0,5871244.0,-37.288669,-73.008097,502.0,5.67,8.6751,64.91,25.0,0.5,45.0,98.14,4.400637,0.204296,Granito de Biotita,,,,,
SJGG-321,,BD_Ytrio,676992.0,5881874.0,-37.192827,-73.005853,187.0,11.44,17.5032,65.29,25.0,14.43,45.0,32.0,3.527841,0.163647,MIGMATITA,,,,,
SJGG-322,,BD_Ytrio,676992.0,5881874.0,-37.192827,-73.005853,187.0,8.27,12.6531,144.03,95.23,11.8,178.2,111.83,4.164891,0.14564,Migmatita con Granate,,,,,
SJGG-323,,BD_Ytrio,676666.0,5880714.0,-37.203339,-73.00925,151.0,11.85,18.1305,30.0,25.0,0.5,45.0,32.0,1.802915,0.0005,MIGMATITA,,,,,
SJGG-323GRT,,BD_Ytrio,676666.0,5880714.0,-37.203339,-73.00925,151.0,86.71,132.6663,185.52,110.1,39.93,277.74,175.91,17.736172,0.0005,Granate,,,Fe_ALTO(17.736172%),,
SJGG-324,,BD_Ytrio,675282.0,5878205.0,-37.226203,-73.024247,128.0,9.11,13.9383,75.85,25.0,29.23,45.0,32.0,2.757203,2.082408,MIGMATITA,,,,,
SJGG-324GRT,,BD_Ytrio,675282.0,5878205.0,-37.226203,-73.024247,128.0,38.55,58.9815,281.23,179.44,42.6,455.57,272.61,7.279573,0.211973,Granate,,,,,
SJGG-325,,BD_Ytrio,673211.0,5876243.0,-37.244265,-73.047123,144.0,17.16,26.2548,123.6,25.0,13.78,45.0,152.65,3.333388,1.03118,MIGMATITA,,,,,
SJGG-325GRT,,BD_Ytrio,673211.0,5876243.0,-37.244265,-73.047123,144.0,27.26,41.7078,343.18,245.07,9.67,873.39,532.54,14.35923,0.0005,Granate,,,,,
SJGG-114R,,BD_Ytrio,675954.0,5877582.0,-37.231689,-73.016529,288.0,10.39,15.8967,105.56,100.16,0.5,246.92,176.07,5.127368,0.381624,Tonalita de Anfibol y Biotita,,,,,
SJGG-326,,BD_Ytrio,675716.0,5877609.0,-37.231491,-73.019217,296.0,15.73,24.0669,72.6,72.23,0.5,164.07,82.25,4.000524,0.268872,Tonalita de Biotita,,,,,
SJGG-326 VTT,,BD_Ytrio,675716.0,5877609.0,-37.231491,-73.019217,296.0,8.1,12.393,30.0,25.0,10.46,45.0,32.0,4.383117,0.23487,Tonalita de Biotita,,,,,
SJGG-326R,,BD_Ytrio,675716.0,5877609.0,-37.231491,-73.019217,296.0,7.07,10.8171,30.0,25.0,12.61,177.28,81.91,4.533613,0.21211,Tonalita de Biotita,,,,,
SJGG-327,,BD_Ytrio,675515.0,5877500.0,-37.23251,-73.021456,307.0,11.9,18.207,30.0,25.0,0.5,45.0,32.0,3.82552,0.301662,Granito de Biotita,,,,,
SJGG-328A,,BD_Ytrio,676069.0,5876123.0,-37.244811,-73.014889,256.0,22.98,35.1594,194.3,182.65,13.19,466.66,300.12,3.860311,0.268114,Tonalita de Anfibol y Biotita,,,,,
SJGG-328B,,BD_Ytrio,676069.0,5876123.0,-37.244811,-73.014889,256.0,18.85,28.8405,173.88,162.75,19.46,439.55,250.09,3.753308,0.239425,Tonalita de Anfibol y Biotita,,,,,
SJGG-328C,,BD_Ytrio,676069.0,5876123.0,-37.244811,-73.014889,256.0,48.25,73.8225,226.2,220.62,13.58,616.83,345.24,7.049587,0.0005,Enclave máfico,,,,,
SJGG-328D,,BD_Ytrio,676069.0,5876123.0,-37.244811,-73.014889,256.0,16.25,24.8625,259.38,185.46,21.19,598.75,348.81,5.010602,0.229972,Enclave máfico,,,,,
SJGG-328E,,BD_Ytrio,676069.0,5876123.0,-37.244811,-73.014889,256.0,29.09,44.5077,238.04,238.2,16.09,699.89,390.76,4.545996,0.0005,Cumulo de Anfiboles,,,,,
SJGG-329A,,BD_Ytrio,676153.0,5876280.0,-37.243381,-73.01398,217.0,8.97,13.7241,158.43,130.84,12.99,380.05,239.48,3.662484,0.271434,Tonalita de Anfibol y Biotita,,,,,
SJGG-329B,,BD_Ytrio,676153.0,5876280.0,-37.243381,-73.01398,217.0,19.56,29.9268,298.78,196.53,15.54,649.02,363.53,5.090122,0.263758,Enclave máfico,,,,,
SJGG-87R,,BD_Ytrio,675680.0,5878533.0,-37.223173,-73.019841,123.0,10.75,16.4475,30.0,85.37,9.23,174.79,114.55,1.889677,0.0005,Granito de Biotita,,,,,
SJGG-330R,,BD_Ytrio,677808.0,5876436.0,-37.241661,-72.995368,472.0,12.16,18.6048,209.22,149.48,0.5,475.74,283.79,3.326804,0.0005,Tonalita de Anfibol y Biotita,,,,,
SJGG-331,,BD_Ytrio,677825.0,5876219.0,-37.243612,-72.995125,459.0,21.85,33.4305,88.7,25.0,0.5,45.0,32.0,3.741355,0.347579,Tonalita de Anfibol y Biotita,,,,,
SJGG-331A,,BD_Ytrio,677825.0,5876219.0,-37.243612,-72.995125,459.0,42.29,64.7037,101.93,87.84,0.5,177.84,121.08,5.051693,0.282439,Tonalita de Anfibol y Biotita,,,,,
SJGG-331R,,BD_Ytrio,677825.0,5876219.0,-37.243612,-72.995125,459.0,7.97,12.1941,288.09,228.47,10.9,691.28,395.56,1.928901,0.313131,Tonalita de Anfibol y Biotita,,,,,
SJGG-332,,BD_Ytrio,677749.0,5873461.0,-37.268472,-72.995323,477.0,18.35,28.0755,113.53,112.85,0.5,240.73,199.37,6.091833,0.0005,Tonalita de Anfibol y Biotita,,,,,
SJGG-332R,,BD_Ytrio,677749.0,5873461.0,-37.268472,-72.995323,477.0,35.98,55.0494,288.88,233.42,12.87,718.13,381.98,5.42194,0.221782,Tonalita de Anfibol y Biotita,,,,,
SJGG-333,,BD_Ytrio,677921.0,5873517.0,-37.267935,-72.993397,481.0,12.48,19.0944,57.8,66.15,0.5,156.78,32.0,4.287469,0.250119,Tonalita de Anfibol y Biotita,,,,,
SJGG-334A,,BD_Ytrio,677921.0,5873517.0,-37.267935,-72.993397,481.0,21.09,32.2677,159.65,126.31,0.5,400.98,251.78,3.207393,0.0005,VTT Pegmatitica,,,,,
SJGG-334B,,BD_Ytrio,677921.0,5873517.0,-37.267935,-72.993397,481.0,16.89,25.8417,172.47,151.69,0.5,415.4,250.06,4.386527,0.232518,VTT Limonitas-Micas,,,,,
SJGG-334C,,BD_Ytrio,677921.0,5873517.0,-37.267935,-72.993397,481.0,27.65,42.3045,102.67,107.82,0.5,201.29,142.94,5.322684,0.255344,VTT Limonitas-Micas,,,,,
SJGG-334D,,BD_Ytrio,677921.0,5873517.0,-37.267935,-72.993397,481.0,16.66,25.4898,108.88,97.7,13.0,258.85,176.34,4.062973,0.210936,Enclave máfico,,,,,
SJGG-334E,,BD_Ytrio,677921.0,5873517.0,-37.267935,-72.993397,481.0,15.18,23.2254,70.68,68.37,14.68,193.45,130.65,4.113001,0.224585,Tonalita de Anfibol y Biotita,,,,,
SJCGG-01,,BD_Ytrio,678822.0,5889451.0,-37.12422,-72.987058,89.0,23.84,36.4752,62.05,60.76,8.41,121.76,72.74,3.887907,0.243538,Granito de Biotita,,,,,
SJCGG-02,,BD_Ytrio,678639.0,5889603.0,-37.122886,-72.989153,124.0,14.59,22.3227,30.0,61.94,0.5,45.0,103.5,4.792572,0.311732,Granito de Biotita,,,,,
SJCGG-03,,BD_Ytrio,677778.0,5888591.0,-37.132167,-72.998599,301.0,12.8,19.584,149.78,100.87,0.5,251.93,152.39,6.294414,0.42926,Esquisto de Biotita,,,,,
SJCGG-04,,BD_Ytrio,677085.0,5887880.0,-37.138703,-73.006228,384.0,15.49,23.6997,107.04,72.42,12.83,164.02,146.04,3.416517,0.401978,Esquisto de Biotita,,,,,
SJCGG-05,,BD_Ytrio,677001.0,5886297.0,-37.15298,-73.006799,353.0,5.1,7.803,89.05,25.0,11.23,141.99,104.03,3.157001,0.0005,Esquisto de Biotita,,,,,
SJCGG-06,,BD_Ytrio,676510.0,5884736.0,-37.167136,-73.011957,205.0,23.94,36.6282,181.51,147.54,12.05,319.28,199.13,4.347382,0.252772,Esquisto de Biotita,,,,,
SJCGG-07,,BD_Ytrio,676256.0,5885574.0,-37.159634,-73.015014,302.0,10.82,16.5546,153.44,115.11,16.66,313.1,171.34,6.172923,0.392127,Esquisto de Biotita,,,,,
SJCGG-08R,,BD_Ytrio,676950.0,5887626.0,-37.141017,-73.007687,408.0,6.71,10.2663,213.4,189.39,15.33,433.24,240.08,9.035103,0.389299,Esquisto de Biotita con Granate,,,,,
SJCGG-09,,BD_Ytrio,677470.0,5888089.0,-37.136748,-73.001945,307.0,6.8,10.404,227.19,151.55,14.82,397.12,206.68,5.204959,0.477685,Esquisto de Biotita con Granate,,,,,
SJCGG-10,,BD_Ytrio,678005.0,5888329.0,-37.134484,-72.995983,228.0,22.58,34.5474,192.66,167.32,0.5,360.29,248.62,7.290134,0.275419,Esquisto de Biotita,,,,,
SJCGG-11,,BD_Ytrio,678293.0,5888341.0,-37.134321,-72.992745,131.0,23.89,36.5517,142.38,120.7,0.5,255.73,196.82,5.70438,0.324136,Esquisto de Biotita,,,,,
SJCGG-12,,BD_Ytrio,678483.0,5888516.0,-37.132708,-72.990649,118.0,21.11,32.2983,145.2,114.15,7.91,290.6,163.56,4.110076,0.139618,Granito de Biotita,,,,,
SJCGG-13,,BD_Ytrio,678771.0,5888583.0,-37.13205,-72.987424,109.0,34.47,52.7391,117.63,95.82,17.5,136.33,92.15,3.273425,0.260819,Granito de Biotita,,,,,
SJCGG-14,,BD_Ytrio,678697.0,5888855.0,-37.129613,-72.988322,103.0,7.7,11.781,30.0,25.0,0.5,100.2,32.0,1.668351,0.0005,Aplita,,,,,
SJCGG-15,,BD_Ytrio,678587.0,5888853.0,-37.129652,-72.989559,106.0,24.03,36.7659,86.25,25.0,10.04,147.44,32.0,3.420822,0.194769,Granito de Biotita,,,,,
SJCGG-16,,BD_Ytrio,678447.0,5889128.0,-37.127202,-72.9912,108.0,6.19,9.4707,30.0,25.0,0.5,45.0,32.0,1.449626,0.0005,Granito de Biotita,,,,,
SJCGG-17,,BD_Ytrio,678679.0,5890132.0,-37.118113,-72.988829,124.0,7.55,11.5515,30.0,25.0,7.06,105.2,32.0,2.242968,0.0005,Granito de Biotita,,,,,
SJCGG-18,,BD_Ytrio,678152.0,5889703.0,-37.122078,-72.994655,158.0,15.02,22.9806,116.45,86.74,16.41,260.16,157.76,5.058817,0.274019,Esquisto de Biotita,,,,,
SJCGG-19,,BD_Ytrio,678009.0,5889319.0,-37.125564,-72.996173,182.0,6.49,9.9297,101.11,25.0,7.79,135.2,79.56,0.995972,0.0005,Esquisto de Biotita,,,,,
SJCGG-20R,,BD_Ytrio,677170.0,5888240.0,-37.135444,-73.005357,317.0,2.18,3.3354,77.19,25.0,0.5,185.04,139.48,1.550212,0.0005,Esquisto de Biotita,,,,,
SJCGG-21R,,BD_Ytrio,677572.0,5888670.0,-37.131494,-73.000936,249.0,16.39,25.0767,276.77,205.9,0.5,620.28,316.39,5.951154,0.552691,Esquisto de Biotita,,,,,
SJCGG-22R,,BD_Ytrio,676336.0,5888049.0,-37.137322,-73.014696,357.0,9.8,14.994,268.66,151.0,16.68,442.5,242.26,4.069514,0.573234,Esquisto de Biotita,,,,,
SJCGG-23R,,BD_Ytrio,675635.0,5888318.0,-37.135031,-73.022647,405.0,9.95,15.2235,106.9,25.0,16.35,45.0,32.0,1.967829,0.0005,Esquisto de Biotita,,,,,
SJCGG-24,,BD_Ytrio,677157.0,5887047.0,-37.146194,-73.005221,346.0,13.78,21.0834,98.7,65.25,11.98,142.45,94.95,1.377389,0.126101,Esquisto de Biotita,,,,,
SJCGG-25,,BD_Ytrio,678156.0,5887348.0,-37.143293,-72.99405,303.0,20.39,31.1967,183.42,158.32,21.04,451.96,259.42,5.874911,0.375236,Granito de Biotita,,,,,
SJCGG-26,,BD_Ytrio,679058.0,5887048.0,-37.145823,-72.983828,183.0,12.56,19.2168,107.59,82.22,0.5,171.06,128.39,2.540693,0.0005,Granito de Biotita,,,,,
TRPR-01A,,BD_Ytrio,697436.0,5992980.0,-36.187865,-72.804317,94.0,6.13,9.3789,30.0,25.0,11.49,45.0,32.0,2.954212,0.201361,Granito de biotita,,,,,
TRPR-01B,,BD_Ytrio,697436.0,5992980.0,-36.187865,-72.804317,94.0,27.94,42.7482,224.69,165.39,19.32,502.33,336.55,4.679391,0.0005,Metapelita,,,,,
TRPR-01C,,BD_Ytrio,697436.0,5992980.0,-36.187865,-72.804317,94.0,2.0,3.06,155.45,144.13,0.5,384.81,238.15,0.45395,0.0005,Dique Pegmatitico,,,,,
TRPR-02A,,BD_Ytrio,696949.0,5991527.0,-36.201054,-72.809365,55.0,9.34,14.2902,101.81,109.41,0.5,258.03,185.76,2.964212,0.217632,Metapelita Recristalizada,,,,,
TRPR-02B,,BD_Ytrio,696949.0,5991527.0,-36.201054,-72.809365,55.0,28.58,43.7274,143.63,103.9,92.79,211.63,153.05,4.354355,0.298629,Granito de biotita,,,,,
TRPR-03,,BD_Ytrio,696892.0,5987939.0,-36.23339,-72.809097,10.0,5.06,7.7418,135.85,120.26,7.2,303.56,151.21,0.33004,0.0005,Dique Dacitico,,,,,
TAPR-04,,BD_Ytrio,707656.0,5982259.0,-36.282304,-72.687899,410.0,23.35,35.7255,103.55,92.65,0.5,190.35,116.49,5.006076,0.320092,Tonalita de biotita,,,,,
TAPR-05,,BD_Ytrio,707444.0,5982144.0,-36.283385,-72.690227,459.0,24.21,37.0413,78.22,25.0,12.9,99.74,76.25,5.231836,0.13653,Tonalita de biotita,,,,,
TAPR-06A,,BD_Ytrio,706293.0,5981425.0,-36.290109,-72.702843,511.0,23.15,35.4195,141.2,78.34,10.74,98.45,89.67,4.502145,0.430842,Tonalita de biotita,,,,,
TAPR-06B,,BD_Ytrio,706293.0,5981425.0,-36.290109,-72.702843,511.0,8.49,12.9897,78.28,25.0,7.69,45.0,32.0,5.518029,0.0005,Tonalita de biotita,,,,,
TAPR-07,,BD_Ytrio,705546.0,5982070.0,-36.284458,-72.711325,491.0,11.8,18.054,76.95,85.48,21.85,264.45,139.88,2.433213,0.0005,Metapelita Recristalizada,,,,,
TAPR-08,,BD_Ytrio,705047.0,5983004.0,-36.276151,-72.717123,490.0,15.08,23.0724,112.47,65.35,8.91,146.45,136.33,2.618647,0.27579,Filita,,,,,
TAPR-09,,BD_Ytrio,702207.0,5986497.0,-36.245283,-72.749623,405.0,15.64,23.9292,30.0,25.0,9.62,45.0,32.0,1.032014,0.250512,Metapelita,,,,,
TAPR-10,,BD_Ytrio,702297.0,5989112.0,-36.221707,-72.749297,335.0,17.76,27.1728,113.15,95.48,9.9,236.36,168.95,3.493863,0.169645,Metapsamita,,,,,
TAPR-11,,BD_Ytrio,701390.0,5990265.0,-36.211509,-72.759678,285.0,19.7,30.141,159.17,132.29,12.74,342.68,233.9,3.562945,0.609793,Pizarra,,,,,
TAPR-12,,BD_Ytrio,705409.0,5996141.0,-36.15773,-72.716539,432.0,13.79,21.0987,30.0,25.0,0.5,45.0,32.0,7.800832,1.461943,Metapsamita,,,,,
TAPR-13,,BD_Ytrio,703985.0,5995881.0,-36.160373,-72.73229,372.0,11.81,18.0693,30.0,25.0,0.5,45.0,73.11,4.578341,0.976085,Metapsamita,,,,,
TAPR-14,,BD_Ytrio,703407.0,5995544.0,-36.16353,-72.738624,333.0,18.96,29.0088,165.25,122.36,17.49,361.93,214.19,5.232855,0.377808,Metapsamita,,,,,
TAPR-15,,BD_Ytrio,701812.0,5995989.0,-36.159855,-72.756458,274.0,11.65,17.8245,75.6,25.0,10.5,157.99,103.82,5.0981,0.288206,Metapsamita,,,,,
TAPR-16,,BD_Ytrio,700938.0,5996570.0,-36.154802,-72.766317,199.0,9.82,15.0246,30.0,25.0,15.05,103.3,32.0,3.365636,0.167528,Metapsamita,,,,,
TAPR-17,,BD_Ytrio,700644.0,5995616.0,-36.163458,-72.769339,170.0,10.18,15.5754,30.0,25.0,0.5,45.0,32.0,4.316644,0.331518,Metapsamita,,,,,
TAPR-18,,BD_Ytrio,701301.0,5995406.0,-36.165213,-72.761986,196.0,18.0,27.54,89.23,71.52,0.5,161.4,107.24,4.010309,0.256404,Metapsamita,,,,,
TAPR-19,,BD_Ytrio,707844.0,5995247.0,-36.165264,-72.689253,511.0,9.67,14.7951,30.0,25.0,14.55,45.0,32.0,2.848695,0.363889,Dique Andesita,,,,,
TAPR-20,,BD_Ytrio,708727.0,5993954.0,-36.176722,-72.6791,494.0,17.88,27.3564,30.0,25.0,8.97,45.0,32.0,7.40457,0.337458,Metapsamita,,,,,
TAPR-20B,,BD_Ytrio,708727.0,5993954.0,-36.176722,-72.6791,494.0,19.54,29.8962,163.11,101.83,0.5,271.8,178.52,8.858229,0.5833,Dique Microdiorita,,,,,
TAPR-21,,BD_Ytrio,705691.0,5992785.0,-36.187903,-72.712527,483.0,11.27,17.2431,89.11,25.0,9.97,106.4,79.74,3.152984,0.194135,Metapelita,,,,,
TAPR-22,,BD_Ytrio,703868.0,5993289.0,-36.183748,-72.732917,408.0,10.12,15.4836,159.9,78.92,7.65,202.57,127.75,4.601782,0.23919,Metapelita,,,,,
TAPR-23,,BD_Ytrio,706747.0,5991071.0,-36.203118,-72.70034,416.0,38.76,59.3028,107.88,95.96,27.37,204.29,142.24,2.650671,0.141864,Metapelita,,,,,
TAPR-24,,BD_Ytrio,705307.0,5990898.0,-36.204983,-72.716301,343.0,14.85,22.7205,76.67,25.0,12.76,120.62,32.0,3.452612,0.583566,Metapelita,,,,,
TAPR-25,,BD_Ytrio,706046.0,5995192.0,-36.166144,-72.709214,459.0,11.05,16.9065,88.33,69.66,12.94,131.04,86.18,10.231563,0.581769,Metapsamita,,,,,
TAPR-26,,BD_Ytrio,706945.0,5994083.0,-36.175942,-72.698934,499.0,9.38,14.3514,87.35,69.23,8.96,156.56,134.21,2.380159,1.146065,Metapelita,,,,,
TAPR-27,,BD_Ytrio,704629.0,5994561.0,-36.172128,-72.724792,370.0,17.39,26.6067,199.88,179.64,9.92,425.76,286.65,3.784084,0.332982,Metapelita,,,,,
TAPR-28,,BD_Ytrio,708634.0,5992923.0,-36.18603,-72.679859,502.0,20.53,31.4109,261.72,208.03,20.65,538.02,321.89,3.758519,0.434148,Metapsamita,,,,,
TAPR-29,,BD_Ytrio,708034.0,5991903.0,-36.195347,-72.686256,476.0,17.8,27.234,76.78,25.0,17.89,217.18,106.71,2.826926,0.258129,Metapsamita,,,,,
TAPR-30,,BD_Ytrio,704299.0,5992017.0,-36.195116,-72.727796,414.0,11.41,17.4573,55.69,25.0,8.8,45.0,32.0,2.263283,0.246509,Metapsamita,,,,,
TAPR-31,,BD_Ytrio,703938.0,5992240.0,-36.193183,-72.731867,396.0,7.25,11.0925,30.0,25.0,9.2,45.0,32.0,4.923009,0.32721,Dique Microdiorita,,,,,
TAPR-32,,BD_Ytrio,710218.0,5993435.0,-36.181075,-72.662394,491.0,15.85,24.2505,76.98,61.75,0.5,161.72,89.31,6.07728,0.434371,Dique Microdiorita,,,,,
TAPR-33,,BD_Ytrio,710116.0,5992884.0,-36.186061,-72.66338,437.0,27.89,42.6717,187.9,145.72,0.5,305.97,223.33,6.491351,2.437926,Dique Microdiorita,,,,,
TAPR-34A,,BD_Ytrio,709332.0,5992050.0,-36.193743,-72.67187,436.0,7.69,11.7657,95.9,80.97,0.5,210.51,136.96,8.008963,0.705294,Dique Microdiorita,,,,,
TAPR-34B,,BD_Ytrio,709332.0,5992050.0,-36.193743,-72.67187,436.0,7.39,11.3067,62.81,90.52,20.55,231.51,153.94,4.048439,0.201681,Metapelita,,,,,
TAPR-35,,BD_Ytrio,710148.0,5991683.0,-36.196872,-72.662703,456.0,9.72,14.8716,95.47,25.0,0.5,187.74,77.79,5.560706,0.396918,Metapelita,,,,,
TAPR-36A,,BD_Ytrio,711848.0,5992761.0,-36.186791,-72.644101,371.0,8.94,13.6782,30.0,25.0,0.5,45.0,32.0,4.773563,0.944179,Metapelita,,,,,
TAPR-36B,,BD_Ytrio,711848.0,5992761.0,-36.186791,-72.644101,371.0,24.03,36.7659,257.57,264.2,15.61,671.31,404.43,6.088121,0.340906,Metapelita,,,,,
TAPR-37,,BD_Ytrio,698796.0,5995879.0,-36.161469,-72.789937,102.0,17.72,27.1116,207.62,204.38,8.74,583.7,330.57,4.103195,0.196407,Metapelita,,,,,
TAPR-38,,BD_Ytrio,699616.0,5994922.0,-36.169922,-72.780584,21.0,24.2,37.026,363.83,218.15,19.33,657.36,380.65,4.799752,0.242387,Metapsamita,,,,,
TAPR-39,,BD_Ytrio,701447.0,5992804.0,-36.188624,-72.759696,262.0,17.21,26.3313,30.0,25.0,10.84,97.04,69.57,4.607448,0.336806,Indeterminado,,,,,
TAPR-40,,BD_Ytrio,699442.0,5993001.0,-36.187264,-72.782029,178.0,13.42,20.5326,70.81,25.0,12.83,155.27,104.24,4.706074,0.322833,Indeterminado,,,,,
TAPR-41,,BD_Ytrio,701653.0,5993583.0,-36.181563,-72.757607,272.0,19.68,30.1104,100.25,80.81,9.26,232.21,154.79,2.67707,0.160415,Metapsamita,,,,,
TAPR-42,,BD_Ytrio,700609.0,5993677.0,-36.180933,-72.769233,213.0,9.23,14.1219,30.0,64.87,0.5,129.43,94.0,5.309093,0.418493,Indeterminado,,,,,
TAPR-43,,BD_Ytrio,700746.0,5991252.0,-36.202751,-72.76709,263.0,11.6,17.748,112.29,65.26,11.16,226.19,116.88,4.303651,0.391698,Metapelita,,,,,
TAPR-44,,BD_Ytrio,701935.0,5991030.0,-36.204504,-72.753816,162.0,19.03,29.1159,72.34,25.0,11.54,45.0,32.0,1.063608,0.0005,Metapelita,,,,,
TAPR-45,,BD_Ytrio,703163.0,5986697.0,-36.243281,-72.739043,329.0,16.58,25.3674,89.29,25.0,12.29,118.87,122.39,1.511732,0.339545,Metapsamita,,,,,
TAPR-46,,BD_Ytrio,705345.0,5985186.0,-36.256431,-72.71438,478.0,14.26,21.8178,184.74,188.56,21.37,527.22,338.27,6.574677,0.308264,Metapelita,,,,,
TAPR-47A,,BD_Ytrio,705025.0,5986816.0,-36.241815,-72.718367,465.0,23.5,35.955,99.86,57.34,14.27,119.98,91.52,0.688833,0.316737,Metapelita,,,,,
TAPR-47B,,BD_Ytrio,705025.0,5986816.0,-36.241815,-72.718367,465.0,17.18,26.2854,73.4,25.0,11.41,45.0,32.0,4.178927,0.214762,Metapelita,,,,,
TAPR-48A,,BD_Ytrio,705195.0,5987708.0,-36.233744,-72.71671,341.0,14.78,22.6134,147.58,103.64,11.95,171.95,84.26,8.513426,0.215053,Metapsamita,,,,,
TAPR-48B,,BD_Ytrio,705195.0,5987708.0,-36.233744,-72.71671,341.0,20.39,31.1967,137.82,144.21,11.98,322.75,216.32,1.72594,0.316994,Pizarra,,,,,
TAPR-49,,BD_Ytrio,706111.0,5986084.0,-36.248178,-72.706097,403.0,12.37,18.9261,168.67,142.32,13.89,391.31,243.13,2.670801,0.168737,Metapsamita,,,,,
TAPR-50,,BD_Ytrio,705920.0,5984397.0,-36.263416,-72.707777,499.0,17.93,27.4329,204.79,149.59,13.6,471.38,298.35,3.851453,0.426509,Metapsamita,,,,,
TAPR-51,,BD_Ytrio,706609.0,5984452.0,-36.262774,-72.700128,423.0,10.7,16.371,101.36,66.33,0.5,181.72,119.38,5.945697,1.174837,Metapelita,,,,,
TAPR-52,,BD_Ytrio,700850.0,5989010.0,-36.222927,-72.765359,317.0,12.55,19.2015,30.0,25.0,10.85,45.0,32.0,5.613525,0.363906,Indeterminado,,,,,
TAPR-53,,BD_Ytrio,701240.0,5987942.0,-36.232467,-72.760749,342.0,9.93,15.1929,58.21,25.0,12.88,180.78,99.32,4.320918,0.234287,Metapsamita,,,,,
TAPR-54,,BD_Ytrio,700749.0,5987205.0,-36.239209,-72.766019,321.0,18.81,28.7793,30.0,25.0,11.26,45.0,103.11,5.857801,0.507258,Metapsamita,,,,,
TAPR-55,,BD_Ytrio,701836.0,5984607.0,-36.262387,-72.753261,395.0,13.98,21.3894,129.52,112.11,0.5,295.15,172.39,6.08556,0.194814,Metapsamita,,,,,
TAPR-56,,BD_Ytrio,699813.0,5982983.0,-36.277438,-72.77535,269.0,14.9,22.797,141.75,114.52,10.47,241.43,164.22,3.574144,0.281693,Metapelita,,,,,
TAPR-57,,BD_Ytrio,701515.0,5983916.0,-36.268679,-72.756654,373.0,12.07,18.4671,66.11,25.0,8.69,106.98,85.53,4.625268,0.34366,Metapelita,,,,,
TAPR-58,,BD_Ytrio,703838.0,5983282.0,-36.273902,-72.730646,440.0,11.79,18.0387,127.26,99.41,0.5,303.79,195.24,4.644185,0.532554,Metapelita,,,,,
TAPR-59,,BD_Ytrio,704646.0,5981844.0,-36.286685,-72.72128,447.0,19.56,29.9268,197.19,185.33,22.15,428.3,288.47,3.819524,0.379563,Metapelita Recristalizada,,,,,
TAPR-60,,BD_Ytrio,703135.0,5981649.0,-36.288761,-72.738042,387.0,9.44,14.4432,62.08,25.0,13.11,45.0,32.0,3.577835,0.14876,Metapelita,,,,,
TAPR-61,,BD_Ytrio,702919.0,5980913.0,-36.295437,-72.740255,376.0,9.37,14.3361,164.97,159.68,17.84,401.45,248.75,3.370158,0.802401,Metapsamita,,,,,
TAPR-62,,BD_Ytrio,704449.0,5980749.0,-36.296591,-72.723185,440.0,28.07,42.9471,225.72,221.78,17.84,504.58,343.69,4.97048,0.669401,Metapsamita,,,,,
TAPR-63,,BD_Ytrio,707915.0,5981784.0,-36.286527,-72.684891,370.0,11.05,16.9065,101.52,62.58,15.02,121.54,95.46,4.312221,0.211403,Granito de biotita,,,,,
TAPR-64,,BD_Ytrio,708241.0,5981345.0,-36.290411,-72.681146,287.0,19.35,29.6055,83.65,25.0,0.5,45.0,32.0,4.9647,0.279068,Granito de biotita,,,,,
TAPR-65A,,BD_Ytrio,708717.0,5981096.0,-36.292551,-72.675783,259.0,9.1,13.923,30.0,25.0,0.5,111.72,32.0,4.805431,0.216402,Diorita,,,,,
TAPR-65B,,BD_Ytrio,708717.0,5981096.0,-36.292551,-72.675783,259.0,10.48,16.0344,223.67,205.97,11.64,668.11,365.97,5.510809,0.211176,Diorita,,,,,
TAPR-66,,BD_Ytrio,711295.0,5990652.0,-36.20591,-72.649678,361.0,8.79,13.4487,193.06,87.82,9.98,237.21,160.89,2.544852,0.21185,Pizarra,,,,,
TAPR-67,,BD_Ytrio,708085.0,5990093.0,-36.211641,-72.685209,333.0,19.91,30.4623,30.0,25.0,9.85,45.0,32.0,1.315817,0.0005,Metapelita,,,,,
TAPR-68,,BD_Ytrio,707994.0,5989237.0,-36.219372,-72.685993,389.0,16.77,25.6581,133.2,84.21,23.54,222.97,119.47,3.001066,0.0005,Metapelita,,,,,
TAPR-69,,BD_Ytrio,709680.0,5989608.0,-36.215666,-72.667349,440.0,9.0,13.77,117.35,25.0,14.39,144.84,99.19,6.68843,0.577428,Metapelita,,,,,
TAPR-70,,BD_Ytrio,710199.0,5989858.0,-36.213301,-72.661647,373.0,13.07,19.9971,159.49,125.19,14.81,389.81,234.63,3.023179,0.762582,Metapelita,,,,,
TAPR-71,,BD_Ytrio,710095.0,5989752.0,-36.214279,-72.662774,381.0,23.98,36.6894,123.5,84.75,8.22,200.32,137.07,6.278162,0.536947,Metapelita,,,,,
TAPR-72,,BD_Ytrio,710408.0,5988275.0,-36.227515,-72.658898,491.0,13.73,21.0069,156.27,136.59,19.28,352.55,224.63,4.069647,0.0005,Metapelita,,,,,
TAPR-73,,BD_Ytrio,706814.0,5987252.0,-36.237506,-72.698587,349.0,13.32,20.3796,30.0,25.0,11.18,45.0,32.0,5.14127,0.39047,Tonalita de biotita,,,,,
TAPR-74,,BD_Ytrio,710997.0,5986878.0,-36.239971,-72.651973,557.0,4.52,6.9156,137.63,78.2,0.5,149.36,95.8,2.867701,0.219244,Metapsamita,,,,,
TAPR-75,,BD_Ytrio,711964.0,5986213.0,-36.24575,-72.641041,451.0,17.91,27.4023,96.94,25.0,7.55,99.87,32.0,3.982159,0.580755,Metapsamita,,,,,
TAPR-76A,,BD_Ytrio,712262.0,5986142.0,-36.246324,-72.637707,426.0,34.32,52.5096,162.61,101.28,10.55,265.63,183.05,6.502512,0.399032,Tonalita,,,,,
TAPR-76B,,BD_Ytrio,712262.0,5986142.0,-36.246324,-72.637707,426.0,22.27,34.0731,89.49,61.77,0.5,117.8,72.36,4.106845,0.270705,Tonalita,,,,,
TAPR-77,,BD_Ytrio,712446.0,5985637.0,-36.250833,-72.635524,386.0,29.74,45.5022,70.9,25.0,0.5,119.78,76.4,4.604751,0.323296,Tonalita de biotita,,,,,
TAPR-78,,BD_Ytrio,712811.0,5985634.0,-36.250779,-72.631464,396.0,10.72,16.4016,107.76,76.96,11.1,146.82,104.89,4.130216,0.563974,Tonalita de biotita,,,,,
TAPR-79,,BD_Ytrio,711562.0,5981098.0,-36.291913,-72.644127,301.0,26.36,40.3308,110.62,117.6,9.62,233.02,123.13,4.195729,0.529082,Tonalita de biotita,,,,,
TAPR-80,,BD_Ytrio,711935.0,5982269.0,-36.281283,-72.640294,297.0,8.07,12.3471,124.98,103.99,0.5,252.61,142.71,3.508727,0.386918,Tonalita de biotita,,,,,
TAPR-81,,BD_Ytrio,711177.0,5983252.0,-36.272595,-72.648993,267.0,24.01,36.7353,136.89,122.07,8.95,258.12,134.64,6.641884,0.431001,Tonalita de biotita,,,,,
TAPR-82A,,BD_Ytrio,711151.0,5984741.0,-36.259188,-72.649684,305.0,20.49,31.3497,119.73,86.55,0.5,241.87,142.15,4.871977,0.207529,Tonalita de biotita,,,,,
TAPR-82B,,BD_Ytrio,711151.0,5984741.0,-36.259188,-72.649684,305.0,14.86,22.7358,104.56,58.91,0.5,162.58,98.33,5.598425,0.33166,Tonalita de biotita,,,,,
TAPR-82C,,BD_Ytrio,711151.0,5984741.0,-36.259188,-72.649684,305.0,23.61,36.1233,277.64,232.71,15.06,658.44,378.57,7.297998,0.378005,Metapelita Recristalizada,,,,,
TAPR-83A,,BD_Ytrio,709849.0,5985380.0,-36.253715,-72.664337,403.0,28.03,42.8859,126.86,127.58,9.38,235.51,160.92,4.003958,0.396749,Tonalita de biotita,,,,,
TAPR-83B,,BD_Ytrio,709849.0,5985380.0,-36.253715,-72.664337,403.0,17.38,26.5914,114.8,131.25,15.19,316.72,219.95,6.756928,0.171604,Tonalita de biotita,,,,,
TAPR-84,,BD_Ytrio,709905.0,5985980.0,-36.248298,-72.663875,489.0,16.37,25.0461,173.1,164.39,12.22,379.52,266.97,7.697213,0.275384,Metapsamita,,,,,
TAPR-85,,BD_Ytrio,709143.0,5986080.0,-36.247563,-72.672377,408.0,25.46,38.9538,109.39,84.2,20.67,239.58,109.14,3.570239,0.0005,Metapelita Recristalizada,,,,,
TAPR-86,,BD_Ytrio,707718.0,5986184.0,-36.246933,-72.688252,466.0,12.66,19.3698,155.17,112.11,15.94,279.8,176.84,3.550504,0.17964,Metapelita Recristalizada,,,,,
TAPR-87,,BD_Ytrio,710704.0,5985711.0,-36.250548,-72.654917,433.0,7.24,11.0772,87.0,90.88,0.5,199.57,152.69,5.350613,0.670804,Tonalita de biotita,,,,,
TAPR-88,,BD_Ytrio,710421.0,5981358.0,-36.289821,-72.656893,273.0,19.74,30.2022,89.01,25.0,0.5,45.0,32.0,4.298482,3.18439,Tonalita de biotita,,,,,
TAPR-89,,BD_Ytrio,708010.0,5983017.0,-36.275399,-72.684162,372.0,15.04,23.0112,30.0,25.0,10.98,45.0,66.85,4.42502,0.340668,Tonalita de biotita,,,,,
TAPR-90,,BD_Ytrio,707880.0,5983563.0,-36.270509,-72.685753,301.0,7.56,11.5668,185.08,169.96,12.62,496.52,317.79,2.964906,0.34105,Tonalita de biotita,,,,,
TAPR-91,,BD_Ytrio,708804.0,5980700.0,-36.2961,-72.674709,293.0,11.86,18.1458,72.44,25.0,11.87,45.0,32.0,2.089859,0.145977,Tonalita de biotita,,,,,
TAPR-92A,,BD_Ytrio,708807.0,5981252.0,-36.291127,-72.674823,265.0,29.58,45.2574,142.04,89.29,10.0,160.97,147.37,4.452853,0.285386,Tonalita de biotita,,,,,
TAPR-92B,,BD_Ytrio,708807.0,5981252.0,-36.291127,-72.674823,265.0,62.97,96.3441,30.0,25.0,12.67,45.0,32.0,0.64564,0.0005,Aplita,,,,,
TAPR-93,,BD_Ytrio,695958.0,5992405.0,-36.193345,-72.8206,20.0,14.8,22.644,252.95,233.51,17.84,692.95,452.47,2.63751,0.396833,Granodiorita,,,,,
TAPR-94,,BD_Ytrio,697531.0,5985172.0,-36.258187,-72.801293,20.0,20.22,30.9366,209.38,179.56,16.81,466.96,276.98,4.585427,0.406525,Pizarra,,,,,
TAPR-95,,BD_Ytrio,698704.0,5982639.0,-36.280766,-72.787601,16.0,22.51,34.4403,190.95,167.69,14.25,437.24,263.37,7.067773,0.279752,Pizarra,,,,,
TAPR-96,,BD_Ytrio,697737.0,5982326.0,-36.283784,-72.798281,222.0,15.37,23.5161,65.4,25.0,14.77,212.59,97.79,4.030673,0.222083,Metapelita,,,,,
TRPR-04,,BD_Ytrio,698057.0,5980628.0,-36.299016,-72.79429,311.0,14.46,22.1238,69.55,25.0,0.5,157.16,93.42,4.139858,0.235697,Metapelita,,,,,
TRPR-05,,BD_Ytrio,698582.0,5979953.0,-36.304988,-72.788275,325.0,14.87,22.7511,68.82,65.6,12.0,151.5,100.22,3.4303,0.137659,Metapelita,,,,,
TRPR-06,,BD_Ytrio,700606.0,5978885.0,-36.314191,-72.765474,281.0,13.07,19.9971,140.1,25.0,19.34,210.16,138.63,5.754102,0.623206,Metapelita,,,,,
TRPR-07,,BD_Ytrio,702744.0,5976975.0,-36.330949,-72.741178,422.0,2.0,3.06,30.0,25.0,0.5,45.0,68.47,2.704678,0.148606,Metapsamita,,,,,
TRPR-08,,BD_Ytrio,705867.0,5975722.0,-36.341574,-72.706078,530.0,15.26,23.3478,113.0,105.93,16.57,190.21,164.38,3.955167,0.260741,Metapsamita,,,,,
TRPR-09,,BD_Ytrio,706616.0,5976413.0,-36.335189,-72.697922,516.0,7.74,11.8422,30.0,25.0,7.38,45.0,32.0,2.466789,0.33213,Dique Granitico,,,,,
TRPR-10,,BD_Ytrio,705837.0,5977956.0,-36.321456,-72.707002,511.0,10.97,16.7841,96.17,62.09,17.07,150.14,92.64,2.581078,0.194686,Metapsamita,,,,,
TRPR-11A,,BD_Ytrio,705865.0,5978170.0,-36.319522,-72.706747,504.0,5.04,7.7112,91.41,58.84,9.83,107.66,79.39,5.950464,0.250533,Tonalita de biotita,,,,,
TRPR-11B,,BD_Ytrio,705865.0,5978170.0,-36.319522,-72.706747,504.0,8.13,12.4389,69.6,60.28,0.5,196.2,99.57,6.570592,0.25989,Tonalita de biotita,,,,,
TRPR-12,,BD_Ytrio,705727.0,5979064.0,-36.311499,-72.708519,469.0,22.87,34.9911,92.4,25.0,0.5,214.47,142.39,4.729739,0.518435,Tonalita de biotita,,,,,
TRPR-13,,BD_Ytrio,705130.0,5977129.0,-36.329057,-72.714655,474.0,15.16,23.1948,62.94,25.0,8.71,45.0,32.0,3.91414,0.685375,Metapsamita,,,,,
TRPR-14A,,BD_Ytrio,707645.0,5976851.0,-36.331022,-72.686582,508.0,13.94,21.3282,133.17,88.67,0.5,245.06,181.18,4.522027,0.332143,Tonalita de biotita,,,,,
TRPR-14B,,BD_Ytrio,707645.0,5976851.0,-36.331022,-72.686582,508.0,17.68,27.0504,126.4,108.14,9.37,196.46,133.47,4.236944,0.2608,Tonalita de biotita,,,,,
QUPR-01,,BD_Ytrio,712654.0,5986292.0,-36.244887,-72.633389,432.0,52.72,80.6616,91.01,86.92,11.7,189.76,108.88,5.145014,0.309569,Dique Tonalitico,,,,,
QUPR-02,,BD_Ytrio,730157.0,6006674.0,-36.057301,-72.444734,163.0,16.67,25.5051,123.26,151.43,13.43,244.91,167.81,4.783631,0.232851,Tonalita de biotita,,,,,
QUPR-03,,BD_Ytrio,727566.0,6010498.0,-36.023468,-72.474575,187.0,19.11,29.2383,107.54,95.28,0.5,322.17,216.95,7.726959,0.0005,Tonalita de biotita,,,,,
QUPR-04,,BD_Ytrio,727111.0,6011026.0,-36.018818,-72.479772,199.0,10.05,15.3765,132.34,109.8,0.5,340.88,176.94,6.14973,0.0005,Tonalita de biotita,,,,,
QUPR-05A,,BD_Ytrio,726170.0,6011168.0,-36.017758,-72.490245,339.0,20.47,31.3191,73.78,25.0,9.67,167.77,106.58,6.291243,0.0005,Dique Granitico,,,,,
QUPR-05B,,BD_Ytrio,726170.0,6011168.0,-36.017758,-72.490245,339.0,20.52,31.3956,269.53,252.03,0.5,699.77,480.02,6.436541,0.296291,Dique Granitico,,,,,
QUPR-06,,BD_Ytrio,724710.0,6011698.0,-36.013322,-72.506583,524.0,3.72,5.6916,279.55,228.89,0.5,691.84,482.34,4.589739,0.507169,Granodiorita,,,,,
QUPR-07,,BD_Ytrio,723586.0,6008956.0,-36.038279,-72.51827,581.0,12.29,18.8037,136.65,25.0,12.37,259.16,279.41,4.303389,0.0005,Metapelita,,,,,
QUPR-08,,BD_Ytrio,725600.0,6006751.0,-36.057675,-72.495305,473.0,14.82,22.6746,70.1,51.61,0.5,102.84,83.75,1.317436,0.0005,Dique Aplitico,,,,,
QUPR-09A,,BD_Ytrio,726963.0,6005907.0,-36.06496,-72.479943,183.0,17.68,27.0504,82.89,89.59,0.5,170.31,116.04,4.273008,0.234941,Tonalita de biotita,,,,,
QUPR-09B,,BD_Ytrio,726963.0,6005907.0,-36.06496,-72.479943,183.0,14.65,22.4145,60.7,25.0,0.5,105.34,106.43,4.187673,0.283759,Tonalita de biotita,,,,,
QUPR-09C,,BD_Ytrio,726963.0,6005907.0,-36.06496,-72.479943,183.0,25.23,38.6019,110.63,104.55,10.58,203.28,130.1,4.462468,0.255332,Tonalita de biotita,,,,,
QUPR-09D,,BD_Ytrio,726963.0,6005907.0,-36.06496,-72.479943,183.0,50.31,76.9743,146.29,105.68,13.88,262.81,201.67,5.935913,0.402415,Tonalita de biotita,,,,,
QUPR-10,,BD_Ytrio,725103.0,6003142.0,-36.090297,-72.499789,199.0,16.24,24.8472,178.44,153.9,25.16,349.72,267.09,1.860608,0.0005,Dique Aplitico,,,,,
QUPR-11,,BD_Ytrio,722634.0,6001263.0,-36.107791,-72.526658,285.0,53.34,81.6102,229.35,166.07,21.38,363.42,248.68,1.482036,0.0005,Dique Andesita,,,,,
QUPR-12A,,BD_Ytrio,719930.0,6001974.0,-36.102003,-72.556872,452.0,100.24,153.3672,152.51,142.71,0.5,375.62,242.2,10.829055,0.776477,Dique Andesita,,,,,
QUPR-12B,,BD_Ytrio,719930.0,6001974.0,-36.102003,-72.556872,452.0,21.7,33.201,262.65,234.68,10.41,683.17,454.55,10.038823,0.819013,Dique Andesita,,,,,
QUPR-13A,,BD_Ytrio,729671.0,5999862.0,-36.118771,-72.448141,298.0,21.07,32.2371,125.35,89.62,8.05,224.97,160.95,4.399854,0.284553,Tonalita de biotita,,,,,
QUPR-13B,,BD_Ytrio,729671.0,5999862.0,-36.118771,-72.448141,298.0,56.87,87.0111,160.95,133.25,24.9,352.91,214.91,1.81019,0.0005,Dique Andesita,,,,,
QUPR-13C,,BD_Ytrio,729671.0,5999862.0,-36.118771,-72.448141,298.0,21.92,33.5376,95.72,76.29,13.29,197.91,106.51,5.000991,0.33697,Tonalita de biotita,,,,,
QUPR-14,,BD_Ytrio,729306.0,5992266.0,-36.187272,-72.449977,306.0,30.15,46.1295,182.3,146.7,0.5,536.25,316.6,7.539201,0.413796,Dique Andesita,,,,,
QUPR-15A,,BD_Ytrio,719626.0,5991070.0,-36.20029,-72.5572,241.0,19.93,30.4929,106.65,73.21,10.19,162.75,76.63,5.162663,0.249568,Tonalita de biotita,,,,,
QUPR-15B,,BD_Ytrio,719626.0,5991070.0,-36.20029,-72.5572,241.0,7.32,11.1996,280.94,236.14,16.05,480.86,306.38,0.786233,0.0005,Tonalita de Anfibol,,,,,
QUPR-16,,BD_Ytrio,718980.0,5992640.0,-36.186294,-72.564817,236.0,28.15,43.0695,121.86,101.36,9.86,144.33,137.64,6.474139,0.364434,Tonalita de biotita,,,,,
QUPR-17,,BD_Ytrio,718967.0,5993291.0,-36.180433,-72.565143,273.0,31.48,48.1644,30.0,64.76,8.88,135.61,89.18,4.471721,0.191563,Tonalita de biotita,,,,,
QUPR-18,,BD_Ytrio,718968.0,5993349.0,-36.179911,-72.565148,272.0,6.69,10.2357,59.41,25.0,12.29,110.02,80.48,6.601716,0.282869,Tonalita de biotita,,,,,
QUPR-19,,BD_Ytrio,718755.0,5993559.0,-36.178067,-72.567574,244.0,15.7,24.021,75.68,76.11,18.12,162.41,125.53,5.27372,0.329654,Metapelita,,,,,
QUPR-20,,BD_Ytrio,717366.0,5990851.0,-36.202773,-72.582256,277.0,26.61,40.7133,228.91,202.83,19.31,360.14,261.56,6.856562,0.286706,Metapelita Recristalizada,,,,,
QUPR-21,,BD_Ytrio,717255.0,5990413.0,-36.206743,-72.583368,274.0,9.0,13.77,62.99,71.01,9.71,156.74,88.75,3.691634,0.183938,Tonalita de biotita,,,,,
QUPR-22,,BD_Ytrio,716546.0,5989620.0,-36.214045,-72.591029,275.0,13.13,20.0889,128.44,75.92,8.76,142.32,115.96,3.969401,0.276953,Tonalita de biotita,,,,,
QUPR-23,,BD_Ytrio,717815.0,5989449.0,-36.2153,-72.576876,260.0,13.06,19.9818,81.13,57.75,16.5,132.9,73.89,4.334551,0.292604,Tonalita de biotita,,,,,
QUPR-24A,,BD_Ytrio,716799.0,5987555.0,-36.232589,-72.587646,253.0,24.74,37.8522,30.0,25.0,11.02,45.0,32.0,4.248583,0.230443,Tonalita de biotita,,,,,
QUPR-24B,,BD_Ytrio,716799.0,5987555.0,-36.232589,-72.587646,253.0,20.65,31.5945,30.0,25.0,7.14,45.0,96.21,3.578279,0.221514,Tonalita de biotita,,,,,
QUPR-24C,,BD_Ytrio,716799.0,5987555.0,-36.232589,-72.587646,253.0,12.77,19.5381,30.0,25.0,0.5,98.04,32.0,4.306936,0.22214,Tonalita de biotita,,,,,
QUPR-25A,,BD_Ytrio,715262.0,5988729.0,-36.222357,-72.605057,270.0,21.63,33.0939,30.0,25.0,13.84,45.0,32.0,3.824956,0.134537,Metapelita Recristalizada,,,,,
QUPR-25B,,BD_Ytrio,715262.0,5988729.0,-36.222357,-72.605057,270.0,25.95,39.7035,272.91,194.99,21.34,513.25,267.29,5.245641,0.330631,Metapelita Recristalizada,,,,,
QUPR-26,,BD_Ytrio,717527.0,5986498.0,-36.241946,-72.579258,280.0,19.22,29.4066,130.22,75.7,9.36,134.42,88.84,3.509033,0.0005,Tonalita de biotita,,,,,
QUPR-27,,BD_Ytrio,717875.0,5986123.0,-36.245246,-72.575284,285.0,15.3,23.409,321.55,208.02,8.12,552.21,337.74,3.788836,0.211559,Tonalita de biotita,,,,,
COPR-75A,,BD_Ytrio,705828.0,6010692.0,-36.026557,-72.715683,421.0,16.26,24.8778,30.0,25.0,13.08,45.0,32.0,2.458702,0.146733,Diorita Fina,,,,,
COPR-75B,,BD_Ytrio,705828.0,6010692.0,-36.026557,-72.715683,421.0,10.21,15.6213,30.0,25.0,15.49,45.0,32.0,2.458924,0.0005,Diorita Fina,,,,,
PEPR-68A,,BD_Ytrio,709578.0,6019777.0,-35.943915,-72.676497,432.0,5.56,8.5068,110.22,25.0,11.15,145.35,107.7,4.332819,0.220726,Tonalita,,,,,
PEPR-68B,,BD_Ytrio,709578.0,6019777.0,-35.943915,-72.676497,432.0,20.59,31.5027,220.88,158.99,16.88,461.04,260.69,2.223846,0.163378,Tonalita,,,,,
CAPR-09A,,BD_Ytrio,737194.0,6022448.0,-35.913543,-72.3714,169.0,17.2,26.316,219.89,214.69,18.22,476.32,305.25,4.916964,0.229954,Metapelita Recristalizada,,,,,
CAPR-09B,,BD_Ytrio,737194.0,6022448.0,-35.913543,-72.3714,169.0,6.32,9.6696,164.3,82.92,17.15,313.32,185.53,2.875525,0.237703,Metapelita Recristalizada,,,,,
CAPR-10,,BD_Ytrio,736752.0,6024363.0,-35.896403,-72.376863,174.0,10.39,15.8967,30.0,25.0,0.5,45.0,32.0,5.262675,0.215264,Arenisca,,,,,
CAPR-11A,,BD_Ytrio,736803.0,6024712.0,-35.893247,-72.376402,178.0,14.46,22.1238,143.2,130.22,8.3,340.59,191.35,6.789148,0.391088,Tonalita de Anfibol y Biotita,,,,,
CAPR-11B,,BD_Ytrio,736803.0,6024712.0,-35.893247,-72.376402,178.0,11.69,17.8857,271.03,198.55,15.05,686.34,417.33,5.452006,0.288968,Tonalita de Anfibol y Biotita,,,,,
CAPR-11C,,BD_Ytrio,736803.0,6024712.0,-35.893247,-72.376402,178.0,10.35,15.8355,75.62,67.62,8.22,164.31,113.7,5.071618,0.275419,Dique Indeterminado,,,,,
CAPR-12A,,BD_Ytrio,727757.0,6029187.0,-35.855086,-72.477815,242.0,61.46,94.0338,30.0,25.0,15.25,45.0,32.0,0.972896,0.0005,Granito,,,,,
CAPR-12B,,BD_Ytrio,727757.0,6029187.0,-35.855086,-72.477815,242.0,24.32,37.2096,155.37,195.56,12.36,437.67,261.14,0.618996,0.0005,Granito,,,,,
CAPR-13,,BD_Ytrio,727328.0,6028830.0,-35.858402,-72.48246,342.0,44.37,67.8861,30.0,25.0,21.39,45.0,32.0,0.956418,0.0005,Granito,,,,,
CAPR-14A,,BD_Ytrio,723946.0,6034508.0,-35.808034,-72.521474,198.0,33.16,50.7348,52.04,25.0,26.77,94.38,66.32,2.513287,0.0005,Granito,,,,,
CAPR-14B,,BD_Ytrio,723946.0,6034508.0,-35.808034,-72.521474,198.0,7.95,12.1635,210.88,131.76,14.22,392.29,233.93,0.905498,0.0005,Granito,,,,,
CAPR-15,,BD_Ytrio,735097.0,6023932.0,-35.900684,-72.395055,195.0,17.6,26.928,59.19,25.0,0.5,45.0,32.0,3.395472,0.147619,Granito,,,,,
CAPR-16,,BD_Ytrio,735060.0,6023716.0,-35.902638,-72.395401,203.0,22.19,33.9507,219.01,210.49,27.23,436.79,253.07,7.089716,0.0005,Metapelita,,,,,
CAPR-17A,,BD_Ytrio,734704.0,6023510.0,-35.904579,-72.399281,209.0,19.83,30.3399,30.0,25.0,11.4,45.0,32.0,4.656513,0.325205,Tonalita de biotita,,,,,
CAPR-17B,,BD_Ytrio,734704.0,6023510.0,-35.904579,-72.399281,209.0,19.63,30.0339,91.98,87.1,9.34,267.5,182.24,6.018002,0.371754,Tonalita de biotita,,,,,
CAPR-18,,BD_Ytrio,733720.0,6022548.0,-35.913479,-72.409892,207.0,12.04,18.4212,122.72,105.45,17.79,263.38,189.11,4.450923,0.291415,Tonalita de biotita,,,,,
CAPR-19,,BD_Ytrio,731825.0,6020195.0,-35.935124,-72.430188,270.0,37.24,56.9772,77.39,59.41,10.54,141.96,89.98,4.249939,0.210843,Tonalita de biotita,,,,,
CAPR-20,,BD_Ytrio,732340.0,6019819.0,-35.938388,-72.424374,237.0,6.86,10.4958,30.0,25.0,12.92,45.0,32.0,4.500582,0.325585,Tonalita de biotita,,,,,
CAPR-21,,BD_Ytrio,731690.0,6018579.0,-35.949711,-72.431212,226.0,29.44,45.0432,120.07,90.98,0.5,198.48,142.68,5.62224,0.370054,Tonalita de biotita,,,,,
CAPR-22A,,BD_Ytrio,731400.0,6018369.0,-35.951671,-72.434363,237.0,8.13,12.4389,69.92,25.0,10.71,149.01,83.41,3.683576,0.189508,Tonalita de biotita,,,,,
CAPR-22B,,BD_Ytrio,731400.0,6018369.0,-35.951671,-72.434363,237.0,12.68,19.4004,202.86,178.93,10.66,444.68,311.09,2.731996,0.326954,Tonalita de biotita,,,,,
CAPR-22C,,BD_Ytrio,731400.0,6018369.0,-35.951671,-72.434363,237.0,26.45,40.4685,119.06,93.08,11.48,252.38,117.02,6.105204,0.319883,Tonalita de biotita,,,,,
CAPR-23A,,BD_Ytrio,730450.0,6018202.0,-35.9534,-72.444838,298.0,31.37,47.9961,151.9,123.62,0.5,288.43,140.2,6.998774,0.279749,Tonalita de biotita,,,,,
CAPR-23B,,BD_Ytrio,730450.0,6018202.0,-35.9534,-72.444838,298.0,31.81,48.6693,74.04,75.22,0.5,184.36,131.66,7.488508,0.328177,Tonalita de biotita,,,,,
CAPR-23C,,BD_Ytrio,730450.0,6018202.0,-35.9534,-72.444838,298.0,31.4,48.042,60.21,25.0,10.63,113.42,82.36,7.519576,0.279815,Tonalita de biotita,,,,,
CAPR-23D,,BD_Ytrio,730450.0,6018202.0,-35.9534,-72.444838,298.0,25.05,38.3265,101.25,117.87,0.5,231.43,204.57,7.350304,0.237641,Tonalita de biotita,,,,,
CAPR-23E,,BD_Ytrio,730450.0,6018202.0,-35.9534,-72.444838,298.0,12.13,18.5589,117.61,85.48,14.2,257.23,149.8,7.212427,0.270836,Tonalita de biotita,,,,,
CAPR-24A,,BD_Ytrio,729596.0,6018047.0,-35.954997,-72.454254,372.0,3.96,6.0588,101.15,25.0,0.5,196.25,91.01,7.285352,0.180448,Tonalita de Anfibol y Biotita,,,,,
CAPR-24B,,BD_Ytrio,729596.0,6018047.0,-35.954997,-72.454254,372.0,4.29,6.5637,90.88,68.38,8.71,177.58,98.59,5.857672,0.257592,Tonalita de Anfibol y Biotita,,,,,
CAPR-24C,,BD_Ytrio,729596.0,6018047.0,-35.954997,-72.454254,372.0,2.28,3.4884,116.02,79.93,0.5,258.18,175.89,7.321985,0.251602,Tonalita de Anfibol y Biotita,,,,,
CAPR-24D,,BD_Ytrio,729596.0,6018047.0,-35.954997,-72.454254,372.0,4.38,6.7014,137.43,103.57,0.5,259.34,167.0,10.270542,0.297036,Tonalita de Anfibol y Biotita,,,,,
CAPR-24E,,BD_Ytrio,729596.0,6018047.0,-35.954997,-72.454254,372.0,5.46,8.3538,137.27,106.03,12.26,329.94,254.02,10.104755,0.306967,Tonalita de Anfibol y Biotita,,,,,
CAPR-24F,,BD_Ytrio,729596.0,6018047.0,-35.954997,-72.454254,372.0,7.65,11.7045,143.13,124.96,13.6,319.21,190.13,9.563002,0.298552,Tonalita de Anfibol y Biotita,,,,,
CAPR-24G,,BD_Ytrio,729596.0,6018047.0,-35.954997,-72.454254,372.0,10.88,16.6464,117.73,112.14,24.5,334.27,193.14,4.214507,0.0005,Tonalita de Anfibol y Biotita,,,,,
CAPR-25A,,BD_Ytrio,729381.0,6018091.0,-35.954651,-72.456648,388.0,13.58,20.7774,85.94,79.45,0.5,207.91,133.06,6.624148,0.234545,Tonalita de Anfibol y Biotita,,,,,
CAPR-25B,,BD_Ytrio,729381.0,6018091.0,-35.954651,-72.456648,388.0,10.33,15.8049,120.28,82.31,0.5,230.71,143.39,7.076616,0.274222,Tonalita de Anfibol y Biotita,,,,,
CAPR-25C,,BD_Ytrio,729381.0,6018091.0,-35.954651,-72.456648,388.0,4.8,7.344,152.49,106.05,0.5,282.74,178.07,7.994543,0.322574,Tonalita de Anfibol y Biotita,,,,,
CAPR-25D,,BD_Ytrio,729381.0,6018091.0,-35.954651,-72.456648,388.0,6.02,9.2106,117.89,89.66,8.72,232.28,139.88,7.593151,0.263563,Tonalita de Anfibol y Biotita,,,,,
CAPR-26,,BD_Ytrio,731501.0,6016329.0,-35.970021,-72.432649,216.0,11.58,17.7174,59.61,25.0,12.34,45.0,32.0,4.970623,0.239838,Tonalita de biotita,,,,,
CAPR-27,,BD_Ytrio,730257.0,6015888.0,-35.974288,-72.446305,235.0,12.42,19.0026,116.3,114.46,22.3,249.93,171.41,4.349873,0.247549,Tonalita de biotita,,,,,
CAPR-28,,BD_Ytrio,729670.0,6015479.0,-35.97811,-72.452691,275.0,19.09,29.2077,168.33,124.21,12.42,356.3,229.21,4.858377,0.215519,Tonalita de biotita,,,,,
CAPR-29a,,BD_Ytrio,728291.0,6014081.0,-35.991026,-72.467569,219.0,9.49,14.5197,64.16,25.0,11.3,111.3,74.97,2.889434,0.168325,Tonalita de Biotita Fina,,,,,
CAPR-29b,,BD_Ytrio,728291.0,6014081.0,-35.991026,-72.467569,219.0,6.14,9.3942,151.03,138.09,11.77,325.15,201.11,1.760484,0.0005,Tonalita de Biotita Fina,,,,,
CAPR-30,,BD_Ytrio,727788.0,6013373.0,-35.99752,-72.472941,231.0,19.12,29.2536,63.08,25.0,9.04,45.0,32.0,4.407849,0.270045,Tonalita de biotita,,,,,
CAPR-31,,BD_Ytrio,727180.0,6011932.0,-36.010641,-72.479267,203.0,20.03,30.6459,142.88,128.77,9.33,393.36,216.38,7.134302,0.354604,Tonalita de biotita,,,,,
CAPR-32,,BD_Ytrio,727156.0,6011708.0,-36.012665,-72.479468,201.0,3.21,4.9113,64.01,25.0,13.99,45.0,71.5,1.185806,0.0005,Tonalita de Biotita Fina,,,,,
CAPR-33,,BD_Ytrio,728097.0,6013966.0,-35.992107,-72.469686,208.0,14.22,21.7566,124.41,105.27,8.96,251.48,174.22,4.712375,0.238409,Tonalita de biotita,,,,,
CAPR-34,,BD_Ytrio,728029.0,6014245.0,-35.98961,-72.47052,229.0,23.25,35.5725,124.63,134.87,12.59,294.87,198.69,5.494325,0.265864,Tonalita de biotita,,,,,
CAPR-35,,BD_Ytrio,728985.0,6015567.0,-35.977478,-72.460307,389.0,18.95,28.9935,86.18,71.23,0.5,168.44,122.18,7.033691,0.2931,Tonalita de biotita,,,,,
CAPR-36a,,BD_Ytrio,729069.0,6015552.0,-35.977594,-72.459372,378.0,22.22,33.9966,111.98,71.77,8.9,253.57,145.7,7.156449,0.220943,Tonalita de Biotita Fina,,,,,
CAPR-36b,,BD_Ytrio,729069.0,6015552.0,-35.977594,-72.459372,378.0,3.89,5.9517,238.52,197.02,0.5,569.94,310.15,3.134205,0.183405,Tonalita de Biotita Fina,,,,,
CAPR-37,,BD_Ytrio,729265.0,6015526.0,-35.977782,-72.457192,332.0,11.05,16.9065,84.0,67.24,0.5,171.91,115.51,5.338681,0.249562,Tonalita de Biotita Fina,,,,,
CAPR-38,,BD_Ytrio,727727.0,6015395.0,-35.979322,-72.474198,461.0,7.08,10.8324,30.0,25.0,0.5,45.0,32.0,5.43087,0.198786,Metapelita Recristalizada,,,,,
CAPR-39,,BD_Ytrio,727648.0,6015354.0,-35.97971,-72.475061,469.0,23.84,36.4752,30.0,25.0,9.13,45.0,32.0,4.912887,0.222054,Tonalita de Biotita Fina,,,,,
CAPR-40,,BD_Ytrio,729011.0,6016488.0,-35.969177,-72.460285,450.0,29.18,44.6454,108.46,76.4,15.06,250.58,137.73,7.198583,0.278611,Tonalita de biotita,,,,,
CAPR-41,,BD_Ytrio,728793.0,6017094.0,-35.963769,-72.462875,421.0,38.89,59.5017,129.16,88.67,13.21,210.85,118.11,8.433684,0.333529,Tonalita de biotita,,,,,
CAPR-42,,BD_Ytrio,729215.0,6017276.0,-35.962031,-72.458252,386.0,16.84,25.7652,125.6,87.04,14.57,205.26,131.41,7.969355,0.293966,Tonalita de biotita,,,,,
CAPR-43,,BD_Ytrio,728515.0,6018176.0,-35.954089,-72.466266,464.0,41.77,63.9081,420.95,344.99,17.08,870.55,587.57,16.92112,0.396582,Metapelita,,,Fe_ALTO(16.92112%),,
CAPR-44,,BD_Ytrio,727750.0,6018704.0,-35.949512,-72.474893,544.0,7.51,11.4903,269.8,189.99,8.48,540.34,316.7,7.584029,0.448463,Metapelita,,,,,
CAPR-45,,BD_Ytrio,729234.0,6018101.0,-35.954596,-72.45828,405.0,8.45,12.9285,140.8,117.78,8.98,305.86,162.39,8.742867,0.438737,Tonalita de Biotita Fina,,,,,
CAPR-46,,BD_Ytrio,727291.0,6028850.0,-35.85823,-72.482875,334.0,22.19,33.9507,30.0,25.0,17.23,45.0,32.0,0.983509,0.0005,Granito de Biotita Fino,,,,,
CAPR-47,,BD_Ytrio,727184.0,6028244.0,-35.863713,-72.483886,403.0,14.75,22.5675,67.9,25.0,16.45,45.0,32.0,1.50518,0.0005,Granito de Biotita Fino,,,,,
CHAPR-01,,BD_Ytrio,724647.0,6034928.0,-35.804091,-72.51384,195.0,12.52,19.1556,55.47,25.0,15.04,45.0,32.0,3.143816,0.138148,Granito de Biotita Fino,,,,,
CHAPR-02,,BD_Ytrio,725701.0,6035027.0,-35.802958,-72.502213,270.0,18.53,28.3509,59.4,25.0,16.93,45.0,32.0,2.135189,0.104112,Granito de Biotita Fino,,,,,
CHAPR-03,,BD_Ytrio,726316.0,6035319.0,-35.800186,-72.495496,303.0,16.8,25.704,76.5,80.35,0.5,167.94,145.64,4.557673,0.368237,Granito de Biotita Fino,,,,,
CHAPR-04A,,BD_Ytrio,726772.0,6035298.0,-35.80027,-72.490448,369.0,26.15,40.0095,30.0,25.0,15.14,45.0,32.0,2.9792,0.185877,Granito Rosado,,,,,
CHAPR-04B,,BD_Ytrio,726772.0,6035298.0,-35.80027,-72.490448,369.0,14.26,21.8178,147.42,111.98,8.91,240.98,153.74,1.270073,0.0005,Granito Rosado,,,,,
CHAPR-05,,BD_Ytrio,726950.0,6035167.0,-35.801409,-72.488443,405.0,35.14,53.7642,87.43,25.0,21.18,114.47,65.35,1.325878,0.0005,Granito Rosado,,,,,
CHAPR-06,,BD_Ytrio,725644.0,6036061.0,-35.793657,-72.503135,211.0,18.72,28.6416,81.72,25.0,15.67,148.85,109.55,4.85823,0.215136,Granito Rosado,,,,,
CHAPR-07,,BD_Ytrio,726159.0,6035565.0,-35.798006,-72.497301,282.0,24.71,37.8063,83.75,25.0,22.08,45.0,32.0,1.919579,0.106021,Granito de Biotita Fino,,,,,
CHAPR-08,,BD_Ytrio,726584.0,6034560.0,-35.806961,-72.492317,483.0,17.27,26.4231,30.0,25.0,21.62,45.0,32.0,2.227536,0.103267,Granito de Biotita Fino,,,,,
CHAPR-09,,BD_Ytrio,727023.0,6033874.0,-35.813039,-72.487268,532.0,23.58,36.0774,113.9,50.52,16.96,111.43,32.0,1.199259,0.0005,Granito de Biotita Fino,,,,,
CHAPR-10,,BD_Ytrio,728526.0,6032517.0,-35.824913,-72.470259,565.0,24.74,37.8522,53.2,25.0,20.28,99.14,32.0,1.404746,0.0005,Granito de Biotita Fino,,,,,
CHAPR-11,,BD_Ytrio,729966.0,6032035.0,-35.828918,-72.454194,564.0,9.52,14.5656,103.77,94.25,14.53,281.53,165.47,3.92872,0.363844,Metapelita,,,,,
CHAPR-12,,BD_Ytrio,730438.0,6032072.0,-35.828474,-72.448984,547.0,12.29,18.8037,30.0,25.0,10.25,45.0,32.0,0.978964,0.0005,Granito de Biotita Fino,,,,,
CHAPR-13,,BD_Ytrio,727387.0,6033558.0,-35.815801,-72.483153,532.0,33.31,50.9643,59.59,25.0,21.69,45.0,32.0,1.348626,0.0005,Granito de Biotita Fino,,,,,
CHAPR-14,,BD_Ytrio,729399.0,6041457.0,-35.744183,-72.463166,211.0,21.7,33.201,30.0,25.0,12.16,45.0,32.0,2.4535,0.155132,Granito de Biotita Fino,,,,,
CHAPR-15A,,BD_Ytrio,730668.0,6041187.0,-35.746318,-72.449067,390.0,19.23,29.4219,30.0,25.0,22.2,45.0,32.0,2.412416,0.111034,Granito de Biotita Fino,,,,,
CHAPR-15B,,BD_Ytrio,730668.0,6041187.0,-35.746318,-72.449067,390.0,39.28,60.0984,163.37,107.89,24.14,339.86,250.38,4.156597,0.289839,Granito de Biotita Fino,,,,,
CHAPR-16,,BD_Ytrio,731861.0,6040939.0,-35.748272,-72.435814,417.0,24.24,37.0872,100.86,25.0,13.56,140.19,70.07,0.646972,0.083126,Granito de Biotita Fino,,,,,
CHAPR-17,,BD_Ytrio,732922.0,6040131.0,-35.755299,-72.423856,412.0,20.68,31.6404,162.02,110.51,13.9,189.73,166.33,1.553726,0.114539,Granito de Biotita Fino,,,,,
CHAPR-18,,BD_Ytrio,734562.0,6040267.0,-35.753684,-72.405774,456.0,16.02,24.5106,30.0,25.0,11.72,45.0,32.0,2.40609,0.301506,Granito de Biotita Fino,,,,,
CHAPR-19,,BD_Ytrio,734922.0,6039988.0,-35.756111,-72.401714,465.0,13.52,20.6856,77.49,25.0,21.27,45.0,68.69,2.057932,0.127108,Granito de Biotita Fino,,,,,
CHAPR-20,,BD_Ytrio,735563.0,6040412.0,-35.752139,-72.394756,449.0,26.6,40.698,172.44,145.22,12.98,324.43,219.69,0.961618,0.102623,Granito de Biotita Fino,,,,,
CHAPR-21,,BD_Ytrio,736257.0,6040626.0,-35.750045,-72.38715,443.0,17.06,26.1018,30.0,25.0,15.81,45.0,32.0,2.609731,0.0005,Granito de Biotita Fino,,,,,
CHAPR-22,,BD_Ytrio,736851.0,6041217.0,-35.744579,-72.380762,378.0,35.21,53.8713,265.81,183.09,16.3,414.99,285.24,2.155371,0.0005,Indeterminado,,,,,
QUPR-28,,BD_Ytrio,725769.0,5990139.0,-36.207261,-72.488664,237.0,21.08,32.2524,162.07,131.31,0.5,377.49,250.69,6.088565,0.655623,SIN_ASIGNAR,,,,,
QUPR-29,,BD_Ytrio,728549.0,5991375.0,-36.195476,-72.458129,270.0,66.32,101.4696,202.44,201.85,20.82,544.26,341.18,3.183094,0.319437,SIN_ASIGNAR,,,,,
QUPR-30,,BD_Ytrio,728947.0,5993582.0,-36.175505,-72.45435,258.0,50.34,77.0202,252.09,161.89,13.23,497.12,301.11,3.712615,0.191454,SIN_ASIGNAR,,,,,
QUPR-31A,,BD_Ytrio,724741.0,5995251.0,-36.161457,-72.501553,191.0,51.76,79.1928,594.99,532.53,28.77,1480.04,911.32,8.859884,0.0005,SIN_ASIGNAR,,,Ca_ALTO(80189.98ppm),,
QUPR-31B,,BD_Ytrio,724741.0,5995251.0,-36.161457,-72.501553,191.0,27.2,41.616,200.48,139.23,20.92,463.21,260.35,7.466955,0.262242,SIN_ASIGNAR,,,,,
QUPR-32,,BD_Ytrio,721607.0,5992843.0,-36.183868,-72.535685,251.0,18.33,28.0449,57.93,25.0,8.0,116.23,84.61,3.955372,0.322032,SIN_ASIGNAR,,,,,
QUPR-33,,BD_Ytrio,721685.0,5993808.0,-36.175158,-72.535091,212.0,11.18,17.1054,117.33,63.56,8.44,133.64,117.5,2.093421,0.132752,SIN_ASIGNAR,,,,,
QUPR-34,,BD_Ytrio,721449.0,5994087.0,-36.172699,-72.537792,221.0,23.16,35.4348,140.41,103.3,8.66,261.7,195.54,6.267377,0.522214,SIN_ASIGNAR,,,,,
TRPR-15,,BD_Ytrio,710954.0,5973992.0,-36.356056,-72.648969,146.0,16.49,25.2297,105.76,72.34,8.17,163.28,101.31,2.865633,0.16738,SIN_ASIGNAR,,,,,
TRPR-16,,BD_Ytrio,710303.0,5975349.0,-36.343975,-72.656585,271.0,8.27,12.6531,67.38,25.0,0.5,45.0,32.0,2.309375,0.12118,SIN_ASIGNAR,,,,,
TRPR-17,,BD_Ytrio,710359.0,5976778.0,-36.331091,-72.656348,299.0,6.82,10.4346,30.0,25.0,0.5,45.0,32.0,1.353882,0.094048,SIN_ASIGNAR,,,,,
TRPR-18,,BD_Ytrio,709385.0,5976955.0,-36.329709,-72.667239,315.0,19.23,29.4219,30.0,25.0,16.61,45.0,32.0,3.543443,0.216635,SIN_ASIGNAR,,,,,
TRPR-19A,,BD_Ytrio,708954.0,5977299.0,-36.326703,-72.672129,365.0,10.66,16.3098,120.1,71.81,11.31,138.36,104.39,4.263405,0.273191,SIN_ASIGNAR,,,,,
TRPR-19B,,BD_Ytrio,708954.0,5977299.0,-36.326703,-72.672129,365.0,56.06,85.7718,69.41,25.0,14.14,45.0,32.0,3.549936,0.161377,SIN_ASIGNAR,,,,,
TRPR-20,,BD_Ytrio,708853.0,5977392.0,-36.325888,-72.673278,375.0,13.19,20.1807,119.12,66.74,8.5,138.33,118.63,5.532518,0.31234,SIN_ASIGNAR,,,,,
TRPR-21,,BD_Ytrio,714064.0,5973020.0,-36.364125,-72.614068,193.0,9.22,14.1066,30.0,25.0,0.5,100.87,101.64,3.890105,0.233897,SIN_ASIGNAR,,,,,
TRPR-22,,BD_Ytrio,717054.0,5975100.0,-36.34472,-72.581349,179.0,28.34,43.3602,109.21,99.67,33.82,184.09,90.53,4.712769,0.303921,SIN_ASIGNAR,,,,,
TRPR-23,,BD_Ytrio,719003.0,5977865.0,-36.319373,-72.560426,256.0,21.43,32.7879,166.85,151.17,14.02,488.98,284.46,6.471556,0.421096,SIN_ASIGNAR,,,,,
QUI-CA01-SR,QUI-CA01,BD_GEOL_2026,742515.307231,6002315.102164,-36.093555,-72.306322,133.6,30.0,34.5,,,,,,3.5706,0.9397,Granito,SR,Granito,,,
QUI-CA01-US,QUI-CA01,BD_GEOL_2026,742515.307231,6002315.102164,-36.093555,-72.306322,133.6,31.0,35.65,,,,,,2.8376,0.7081,Granito,US,Granito,,,
QUI-CA01-Lp,QUI-CA01,BD_GEOL_2026,742515.307231,6002315.102164,-36.093555,-72.306322,133.6,20.0,23.0,,,,,,3.126,0.7528,Granito,Lp,Granito,,,
QUI-CA02-LP/US,QUI-CA02,BD_GEOL_2026,742464.684086,6002342.04373,-36.093325,-72.306892,156.9,31.0,35.65,,,,,,8.2847,0.6996,Granito,LP/US,Granito,,,
QUI-CA03-US,QUI-CA03,BD_GEOL_2026,742456.45353,6002275.867617,-36.093923,-72.306963,142.1,39.0,44.85,,,,,,3.4767,0.3734,Granito,US,Granito,,,
QUI-CA03-LP,QUI-CA03,BD_GEOL_2026,742456.45353,6002275.867617,-36.093923,-72.306963,142.1,38.0,43.7,,,,,,5.6247,0.9319,Granito,LP,Granito,,,
QUI-CA03-LP,QUI-CA03,BD_GEOL_2026,742456.45353,6002275.867617,-36.093923,-72.306963,142.1,26.0,29.9,,,,,,3.7711,0.7262,Granito,LP,Granito,,,
QUI-CA03-LP,QUI-CA03,BD_GEOL_2026,742456.45353,6002275.867617,-36.093923,-72.306963,142.1,24.0,27.6,,,,,,3.2357,0.3616,Granito,LP,Granito,,,
QUI-CA05-UP,QUI-CA05,BD_GEOL_2026,740199.78922,6002072.659315,-36.096313,-72.331942,357.0,43.0,49.45,,,,,,3.3548,0.6371,Granito,UP,Granito,,,
QUI-CA09-UP,QUI-CA09,BD_GEOL_2026,724998.263099,5987545.780486,-36.230798,-72.496486,433.448914,40.0,46.0,,,,,,2.7434,0.4381,Granodiorita,UP,Granodiorita,,,
QUI-CA10-LP,QUI-CA10,BD_GEOL_2026,726282.403376,5987493.774267,-36.230967,-72.482195,252.33049,39.0,44.85,,,,,,2.0793,0.5615,Granodiorita,LP,Granodiorita,,,
QUI-CA11-UP,QUI-CA11,BD_GEOL_2026,728458.538049,5987600.335859,-36.229495,-72.458034,275.873505,34.0,39.1,,,,,,3.6165,0.699,Granodiorita,UP,Granodiorita,,,
QUI-CA13-UP,QUI-CA13,BD_GEOL_2026,732335.142249,5990031.701948,-36.206673,-72.41566,202.502502,40.0,46.0,,,,,,8.0479,1.0364,Diorita,UP,Diorita,,,
QUI-CA13-UP,QUI-CA13,BD_GEOL_2026,732335.142249,5990031.701948,-36.206673,-72.41566,202.502502,27.0,31.05,,,,,,6.4032,1.4662,Diorita,UP,Diorita,,,
QUI-CA14-UP,QUI-CA14,BD_GEOL_2026,732923.5384,5991352.888538,-36.194633,-72.409514,300.17852800000003,22.0,25.3,,,,,,2.3984,0.5165,Aplita,UP,Aplita?,,,
QUI-CA15-UP,QUI-CA15,BD_GEOL_2026,731776.764717,5991280.599002,-36.195559,-72.422235,355.6651,27.0,31.05,,,,,,1.5858,0.1947,Aplita,UP,Aplita?,,,
QUI-CA16-UP,QUI-CA16,BD_GEOL_2026,731539.204557,5991196.852427,-36.19637,-72.42485,355.362183,54.0,62.1,,,,,,2.4935,0.2504,SIN_ASIGNAR,UP,,,,
QUI-CA16-UP,QUI-CA16,BD_GEOL_2026,731539.204557,5991196.852427,-36.19637,-72.42485,355.362183,31.0,35.65,,,,,,2.1766,0.185,SIN_ASIGNAR,UP,,,,
QUI-CA17-UP,QUI-CA17,BD_GEOL_2026,731556.580683,5991197.28482,-36.196362,-72.424657,361.950684,53.0,60.95,,,,,,2.2845,0.0889,SIN_ASIGNAR,UP,,,,
QUI-CA18-US,QUI-CA18,BD_GEOL_2026,729790.445876,5990715.34113,-36.201124,-72.444141,438.740601,12.0,13.8,,,,,,4.0291,0.0724,SIN_ASIGNAR,US,,,,
QUI-CA18-LP,QUI-CA18,BD_GEOL_2026,729790.445876,5990715.34113,-36.201124,-72.444141,438.740601,18.0,20.7,,,,,,3.5003,0.5728,SIN_ASIGNAR,LP,,,,
QUI-CA18-LP,QUI-CA18,BD_GEOL_2026,729790.445876,5990715.34113,-36.201124,-72.444141,438.740601,17.0,19.55,,,,,,4.337,0.736,SIN_ASIGNAR,LP,,,,
QUI-CA19-US,QUI-CA19,BD_GEOL_2026,729828.182122,5990733.667896,-36.20095,-72.443727,432.45871,26.0,29.9,,,,,,4.7389,0.4676,SIN_ASIGNAR,US,,,,
QUI-CA19-US/LP,QUI-CA19,BD_GEOL_2026,729828.182122,5990733.667896,-36.20095,-72.443727,432.45871,15.0,17.25,,,,,,5.0715,0.4972,SIN_ASIGNAR,US/LP,,,,
QUI-CA20-UP,QUI-CA20,BD_GEOL_2026,729745.158788,5991292.012781,-36.195941,-72.444813,346.59668,70.0,80.5,,,,,,2.0415,0.2468,Kaolinita,UP,Kaolinita,,,
QUI-CA21-UP,QUI-CA21,BD_GEOL_2026,732702.080837,5991640.824105,-36.192093,-72.41206,323.576904,27.0,31.05,,,,,,1.9879,0.3787,SIN_ASIGNAR,UP,,,,
QUI-CA21-UP,QUI-CA21,BD_GEOL_2026,732702.080837,5991640.824105,-36.192093,-72.41206,323.576904,32.0,36.8,,,,,,3.8166,0.6996,SIN_ASIGNAR,UP,,,,
QUI-CA22-SR,QUI-CA22,BD_GEOL_2026,736238.119227,5993374.531317,-36.175622,-72.373293,280.860413,36.0,41.4,,,,,,5.5177,0.8576,SIN_ASIGNAR,SR,,,,
QUI-CA23-UP,QUI-CA23,BD_GEOL_2026,738511.06497,5992973.511268,-36.178677,-72.347923,275.403564,19.0,21.85,,,,,,7.7061,0.4691,Granito,UP,Granito,,,
QUI-CA23-LP/US,QUI-CA23,BD_GEOL_2026,738511.06497,5992973.511268,-36.178677,-72.347923,275.403564,29.0,33.35,,,,,,5.9482,1.2091,Granito,LP/US,Granito,,,
QUI-CA24-UP,QUI-CA24,BD_GEOL_2026,718115.517815,5985939.705697,-36.246842,-72.572558,278.968811,32.0,36.8,,,,,,2.9108,0.6101,Granito,UP,Granito,,,
QUI-CA25-UP,QUI-CA25,BD_GEOL_2026,718071.92604,5985969.440459,-36.246584,-72.573051,279.269043,47.0,54.05,,,,,,3.882,0.5766,Granito,UP,Granito,,,
QUI-CA25-UP,QUI-CA25,BD_GEOL_2026,718071.92604,5985969.440459,-36.246584,-72.573051,279.269043,33.0,37.95,,,,,,0.5842,0.0677,Granito,UP,Granito,,,
QUI-CA26,QUI-CA26,BD_GEOL_2026,714882.379247,5987111.938027,-36.237008,-72.608834,245.641968,37.0,42.55,,,,,,2.9957,0.349,Granito,,Granito,,,
QUI-CA27-US,QUI-CA27,BD_GEOL_2026,715168.82628,5988715.325997,-36.222501,-72.606089,266.148621,23.0,26.45,,,,,,4.4682,0.5291,Diorita,US,Diotrita?,,,
QUI-CA27-UP/LP,QUI-CA27,BD_GEOL_2026,715168.82628,5988715.325997,-36.222501,-72.606089,266.148621,21.0,24.15,,,,,,4.5947,0.4334,Diorita,UP/LP,Diotrita?,,,
QUI-CA27-UP,QUI-CA27,BD_GEOL_2026,715168.82628,5988715.325997,-36.222501,-72.606089,266.148621,32.0,36.8,,,,,,5.0684,0.5401,Diorita,UP,Diotrita?,,,
QUI-CA28-US,QUI-CA28,BD_GEOL_2026,715132.323523,5988701.458732,-36.222634,-72.606491,263.940308,29.0,33.35,,,,,,4.7974,0.6949,Diorita,US,Diotrita?,,,
QUI-CA28-LP,QUI-CA28,BD_GEOL_2026,715132.323523,5988701.458732,-36.222634,-72.606491,263.940308,30.0,34.5,,,,,,6.3988,1.1068,Diorita,LP,Diotrita?,,,
QUI-CA28-LP,QUI-CA28,BD_GEOL_2026,715132.323523,5988701.458732,-36.222634,-72.606491,263.940308,31.0,35.65,,,,,,5.5233,0.8856,Diorita,LP,Diotrita?,,,
QUI-CA29-US?,QUI-CA29,BD_GEOL_2026,712850.537144,5985656.717491,-36.250566,-72.63103,382.872711,12.0,13.8,,,,,,1.4915,0.1746,Granito de Biotita,US?,Granito de Biotita,,,
QUI-CA29-LP?,QUI-CA29,BD_GEOL_2026,712850.537144,5985656.717491,-36.250566,-72.63103,382.872711,42.0,48.3,,,,,,5.4065,0.6929,Granito de Biotita,LP?,Granito de Biotita,,,
QUI-CA29-LP/US,QUI-CA29,BD_GEOL_2026,712850.537144,5985656.717491,-36.250566,-72.63103,382.872711,23.0,26.45,,,,,,5.4925,0.5682,Granito de Biotita,LP/US,Granito de Biotita,,,
QUI-CA30-US?,QUI-CA30,BD_GEOL_2026,713032.757361,5985625.28632,-36.250809,-72.628995,382.378296,29.0,33.35,,,,,,3.4891,0.4728,Granito de Biotita,US?,Granito de Biotita,,,
QUI-CA30-LP?,QUI-CA30,BD_GEOL_2026,713032.757361,5985625.28632,-36.250809,-72.628995,382.378296,29.0,33.35,,,,,,3.9856,0.27,Granito de Biotita,LP?,Granito de Biotita,,,
QUI-CA30-LP/UP,QUI-CA30,BD_GEOL_2026,713032.757361,5985625.28632,-36.250809,-72.628995,382.378296,28.0,32.2,,,,,,4.0509,0.5776,Granito de Biotita,LP/UP,Granito de Biotita,,,
QUI-CA31-LP,QUI-CA31,BD_GEOL_2026,713547.427272,5985583.929819,-36.251068,-72.62326,353.816498,27.0,31.05,,,,,,3.0873,0.3109,Granito de Biotita,LP,Granito de Biotita,,,
QUI-CA32-US?,QUI-CA32,BD_GEOL_2026,718636.600999,5982221.990391,-36.280211,-72.565724,257.52359,21.0,24.15,,,,,,3.2414,0.462,Diorita,US?,Diorita,,,
QUI-CA32,QUI-CA32,BD_GEOL_2026,718636.600999,5982221.990391,-36.280211,-72.565724,257.52359,32.0,36.8,,,,,,3.7804,0.3053,Diorita,,Diorita,,,
QUI-CA33-LS,QUI-CA33,BD_GEOL_2026,706296.887363,5981425.2691,-36.290106,-72.7028,516.621277,13.0,14.95,,,,,,3.9436,0.2899,Granito de Biotita,LS,Granito de Biotita,,,
QUI-CA33-LS,QUI-CA33,BD_GEOL_2026,706296.887363,5981425.2691,-36.290106,-72.7028,516.621277,14.0,16.1,,,,,,3.7855,0.3502,Granito de Biotita,LS,Granito de Biotita,,,
QUI-CA34-US,QUI-CA34,BD_GEOL_2026,730236.527803,6002350.559141,-36.096223,-72.44259,245.87886,22.0,25.3,,,,,,3.1508,0.3095,Granito de Biotita,US,Granito de Biotita?,,,
QUI-CA34-US,QUI-CA34,BD_GEOL_2026,730236.527803,6002350.559141,-36.096223,-72.44259,245.87886,20.0,23.0,,,,,,4.4652,0.4393,Granito de Biotita,US,Granito de Biotita?,,,
QUI-CA34-LP,QUI-CA34,BD_GEOL_2026,730236.527803,6002350.559141,-36.096223,-72.44259,245.87886,19.0,21.85,,,,,,5.1008,0.6681,Granito de Biotita,LP,Granito de Biotita?,,,
QUI-CA35,QUI-CA35,BD_GEOL_2026,730222.779753,6009971.727447,-36.027583,-72.444964,172.524597,23.0,26.45,,,,,,3.3704,0.552,Granito de Biotita,,Granito de Biotita,,,
QUI-CA36-LP,QUI-CA36,BD_GEOL_2026,731294.438893,6010045.935103,-36.026661,-72.433103,227.889328,29.0,33.35,,,,,,3.1744,0.4026,Granito de Biotita,LP,Granito de Biotita,,,
QUI-CA37-LP,QUI-CA37,BD_GEOL_2026,732055.865678,6010607.868337,-36.021419,-72.424826,273.031616,30.0,34.5,,,,,,2.3586,0.3883,Granito de Biotita,LP,Granito de Biotita?,,,
QUI-CA38-LP,QUI-CA38,BD_GEOL_2026,734020.261789,6011898.47765,-36.009325,-72.403428,195.187622,46.0,52.9,,,,,,1.9448,0.1936,Granito de Biotita,LP,Granito de Biotita,,,
QUI-CA38-LP,QUI-CA38,BD_GEOL_2026,734020.261789,6011898.47765,-36.009325,-72.403428,195.187622,48.0,55.2,,,,,,1.8845,0.224,Granito de Biotita,LP,Granito de Biotita,,,
1139867,QUI-CA05,pXRF_2026,740199.78922,6002072.659315,-36.096313,-72.331942,357.0,61.0,49.4,100.0,43.0,18.0,71.0,,29655.0,3961.0,Granito,UP,Granito,,,7
1139868,QUI-CA09,pXRF_2026,724998.263099,5987545.780486,-36.230798,-72.496486,433.448914,63.0,46.0,98.0,39.0,26.0,85.0,,29072.0,3114.0,Granodiorita,UP,Granodiorita,,,3
1139871,QUI-CA13,pXRF_2026,732335.142249,5990031.701948,-36.206673,-72.41566,202.502502,47.0,46.0,55.0,38.0,,110.0,,63967.0,8007.0,Diorita,UP,Diorita,,,6
1139875,QUI-CA16,pXRF_2026,731539.204557,5991196.852427,-36.19637,-72.42485,355.362183,82.0,62.1,130.0,132.0,22.0,166.0,,23225.0,1667.0,SIN_ASIGNAR,UP,,,,3
1139877,QUI-CA17,pXRF_2026,731556.580683,5991197.28482,-36.196362,-72.424657,361.950684,99.0,60.9,263.0,97.0,29.0,81.0,,23431.0,1234.0,SIN_ASIGNAR,UP,,,,3
1139883,QUI-CA20,pXRF_2026,729745.158788,5991292.012781,-36.195941,-72.444813,346.59668,106.0,80.5,103.0,68.0,19.0,105.0,,19636.0,1667.0,Sedimentaria,UP,Sedimentaria,,,3
1139890,QUI-CA25,pXRF_2026,718071.92604,5985969.440459,-36.246584,-72.573051,279.269043,61.0,54.0,146.0,41.0,12.0,114.0,,37293.0,3584.0,Granito,UP,Granito,,,3
1139900,QUI-CA29,pXRF_2026,712850.537144,5985656.717491,-36.250566,-72.63103,382.872711,58.0,48.3,142.0,76.0,21.0,97.0,,41481.0,3664.0,Granito de Biotita,LP?,Granito de Biotita,,,3
1140016,QUI-CA38,pXRF_2026,734020.261789,6011898.47765,-36.009325,-72.403428,195.187622,147.0,52.9,120.0,52.0,29.0,,,25689.0,1972.0,Granito de Biotita,LP,Granito de Biotita,,,3
1140017,QUI-CA38,pXRF_2026,734020.261789,6011898.47765,-36.009325,-72.403428,195.187622,81.0,55.2,71.0,26.0,6.6,78.0,,23732.0,1604.0,Granito de Biotita,LP,Granito de Biotita,,,3
1140020,QUI-CA41,pXRF_2026,736406.021,6015870.563,-35.972974,-72.378166,237.105225,56.0,54.0,122.0,78.0,12.0,117.0,,41462.0,3846.0,Granito,US,Granito,,,3
1140031,QUI-CA47,pXRF_2026,731951.981,6018389.441,-35.951356,-72.428254,229.0,53.0,48.3,83.0,40.0,18.0,74.0,,36840.0,3693.0,Granito,LP,Granito,,,3
1140042,QUI-CA56,pXRF_2026,719614.456,5978891.543,-36.309988,-72.553909,219.693192,59.0,46.0,89.0,76.0,17.0,87.0,,34281.0,3409.0,Granito,US,Granito,,,3
1140043,QUI-CA56,pXRF_2026,719614.456,5978891.543,-36.309988,-72.553909,219.693192,55.0,46.0,66.0,43.0,7.3,,,38394.0,3533.0,Granodiorita,US,Granodiorita,,,3
1140050,QUI-CA59,pXRF_2026,718619.081,5977337.641,-36.32421,-72.564551,281.022858,56.0,46.0,132.0,51.0,,107.0,,40346.0,3602.0,Granito,LP,Granito,,,3
1140052,QUI-CA61,pXRF_2026,717670.863,5977269.393,-36.32504,-72.575087,215.892685,48.0,48.3,81.0,40.0,12.0,62.0,,35010.0,3315.0,Granito,UP,Granito,,,3
1140054,QUI-CA63,pXRF_2026,715956.199,5977036.66,-36.327522,-72.594109,178.255951,49.0,54.0,94.0,31.0,,64.0,,37139.0,3507.0,Granito,UP/LP,Granito,,,3
1140056,QUI-CA65,pXRF_2026,715713.987,5977382.136,-36.324464,-72.596901,210.064789,47.0,48.3,37.0,36.0,6.9,60.0,,19146.0,1585.0,Granito,UP,Granito,,,3
1140058,QUI-CA67,pXRF_2026,715184.511,5977443.692,-36.324028,-72.602811,281.076324,52.0,50.6,168.0,86.0,8.2,108.0,,37156.0,4529.0,Granito,UP,Granito,,,3
1140062,QUI-CA68,pXRF_2026,715182.392,5977587.882,-36.32273,-72.602875,305.323029,52.0,51.7,73.0,34.0,,,,21396.0,1966.0,Granito,LP,Granito,,,3
1140063,QUI-CA69,pXRF_2026,714524.45,5977844.033,-36.32057,-72.610269,380.659424,61.0,50.6,101.0,63.0,18.0,105.0,,49611.0,4714.0,Granito,UP,Granito,,,3
1140065,QUI-CA70,pXRF_2026,714501.701,5976263.188,-36.334814,-72.610087,248.975204,61.0,46.0,76.0,39.0,17.0,74.0,,46264.0,4041.0,Granito,UP,Granito,,,3
1140066,QUI-CA71,pXRF_2026,726353.964833,5981574.150454,-36.284267,-72.479686,464.528594999999,91.0,80.5,1293.0,33.0,33.0,,,20033.0,2738.0,Granito,UP,Granito,,,3
1140067,QUI-CA72,pXRF_2026,728030.245501,5981799.902735,-36.281839,-72.461104,479.404327,53.0,47.1,104.0,,28.0,98.0,,21915.0,1716.0,Sedimentaria,UP,Sedimentario,,,3
1140068,QUI-CA73,pXRF_2026,730811.023644,5980254.762731,-36.295094,-72.429714,242.363799999999,52.0,51.7,74.0,57.0,7.6,109.0,,45885.0,5536.0,Granito,UP,Granito,,,3
1140070,QUI-CA75,pXRF_2026,730095.656969,5979620.211053,-36.30098,-72.437486,261.572937,53.0,50.6,73.0,34.0,16.0,102.0,,49209.0,5023.0,Granito,UP,Granito,,,3
1140072,QUI-CA78,pXRF_2026,732720.276348,5965956.153339,-36.42341,-72.404197,119.452492,30.0,,211.0,105.0,37.0,70.0,,14089.0,840.0,Granito,LP,Granito,,,3
1140073,QUI-CA78,pXRF_2026,732720.276348,5965956.153339,-36.42341,-72.404197,119.452492,42.0,,100.0,61.0,50.0,61.0,,20680.0,1337.0,Granito,LP,Granito,,,3
1140074,QUI-CA79,pXRF_2026,733550.72972,5966981.893988,-36.413971,-72.395251,103.107322999999,18.0,,85.0,,39.0,,,13015.0,1271.0,Granito,UP,Granito,,,3
1140075,QUI-CA79,pXRF_2026,733550.72972,5966981.893988,-36.413971,-72.395251,103.107322999999,21.0,,28.0,,49.0,,,47677.0,2905.0,Granito,LP,Granito,,,3
1140076,QUI-CA80,pXRF_2026,735028.272038,5963415.484466,-36.445729,-72.377707,100.274413999999,36.0,,57.0,30.0,39.0,71.0,,32264.0,2225.0,Granito,LP,Granito,,,3
1140077,QUI-CA81,pXRF_2026,734367.671066,5962097.855962,-36.457757,-72.384672,144.995819,80.0,,37.0,,43.0,,,36100.0,2269.0,Granito,LP,Granito,,,3
1140078,QUI-CA82,pXRF_2026,721489.837037,5977876.734087,-36.318699,-72.53275,171.935744999999,54.0,,96.0,42.0,35.0,100.0,,35554.0,2476.0,Granito,US,Granito,,,3
1140079,QUI-CA82,pXRF_2026,721489.837037,5977876.734087,-36.318699,-72.53275,171.935744999999,40.0,,81.0,41.0,32.0,67.0,,32912.0,2293.0,Granito,US,Granito,,,3
1140080,QUI-CA83,pXRF_2026,722071.626036,5977414.32806,-36.32273,-72.526143,155.975081999999,31.0,,73.0,35.0,22.0,78.0,,34041.0,2134.0,Granito,LP,Granito,,,3
1140081,QUI-CA84,pXRF_2026,722223.313036,5977155.976638,-36.325022,-72.524381,146.536224,45.0,,44.0,27.0,26.0,,,27636.0,1859.0,Granito,LP,Granito,,,3
1140082,QUI-CA84,pXRF_2026,722223.313036,5977155.976638,-36.325022,-72.524381,146.536224,39.0,,69.0,34.0,31.0,,,23709.0,1583.0,Granito,LP,Granito,,,3
1140083,QUI-CA85,pXRF_2026,722394.935421,5976743.452514,-36.328698,-72.522353,118.555724999999,49.0,,77.0,32.0,21.0,75.0,,38385.0,3148.0,Granito,US,Granito,,,3
1140084,QUI-CA85,pXRF_2026,722394.935421,5976743.452514,-36.328698,-72.522353,118.555724999999,51.0,,94.0,47.0,28.0,,,40466.0,3102.0,Granito,US,Granito,,,3
1140085,QUI-CA86,pXRF_2026,723267.778431,5973868.334665,-36.354392,-72.511813,98.950562,43.0,,83.0,44.0,36.0,82.0,,28975.0,2107.0,Granito,US/LS,Granito,,,3
1140086,QUI-CA86,pXRF_2026,723267.778431,5973868.334665,-36.354392,-72.511813,98.950562,35.0,,94.0,28.0,33.0,,,30454.0,2016.0,Granito,US/LS,Granito,,,3
1140087,QUI-CA87,pXRF_2026,723304.246894,5973676.874201,-36.356108,-72.511352,89.5548249999999,44.0,,141.0,56.0,40.0,79.0,,37607.0,2219.0,Granito,LP/US,Granito,,,3
1140088,QUI-CA87,pXRF_2026,723304.246894,5973676.874201,-36.356108,-72.511352,89.5548249999999,49.0,,172.0,92.0,57.0,104.0,,41805.0,2953.0,Granito,LP/US,Granito,,,3
1140089,QUI-CA87,pXRF_2026,723304.246894,5973676.874201,-36.356108,-72.511352,89.5548249999999,44.0,,113.0,59.0,35.0,75.0,,40382.0,2802.0,Granito,LP/US,Granito,,,3
1140090,QUI-CA88,pXRF_2026,723368.606462,5972839.520176,-36.363635,-72.510395,136.162125,47.0,,178.0,81.0,46.0,120.0,,22448.0,2029.0,Granito,LP,Granito,,,3
1140091,QUI-CA88,pXRF_2026,723368.606462,5972839.520176,-36.363635,-72.510395,136.162125,54.0,,188.0,97.0,77.0,158.0,,27974.0,2433.0,Granito,LP,Granito,,,3
1140092,QUI-CA89,pXRF_2026,720598.742478,5972506.910175,-36.36727,-72.541147,72.919701,48.0,,75.0,46.0,37.0,,,29053.0,2313.0,Granito,LP,Granito,,,3
1140093,QUI-CA90,pXRF_2026,719087.679584,5973505.376122,-36.358622,-72.558257,122.972565,48.0,,118.0,44.0,54.0,,,38827.0,2842.0,Granito,LP,Granito,,,3
1140094,QUI-CA91,pXRF_2026,718915.446878,5973708.125109,-36.356835,-72.560232,130.417908,24.0,,104.0,48.0,31.0,101.0,,20094.0,1656.0,Granito,LP,Granito,,,3
1140095,QUI-CA92,pXRF_2026,725911.201247,5971894.251124,-36.371555,-72.481806,142.893981999999,33.0,,56.0,32.0,57.0,68.0,,23169.0,2472.0,Granito,UP/LP,Granito,,,3
1140096,QUI-CA93,pXRF_2026,725487.51154,5971560.76887,-36.374658,-72.486428,163.967086999999,22.0,,35.0,28.0,55.0,,,28101.0,1914.0,Granito,LP,Granito,,,3
1140097,QUI-CA94,pXRF_2026,725933.661775,5969149.353499,-36.396272,-72.480758,103.583855,28.0,,107.0,50.0,34.0,65.0,,23357.0,1438.0,Granito,LP/US,Granito,,,3
1140098,QUI-CA95,pXRF_2026,727145.050635,5970570.922811,-36.383183,-72.467678,132.585998999999,88.0,,126.0,110.0,44.0,153.0,,37371.0,2492.0,Granito,UP,Granito,,,3
1140099,QUI-CA96,pXRF_2026,726409.835907,5970583.517643,-36.383243,-72.475871,209.955902,27.0,,80.0,43.0,37.0,,,25892.0,2369.0,Granito,UP,Granito,,,3
1140100,QUI-CA97,pXRF_2026,727356.488192,5969074.340521,-36.396612,-72.464885,98.854645,43.0,,130.0,73.0,34.0,86.0,,11645.0,1294.0,Granito,LP,Granito,,,3
1140101,QUI-CA98,pXRF_2026,727950.710426,5967037.154327,-36.414819,-72.457667,141.070403999999,22.0,,106.0,53.0,38.0,119.0,,19009.0,1283.0,Granito,LP,Granito,,,3
1140102,QUI-CA98,pXRF_2026,727950.710426,5967037.154327,-36.414819,-72.457667,141.070403999999,32.0,,98.0,40.0,46.0,72.0,,21836.0,1183.0,Granito,LP,Granito,,,3
1140103,QUI-CA99,pXRF_2026,727953.645448,5967022.531784,-36.41495,-72.45763,142.011779999999,32.0,,73.0,26.0,35.0,92.0,,26017.0,1614.0,Granito,LP,Granito,,,3
1140104,QUI-CA99,pXRF_2026,727953.645448,5967022.531784,-36.41495,-72.45763,142.011779999999,24.0,,20.0,,36.0,,,18471.0,1445.0,Granito,LP,Granito,,,3
1140105,QUI-CA100,pXRF_2026,726718.443343,5964415.350597,-36.438724,-72.470632,88.73439,29.0,,106.0,50.0,47.0,85.0,,39133.0,2613.0,Granito,LP,Granito,,,3
1140106,QUI-CA101,pXRF_2026,727080.239639,5964592.161131,-36.437046,-72.466651,79.77195,37.0,,140.0,80.0,27.0,98.0,,31677.0,2612.0,Granito,LP,Granito,,,3
1140107,QUI-CA102,pXRF_2026,727097.589463,5964593.481693,-36.43703,-72.466458,80.2470629999999,32.0,,44.0,22.0,32.0,67.0,,33027.0,2403.0,Granito,LP,Granito,,,3
1140108,QUI-CA102,pXRF_2026,727097.589463,5964593.481693,-36.43703,-72.466458,80.2470629999999,27.0,,50.0,17.0,38.0,,,27156.0,2442.0,Granito,LP,Granito,,,3
1140109,QUI-CA103,pXRF_2026,726360.726013,5964414.18109,-36.438819,-72.474619,86.595184,21.0,,71.0,37.0,24.0,85.0,,22739.0,1573.0,Granito,LP/US,Granito,,,3
1140110,QUI-CA103,pXRF_2026,726360.726013,5964414.18109,-36.438819,-72.474619,86.595184,24.0,,65.0,45.0,25.0,93.0,,24824.0,1795.0,Granito,LP/US,Granito,,,3
1140111,QUI-CA104,pXRF_2026,725242.886021,5964461.490396,-36.438656,-72.487093,57.6639479999999,35.0,,106.0,46.0,52.0,76.0,,27233.0,1646.0,Granito,LP,Granito,,,3
1140112,QUI-CA105,pXRF_2026,724722.908654,5964361.223964,-36.439681,-72.49286,65.0340419999999,48.0,,146.0,50.0,50.0,108.0,,38778.0,2721.0,Granito,LP,Granito,,,3
1140113,QUI-CA105,pXRF_2026,724722.908654,5964361.223964,-36.439681,-72.49286,65.0340419999999,27.0,,116.0,43.0,51.0,63.0,,25363.0,1753.0,Granito,LP,Granito,,,3
1140114,QUI-CA106,pXRF_2026,724086.975275,5961893.687971,-36.462054,-72.499235,168.163879,28.0,,125.0,48.0,36.0,78.0,,34988.0,2409.0,Granito,UP/LP,Granito,,,3
1140115,QUI-CA107,pXRF_2026,722168.157066,5969817.289926,-36.391134,-72.5229,151.242110999999,40.0,,127.0,69.0,42.0,121.0,,23655.0,1725.0,Granito,LP-US,Granito,,,3
1140116,QUI-CA107,pXRF_2026,722168.157066,5969817.289926,-36.391134,-72.5229,151.242110999999,43.0,,46.0,26.0,28.0,72.0,,21655.0,2526.0,Granito,UP,Granito,,,3
1140117,QUI-CA108,pXRF_2026,720704.735337,5970197.459476,-36.388047,-72.539311,73.2634809999999,45.0,,130.0,49.0,41.0,76.0,,29472.0,2129.0,Granito,UP/LP,Granito,,,3
1140118,QUI-CA108,pXRF_2026,720704.735337,5970197.459476,-36.388047,-72.539311,73.2634809999999,44.0,,138.0,70.0,50.0,123.0,,35490.0,2367.0,Granito,LP,Granito,,,3
1140119,QUI-CA109,pXRF_2026,719814.930097,5970089.867832,-36.38922,-72.549193,74.0442809999999,82.0,,103.0,60.0,70.0,79.0,,33070.0,2187.0,Granito,LP/US,Granito,,,3
1140120,QUI-CA110,pXRF_2026,719594.589851,5969903.611391,-36.390948,-72.551595,91.4141079999999,62.0,,85.0,52.0,46.0,123.0,,35686.0,3017.0,Granito,LP/US,Granito,,,3
1140121,QUI-CA110,pXRF_2026,719594.589851,5969903.611391,-36.390948,-72.551595,91.4141079999999,80.0,,92.0,35.0,35.0,63.0,,36779.0,2792.0,Granito,US/LP,Granito,,,3
1140122,QUI-CA111,pXRF_2026,716644.058582,5970467.338209,-36.38654,-72.584623,260.618682999999,34.0,,95.0,61.0,38.0,,,15754.0,933.0,Granito,LP,Granito,,,3
1140123,QUI-CA111,pXRF_2026,716644.058582,5970467.338209,-36.38654,-72.584623,260.618682999999,24.0,,110.0,43.0,39.0,132.0,,14790.0,890.0,Granito,LP,Granito,,,3
1140124,QUI-CA112,pXRF_2026,713245.508239,5968107.322204,-36.408558,-72.621836,251.572266,22.0,,103.0,50.0,47.0,110.0,,15513.0,1299.0,Granito,LP,Granito,,,3
1140125,QUI-CA112,pXRF_2026,713245.508239,5968107.322204,-36.408558,-72.621836,251.572266,24.0,,131.0,48.0,50.0,110.0,,13801.0,1232.0,Granito,LP,Granito,,,3
1140126,QUI-CA112,pXRF_2026,713245.508239,5968107.322204,-36.408558,-72.621836,251.572266,28.0,,145.0,78.0,45.0,123.0,,14579.0,1192.0,Granito,LP,Granito,,,3
1140127,QUI-CA113,pXRF_2026,716667.891867,5969128.052261,-36.398598,-72.583984,221.312514999999,35.0,,111.0,49.0,28.0,75.0,,14217.0,909.0,Granito,LP,Granito,,,3
1140128,QUI-CA113,pXRF_2026,716667.891867,5969128.052261,-36.398598,-72.583984,221.312514999999,27.0,,81.0,41.0,45.0,73.0,,19234.0,1263.0,Granito,UP,Granito,,,3
1140129,QUI-CA114,pXRF_2026,716343.969654,5968115.542152,-36.407791,-72.587311,144.015502999999,28.0,,59.0,31.0,41.0,,,13393.0,912.0,Granito,UP,Granito,,,3
1140130,QUI-CA114,pXRF_2026,716343.969654,5968115.542152,-36.407791,-72.587311,144.015502999999,27.0,,66.0,39.0,33.0,91.0,,14739.0,1028.0,Granito,UP,Granito,,,3
1140131,QUI-CA115,pXRF_2026,716014.255551,5967748.753699,-36.411169,-72.590883,61.989552,28.0,,88.0,44.0,36.0,101.0,,16403.0,1219.0,Granito,UP/LP,Granito,,,3
1140132,QUI-CA116,pXRF_2026,715768.944265,5967023.362268,-36.417758,-72.593415,28.734774,36.0,,99.0,45.0,41.0,101.0,,11825.0,921.0,Granito,US / (LS?),Granito,,,3
1140133,QUI-CA117,pXRF_2026,714961.600109,5966559.199489,-36.42212,-72.602284,43.3795089999999,58.0,,56.0,30.0,31.0,,,20159.0,1447.0,Granito,LP,Granito,,,3
1140134,QUI-CA118,pXRF_2026,714326.802148,5965936.485249,-36.427871,-72.609187,39.096443,47.0,,65.0,22.0,38.0,,,17455.0,1156.0,Granito,LP/US,Granito,,,3
1140135,QUI-CA118,pXRF_2026,714326.802148,5965936.485249,-36.427871,-72.609187,39.096443,17.0,,67.0,39.0,30.0,71.0,,11325.0,828.0,Granito,LP,Granito,,,2
1140136,QUI-CA119,pXRF_2026,714305.846661,5965930.787678,-36.427927,-72.609419,26.514336,35.0,,100.0,39.0,34.0,89.0,,22955.0,1504.0,Granito,LP/US,Granito,,,4
1140137,QUI-CA119,pXRF_2026,714305.846661,5965930.787678,-36.427927,-72.609419,26.514336,27.0,,64.0,36.0,54.0,,,20090.0,1419.0,Granito,LP,Granito,,,3
1140138,QUI-CA120,pXRF_2026,713128.463302,5965972.773352,-36.427811,-72.622554,45.5699079999999,37.0,,98.0,43.0,31.0,,,25231.0,2304.0,Granito,LP,Granito,,,3
1140139,QUI-CA121,pXRF_2026,712678.657138,5965791.56795,-36.429543,-72.627518,41.982235,29.0,,92.0,34.0,31.0,59.0,,26066.0,1883.0,Granito,LP,Granito,,,3
1140140,QUI-CA121,pXRF_2026,712678.657138,5965791.56795,-36.429543,-72.627518,41.982235,34.0,,66.0,31.0,32.0,88.0,,16427.0,1255.0,Granito,LP,Granito,,,3
1140141,QUI-CA121,pXRF_2026,712678.657138,5965791.56795,-36.429543,-72.627518,41.982235,36.0,,99.0,42.0,35.0,,,23990.0,1761.0,Granito,LP,Granito,,,3
1140142,QUI-CA122,pXRF_2026,711305.459173,5964626.261511,-36.440343,-72.642507,58.912624,43.0,,102.0,55.0,31.0,83.0,,23848.0,1780.0,Granito,UP/LP,Granito,,,3
1140143,QUI-CA123,pXRF_2026,711296.034521,5964739.729323,-36.439323,-72.642643,43.980499,32.0,,97.0,40.0,47.0,,,25407.0,2119.0,Granito,UP/LP,Granito,,,3
1140144,QUI-CA124,pXRF_2026,712634.198385,5961449.954964,-36.46866,-72.626822,101.585098,17.0,,41.0,,44.0,,,17823.0,1965.0,Granito,UP/LP,Granito,,,3
1140145,QUI-CA125,pXRF_2026,714563.99551,5961443.612204,-36.468287,-72.605299,85.9091109999999,51.0,,73.0,28.0,38.0,90.0,,35070.0,2374.0,Granito,LP/US,Granito,,,3
1140146,QUI-CA126,pXRF_2026,718627.468377,5963206.410161,-36.451491,-72.560482,207.433197,39.0,,119.0,50.0,40.0,,,36769.0,2524.0,Granito,UP/LP,Granito,,,3
1140147,QUI-CA126,pXRF_2026,718627.468377,5963206.410161,-36.451491,-72.560482,207.433197,19.0,,116.0,,33.0,,,17566.0,1594.0,Granito,UP,Granito,,,3
1140148,QUI-CA127,pXRF_2026,720144.405884,5962866.778477,-36.454203,-72.543473,180.723328,34.0,,76.0,35.0,39.0,69.0,,28248.0,2036.0,Granito,UP,Granito,,,3
1140149,QUI-CA128,pXRF_2026,720549.7175,5963720.327904,-36.446422,-72.539197,150.270935,66.0,,159.0,140.0,51.0,115.0,,33260.0,2324.0,Granito,LP,Granito,,,3
1140150,QUI-CA129,pXRF_2026,721767.913552,5963394.36456,-36.449077,-72.525523,129.668381,17.0,,107.0,,35.0,,,27748.0,2081.0,Granito,UP,Granito,,,3
1140151,QUI-CA130,pXRF_2026,728154.067008,6000819.982544,-36.1105,-72.465258,276.942017,29.0,,90.0,32.0,39.0,,,28221.0,3258.0,Granito,UP,Granito,,,3
1140152,QUI-CA132,pXRF_2026,722197.302829,6001052.851054,-36.109784,-72.531446,306.460663,84.0,,66.0,36.0,80.0,77.0,,38757.0,3297.0,Granito,UP,Granito,,,3
1140153,QUI-CA133,pXRF_2026,721381.432287,6000776.787317,-36.112457,-72.540425,408.981475999999,51.0,,61.0,38.0,71.0,113.0,,56199.0,5672.0,Diorita,UP/LP,Diorita-Metapelita,,,3
1140154,QUI-CA135,pXRF_2026,719718.314132,6004080.091529,-36.08308,-72.559808,596.010742,45.0,,50.0,47.0,53.0,69.0,,50764.0,4651.0,Diorita,UP,Diorita,,,3
1140155,QUI-CA136,pXRF_2026,721342.618843,6004071.70127,-36.082787,-72.541781,550.379516999999,19.0,,59.0,,72.0,,,61687.0,4654.0,Diorita,UP,Diorita - Metapelita,,,3
1140156,QUI-CA138,pXRF_2026,723561.366774,6003149.358799,-36.090587,-72.516899,274.722472999999,28.0,,83.0,29.0,56.0,67.0,,36117.0,2932.0,Diorita,UP,Diorita,,,3
1140157,QUI-CA139,pXRF_2026,727143.549317,6004479.336016,-36.077777,-72.477529,159.578643999999,59.0,,106.0,47.0,45.0,70.0,,34588.0,2172.0,Granito,UP,Granito,,,3
1140158,QUI-CA140,pXRF_2026,726720.320043,6005593.545408,-36.06784,-72.482545,179.704269,34.0,,207.0,47.0,57.0,,,19847.0,1382.0,Granito,LP,Granito,,,3
1140159,QUI-CA140,pXRF_2026,726720.320043,6005593.545408,-36.06784,-72.482545,179.704269,43.0,,70.0,50.0,40.0,76.0,,23792.0,1711.0,Granito,UP,Granito,,,3
1140160,QUI-CA140,pXRF_2026,726720.320043,6005593.545408,-36.06784,-72.482545,179.704269,44.0,,77.0,40.0,53.0,70.0,,30484.0,2384.0,Granito,LP,Granito,,,3
1140161,QUI-CA141,pXRF_2026,726855.113937,6006026.599325,-36.063908,-72.481174,199.598602,27.0,,73.0,23.0,53.0,91.0,,36553.0,2642.0,Granito,UP,Granito,,,3
1140162,QUI-CA142,pXRF_2026,728240.513007,6007760.343495,-36.047968,-72.466306,155.65715,30.0,,77.0,45.0,46.0,65.0,,31665.0,2000.0,Granito,UP,Granito,,,3
1140163,QUI-CA142,pXRF_2026,728240.513007,6007760.343495,-36.047968,-72.466306,155.65715,46.0,,271.0,47.0,55.0,80.0,,34670.0,2610.0,Granito,UP,Granito,,,3
1140164,QUI-CA143,pXRF_2026,727285.187774,6007747.197734,-36.04831,-72.476898,182.411803999999,38.0,,89.0,46.0,70.0,81.0,,29752.0,1658.0,Granito,UP,Granito,,,3
1140165,QUI-CA143,pXRF_2026,727285.187774,6007747.197734,-36.04831,-72.476898,182.411803999999,41.0,,100.0,34.0,62.0,84.0,,37766.0,2119.0,Granito,UP,Granito,,,3
1140166,QUI-CA144,pXRF_2026,726270.851736,6008500.194408,-36.041764,-72.488364,201.308562999999,22.0,,54.0,20.0,51.0,,,32996.0,2153.0,Granito,UP,Granito,,,3
1140167,QUI-CA144,pXRF_2026,726270.851736,6008500.194408,-36.041764,-72.488364,201.308562999999,20.0,,49.0,19.0,47.0,,,34839.0,2842.0,Granito,UP,Granito,,,3
1140168,QUI-CA145,pXRF_2026,727355.856182,6010041.77091,-36.027626,-72.476774,184.333359,15.0,,51.0,,62.0,,,32609.0,2297.0,Granito,UP,Granito,,,3
1140169,QUI-CA146,pXRF_2026,726120.144033,6010768.709331,-36.021366,-72.490684,320.730591,17.0,,31.0,,47.0,,,58627.0,1774.0,Granito,UP,Granito,,,3
1140170,QUI-CA147,pXRF_2026,709728.817288,5966530.398416,-36.423537,-72.660599,62.936707,40.0,,37.0,23.0,27.0,,,9793.0,403.0,Granito,UP,Granito,,,3
1140171,QUI-CA148,pXRF_2026,709681.775065,5966669.753313,-36.422292,-72.661161,98.177612,26.0,,60.0,39.0,42.0,,,19541.0,1340.0,Granito,UP,Granito,,,3
1140172,QUI-CA149,pXRF_2026,709136.09517,5964848.891755,-36.438813,-72.666752,94.719658,31.0,,71.0,48.0,35.0,,,23180.0,2098.0,Granito,UP,Granito,,,3
1140173,QUI-CA150,pXRF_2026,712539.72074,5961808.207682,-36.465454,-72.627974,141.431976,27.0,,61.0,34.0,34.0,72.0,,26438.0,2319.0,Granito,UP,Granito,,,3
1140174,QUI-CA151,pXRF_2026,712414.503113,5961602.685693,-36.467333,-72.629314,121.293961,20.0,,36.0,24.0,34.0,98.0,,21216.0,2236.0,Granito,LP,Granito,,,3
1140175,QUI-CA152,pXRF_2026,712975.955885,5961382.134307,-36.469195,-72.622992,135.578888,20.0,,32.0,18.0,28.0,,,23655.0,1979.0,Granito,LP,Granito,,,3
1140176,QUI-CA153,pXRF_2026,713886.039519,5961039.893762,-36.472075,-72.612748,74.576248,38.0,,91.0,39.0,44.0,83.0,,24308.0,2039.0,Granito,LP,Granito,,,3
1140177,QUI-CA154,pXRF_2026,713986.570121,5959160.71503,-36.488979,-72.611107,100.01178,43.0,,82.0,52.0,42.0,109.0,,29999.0,1960.0,Granito,UP/LP,Granito,,,3
1140178,QUI-CA155,pXRF_2026,715284.272699,5957910.1814,-36.499952,-72.596283,94.472816,51.0,,55.0,23.0,39.0,81.0,,31802.0,2212.0,Granito,UP,Granito,,,3
1140179,QUI-CA156,pXRF_2026,714907.843703,5956103.479342,-36.51631,-72.59998,132.477203,46.0,,89.0,43.0,60.0,126.0,,26115.0,1975.0,Granito,LP,Granito,,,3
1140180,QUI-CA157,pXRF_2026,715629.99715,5954672.674848,-36.529035,-72.591522,60.648369,23.0,,37.0,24.0,38.0,,,21589.0,1705.0,Granito,LP,Granito,,,3
1140181,QUI-CA157,pXRF_2026,715629.99715,5954672.674848,-36.529035,-72.591522,60.648369,24.0,,67.0,,42.0,,,29926.0,1829.0,Granito,UP,Granito,,,3
1140182,QUI-CA158,pXRF_2026,715628.558209,5954554.360558,-36.530101,-72.591505,54.942635,127.0,,80.0,112.0,441.0,145.0,,31773.0,2576.0,Granito,LP,Granito,,,3
1140183,QUI-CA158,pXRF_2026,715628.558209,5954554.360558,-36.530101,-72.591505,54.942635,56.0,,75.0,39.0,40.0,64.0,,29513.0,2236.0,Granito,UP/LP,Granito,,,3
1140184,QUI-CA159,pXRF_2026,718252.981032,5951621.574856,-36.555921,-72.561385,108.638,12.0,,32.0,19.0,75.0,,,33886.0,2537.0,Granito,UP/LP,Granito,,,3
1140185,QUI-CA160,pXRF_2026,719035.264613,5948866.440744,-36.580557,-72.551868,55.05896,58.0,,130.0,58.0,43.0,102.0,,22790.0,1608.0,Granito,UP/LP,Granito,,,3
1140186,QUI-CA161,pXRF_2026,719035.264613,5948866.440744,-36.580557,-72.551868,55.05896,29.0,,88.0,28.0,28.0,61.0,,22634.0,2220.0,Granito,UP,Granito,,,3
1140187,QUI-CA161,pXRF_2026,719684.288426,5950633.313545,-36.564494,-72.545124,97.374542,53.0,,417.0,261.0,40.0,180.0,,26082.0,1953.0,Granito,LP,Granito,,,3
1140188,QUI-CA162,pXRF_2026,720305.398587,5950968.4979,-36.561332,-72.538285,133.250381,52.0,,49.0,24.0,47.0,,,8433.0,663.0,Granito,LP,Granito,,,3
1140189,QUI-CA162,pXRF_2026,720305.398587,5950968.4979,-36.561332,-72.538285,133.250381,71.0,,71.0,,37.0,69.0,,10788.0,751.0,Granito,UP/LP,Granito,,,3
1140190,QUI-CA162,pXRF_2026,720305.398587,5950968.4979,-36.561332,-72.538285,133.250381,37.0,,177.0,41.0,47.0,94.0,,30779.0,2249.0,Granito,UP/LP,Granito,,,3
1140191,QUI-CA163,pXRF_2026,720326.515468,5950929.208372,-36.561681,-72.538038,133.042038,62.0,,96.0,115.0,43.0,144.0,,14687.0,946.0,Granito,LP,Granito,,,3
1140192,QUI-CA163,pXRF_2026,720326.515468,5950929.208372,-36.561681,-72.538038,133.042038,55.0,,122.0,55.0,47.0,89.0,,19660.0,1074.0,Granito,UP/LP,Granito,,,3
1140193,QUI-CA164,pXRF_2026,723537.508403,5953141.481909,-36.54101,-72.50283,134.014984,14.0,,,,17.0,,,12851.0,1762.0,Granito,UP,Granito,,,3
1140194,QUI-CA165,pXRF_2026,726593.790551,5953955.951098,-36.532955,-72.468957,90.855858,58.0,,84.0,34.0,29.0,85.0,,33687.0,2657.0,Granito,UP/LP,Granito,,,3
1140195,QUI-CA166,pXRF_2026,714884.413721,5975971.862752,-36.337353,-72.605746,185.849396,56.0,,119.0,52.0,34.0,100.0,,34565.0,2228.0,Granito,UP,Granito,,,3
1140196,QUI-CA167,pXRF_2026,714470.216151,5975777.953147,-36.339192,-72.610304,190.761673,26.0,,61.0,26.0,25.0,,,18388.0,1682.0,Granito,UP,Granito,,,3
1140197,QUI-CA168,pXRF_2026,715360.259913,5975138.967024,-36.344749,-72.600218,157.478638,34.0,,53.0,31.0,40.0,93.0,,17675.0,1392.0,Granito,UP,Granito,,,3
1140198,QUI-CA169,pXRF_2026,715656.16819,5974744.378366,-36.348237,-72.596814,181.64563,20.0,,62.0,26.0,36.0,70.0,,10688.0,1454.0,Granito,UP,Granito,,,3
1140199,QUI-CA169,pXRF_2026,715656.16819,5974744.378366,-36.348237,-72.596814,181.64563,43.0,,65.0,33.0,46.0,67.0,,20310.0,1616.0,Granito,UP,Granito,,,3
1140200,QUI-CA170,pXRF_2026,716421.078661,5975431.846922,-36.341873,-72.588488,217.85965,41.0,,83.0,37.0,40.0,,,19469.0,1962.0,Granito,UP,Granito,,,3
1140201,QUI-CA171,pXRF_2026,716470.900447,5975337.23589,-36.342714,-72.587907,206.917206,21.0,,30.0,23.0,52.0,,,20396.0,1373.0,Granito,UP,Granito,,,3
1140202,QUI-CA172,pXRF_2026,715318.020776,5973655.473134,-36.358121,-72.600278,159.615646,42.0,,61.0,18.0,28.0,70.0,,28068.0,1912.0,Granito,LP,Granito,,,3
1140203,QUI-CA172,pXRF_2026,715318.020776,5973655.473134,-36.358121,-72.600278,159.615646,50.0,,51.0,20.0,27.0,59.0,,31851.0,2083.0,Granito,LP,Granito,,,3
1140204,QUI-CA172,pXRF_2026,715318.020776,5973655.473134,-36.358121,-72.600278,159.615646,63.0,,77.0,27.0,36.0,77.0,,45023.0,2554.0,Granito,LP,Granito,,,3
1140205,QUI-CA173,pXRF_2026,712580.625384,5973298.188746,-36.361948,-72.630665,138.438522,32.0,,72.0,31.0,31.0,,,14610.0,1074.0,Granito,UP/LP,Granito,,,3
1140206,QUI-CA174,pXRF_2026,712762.280928,5974505.698381,-36.351031,-72.628972,184.533844,52.0,,186.0,56.0,46.0,,,35671.0,2898.0,Granito,UP,Granito,,,3
1140207,QUI-CA175,pXRF_2026,712077.815914,5973075.154692,-36.364068,-72.636204,180.894348,33.0,,52.0,,38.0,108.0,,24442.0,1776.0,Granito,LP,Granito,,,3
1140208,QUI-CA176,pXRF_2026,711642.993741,5973175.26483,-36.363262,-72.641074,144.738586,28.0,,60.0,23.0,38.0,,,14410.0,1205.0,Granito,UP,Granito,,,3
1140209,QUI-CA177,pXRF_2026,712892.669748,5971983.637049,-36.37372,-72.62683,131.833054,22.0,,104.0,48.0,34.0,,,28006.0,2557.0,Granito,UP,Granito,,,3
1140210,QUI-CA178,pXRF_2026,713285.348966,5969738.415277,-36.393857,-72.62184,237.516449,20.0,,64.0,42.0,43.0,,,21816.0,2047.0,Granito,UP,Granito,,,3
1140211,QUI-CA179,pXRF_2026,713660.627797,5970659.047025,-36.385481,-72.617912,150.425339,30.0,,96.0,39.0,33.0,101.0,,22392.0,2010.0,Granito,UP,Granito,,,3
1140212,QUI-CA180,pXRF_2026,711506.358535,5969721.010456,-36.394407,-72.641656,136.425842,26.0,,68.0,38.0,63.0,,,17449.0,1858.0,Granito,LP,Granito,,,3
1140213,QUI-CA181,pXRF_2026,712273.831749,5969775.604357,-36.393746,-72.63312,162.613922,29.0,,73.0,28.0,32.0,79.0,,15433.0,1186.0,Granito,UP,Granito,,,3
1140214,QUI-CA181,pXRF_2026,712273.831749,5969775.604357,-36.393746,-72.63312,162.613922,32.0,,59.0,22.0,27.0,,,5348.0,308.0,Granito,UP,Granito,,,3
1140216,QUI-CA181,pXRF_2026,712273.831749,5969775.604357,-36.393746,-72.63312,162.613922,30.0,,100.0,65.0,48.0,97.0,,25402.0,2139.0,Granito,UP,Granito,,,3
1140217,QUI-CA182,pXRF_2026,707697.170952,5972300.603095,-36.372001,-72.684787,149.984619,26.0,,76.0,36.0,36.0,,,20394.0,2008.0,Granito,LP,Granito,,,3
1140218,QUI-CA183,pXRF_2026,707861.222284,5971665.314879,-36.377688,-72.68279,232.28685,38.0,,109.0,60.0,42.0,61.0,,24733.0,2129.0,Granito,UP,Granito,,,3
1140219,QUI-CA184,pXRF_2026,708366.093995,5970409.082621,-36.388895,-72.676829,201.968506,32.0,,22.0,,31.0,,,9661.0,295.0,Granito,UP,Granito,,,3
1140220,QUI-CA185,pXRF_2026,710040.815017,5969836.518488,-36.393688,-72.658016,110.521271,25.0,,67.0,32.0,29.0,63.0,,22121.0,2011.0,Granito,LP,Granito,,,3
1140221,QUI-CA185,pXRF_2026,710040.815017,5969836.518488,-36.393688,-72.658016,110.521271,25.0,,61.0,41.0,43.0,91.0,,23581.0,2387.0,Granito,LP,Granito,,,3
1140222,QUI-CA186,pXRF_2026,710997.720977,5968958.645057,-36.401386,-72.647116,157.127716,50.0,,75.0,47.0,47.0,,,24444.0,1990.0,Granito,UP,Granito,,,3
1140223,QUI-CA187,pXRF_2026,711903.991358,5962178.9824,-36.462255,-72.635165,81.911423,36.0,,39.0,27.0,44.0,,,9034.0,702.0,Granito,UP,Granito,,,3
1140224,QUI-CA187,pXRF_2026,711903.991358,5962178.9824,-36.462255,-72.635165,81.911423,90.0,,106.0,46.0,189.0,88.0,,19729.0,1658.0,Granito,UP,Granito,,,3
1140225,QUI-CA187,pXRF_2026,711903.991358,5962178.9824,-36.462255,-72.635165,81.911423,27.0,,129.0,58.0,31.0,87.0,,22483.0,1583.0,Granito,UP,Granito,,,3
1140226,QUI-CA188,pXRF_2026,712292.712372,5962028.550931,-36.463524,-72.630789,126.825203,14.0,,,,32.0,,,14884.0,1176.0,Granito,UP (CC),Granito,,,3
1140227,QUI-CA188,pXRF_2026,712292.712372,5962028.550931,-36.463524,-72.630789,126.825203,18.0,,34.0,25.0,46.0,,,21953.0,1825.0,Granito,UP (CC),Granito,,,3
1140228,QUI-CA189,pXRF_2026,712197.690292,5962839.987817,-36.456236,-72.632071,126.825203,32.0,,50.0,22.0,30.0,,,14013.0,1476.0,Granito,UP,Granito,,,3
1140229,QUI-CA190,pXRF_2026,712423.397748,5962893.72266,-36.455702,-72.629569,66.380081,29.0,,106.0,43.0,37.0,65.0,,19196.0,1467.0,Granito,UP,Granito,,,3
1140230,QUI-CA190,pXRF_2026,712423.397748,5962893.72266,-36.455702,-72.629569,66.380081,26.0,,36.0,,34.0,96.0,,20091.0,1424.0,Granito,UP,Granito,,,3
1140231,QUI-CA190,pXRF_2026,712423.397748,5962893.72266,-36.455702,-72.629569,66.380081,39.0,,44.0,,47.0,99.0,,36562.0,2780.0,Granito,UP,Granito,,,3
1140232,QUI-CA190,pXRF_2026,712423.397748,5962893.72266,-36.455702,-72.629569,66.380081,41.0,,140.0,62.0,76.0,66.0,,24212.0,1701.0,Granito,UP,Granito,,,3
1140233,QUI-CA191,pXRF_2026,712571.400251,5962595.992891,-36.458351,-72.627837,76.593842,40.0,,107.0,46.0,32.0,,,32195.0,2119.0,Granito,UP,Granito,,,3
1140234,QUI-CA192,pXRF_2026,712508.800581,5962249.712667,-36.461484,-72.62844,87.139503,45.0,,203.0,226.0,35.0,153.0,,32006.0,2298.0,Granito,UP,Granito,,,3
1140235,QUI-CA192,pXRF_2026,712508.800581,5962249.712667,-36.461484,-72.62844,87.139503,57.0,,134.0,85.0,33.0,149.0,,36318.0,2443.0,Granito,UP,Granito,,,3
1140236,QUI-CA193,pXRF_2026,719022.25456,5960200.299295,-36.478477,-72.55523,187.065063,42.0,,109.0,33.0,18.0,65.0,,41150.0,2700.0,Granito,UP (CC),Granito,,,3
1140237,QUI-CA193,pXRF_2026,719022.25456,5960200.299295,-36.478477,-72.55523,187.065063,42.0,,55.0,18.0,21.0,,,32890.0,2130.0,Granito,UP (CC),Granito,,,3
1140238,QUI-CA194,pXRF_2026,719818.743535,5958969.531744,-36.48938,-72.545997,236.02597,53.0,,95.0,39.0,34.0,67.0,,33946.0,2236.0,Granito,UP,Granito,,,3
1140239,QUI-CA195,pXRF_2026,720136.707314,5958518.983069,-36.493365,-72.542322,204.442612,60.0,,86.0,61.0,46.0,131.0,,24429.0,1790.0,Granito,UP (CC),Granito,,,3
1140240,QUI-CA196,pXRF_2026,738916.662508,6011916.427205,-36.007975,-72.349157,168.287125,55.0,,61.0,25.0,37.0,89.0,,32093.0,1966.0,Granito,UP,Granito,,,3
1140241,QUI-CA196,pXRF_2026,738916.662508,6011916.427205,-36.007975,-72.349157,168.287125,43.0,,69.0,37.0,33.0,60.0,,13507.0,965.0,Granito,UP,Granito,,,3
1140242,QUI-CA196,pXRF_2026,738916.662508,6011916.427205,-36.007975,-72.349157,168.287125,37.0,,86.0,54.0,39.0,,,12694.0,1136.0,Granito,UP,Granito,,,3
1140243,QUI-CA197,pXRF_2026,745816.153113,6009278.677403,-36.030014,-72.271863,168.55867,40.0,,81.0,33.0,30.0,,,21695.0,1954.0,Granito,UP,Granito,,,3
1140244,QUI-CA198,pXRF_2026,745688.240724,6009297.474367,-36.029877,-72.273287,168.285293999999,21.0,,19.0,,28.0,,,30092.0,3067.0,Granito,UP,Granito,,,3
1140245,QUI-CA199,pXRF_2026,746160.46715,6010591.414448,-36.018105,-72.268454,166.786529999999,25.0,,71.0,27.0,25.0,65.0,,20014.0,2359.0,Granito,UP,Granito,,,3
1140246,QUI-CA200,pXRF_2026,727148.785,5970576.37637,-36.383133,-72.467638,130.602158,53.0,,97.0,61.0,38.0,86.0,,35707.0,2380.0,Granito,UP,Granito,,,3
1140247,QUI-CA201,pXRF_2026,727377.185,5970282.589738,-36.385725,-72.465008,145.885086,24.0,,34.0,27.0,41.0,79.0,,29729.0,2080.0,Granito,UP,Granito,,,3
1140248,QUI-CA202,pXRF_2026,730808.218,5969136.084968,-36.395233,-72.42645,139.351958999999,23.0,,43.0,22.0,31.0,58.0,,29558.0,2923.0,Diorita,UP,Diorita,,,3
1140249,QUI-CA202,pXRF_2026,730808.218,5969136.084968,-36.395233,-72.42645,139.351958999999,29.0,,61.0,28.0,36.0,57.0,,36055.0,3145.0,Diorita,UP,Diorita,,,3
1140250,QUI-CA203,pXRF_2026,733653.491,5970396.063643,-36.383198,-72.395133,124.976151,12.0,,,,36.0,,,18556.0,746.0,Granodiorita,UP,Granodiorita,,,3
1140251,QUI-CA204,pXRF_2026,734099.402,5971281.309557,-36.375117,-72.390433,168.671248999999,39.0,,79.0,57.0,35.0,61.0,,28490.0,2001.0,Granito,UP,Granito,,,3
1140252,QUI-CA204,pXRF_2026,734099.402,5971281.309557,-36.375117,-72.390433,168.671248999999,44.0,,41.0,19.0,43.0,66.0,,30044.0,1926.0,Diorita,UP,Diorita,,,3
1140253,QUI-CA205,pXRF_2026,734763.389,5971204.042025,-36.375651,-72.383015,157.938277999999,39.0,,70.0,43.0,25.0,,,30603.0,2082.0,Granito,UP,Granito,,,3
1140254,QUI-CA206,pXRF_2026,737734.81,5971204.042025,-36.374921,-72.349923,161.351334,31.0,,160.0,81.0,35.0,108.0,,33940.0,2246.0,Granito,UP,Granito,,,3
1140255,QUI-CA207,pXRF_2026,735070.701,5971744.220398,-36.370711,-72.379756,131.394973999999,32.0,,121.0,41.0,38.0,67.0,,17147.0,1565.0,Granito,UP,Granito,,,3
1140256,QUI-CA207,pXRF_2026,735070.701,5971744.220398,-36.370711,-72.379756,131.394973999999,29.0,,57.0,21.0,32.0,,,16545.0,1401.0,Granito,UP,Granito,,,3
1140257,QUI-CA208,pXRF_2026,734044.742,5972947.451187,-36.360125,-72.391543,187.236022999999,62.0,,101.0,36.0,37.0,89.0,,32728.0,4269.0,Granito,UP,Granito,,,3
1140258,QUI-CA208,pXRF_2026,734044.742,5972947.451187,-36.360125,-72.391543,187.236022999999,57.0,,137.0,52.0,42.0,102.0,,30043.0,2319.0,Granito,UP,Granito,,,3
1139759,QUI-CA209,pXRF_2026,734169.802,5974628.054149,-36.344959,-72.390656,117.220016,23.0,,62.0,35.0,34.0,,,27918.0,2722.0,Granito,UP,Granito,,,3
1139760,QUI-CA210,pXRF_2026,734138.366,5971118.364138,-36.376575,-72.38995,173.095046999999,32.0,,21.0,,42.0,,,30388.0,1605.0,Granito,UP,Granito,,,3
1139761,QUI-CA210,pXRF_2026,734138.366,5971118.364138,-36.376575,-72.38995,173.095046999999,45.0,,81.0,44.0,55.0,94.0,,24681.0,1945.0,Granito,UP,Granito,,,3
1139762,QUI-CA211,pXRF_2026,744100.369972,6017244.781863,-35.958704,-72.29334,176.723145,113.0,,158.0,102.0,55.0,93.0,,26143.0,2000.0,Granito,UP,Granito,,,3
1139763,QUI-CA212,pXRF_2026,746854.669921,6019327.631186,-35.939254,-72.263478,220.441681,125.0,,143.0,123.0,49.0,78.0,,38638.0,2560.0,Granito,UP,Granito,,,3
1139764,QUI-CA212,pXRF_2026,746854.669921,6019327.631186,-35.939254,-72.263478,220.441681,130.0,,258.0,174.0,42.0,183.0,,49568.0,3450.0,Granito,UP,Granito,,,3
1139765,QUI-CA213,pXRF_2026,749289.150388,6021711.598704,-35.917167,-72.237266,191.379623,26.0,,66.0,,32.0,,,29320.0,2254.0,Granito,UP (CC),Granito,,,3
1139766,QUI-CA214,pXRF_2026,753444.214263,6024425.127969,-35.891663,-72.192131,212.523438,43.0,,127.0,50.0,36.0,123.0,,17019.0,819.0,Granito,UP,Granito,,,3
1139767,QUI-CA215,pXRF_2026,753470.782704,6024459.787775,-35.891344,-72.191848,210.220215,43.0,,110.0,71.0,32.0,,,23505.0,1935.0,Granito,UP,Granito,,,3
1139768,QUI-CA216,pXRF_2026,754506.793587,6025158.738897,-35.884781,-72.180606,157.162521,36.0,,101.0,48.0,34.0,64.0,,31449.0,2024.0,Granito,UP,Granito,,,3
1139769,QUI-CA217,pXRF_2026,755519.32884,6026541.985317,-35.872061,-72.169845,206.67955,31.0,,106.0,87.0,31.0,87.0,,19611.0,1049.0,Granito,UP,Granito,,,3
1139770,QUI-CA218,pXRF_2026,759934.90721,6036755.886767,-35.778925,-72.124315,161.185242,39.0,,106.0,77.0,42.0,71.0,,33368.0,2184.0,Granito,UP,Granito,,,3
1139771,QUI-CA219,pXRF_2026,759586.260365,6037077.504545,-35.776121,-72.128272,221.594971,39.0,,107.0,35.0,46.0,,,31081.0,2593.0,Granito,UP,Granito,,,3
1139772,QUI-CA220,pXRF_2026,757768.624274,6039267.522679,-35.756878,-72.149062,178.630585,26.0,,27.0,29.0,30.0,66.0,,6319.0,1540.0,Granito,UP,Granito,,,3
1139773,QUI-CA220,pXRF_2026,757768.624274,6039267.522679,-35.756878,-72.149062,178.630585,21.0,,70.0,,19.0,,,5953.0,1877.0,Granito,UP,Granito,,,3
1139774,QUI-CA221,pXRF_2026,754071.94778,6036441.644161,-35.783288,-72.189007,199.053375,42.0,,83.0,37.0,24.0,81.0,,22687.0,1121.0,Granito,UP,Granito,,,3
1139775,QUI-CA221,pXRF_2026,754071.94778,6036441.644161,-35.783288,-72.189007,199.053375,52.0,,91.0,62.0,32.0,80.0,,21682.0,1288.0,Granito,UP,Granito,,,3
1139776,QUI-CA221,pXRF_2026,754071.94778,6036441.644161,-35.783288,-72.189007,199.053375,48.0,,94.0,34.0,24.0,95.0,,23802.0,1279.0,Granito,UP,Granito,,,3
1139777,QUI-CA221,pXRF_2026,754071.94778,6036441.644161,-35.783288,-72.189007,199.053375,41.0,,104.0,37.0,25.0,,,20157.0,1346.0,Granito,UP,Granito,,,3
1139778,QUI-CA221,pXRF_2026,754071.94778,6036441.644161,-35.783288,-72.189007,199.053375,36.0,,89.0,38.0,23.0,83.0,,18820.0,981.0,Granito,UP,Granito,,,3
1139779,QUI-CA221,pXRF_2026,754071.94778,6036441.644161,-35.783288,-72.189007,199.053375,40.0,,107.0,42.0,22.0,112.0,,18384.0,984.0,Granito,UP,Granito,,,3
1139780,QUI-CA222,pXRF_2026,753692.466703,6033104.871274,-35.813435,-72.192143,156.29953,27.0,,70.0,39.0,25.0,73.0,,26154.0,1874.0,Granito,UP,Granito,,,3
1139781,QUI-CA223,pXRF_2026,752273.337786,6030811.237344,-35.834456,-72.207109,215.173233,61.0,,66.0,31.0,51.0,,,32897.0,2420.0,Granito,UP,Granito,,,3
1139782,QUI-CA223,pXRF_2026,752273.337786,6030811.237344,-35.834456,-72.207109,215.173233,47.0,,57.0,41.0,20.0,,,29978.0,2298.0,Granito,UP,Granito,,,3
1139783,QUI-CA224,pXRF_2026,752233.798598,6028433.581354,-35.855878,-72.206795,188.914902,63.0,,119.0,72.0,24.0,,,27649.0,2085.0,Granito,UP,Granito,,,3
1139784,QUI-CA225,pXRF_2026,751050.989498,6026237.334458,-35.87596,-72.219188,245.81192,21.0,,23.0,30.0,39.0,68.0,,32341.0,2453.0,Granito,UP,Granito,,,3
1139785,QUI-CA226,pXRF_2026,749947.493537,6023989.528624,-35.896485,-72.230693,290.842285,26.0,,103.0,,44.0,94.0,,27182.0,1970.0,Granito,UP,Granito,,,3
1139786,QUI-CA227,pXRF_2026,748592.706894,6023426.447628,-35.901901,-72.245512,247.205154,31.0,,77.0,36.0,35.0,,,21752.0,1634.0,Granito,UP,Granito,,,3
1139787,QUI-CA228,pXRF_2026,747522.431763,6024646.374436,-35.891186,-72.257738,247.23642,51.0,,97.0,60.0,41.0,108.0,,19434.0,1540.0,Granito,LP (CC),Granito,,,3
1139788,QUI-CA228,pXRF_2026,747522.431763,6024646.374436,-35.891186,-72.257738,247.23642,69.0,,113.0,66.0,45.0,93.0,,20550.0,1696.0,Granito,UP (CC),Granito,,,3
1139789,QUI-CA228,pXRF_2026,747522.431763,6024646.374436,-35.891186,-72.257738,247.23642,59.0,,117.0,68.0,48.0,93.0,,18934.0,1273.0,Granito,UP (CC),Granito,,,3
1139790,QUI-CA229,pXRF_2026,748463.01793,6022675.246106,-35.908699,-72.246713,182.656601,85.0,,124.0,84.0,37.0,101.0,,35194.0,2638.0,Granito,UP,Granito,,,3
1139791,QUI-CA230,pXRF_2026,743482.010501,6024949.663416,-35.889468,-72.302549,174.30014,25.0,,72.0,45.0,37.0,96.0,,16119.0,1216.0,Granito,UP,Granito,,,3
1139792,QUI-CA231,pXRF_2026,742312.088792,6027494.165791,-35.866842,-72.316271,151.934036,44.0,,73.0,70.0,41.0,74.0,,31698.0,3005.0,Granito,UP,Granito,,,3
1139793,QUI-CA232,pXRF_2026,741147.997146,6028197.587315,-35.860794,-72.329364,193.835159,35.0,,114.0,40.0,39.0,85.0,,35935.0,2148.0,Granito,UP,Granito,,,3
1139794,QUI-CA233,pXRF_2026,739885.368922,6028647.590728,-35.857051,-72.343469,210.208954,36.0,,53.0,28.0,34.0,70.0,,46358.0,3626.0,Granito,UP,Granito,,,3
1139795,QUI-CA233,pXRF_2026,739885.368922,6028647.590728,-35.857051,-72.343469,210.208954,31.0,,69.0,25.0,44.0,74.0,,48962.0,3046.0,Granito,UP,Granito,,,3
1139796,QUI-CA233,pXRF_2026,739885.368922,6028647.590728,-35.857051,-72.343469,210.208954,31.0,,70.0,19.0,38.0,,,40641.0,2430.0,Granito,UP,Granito,,,3
1139797,QUI-CA234,pXRF_2026,738386.952031,6029618.731427,-35.84867,-72.360337,324.385864,18.0,,37.0,,50.0,,,45539.0,3809.0,Granito,UP,Granito,,,3
1139798,QUI-CA234,pXRF_2026,738386.952031,6029618.731427,-35.84867,-72.360337,324.385864,16.0,,18.0,,39.0,,,41655.0,1783.0,Granito,UP,Granito,,,3
1139799,QUI-CA235,pXRF_2026,737025.024729,6029849.699003,-35.84692,-72.375472,438.738586,38.0,,122.0,61.0,39.0,,,17517.0,1060.0,Granito,UP,Granito,,,3
1139800,QUI-CA236,pXRF_2026,743716.167,6026298.388,-35.877263,-72.30037,197.997481999999,48.0,,166.0,107.0,40.0,126.0,,20470.0,1639.0,Granito,UP,Granito,,,3
1139801,QUI-CA236,pXRF_2026,743716.167,6026298.388,-35.877263,-72.30037,197.997481999999,41.0,,138.0,81.0,38.0,,,21293.0,1753.0,Granito,UP,Granito,,,3
1139802,QUI-CA236,pXRF_2026,743716.167,6026298.388,-35.877263,-72.30037,197.997481999999,53.0,,197.0,92.0,38.0,104.0,,12983.0,1148.0,Granito,UP,Granito,,,3
1139803,QUI-CA237,pXRF_2026,744000.75,6029351.78,-35.849693,-72.298155,191.499908,33.0,,95.0,29.0,26.0,61.0,,38710.0,2780.0,Granito,UP,Granito,,,3
1139804,QUI-CA238,pXRF_2026,743904.221,6030128.031,-35.842726,-72.29946,217.221496999999,38.0,,83.0,28.0,27.0,81.0,,38825.0,2869.0,Granito,UP,Granito,,,3
1139805,QUI-CA238,pXRF_2026,743904.221,6030128.031,-35.842726,-72.29946,217.221496999999,143.0,,211.0,234.0,33.0,195.0,,38718.0,2598.0,Granito,UP,Granito,,,3
1139806,QUI-CA239,pXRF_2026,743875.334,6030224.541,-35.841864,-72.299809,207.214293999999,34.0,,77.0,28.0,38.0,69.0,,34911.0,2698.0,Granito,UP,Granito,,,3
1139807,QUI-CA239,pXRF_2026,743875.334,6030224.541,-35.841864,-72.299809,207.214293999999,36.0,,78.0,28.0,38.0,,,34354.0,2381.0,Granito,UP,Granito,,,3
1139808,QUI-CA240,pXRF_2026,743299.673,6030764.726,-35.837142,-72.306341,181.484619,46.0,,121.0,62.0,33.0,92.0,,41444.0,3179.0,Granito,UP,Granito,,,3
1139809,QUI-CA240,pXRF_2026,743299.673,6030764.726,-35.837142,-72.306341,181.484619,43.0,,107.0,62.0,38.0,69.0,,36109.0,2940.0,Granito,UP,Granito,,,3
1139810,QUI-CA240,pXRF_2026,743299.673,6030764.726,-35.837142,-72.306341,181.484619,41.0,,128.0,49.0,23.0,78.0,,35950.0,2638.0,Granito,LP/US,Granito,,,3
1139811,QUI-CA240,pXRF_2026,743299.673,6030764.726,-35.837142,-72.306341,181.484619,43.0,,114.0,64.0,30.0,64.0,,37332.0,2712.0,Granito,LP/US,Granito,,,3
1139812,QUI-CA240,pXRF_2026,743299.673,6030764.726,-35.837142,-72.306341,181.484619,33.0,,139.0,68.0,28.0,89.0,,31570.0,2413.0,Granito,SP,Granito,,,3
1139813,QUI-CA241,pXRF_2026,743680.033,6033007.137,-35.816852,-72.302818,224.804778999999,45.0,,94.0,57.0,43.0,82.0,,47438.0,2963.0,Granito,UP,Granito,,,3
1139814,QUI-CA242,pXRF_2026,744302.007,6037410.707,-35.777038,-72.297285,374.363067999999,54.0,,75.0,25.0,53.0,71.0,,11402.0,775.0,Granodiorita,UP,Granodiorita,,,3
1139815,QUI-CA243,pXRF_2026,748329.436,6041181.086,-35.742073,-72.253943,195.741637999999,33.0,,113.0,35.0,35.0,68.0,,24402.0,2100.0,Granito,UP,Granito,,,3
1139816,QUI-CA244,pXRF_2026,748542.073,6041813.705,-35.736322,-72.25179,200.467299999999,51.0,,158.0,91.0,33.0,126.0,,26586.0,1771.0,Granito,UP,Granito,,,3
1139817,QUI-CA245,pXRF_2026,749383.403,6042271.429,-35.731987,-72.242639,149.427399,53.0,,120.0,51.0,42.0,101.0,,30257.0,2013.0,Granito,UP,Granito,,,3
1139818,QUI-CA245,pXRF_2026,749383.403,6042271.429,-35.731987,-72.242639,149.427399,54.0,,116.0,20.0,25.0,,,6161.0,276.0,Granito,UP,Granito,,,3
1139819,QUI-CA246,pXRF_2026,754490.417,6039781.949,-35.753099,-72.185443,199.76239,53.0,,145.0,67.0,26.0,106.0,,26790.0,1463.0,Granito,UP,Granito,,,3
1139820,QUI-CA247,pXRF_2026,754353.891,6031061.611,-35.831664,-72.18418,172.107651,34.0,,86.0,49.0,35.0,64.0,,28315.0,2812.0,Granito,UP,Granito,,,3
1139821,QUI-CA248,pXRF_2026,755709.745,6030032.701,-35.840577,-72.168857,169.866135,43.0,,103.0,40.0,31.0,82.0,,20222.0,1462.0,Granito,UP (CC),Granito,,,3
1139822,QUI-CA248,pXRF_2026,755709.745,6030032.701,-35.840577,-72.168857,169.866135,68.0,,147.0,60.0,52.0,64.0,,15987.0,1237.0,Granito,UP (CC),Granito,,,3
1139823,QUI-CA248,pXRF_2026,755709.745,6030032.701,-35.840577,-72.168857,169.866135,59.0,,77.0,47.0,28.0,88.0,,16611.0,1139.0,Granito,UP (CC),Granito,,,3
1139824,QUI-CA248,pXRF_2026,755709.745,6030032.701,-35.840577,-72.168857,169.866135,56.0,,109.0,61.0,37.0,72.0,,19011.0,1208.0,Granito,UP (CC),Granito,,,3
1139825,QUI-CA249,pXRF_2026,751707.334,6030393.983,-35.838359,-72.213237,168.769302,59.0,,132.0,59.0,43.0,90.0,,41255.0,3027.0,Granito,UP,Granito,,,3
1139826,QUI-CA250,pXRF_2026,748519.349,6027183.702,-35.868083,-72.247496,287.407470999999,52.0,,155.0,56.0,37.0,71.0,,34791.0,2386.0,Granito,UP,Granito,,,3
1139827,QUI-CA250,pXRF_2026,748519.349,6027183.702,-35.868083,-72.247496,287.407470999999,63.0,,111.0,74.0,35.0,97.0,,32510.0,2214.0,Granito,UP,Granito,,,3
