{"type": "FeatureCollection", "features": [{"type": "Feature", "geometry": {"type": "Point", "coordinates": [-72.306322, -36.093555]}, "properties": {"CP": "QUI-CA01", "SEMANA": 20.0, "IDSAMPLE": 1139859.0, "Elevation": 133.6, "Xm": 742515.307231, "Ym": 6002315.10216, "From_": 0.0, "To": 1.0, "HORIZONTE": "SR", "ROCA_CAJA": "Granito", "ESTRUCTURA": "", "RUMBO": "", "MANTEO": "", "MINERALES": "", "ALTERACION": "", "MINERALIZA": "", "COMENTARIO": "", "TAKEN_BY": "GMO", "SiO2": 18.0135, "SiO2_Err": 0.1916, "S": "< LOD", "S_Err": 1.185, "K": 2.0358, "K_Err": 0.7339, "Ca": 0.3311, "Ca_Err": 0.1111, "Ti": 0.9397, "Ti_Err": 0.1101, "V": "0.0246", "V_Err": 0.02, "Cr": "< LOD", "Cr_Err": 0.0108, "Mn": 0.1221, "Mn_Err": 0.0234, "Fe": 3.5706, "Fe_Err": 0.0752, "Co": "< LOD", "Co_Err": 0.0181, "Ni": "< LOD", "Ni_Err": 0.0038, "Cu": 0.0091, "Cu_Err": 0.002, "Zn": 0.0053, "Zn_Err": 0.0019, "Ga": "< LOD", "Ga_Err": 0.0041, "As_": "< LOD", "As_Err": 0.0059, "Se": "< LOD", "Se_Err": 0.0005, "Rb": 0.0112, "Rb_Err": 0.0013, "Sr": 0.0065, "Sr_Err": 0.0009, "Y_": 0.003, "Yppm": 30.0, "Ypond": 34.5, "Y_Err": 0.0005, "F59": "", "Zr": 0.0377, "Zr_Err": 0.0017, "Mo": "< LOD", "Mo_Err": 0.0047, "Pd": "< LOD", "Pd_Err": 0.0028, "Ag": "< LOD", "Ag_Err": 0.0172, "Cd": "< LOD", "Cd_Err": 0.0029, "In_": 0.0136, "In_Err": 0.0037, "Sn": "< LOD", "Sn_Err": 0.0052, "Sb": "< LOD", "Sb_Err": 0.0043, "Te": "< LOD", "Te_Err": 0.0013, "Ba": 0.061, "Ba_Err": 0.013, "W": "< LOD", "W_Err": 0.0031, "Pt": "", "Pt_Err": 0.0, "Au": "< LOD", "Au_Err": 0.0002, "Hg": "", "Hg_Err": 0.0, "Pb": "< LOD", "Pb_Err": 0.0023, "Bi": "< LOD", "Bi_Err": 0.002, "U": "0.0014"}}, {"type": "Feature", "geometry": {"type": "Point", "coordinates": [-72.306322, -36.093555]}, "properties": {"CP": "QUI-CA01", "SEMANA": 20.0, "IDSAMPLE": 1139860.0, "Elevation": 133.6, "Xm": 742515.307231, "Ym": 6002315.10216, "From_": 1.0, "To": 2.0, "HORIZONTE": "US", "ROCA_CAJA": "Granito", "ESTRUCTURA": "", "RUMBO": "", "MANTEO": "", "MINERALES": "", "ALTERACION": "", "MINERALIZA": "", "COMENTARIO": "", "TAKEN_BY": "GMO", "SiO2": 17.6004, "SiO2_Err": 0.1721, "S": "< LOD", "S_Err": 1.099, "K": 1.5078, "K_Err": 0.6461, "Ca": 0.2134, "Ca_Err": 0.0883, "Ti": 0.7081, "Ti_Err": 0.0987, "V": "< LOD", "V_Err": 0.018, "Cr": "< LOD", "Cr_Err": 0.0097, "Mn": 0.0812, "Mn_Err": 0.0197, "Fe": 2.8376, "Fe_Err": 0.0708, "Co": "< LOD", "Co_Err": 0.0144, "Ni": "< LOD", "Ni_Err": 0.0031, "Cu": 0.0059, "Cu_Err": 0.0019, "Zn": 0.0038, "Zn_Err": 0.0017, "Ga": "< LOD", "Ga_Err": 0.0035, "As_": "< LOD", "As_Err": 0.0065, "Se": "< LOD", "Se_Err": 0.0006, "Rb": 0.0137, "Rb_Err": 0.0014, "Sr": 0.007, "Sr_Err": 0.001, "Y_": 0.0031, "Yppm": 31.0, "Ypond": 35.65, "Y_Err": 0.0005, "F59": "", "Zr": 0.0348, "Zr_Err": 0.0017, "Mo": "< LOD", "Mo_Err": 0.0047, "Pd": "< LOD", "Pd_Err": 0.0027, "Ag": "< LOD", "Ag_Err": 0.0171, "Cd": "< LOD", "Cd_Err": 0.0032, "In_": 0.0303, "In_Err": 0.0042, "Sn": "", "Sn_Err": 0.0, "Sb": "< LOD", "Sb_Err": 0.0047, "Te": "0.0016", "Te_Err": 0.0015, "Ba": 0.1048, "Ba_Err": 0.0153, "W": "< LOD", "W_Err": 0.0027, "Pt": "< LOD", "Pt_Err": 0.0079, "Au": "< LOD", "Au_Err": 0.0002, "Hg": "", "Hg_Err": 0.0, "Pb": "< LOD", "Pb_Err": 0.0026, "Bi": "0.0026", "Bi_Err": 0.0023, "U": "0.0015"}}, {"type": "Feature", "geometry": {"type": "Point", "coordinates": [-72.306322, -36.093555]}, "properties": {"CP": "QUI-CA01", "SEMANA": 20.0, "IDSAMPLE": 1139861.0, "Elevation": 133.6, "Xm": 742515.307231, "Ym": 6002315.10216, "From_": 2.0, "To": 3.0, "HORIZONTE": "Lp", "ROCA_CAJA": "Granito", "ESTRUCTURA": "", "RUMBO": "", "MANTEO": "", "MINERALES": "", "ALTERACION": "", "MINERALIZA": "", "COMENTARIO": "", "TAKEN_BY": "GMO", "SiO2": 19.5528, "SiO2_Err": 0.1961, "S": "< LOD", "S_Err": 0.9917, "K": 1.9058, "K_Err": 0.6739, "Ca": 0.2468, "Ca_Err": 0.0951, "Ti": 0.7528, "Ti_Err": 0.099, "V": "< LOD", "V_Err": 0.0179, "Cr": "", "Cr_Err": 0.0, "Mn": 0.0403, "Mn_Err": 0.0152, "Fe": 3.126, "Fe_Err": 0.0758, "Co": "< LOD", "Co_Err": 0.0148, "Ni": "< LOD", "Ni_Err": 0.0032, "Cu": 0.0057, "Cu_Err": 0.0018, "Zn": 0.0045, "Zn_Err": 0.0019, "Ga": "< LOD", "Ga_Err": 0.0038, "As_": "< LOD", "As_Err": 0.0057, "Se": "< LOD", "Se_Err": 0.0005, "Rb": 0.0115, "Rb_Err": 0.0013, "Sr": 0.0081, "Sr_Err": 0.0011, "Y_": 0.002, "Yppm": 20.0, "Ypond": 23.0, "Y_Err": 0.0005, "F59": "", "Zr": 0.0237, "Zr_Err": 0.0015, "Mo": "< LOD", "Mo_Err": 0.0042, "Pd": "", "Pd_Err": 0.0, "Ag": "< LOD", "Ag_Err": 0.0155, "Cd": "< LOD", "Cd_Err": 0.003, "In_": 0.0092, "In_Err": 0.0038, "Sn": "< LOD", "Sn_Err": 0.0052, "Sb": "< LOD", "Sb_Err": 0.0042, "Te": "< LOD", "Te_Err": 0.0013, "Ba": 0.0724, "Ba_Err": 0.0134, "W": "< LOD", "W_Err": 0.0031, "Pt": "< LOD", "Pt_Err": 0.0072, "Au": "< LOD", "Au_Err": 0.0002, "Hg": "", "Hg_Err": 0.0, "Pb": "< LOD", "Pb_Err": 0.0024, "Bi": "< LOD", "Bi_Err": 0.002, "U": "0.0014"}}, {"type": "Feature", "geometry": {"type": "Point", "coordinates": [-72.306892, -36.093325]}, "properties": {"CP": "QUI-CA02", "SEMANA": 20.0, "IDSAMPLE": 1139862.0, "Elevation": 156.9, "Xm": 742464.684086, "Ym": 6002342.04373, "From_": 0.0, "To": 0.0, "HORIZONTE": "LP/US", "ROCA_CAJA": "Granito", "ESTRUCTURA": "", "RUMBO": "", "MANTEO": "", "MINERALES": "", "ALTERACION": "", "MINERALIZA": "", "COMENTARIO": "", "TAKEN_BY": "GMO", "SiO2": 12.1615, "SiO2_Err": 0.1514, "S": "< LOD", "S_Err": 0.8533, "K": 0.7626, "K_Err": 0.4936, "Ca": 0.192, "Ca_Err": 0.0862, "Ti": 0.6996, "Ti_Err": 0.097, "V": "", "V_Err": 0.0, "Cr": "< LOD", "Cr_Err": 0.0097, "Mn": 0.0428, "Mn_Err": 0.0172, "Fe": 8.2847, "Fe_Err": 0.163, "Co": "< LOD", "Co_Err": 0.0191, "Ni": "< LOD", "Ni_Err": 0.0033, "Cu": 0.0188, "Cu_Err": 0.003, "Zn": 0.0098, "Zn_Err": 0.0034, "Ga": "< LOD", "Ga_Err": 0.0032, "As_": "< LOD", "As_Err": 0.0087, "Se": "< LOD", "Se_Err": 0.0008, "Rb": 0.0075, "Rb_Err": 0.0015, "Sr": 0.0065, "Sr_Err": 0.0013, "Y_": 0.0031, "Yppm": 31.0, "Ypond": 35.65, "Y_Err": 0.0007, "F59": "", "Zr": 0.0226, "Zr_Err": 0.0019, "Mo": "< LOD", "Mo_Err": 0.0036, "Pd": "< LOD", "Pd_Err": 0.002, "Ag": "< LOD", "Ag_Err": 0.01, "Cd": "< LOD", "Cd_Err": 0.0039, "In_": 0.0264, "In_Err": 0.0051, "Sn": "< LOD", "Sn_Err": 0.007, "Sb": "< LOD", "Sb_Err": 0.0058, "Te": "0.0023", "Te_Err": 0.002, "Ba": 0.0619, "Ba_Err": 0.0196, "W": "< LOD", "W_Err": 0.0044, "Pt": "< LOD", "Pt_Err": 0.0062, "Au": "< LOD", "Au_Err": 0.0003, "Hg": "", "Hg_Err": 0.0, "Pb": "< LOD", "Pb_Err": 0.0033, "Bi": "< LOD", "Bi_Err": 0.0029, "U": "< LOD"}}, {"type": "Feature", "geometry": {"type": "Point", "coordinates": [-72.306963, -36.093923]}, "properties": {"CP": "QUI-CA03", "SEMANA": 20.0, "IDSAMPLE": 1139863.0, "Elevation": 142.1, "Xm": 742456.45353, "Ym": 6002275.86762, "From_": 0.0, "To": 1.0, "HORIZONTE": "US", "ROCA_CAJA": "Granito", "ESTRUCTURA": "", "RUMBO": "", "MANTEO": "", "MINERALES": "", "ALTERACION": "", "MINERALIZA": "", "COMENTARIO": "", "TAKEN_BY": "GMO", "SiO2": 14.1112, "SiO2_Err": 0.1355, "S": "< LOD", "S_Err": 1.1858, "K": 1.0496, "K_Err": 0.588, "Ca": 0.3767, "Ca_Err": 0.1124, "Ti": 0.3734, "Ti_Err": 0.0796, "V": "< LOD", "V_Err": 0.016, "Cr": "", "Cr_Err": 0.0, "Mn": 0.1419, "Mn_Err": 0.0252, "Fe": 3.4767, "Fe_Err": 0.0745, "Co": "< LOD", "Co_Err": 0.0172, "Ni": "< LOD", "Ni_Err": 0.0031, "Cu": 0.0056, "Cu_Err": 0.0018, "Zn": 0.005, "Zn_Err": 0.0018, "Ga": "0.0048", "Ga_Err": 0.004, "As_": "< LOD", "As_Err": 0.0057, "Se": "< LOD", "Se_Err": 0.0005, "Rb": 0.0111, "Rb_Err": 0.0013, "Sr": 0.0161, "Sr_Err": 0.0014, "Y_": 0.0039, "Yppm": 39.0, "Ypond": 44.85, "Y_Err": 0.0005, "F59": "", "Zr": 0.019, "Zr_Err": 0.0013, "Mo": "< LOD", "Mo_Err": 0.0049, "Pd": "< LOD", "Pd_Err": 0.0029, "Ag": "< LOD", "Ag_Err": 0.0183, "Cd": "< LOD", "Cd_Err": 0.003, "In_": 0.0257, "In_Err": 0.004, "Sn": "< LOD", "Sn_Err": 0.0054, "Sb": "< LOD", "Sb_Err": 0.0044, "Te": "< LOD", "Te_Err": 0.0014, "Ba": 0.0854, "Ba_Err": 0.0142, "W": "< LOD", "W_Err": 0.0028, "Pt": "< LOD", "Pt_Err": 0.0082, "Au": "< LOD", "Au_Err": 0.0002, "Hg": "", "Hg_Err": 0.0, "Pb": "< LOD", "Pb_Err": 0.0025, "Bi": "0.0025", "Bi_Err": 0.0022, "U": "0.0016"}}, {"type": "Feature", "geometry": {"type": "Point", "coordinates": [-72.306963, -36.093923]}, "properties": {"CP": "QUI-CA03", "SEMANA": 20.0, "IDSAMPLE": 1139864.0, "Elevation": 142.1, "Xm": 742456.45353, "Ym": 6002275.86762, "From_": 1.0, "To": 2.0, "HORIZONTE": "LP", "ROCA_CAJA": "Granito", "ESTRUCTURA": "", "RUMBO": "", "MANTEO": "", "MINERALES": "", "ALTERACION": "", "MINERALIZA": "", "COMENTARIO": "", "TAKEN_BY": "GMO", "SiO2": 21.8769, "SiO2_Err": 0.2754, "S": "< LOD", "S_Err": 1.164, "K": 1.8699, "K_Err": 0.706, "Ca": 0.5048, "Ca_Err": 0.128, "Ti": 0.9319, "Ti_Err": 0.1109, "V": "0.024", "V_Err": 0.02, "Cr": "< LOD", "Cr_Err": 0.0115, "Mn": 0.1311, "Mn_Err": 0.0244, "Fe": 5.6247, "Fe_Err": 0.1007, "Co": "< LOD", "Co_Err": 0.0219, "Ni": "< LOD", "Ni_Err": 0.004, "Cu": 0.0108, "Cu_Err": 0.0017, "Zn": 0.009, "Zn_Err": 0.0024, "Ga": "0.0062", "Ga_Err": 0.0045, "As_": "< LOD", "As_Err": 0.0057, "Se": "< LOD", "Se_Err": 0.0005, "Rb": 0.0095, "Rb_Err": 0.0012, "Sr": 0.0126, "Sr_Err": 0.0013, "Y_": 0.0038, "Yppm": 38.0, "Ypond": 43.7, "Y_Err": 0.0006, "F59": "", "Zr": 0.0366, "Zr_Err": 0.0017, "Mo": "< LOD", "Mo_Err": 0.0047, "Pd": "< LOD", "Pd_Err": 0.0028, "Ag": "< LOD", "Ag_Err": 0.0156, "Cd": "< LOD", "Cd_Err": 0.0029, "In_": 0.0142, "In_Err": 0.0037, "Sn": "< LOD", "Sn_Err": 0.0052, "Sb": "< LOD", "Sb_Err": 0.0042, "Te": "< LOD", "Te_Err": 0.0014, "Ba": 0.0823, "Ba_Err": 0.014, "W": "< LOD", "W_Err": 0.003, "Pt": "< LOD", "Pt_Err": 0.0081, "Au": "< LOD", "Au_Err": 0.0002, "Hg": "", "Hg_Err": 0.0, "Pb": "< LOD", "Pb_Err": 0.0023, "Bi": "0.0025", "Bi_Err": 0.0022, "U": "0.0017"}}, {"type": "Feature", "geometry": {"type": "Point", "coordinates": [-72.306963, -36.093923]}, "properties": {"CP": "QUI-CA03", "SEMANA": 20.0, "IDSAMPLE": 1139865.0, "Elevation": 142.1, "Xm": 742456.45353, "Ym": 6002275.86762, "From_": 2.0, "To": 3.0, "HORIZONTE": "LP", "ROCA_CAJA": "Granito", "ESTRUCTURA": "", "RUMBO": "", "MANTEO": "", "MINERALES": "", "ALTERACION": "", "MINERALIZA": "", "COMENTARIO": "", "TAKEN_BY": "GMO", "SiO2": 21.4876, "SiO2_Err": 0.233, "S": "< LOD", "S_Err": 1.0269, "K": 1.6618, "K_Err": 0.7122, "Ca": 0.3183, "Ca_Err": 0.1064, "Ti": 0.7262, "Ti_Err": 0.0957, "V": "0.0242", "V_Err": 0.0174, "Cr": "", "Cr_Err": 0.0, "Mn": 0.1534, "Mn_Err": 0.0253, "Fe": 3.7711, "Fe_Err": 0.0759, "Co": "< LOD", "Co_Err": 0.0184, "Ni": "< LOD", "Ni_Err": 0.0032, "Cu": 0.0052, "Cu_Err": 0.0015, "Zn": 0.0066, "Zn_Err": 0.0019, "Ga": "0.0048", "Ga_Err": 0.0039, "As_": "< LOD", "As_Err": 0.005, "Se": "< LOD", "Se_Err": 0.0004, "Rb": 0.0077, "Rb_Err": 0.001, "Sr": 0.0078, "Sr_Err": 0.001, "Y_": 0.0026, "Yppm": 26.0, "Ypond": 29.9, "Y_Err": 0.0004, "F59": "", "Zr": 0.015, "Zr_Err": 0.0011, "Mo": "< LOD", "Mo_Err": 0.0047, "Pd": "< LOD", "Pd_Err": 0.0029, "Ag": "< LOD", "Ag_Err": 0.0172, "Cd": "< LOD", "Cd_Err": 0.0027, "In_": 0.0068, "In_Err": 0.0034, "Sn": "< LOD", "Sn_Err": 0.0047, "Sb": "< LOD", "Sb_Err": 0.0037, "Te": "< LOD", "Te_Err": 0.0012, "Ba": 0.0351, "Ba_Err": 0.0115, "W": "< LOD", "W_Err": 0.0027, "Pt": "< LOD", "Pt_Err": 0.0082, "Au": "< LOD", "Au_Err": 0.0002, "Hg": "", "Hg_Err": 0.0, "Pb": "0.0022", "Pb_Err": 0.0022, "Bi": "0.0053", "Bi_Err": 0.0022, "U": "0.0013"}}, {"type": "Feature", "geometry": {"type": "Point", "coordinates": [-72.306963, -36.093923]}, "properties": {"CP": "QUI-CA03", "SEMANA": 20.0, "IDSAMPLE": 1139866.0, "Elevation": 142.1, "Xm": 742456.45353, "Ym": 6002275.86762, "From_": 3.0, "To": 4.0, "HORIZONTE": "LP", "ROCA_CAJA": "Granito", "ESTRUCTURA": "", "RUMBO": "", "MANTEO": "", "MINERALES": "", "ALTERACION": "", "MINERALIZA": "", "COMENTARIO": "", "TAKEN_BY": "GMO", "SiO2": 11.6047, "SiO2_Err": 0.1038, "S": "< LOD", "S_Err": 1.0082, "K": 0.67, "K_Err": 0.4837, "Ca": 0.2365, "Ca_Err": 0.0909, "Ti": 0.3616, "Ti_Err": 0.072, "V": "", "V_Err": 0.0, "Cr": "< LOD", "Cr_Err": 0.0087, "Mn": 0.0429, "Mn_Err": 0.0162, "Fe": 3.2357, "Fe_Err": 0.0798, "Co": "< LOD", "Co_Err": 0.0142, "Ni": "< LOD", "Ni_Err": 0.0029, "Cu": 0.0045, "Cu_Err": 0.0018, "Zn": 0.0067, "Zn_Err": 0.0022, "Ga": "0.0035", "Ga_Err": 0.0034, "As_": "< LOD", "As_Err": 0.006, "Se": "< LOD", "Se_Err": 0.0005, "Rb": 0.0093, "Rb_Err": 0.0013, "Sr": 0.0144, "Sr_Err": 0.0014, "Y_": 0.0024, "Yppm": 24.0, "Ypond": 27.6, "Y_Err": 0.0005, "F59": "", "Zr": 0.0135, "Zr_Err": 0.0013, "Mo": "< LOD", "Mo_Err": 0.0042, "Pd": "", "Pd_Err": 0.0, "Ag": "< LOD", "Ag_Err": 0.0154, "Cd": "< LOD", "Cd_Err": 0.0032, "In_": 0.0159, "In_Err": 0.0041, "Sn": "< LOD", "Sn_Err": 0.0057, "Sb": "< LOD", "Sb_Err": 0.0049, "Te": "< LOD", "Te_Err": 0.0016, "Ba": 0.0322, "Ba_Err": 0.0138, "W": "< LOD", "W_Err": 0.0028, "Pt": "< LOD", "Pt_Err": 0.0071, "Au": "< LOD", "Au_Err": 0.0002, "Hg": "< LOD", "Hg_Err": 0.0012, "Pb": "< LOD", "Pb_Err": 0.0024, "Bi": "0.0033", "Bi_Err": 0.0023, "U": "0.0013"}}, {"type": "Feature", "geometry": {"type": "Point", "coordinates": [-72.331942, -36.096313]}, "properties": {"CP": "QUI-CA05", "SEMANA": 20.0, "IDSAMPLE": 1139867.0, "Elevation": 357.0, "Xm": 740199.78922, "Ym": 6002072.65932, "From_": 0.0, "To": 0.3, "HORIZONTE": "UP", "ROCA_CAJA": "Granito", "ESTRUCTURA": "", "RUMBO": "", "MANTEO": "", "MINERALES": "", "ALTERACION": "", "MINERALIZA": "", "COMENTARIO": "", "TAKEN_BY": "GMO", "SiO2": 25.0743, "SiO2_Err": 0.2911, "S": "< LOD", "S_Err": 1.0761, "K": 2.4684, "K_Err": 0.8236, "Ca": 0.4064, "Ca_Err": 0.1139, "Ti": 0.6371, "Ti_Err": 0.0917, "V": "< LOD", "V_Err": 0.0167, "Cr": "< LOD", "Cr_Err": 0.0104, "Mn": 0.0837, "Mn_Err": 0.0199, "Fe": 3.3548, "Fe_Err": 0.0727, "Co": "< LOD", "Co_Err": 0.0168, "Ni": "< LOD", "Ni_Err": 0.0034, "Cu": 0.0066, "Cu_Err": 0.002, "Zn": 0.0062, "Zn_Err": 0.0019, "Ga": "0.0049", "Ga_Err": 0.0042, "As_": "< LOD", "As_Err": 0.0052, "Se": "< LOD", "Se_Err": 0.0005, "Rb": 0.0148, "Rb_Err": 0.0014, "Sr": 0.0057, "Sr_Err": 0.0009, "Y_": 0.0043, "Yppm": 43.0, "Ypond": 49.45, "Y_Err": 0.0005, "F59": "", "Zr": 0.0408, "Zr_Err": 0.0017, "Mo": "< LOD", "Mo_Err": 0.0047, "Pd": "< LOD", "Pd_Err": 0.0029, "Ag": "< LOD", "Ag_Err": 0.0171, "Cd": "< LOD", "Cd_Err": 0.0028, "In_": 0.0104, "In_Err": 0.0035, "Sn": "< LOD", "Sn_Err": 0.0049, "Sb": "< LOD", "Sb_Err": 0.0039, "Te": "< LOD", "Te_Err": 0.0012, "Ba": 0.0629, "Ba_Err": 0.0122, "W": "< LOD", "W_Err": 0.0024, "Pt": "< LOD", "Pt_Err": 0.0077, "Au": "< LOD", "Au_Err": 0.0002, "Hg": "", "Hg_Err": 0.0, "Pb": "< LOD", "Pb_Err": 0.0022, "Bi": "0.0021", "Bi_Err": 0.002, "U": "0.0019"}}, {"type": "Feature", "geometry": {"type": "Point", "coordinates": [-72.496486, -36.230798]}, "properties": {"CP": "QUI-CA09", "SEMANA": 20.0, "IDSAMPLE": 1139868.0, "Elevation": 433.448914, "Xm": 724998.263099, "Ym": 5987545.78049, "From_": 0.0, "To": 0.5, "HORIZONTE": "UP", "ROCA_CAJA": "Granodiorita", "ESTRUCTURA": "", "RUMBO": "", "MANTEO": "", "MINERALES": "", "ALTERACION": "1Kaol", "MINERALIZA": "1 OxFe", "COMENTARIO": "", "TAKEN_BY": "GMO", "SiO2": 18.4105, "SiO2_Err": 0.1864, "S": "< LOD", "S_Err": 1.123, "K": 1.6719, "K_Err": 0.6697, "Ca": 0.2378, "Ca_Err": 0.0911, "Ti": 0.4381, "Ti_Err": 0.0773, "V": "< LOD", "V_Err": 0.015, "Cr": "< LOD", "Cr_Err": 0.0096, "Mn": 0.1193, "Mn_Err": 0.0227, "Fe": 2.7434, "Fe_Err": 0.0646, "Co": "< LOD", "Co_Err": 0.0158, "Ni": "< LOD", "Ni_Err": 0.0032, "Cu": 0.0081, "Cu_Err": 0.002, "Zn": 0.006, "Zn_Err": 0.0019, "Ga": "0.0051", "Ga_Err": 0.0044, "As_": "< LOD", "As_Err": 0.005, "Se": "< LOD", "Se_Err": 0.0004, "Rb": 0.0111, "Rb_Err": 0.0012, "Sr": 0.0029, "Sr_Err": 0.0007, "Y_": 0.004, "Yppm": 40.0, "Ypond": 46.0, "Y_Err": 0.0005, "F59": "", "Zr": 0.0619, "Zr_Err": 0.002, "Mo": "< LOD", "Mo_Err": 0.0048, "Pd": "< LOD", "Pd_Err": 0.0029, "Ag": "< LOD", "Ag_Err": 0.0176, "Cd": "< LOD", "Cd_Err": 0.0027, "In_": 0.0071, "In_Err": 0.0034, "Sn": "< LOD", "Sn_Err": 0.0048, "Sb": "< LOD", "Sb_Err": 0.0038, "Te": "< LOD", "Te_Err": 0.0012, "Ba": 0.041, "Ba_Err": 0.0115, "W": "< LOD", "W_Err": 0.0027, "Pt": "", "Pt_Err": 0.0, "Au": "< LOD", "Au_Err": 0.0002, "Hg": "", "Hg_Err": 0.0, "Pb": "< LOD", "Pb_Err": 0.002, "Bi": "0.0024", "Bi_Err": 0.0019, "U": "0.0017"}}, {"type": "Feature", "geometry": {"type": "Point", "coordinates": [-72.482195, -36.230967]}, "properties": {"CP": "QUI-CA10", "SEMANA": 20.0, "IDSAMPLE": 1139869.0, "Elevation": 252.33049, "Xm": 726282.403376, "Ym": 5987493.77427, "From_": 0.0, "To": 1.0, "HORIZONTE": "LP", "ROCA_CAJA": "Granodiorita", "ESTRUCTURA": "", "RUMBO": "", "MANTEO": "", "MINERALES": "", "ALTERACION": "2Kaol", "MINERALIZA": "2OxFe", "COMENTARIO": "", "TAKEN_BY": "GMO", "SiO2": 19.2852, "SiO2_Err": 0.1832, "S": "< LOD", "S_Err": 1.2114, "K": 1.2645, "K_Err": 0.6086, "Ca": 0.1366, "Ca_Err": 0.0792, "Ti": 0.5615, "Ti_Err": 0.0843, "V": "< LOD", "V_Err": 0.0144, "Cr": "", "Cr_Err": 0.0, "Mn": 0.0153, "Mn_Err": 0.0124, "Fe": 2.0793, "Fe_Err": 0.0525, "Co": "< LOD", "Co_Err": 0.0145, "Ni": "< LOD", "Ni_Err": 0.0032, "Cu": 0.0045, "Cu_Err": 0.0016, "Zn": 0.0052, "Zn_Err": 0.0017, "Ga": "0.0046", "Ga_Err": 0.0045, "As_": "< LOD", "As_Err": 0.0047, "Se": "< LOD", "Se_Err": 0.0004, "Rb": 0.0064, "Rb_Err": 0.0009, "Sr": 0.0016, "Sr_Err": 0.0005, "Y_": 0.0039, "Yppm": 39.0, "Ypond": 44.85, "Y_Err": 0.0005, "F59": "", "Zr": 0.0572, "Zr_Err": 0.0018, "Mo": "< LOD", "Mo_Err": 0.005, "Pd": "< LOD", "Pd_Err": 0.003, "Ag": "< LOD", "Ag_Err": 0.0191, "Cd": "< LOD", "Cd_Err": 0.0026, "In_": 0.0075, "In_Err": 0.0033, "Sn": "< LOD", "Sn_Err": 0.0046, "Sb": "< LOD", "Sb_Err": 0.0036, "Te": "< LOD", "Te_Err": 0.0011, "Ba": 0.0165, "Ba_Err": 0.0104, "W": "< LOD", "W_Err": 0.0025, "Pt": "< LOD", "Pt_Err": 0.0081, "Au": "< LOD", "Au_Err": 0.0002, "Hg": "", "Hg_Err": 0.0, "Pb": "< LOD", "Pb_Err": 0.002, "Bi": "0.0021", "Bi_Err": 0.0017, "U": "< LOD"}}, {"type": "Feature", "geometry": {"type": "Point", "coordinates": [-72.458034, -36.229495]}, "properties": {"CP": "QUI-CA11", "SEMANA": 20.0, "IDSAMPLE": 1139870.0, "Elevation": 275.873505, "Xm": 728458.538049, "Ym": 5987600.33586, "From_": 0.0, "To": 0.7, "HORIZONTE": "UP", "ROCA_CAJA": "Granodiorita", "ESTRUCTURA": "", "RUMBO": "", "MANTEO": "", "MINERALES": "", "ALTERACION": "", "MINERALIZA": "", "COMENTARIO": "", "TAKEN_BY": "GMO", "SiO2": 16.1875, "SiO2_Err": 0.167, "S": "< LOD", "S_Err": 1.1869, "K": 0.8343, "K_Err": 0.5628, "Ca": 0.1796, "Ca_Err": 0.0855, "Ti": 0.699, "Ti_Err": 0.0943, "V": "0.0196", "V_Err": 0.0172, "Cr": "< LOD", "Cr_Err": 0.0103, "Mn": 0.1603, "Mn_Err": 0.0261, "Fe": 3.6165, "Fe_Err": 0.0776, "Co": "< LOD", "Co_Err": 0.0178, "Ni": "< LOD", "Ni_Err": 0.0039, "Cu": 0.0103, "Cu_Err": 0.0022, "Zn": 0.0052, "Zn_Err": 0.0019, "Ga": "0.005", "Ga_Err": 0.0044, "As_": "< LOD", "As_Err": 0.0057, "Se": "< LOD", "Se_Err": 0.0005, "Rb": 0.0094, "Rb_Err": 0.0012, "Sr": 0.0021, "Sr_Err": 0.0007, "Y_": 0.0034, "Yppm": 34.0, "Ypond": 39.1, "Y_Err": 0.0005, "F59": "", "Zr": 0.0551, "Zr_Err": 0.002, "Mo": "< LOD", "Mo_Err": 0.0047, "Pd": "< LOD", "Pd_Err": 0.0028, "Ag": "< LOD", "Ag_Err": 0.017, "Cd": "< LOD", "Cd_Err": 0.0029, "In_": 0.0147, "In_Err": 0.0037, "Sn": "< LOD", "Sn_Err": 0.0052, "Sb": "< LOD", "Sb_Err": 0.0043, "Te": "< LOD", "Te_Err": 0.0013, "Ba": 0.0206, "Ba_Err": 0.0123, "W": "< LOD", "W_Err": 0.0027, "Pt": "", "Pt_Err": 0.0, "Au": "< LOD", "Au_Err": 0.0002, "Hg": "", "Hg_Err": 0.0, "Pb": "0.0032", "Pb_Err": 0.0024, "Bi": "0.0025", "Bi_Err": 0.002, "U": "0.0015"}}, {"type": "Feature", "geometry": {"type": "Point", "coordinates": [-72.41566, -36.206673]}, "properties": {"CP": "QUI-CA13", "SEMANA": 20.0, "IDSAMPLE": 1139871.0, "Elevation": 202.502502, "Xm": 732335.142249, "Ym": 5990031.70195, "From_": 0.0, "To": 0.8, "HORIZONTE": "UP", "ROCA_CAJA": "Diorita", "ESTRUCTURA": "", "RUMBO": "", "MANTEO": "", "MINERALES": "", "ALTERACION": "1Kaol", "MINERALIZA": "4OxFe", "COMENTARIO": "talud barreno", "TAKEN_BY": "GMO", "SiO2": 11.8274, "SiO2_Err": 0.1529, "S": "< LOD", "S_Err": 0.9585, "K": 0.5793, "K_Err": 0.4734, "Ca": 0.5985, "Ca_Err": 0.1362, "Ti": 1.0364, "Ti_Err": 0.1136, "V": "0.0403", "V_Err": 0.0208, "Cr": "< LOD", "Cr_Err": 0.0106, "Mn": 0.1398, "Mn_Err": 0.0249, "Fe": 8.0479, "Fe_Err": 0.1489, "Co": "< LOD", "Co_Err": 0.0204, "Ni": "< LOD", "Ni_Err": 0.0045, "Cu": 0.0163, "Cu_Err": 0.0031, "Zn": 0.0062, "Zn_Err": 0.0026, "Ga": "< LOD", "Ga_Err": 0.0035, "As_": "< LOD", "As_Err": 0.0088, "Se": "< LOD", "Se_Err": 0.0008, "Rb": 0.0034, "Rb_Err": 0.0011, "Sr": 0.0152, "Sr_Err": 0.0018, "Y_": 0.004, "Yppm": 40.0, "Ypond": 46.0, "Y_Err": 0.0007, "F59": "", "Zr": 0.0151, "Zr_Err": 0.0016, "Mo": "< LOD", "Mo_Err": 0.0039, "Pd": "< LOD", "Pd_Err": 0.0022, "Ag": "< LOD", "Ag_Err": 0.0116, "Cd": "< LOD", "Cd_Err": 0.0038, "In_": 0.0361, "In_Err": 0.0051, "Sn": "", "Sn_Err": 0.0, "Sb": "< LOD", "Sb_Err": 0.006, "Te": "< LOD", "Te_Err": 0.0021, "Ba": 0.0349, "Ba_Err": 0.0191, "W": "< LOD", "W_Err": 0.0041, "Pt": "< LOD", "Pt_Err": 0.0072, "Au": "< LOD", "Au_Err": 0.0003, "Hg": "", "Hg_Err": 0.0, "Pb": "< LOD", "Pb_Err": 0.0032, "Bi": "< LOD", "Bi_Err": 0.0029, "U": "< LOD"}}, {"type": "Feature", "geometry": {"type": "Point", "coordinates": [-72.41566, -36.206673]}, "properties": {"CP": "QUI-CA13", "SEMANA": 20.0, "IDSAMPLE": 1139872.0, "Elevation": 202.502502, "Xm": 732335.142249, "Ym": 5990031.70195, "From_": 0.0, "To": 0.3, "HORIZONTE": "UP", "ROCA_CAJA": "Diorita", "ESTRUCTURA": "", "RUMBO": "", "MANTEO": "", "MINERALES": "", "ALTERACION": "", "MINERALIZA": "", "COMENTARIO": "", "TAKEN_BY": "GMO", "SiO2": 14.6014, "SiO2_Err": 0.1741, "S": "< LOD", "S_Err": 1.1621, "K": 0.0, "K_Err": 0.3876, "Ca": 0.878, "Ca_Err": 0.1635, "Ti": 1.4662, "Ti_Err": 0.1339, "V": "0.0519", "V_Err": 0.0233, "Cr": "", "Cr_Err": 0.0, "Mn": 0.1327, "Mn_Err": 0.025, "Fe": 6.4032, "Fe_Err": 0.1123, "Co": "< LOD", "Co_Err": 0.0224, "Ni": "< LOD", "Ni_Err": 0.0047, "Cu": 0.0149, "Cu_Err": 0.0025, "Zn": 0.0053, "Zn_Err": 0.002, "Ga": "< LOD", "Ga_Err": 0.0037, "As_": "< LOD", "As_Err": 0.0064, "Se": "< LOD", "Se_Err": 0.0006, "Rb": 0.0007, "Rb_Err": 0.0007, "Sr": 0.0159, "Sr_Err": 0.0015, "Y_": 0.0027, "Yppm": 27.0, "Ypond": 31.05, "Y_Err": 0.0005, "F59": "", "Zr": 0.0142, "Zr_Err": 0.0012, "Mo": "< LOD", "Mo_Err": 0.0044, "Pd": "< LOD", "Pd_Err": 0.0026, "Ag": "< LOD", "Ag_Err": 0.0147, "Cd": "< LOD", "Cd_Err": 0.003, "In_": 0.0194, "In_Err": 0.0039, "Sn": "< LOD", "Sn_Err": 0.0055, "Sb": "< LOD", "Sb_Err": 0.0044, "Te": "< LOD", "Te_Err": 0.0015, "Ba": 0.0154, "Ba_Err": 0.0139, "W": "< LOD", "W_Err": 0.0032, "Pt": "< LOD", "Pt_Err": 0.0079, "Au": "< LOD", "Au_Err": 0.0002, "Hg": "", "Hg_Err": 0.0, "Pb": "< LOD", "Pb_Err": 0.0023, "Bi": "< LOD", "Bi_Err": 0.0021, "U": "< LOD"}}, {"type": "Feature", "geometry": {"type": "Point", "coordinates": [-72.409514, -36.194633]}, "properties": {"CP": "QUI-CA14", "SEMANA": 20.0, "IDSAMPLE": 1139873.0, "Elevation": 300.178528, "Xm": 732923.5384, "Ym": 5991352.88854, "From_": 0.0, "To": 0.0, "HORIZONTE": "UP", "ROCA_CAJA": "Aplita", "ESTRUCTURA": "", "RUMBO": "", "MANTEO": "", "MINERALES": "", "ALTERACION": "1Kaol", "MINERALIZA": "3OxFe", "COMENTARIO": "", "TAKEN_BY": "GMO", "SiO2": 22.2886, "SiO2_Err": 0.2245, "S": "< LOD", "S_Err": 1.1621, "K": 1.4509, "K_Err": 0.6434, "Ca": 0.6299, "Ca_Err": 0.138, "Ti": 0.5165, "Ti_Err": 0.0827, "V": "< LOD", "V_Err": 0.0159, "Cr": "", "Cr_Err": 0.0, "Mn": 0.0406, "Mn_Err": 0.016, "Fe": 2.3984, "Fe_Err": 0.0578, "Co": "< LOD", "Co_Err": 0.0153, "Ni": "< LOD", "Ni_Err": 0.0039, "Cu": 0.0077, "Cu_Err": 0.002, "Zn": 0.0056, "Zn_Err": 0.0018, "Ga": "< LOD", "Ga_Err": 0.0045, "As_": "< LOD", "As_Err": 0.0052, "Se": "< LOD", "Se_Err": 0.0004, "Rb": 0.0072, "Rb_Err": 0.001, "Sr": 0.0041, "Sr_Err": 0.0007, "Y_": 0.0022, "Yppm": 22.0, "Ypond": 25.3, "Y_Err": 0.0004, "F59": "", "Zr": 0.0269, "Zr_Err": 0.0013, "Mo": "< LOD", "Mo_Err": 0.0048, "Pd": "< LOD", "Pd_Err": 0.003, "Ag": "< LOD", "Ag_Err": 0.0189, "Cd": "< LOD", "Cd_Err": 0.0026, "In_": 0.0077, "In_Err": 0.0033, "Sn": "< LOD", "Sn_Err": 0.0046, "Sb": "< LOD", "Sb_Err": 0.0038, "Te": "< LOD", "Te_Err": 0.0012, "Ba": 0.0316, "Ba_Err": 0.011, "W": "< LOD", "W_Err": 0.0028, "Pt": "< LOD", "Pt_Err": 0.0081, "Au": "< LOD", "Au_Err": 0.0002, "Hg": "", "Hg_Err": 0.0, "Pb": "< LOD", "Pb_Err": 0.002, "Bi": "< LOD", "Bi_Err": 0.0017, "U": "0.0009"}}, {"type": "Feature", "geometry": {"type": "Point", "coordinates": [-72.422235, -36.195559]}, "properties": {"CP": "QUI-CA15", "SEMANA": 20.0, "IDSAMPLE": 1139874.0, "Elevation": 355.6651, "Xm": 731776.764717, "Ym": 5991280.599, "From_": 0.0, "To": 0.0, "HORIZONTE": "UP", "ROCA_CAJA": "Aplita", "ESTRUCTURA": "", "RUMBO": "", "MANTEO": "", "MINERALES": "", "ALTERACION": "", "MINERALIZA": "1 OxFe", "COMENTARIO": "", "TAKEN_BY": "GMO", "SiO2": 22.5725, "SiO2_Err": 0.2194, "S": "< LOD", "S_Err": 1.1036, "K": 1.309, "K_Err": 0.5863, "Ca": 0.3472, "Ca_Err": 0.1074, "Ti": 0.1947, "Ti_Err": 0.0536, "V": "< LOD", "V_Err": 0.0115, "Cr": "", "Cr_Err": 0.0, "Mn": 0.029, "Mn_Err": 0.0133, "Fe": 1.5858, "Fe_Err": 0.0449, "Co": "< LOD", "Co_Err": 0.0129, "Ni": "< LOD", "Ni_Err": 0.003, "Cu": 0.0049, "Cu_Err": 0.0016, "Zn": 0.0023, "Zn_Err": 0.0012, "Ga": "0.005", "Ga_Err": 0.0044, "As_": "< LOD", "As_Err": 0.0043, "Se": "< LOD", "Se_Err": 0.0004, "Rb": 0.0044, "Rb_Err": 0.0008, "Sr": 0.0029, "Sr_Err": 0.0006, "Y_": 0.0027, "Yppm": 27.0, "Ypond": 31.05, "Y_Err": 0.0004, "F59": "", "Zr": 0.0288, "Zr_Err": 0.0013, "Mo": "< LOD", "Mo_Err": 0.0048, "Pd": "< LOD", "Pd_Err": 0.003, "Ag": "< LOD", "Ag_Err": 0.0191, "Cd": "< LOD", "Cd_Err": 0.0025, "In_": 0.0, "In_Err": 0.0031, "Sn": "< LOD", "Sn_Err": 0.0043, "Sb": "< LOD", "Sb_Err": 0.0033, "Te": "< LOD", "Te_Err": 0.001, "Ba": 0.0159, "Ba_Err": 0.0095, "W": "< LOD", "W_Err": 0.0024, "Pt": "< LOD", "Pt_Err": 0.0078, "Au": "< LOD", "Au_Err": 0.0002, "Hg": "", "Hg_Err": 0.0, "Pb": "< LOD", "Pb_Err": 0.0017, "Bi": "0.0023", "Bi_Err": 0.0016, "U": "< LOD"}}, {"type": "Feature", "geometry": {"type": "Point", "coordinates": [-72.42485, -36.19637]}, "properties": {"CP": "QUI-CA16", "SEMANA": 20.0, "IDSAMPLE": 1139875.0, "Elevation": 355.362183, "Xm": 731539.204557, "Ym": 5991196.85243, "From_": 0.0, "To": 1.0, "HORIZONTE": "UP", "ROCA_CAJA": "", "ESTRUCTURA": "", "RUMBO": "", "MANTEO": "", "MINERALES": "", "ALTERACION": "", "MINERALIZA": "", "COMENTARIO": "", "TAKEN_BY": "GMO", "SiO2": 20.4064, "SiO2_Err": 0.221, "S": "< LOD", "S_Err": 1.103, "K": 1.8648, "K_Err": 0.6956, "Ca": 0.2225, "Ca_Err": 0.0892, "Ti": 0.2504, "Ti_Err": 0.0619, "V": "< LOD", "V_Err": 0.0142, "Cr": "< LOD", "Cr_Err": 0.0105, "Mn": 0.0193, "Mn_Err": 0.0138, "Fe": 2.4935, "Fe_Err": 0.0596, "Co": "< LOD", "Co_Err": 0.0155, "Ni": "< LOD", "Ni_Err": 0.0034, "Cu": 0.0082, "Cu_Err": 0.002, "Zn": 0.0068, "Zn_Err": 0.0019, "Ga": "0.0082", "Ga_Err": 0.0048, "As_": "< LOD", "As_Err": 0.0051, "Se": "< LOD", "Se_Err": 0.0004, "Rb": 0.01, "Rb_Err": 0.0011, "Sr": 0.0026, "Sr_Err": 0.0006, "Y_": 0.0054, "Yppm": 54.0, "Ypond": 62.1, "Y_Err": 0.0006, "F59": "", "Zr": 0.0358, "Zr_Err": 0.0015, "Mo": "< LOD", "Mo_Err": 0.0047, "Pd": "< LOD", "Pd_Err": 0.0029, "Ag": "< LOD", "Ag_Err": 0.0182, "Cd": "< LOD", "Cd_Err": 0.0027, "In_": 0.0, "In_Err": 0.0, "Sn": "< LOD", "Sn_Err": 0.0046, "Sb": "< LOD", "Sb_Err": 0.0038, "Te": "< LOD", "Te_Err": 0.0012, "Ba": 0.0338, "Ba_Err": 0.0111, "W": "< LOD", "W_Err": 0.0025, "Pt": "", "Pt_Err": 0.0, "Au": "< LOD", "Au_Err": 0.0002, "Hg": "", "Hg_Err": 0.0, "Pb": "0.0027", "Pb_Err": 0.0022, "Bi": "0.0026", "Bi_Err": 0.0019, "U": "0.0016"}}, {"type": "Feature", "geometry": {"type": "Point", "coordinates": [-72.42485, -36.19637]}, "properties": {"CP": "QUI-CA16", "SEMANA": 20.0, "IDSAMPLE": 1139876.0, "Elevation": 355.362183, "Xm": 731539.204557, "Ym": 5991196.85243, "From_": 1.0, "To": 2.0, "HORIZONTE": "UP", "ROCA_CAJA": "", "ESTRUCTURA": "", "RUMBO": "", "MANTEO": "", "MINERALES": "", "ALTERACION": "", "MINERALIZA": "", "COMENTARIO": "", "TAKEN_BY": "GMO", "SiO2": 22.3419, "SiO2_Err": 0.2284, "S": "< LOD", "S_Err": 0.9931, "K": 1.9426, "K_Err": 0.6847, "Ca": 0.2226, "Ca_Err": 0.0901, "Ti": 0.185, "Ti_Err": 0.0541, "V": "", "V_Err": 0.0, "Cr": "< LOD", "Cr_Err": 0.0085, "Mn": 0.0131, "Mn_Err": 0.0113, "Fe": 2.1766, "Fe_Err": 0.0605, "Co": "< LOD", "Co_Err": 0.0128, "Ni": "< LOD", "Ni_Err": 0.0027, "Cu": 0.0069, "Cu_Err": 0.0023, "Zn": 0.0048, "Zn_Err": 0.0019, "Ga": "0.0042", "Ga_Err": 0.0041, "As_": "< LOD", "As_Err": 0.0054, "Se": "< LOD", "Se_Err": 0.0005, "Rb": 0.0097, "Rb_Err": 0.0012, "Sr": 0.0018, "Sr_Err": 0.0006, "Y_": 0.0031, "Yppm": 31.0, "Ypond": 35.65, "Y_Err": 0.0005, "F59": "", "Zr": 0.0303, "Zr_Err": 0.0015, "Mo": "< LOD", "Mo_Err": 0.0044, "Pd": "", "Pd_Err": 0.0, "Ag": "< LOD", "Ag_Err": 0.0165, "Cd": "< LOD", "Cd_Err": 0.0029, "In_": 0.0, "In_Err": 0.0, "Sn": "< LOD", "Sn_Err": 0.005, "Sb": "< LOD", "Sb_Err": 0.004, "Te": "< LOD", "Te_Err": 0.0012, "Ba": 0.0338, "Ba_Err": 0.0116, "W": "< LOD", "W_Err": 0.003, "Pt": "< LOD", "Pt_Err": 0.007, "Au": "< LOD", "Au_Err": 0.0002, "Hg": "", "Hg_Err": 0.0, "Pb": "< LOD", "Pb_Err": 0.0023, "Bi": "< LOD", "Bi_Err": 0.002, "U": "0.0013"}}, {"type": "Feature", "geometry": {"type": "Point", "coordinates": [-72.424657, -36.196362]}, "properties": {"CP": "QUI-CA17", "SEMANA": 20.0, "IDSAMPLE": 1139877.0, "Elevation": 361.950684, "Xm": 731556.580683, "Ym": 5991197.28482, "From_": 0.0, "To": 1.0, "HORIZONTE": "UP", "ROCA_CAJA": "", "ESTRUCTURA": "", "RUMBO": "", "MANTEO": "", "MINERALES": "", "ALTERACION": "", "MINERALIZA": "3OxFe", "COMENTARIO": "", "TAKEN_BY": "GMO", "SiO2": 16.5341, "SiO2_Err": 0.1641, "S": "< LOD", "S_Err": 0.9276, "K": 0.7738, "K_Err": 0.5084, "Ca": 0.1188, "Ca_Err": 0.0712, "Ti": 0.0889, "Ti_Err": 0.0442, "V": "< LOD", "V_Err": 0.01, "Cr": "", "Cr_Err": 0.0, "Mn": 0.015, "Mn_Err": 0.012, "Fe": 2.2845, "Fe_Err": 0.0664, "Co": "< LOD", "Co_Err": 0.0121, "Ni": "< LOD", "Ni_Err": 0.0027, "Cu": 0.0048, "Cu_Err": 0.0021, "Zn": 0.0061, "Zn_Err": 0.0022, "Ga": "0.0047", "Ga_Err": 0.004, "As_": "< LOD", "As_Err": 0.0059, "Se": "< LOD", "Se_Err": 0.0005, "Rb": 0.01, "Rb_Err": 0.0013, "Sr": 0.0017, "Sr_Err": 0.0007, "Y_": 0.0053, "Yppm": 53.0, "Ypond": 60.95, "Y_Err": 0.0007, "F59": "", "Zr": 0.0355, "Zr_Err": 0.0018, "Mo": "< LOD", "Mo_Err": 0.0041, "Pd": "", "Pd_Err": 0.0, "Ag": "< LOD", "Ag_Err": 0.0154, "Cd": "< LOD", "Cd_Err": 0.0031, "In_": 0.0075, "In_Err": 0.004, "Sn": "< LOD", "Sn_Err": 0.0055, "Sb": "< LOD", "Sb_Err": 0.0045, "Te": "< LOD", "Te_Err": 0.0014, "Ba": 0.0441, "Ba_Err": 0.013, "W": "< LOD", "W_Err": 0.0038, "Pt": "< LOD", "Pt_Err": 0.0071, "Au": "< LOD", "Au_Err": 0.0002, "Hg": "", "Hg_Err": 0.0, "Pb": "< LOD", "Pb_Err": 0.0024, "Bi": "0.0024", "Bi_Err": 0.0022, "U": "0.0014"}}, {"type": "Feature", "geometry": {"type": "Point", "coordinates": [-72.444141, -36.201124]}, "properties": {"CP": "QUI-CA18", "SEMANA": 20.0, "IDSAMPLE": 1139878.0, "Elevation": 438.740601, "Xm": 729790.445876, "Ym": 5990715.34113, "From_": 0.0, "To": 1.0, "HORIZONTE": "US", "ROCA_CAJA": "", "ESTRUCTURA": "falla", "RUMBO": "N70", "MANTEO": "40SW", "MINERALES": "", "ALTERACION": "", "MINERALIZA": "", "COMENTARIO": "", "TAKEN_BY": "GMO", "SiO2": 5.487, "SiO2_Err": 0.0483, "S": "< LOD", "S_Err": 0.675, "K": 0.0, "K_Err": 0.2405, "Ca": 0.2848, "Ca_Err": 0.091, "Ti": 0.0724, "Ti_Err": 0.0362, "V": "< LOD", "V_Err": 0.0074, "Cr": "", "Cr_Err": 0.0, "Mn": 0.059, "Mn_Err": 0.017, "Fe": 4.0291, "Fe_Err": 0.1583, "Co": "< LOD", "Co_Err": 0.0088, "Ni": "< LOD", "Ni_Err": 0.0031, "Cu": 0.012, "Cu_Err": 0.0056, "Zn": 0.005, "Zn_Err": 0.0038, "Ga": "< LOD", "Ga_Err": 0.0019, "As_": "< LOD", "As_Err": 0.0126, "Se": "< LOD", "Se_Err": 0.0011, "Rb": 0.0028, "Rb_Err": 0.0016, "Sr": 0.0143, "Sr_Err": 0.0025, "Y_": 0.0012, "Yppm": 12.0, "Ypond": 13.8, "Y_Err": 0.0008, "F59": "", "Zr": 0.0052, "Zr_Err": 0.0017, "Mo": "< LOD", "Mo_Err": 0.0029, "Pd": "< LOD", "Pd_Err": 0.0016, "Ag": "< LOD", "Ag_Err": 0.009, "Cd": "< LOD", "Cd_Err": 0.0058, "In_": 0.0505, "In_Err": 0.008, "Sn": "", "Sn_Err": 0.0, "Sb": "< LOD", "Sb_Err": 0.0092, "Te": "< LOD", "Te_Err": 0.003, "Ba": 0.0, "Ba_Err": 0.0236, "W": "< LOD", "W_Err": 0.0072, "Pt": "< LOD", "Pt_Err": 0.0048, "Au": "< LOD", "Au_Err": 0.0005, "Hg": "", "Hg_Err": 0.0, "Pb": "< LOD", "Pb_Err": 0.0048, "Bi": "< LOD", "Bi_Err": 0.004, "U": "< LOD"}}, {"type": "Feature", "geometry": {"type": "Point", "coordinates": [-72.444141, -36.201124]}, "properties": {"CP": "QUI-CA18", "SEMANA": 20.0, "IDSAMPLE": 1139879.0, "Elevation": 438.740601, "Xm": 729790.445876, "Ym": 5990715.34113, "From_": 1.0, "To": 2.0, "HORIZONTE": "LP", "ROCA_CAJA": "", "ESTRUCTURA": "", "RUMBO": "", "MANTEO": "", "MINERALES": "", "ALTERACION": "", "MINERALIZA": "", "COMENTARIO": "", "TAKEN_BY": "GMO", "SiO2": 14.741, "SiO2_Err": 0.0984, "S": "< LOD", "S_Err": 0.7824, "K": 0.6778, "K_Err": 0.3424, "Ca": 1.1049, "Ca_Err": 0.1263, "Ti": 0.5728, "Ti_Err": 0.0604, "V": "0.0206", "V_Err": 0.0111, "Cr": "0.0132", "Cr_Err": 0.009, "Mn": 0.2262, "Mn_Err": 0.0215, "Fe": 3.5003, "Fe_Err": 0.0538, "Co": "< LOD", "Co_Err": 0.0127, "Ni": "< LOD", "Ni_Err": 0.0037, "Cu": 0.012, "Cu_Err": 0.0015, "Zn": 0.0042, "Zn_Err": 0.0012, "Ga": "0.0032", "Ga_Err": 0.0028, "As_": "< LOD", "As_Err": 0.0041, "Se": "< LOD", "Se_Err": 0.0003, "Rb": 0.0033, "Rb_Err": 0.0006, "Sr": 0.0167, "Sr_Err": 0.0011, "Y_": 0.0018, "Yppm": 18.0, "Ypond": 20.7, "Y_Err": 0.0003, "F59": "", "Zr": 0.0071, "Zr_Err": 0.0007, "Mo": "0.0045", "Mo_Err": 0.0035, "Pd": "< LOD", "Pd_Err": 0.0021, "Ag": "< LOD", "Ag_Err": 0.013, "Cd": "< LOD", "Cd_Err": 0.0022, "In_": 0.0079, "In_Err": 0.0027, "Sn": "< LOD", "Sn_Err": 0.0038, "Sb": "< LOD", "Sb_Err": 0.003, "Te": "< LOD", "Te_Err": 0.0009, "Ba": 0.0, "Ba_Err": 0.0087, "W": "< LOD", "W_Err": 0.0021, "Pt": "", "Pt_Err": 0.0, "Au": "< LOD", "Au_Err": 0.0001, "Hg": "", "Hg_Err": 0.0, "Pb": "< LOD", "Pb_Err": 0.0016, "Bi": "< LOD", "Bi_Err": 0.0013, "U": "< LOD"}}, {"type": "Feature", "geometry": {"type": "Point", "coordinates": [-72.444141, -36.201124]}, "properties": {"CP": "QUI-CA18", "SEMANA": 20.0, "IDSAMPLE": 1139880.0, "Elevation": 438.740601, "Xm": 729790.445876, "Ym": 5990715.34113, "From_": 2.0, "To": 3.0, "HORIZONTE": "LP", "ROCA_CAJA": "", "ESTRUCTURA": "", "RUMBO": "", "MANTEO": "", "MINERALES": "", "ALTERACION": "", "MINERALIZA": "", "COMENTARIO": "", "TAKEN_BY": "GMO", "SiO2": 15.6862, "SiO2_Err": 0.111, "S": "< LOD", "S_Err": 0.8152, "K": 0.8977, "K_Err": 0.364, "Ca": 0.7104, "Ca_Err": 0.1052, "Ti": 0.736, "Ti_Err": 0.0678, "V": "0.0235", "V_Err": 0.0121, "Cr": "0.022", "Cr_Err": 0.0102, "Mn": 0.1457, "Mn_Err": 0.0181, "Fe": 4.337, "Fe_Err": 0.0601, "Co": "< LOD", "Co_Err": 0.014, "Ni": "< LOD", "Ni_Err": 0.0038, "Cu": 0.0135, "Cu_Err": 0.0016, "Zn": 0.0046, "Zn_Err": 0.0012, "Ga": "0.0035", "Ga_Err": 0.0029, "As_": "< LOD", "As_Err": 0.0042, "Se": "< LOD", "Se_Err": 0.0004, "Rb": 0.0039, "Rb_Err": 0.0006, "Sr": 0.0106, "Sr_Err": 0.0009, "Y_": 0.0017, "Yppm": 17.0, "Ypond": 19.55, "Y_Err": 0.0003, "F59": "", "Zr": 0.0087, "Zr_Err": 0.0007, "Mo": "< LOD", "Mo_Err": 0.0035, "Pd": "< LOD", "Pd_Err": 0.0022, "Ag": "< LOD", "Ag_Err": 0.013, "Cd": "< LOD", "Cd_Err": 0.0022, "In_": 0.0086, "In_Err": 0.0028, "Sn": "< LOD", "Sn_Err": 0.0039, "Sb": "< LOD", "Sb_Err": 0.0031, "Te": "< LOD", "Te_Err": 0.001, "Ba": 0.0, "Ba_Err": 0.0089, "W": "< LOD", "W_Err": 0.002, "Pt": "< LOD", "Pt_Err": 0.0062, "Au": "< LOD", "Au_Err": 0.0002, "Hg": "", "Hg_Err": 0.0, "Pb": "< LOD", "Pb_Err": 0.0015, "Bi": "< LOD", "Bi_Err": 0.0014, "U": "< LOD"}}, {"type": "Feature", "geometry": {"type": "Point", "coordinates": [-72.443727, -36.20095]}, "properties": {"CP": "QUI-CA19", "SEMANA": 20.0, "IDSAMPLE": 1139881.0, "Elevation": 432.45871, "Xm": 729828.182122, "Ym": 5990733.6679, "From_": 0.0, "To": 1.0, "HORIZONTE": "US", "ROCA_CAJA": "", "ESTRUCTURA": "", "RUMBO": "", "MANTEO": "", "MINERALES": "", "ALTERACION": "", "MINERALIZA": "", "COMENTARIO": "", "TAKEN_BY": "GMO", "SiO2": 15.0075, "SiO2_Err": 0.103, "S": "< LOD", "S_Err": 0.7094, "K": 0.671, "K_Err": 0.352, "Ca": 1.8119, "Ca_Err": 0.1578, "Ti": 0.4676, "Ti_Err": 0.0559, "V": "0.0139", "V_Err": 0.0101, "Cr": "0.0163", "Cr_Err": 0.0091, "Mn": 0.1515, "Mn_Err": 0.0182, "Fe": 4.7389, "Fe_Err": 0.0708, "Co": "< LOD", "Co_Err": 0.0125, "Ni": "< LOD", "Ni_Err": 0.0033, "Cu": 0.0135, "Cu_Err": 0.0019, "Zn": 0.0052, "Zn_Err": 0.0015, "Ga": "0.0035", "Ga_Err": 0.0026, "As_": "< LOD", "As_Err": 0.0046, "Se": "< LOD", "Se_Err": 0.0004, "Rb": 0.006, "Rb_Err": 0.0009, "Sr": 0.0332, "Sr_Err": 0.0016, "Y_": 0.0026, "Yppm": 26.0, "Ypond": 29.9, "Y_Err": 0.0004, "F59": "", "Zr": 0.0067, "Zr_Err": 0.0009, "Mo": "< LOD", "Mo_Err": 0.0031, "Pd": "", "Pd_Err": 0.0, "Ag": "< LOD", "Ag_Err": 0.0108, "Cd": "< LOD", "Cd_Err": 0.0024, "In_": 0.008, "In_Err": 0.003, "Sn": "< LOD", "Sn_Err": 0.0042, "Sb": "< LOD", "Sb_Err": 0.0033, "Te": "< LOD", "Te_Err": 0.0011, "Ba": 0.0153, "Ba_Err": 0.0101, "W": "< LOD", "W_Err": 0.0024, "Pt": "< LOD", "Pt_Err": 0.0051, "Au": "< LOD", "Au_Err": 0.0002, "Hg": "", "Hg_Err": 0.0, "Pb": "< LOD", "Pb_Err": 0.0018, "Bi": "< LOD", "Bi_Err": 0.0015, "U": "0.001"}}, {"type": "Feature", "geometry": {"type": "Point", "coordinates": [-72.443727, -36.20095]}, "properties": {"CP": "QUI-CA19", "SEMANA": 20.0, "IDSAMPLE": 1139882.0, "Elevation": 432.45871, "Xm": 729828.182122, "Ym": 5990733.6679, "From_": 1.0, "To": 2.0, "HORIZONTE": "US/LP", "ROCA_CAJA": "", "ESTRUCTURA": "", "RUMBO": "", "MANTEO": "", "MINERALES": "", "ALTERACION": "", "MINERALIZA": "", "COMENTARIO": "", "TAKEN_BY": "GMO", "SiO2": 16.5717, "SiO2_Err": 0.1142, "S": "< LOD", "S_Err": 0.6429, "K": 0.4599, "K_Err": 0.2755, "Ca": 0.521, "Ca_Err": 0.0883, "Ti": 0.4972, "Ti_Err": 0.0554, "V": "0.0161", "V_Err": 0.0102, "Cr": "0.0108", "Cr_Err": 0.0081, "Mn": 0.0283, "Mn_Err": 0.0104, "Fe": 5.0715, "Fe_Err": 0.0776, "Co": "< LOD", "Co_Err": 0.0119, "Ni": "< LOD", "Ni_Err": 0.003, "Cu": 0.0127, "Cu_Err": 0.002, "Zn": 0.0047, "Zn_Err": 0.0016, "Ga": "0.0034", "Ga_Err": 0.0025, "As_": "< LOD", "As_Err": 0.0043, "Se": "< LOD", "Se_Err": 0.0004, "Rb": 0.0031, "Rb_Err": 0.0007, "Sr": 0.015, "Sr_Err": 0.0012, "Y_": 0.0015, "Yppm": 15.0, "Ypond": 17.25, "Y_Err": 0.0003, "F59": "", "Zr": 0.0075, "Zr_Err": 0.0008, "Mo": "< LOD", "Mo_Err": 0.0028, "Pd": "", "Pd_Err": 0.0, "Ag": "< LOD", "Ag_Err": 0.0099, "Cd": "< LOD", "Cd_Err": 0.0024, "In_": 0.0, "In_Err": 0.0029, "Sn": "< LOD", "Sn_Err": 0.0041, "Sb": "< LOD", "Sb_Err": 0.0031, "Te": "< LOD", "Te_Err": 0.001, "Ba": 0.0, "Ba_Err": 0.0094, "W": "< LOD", "W_Err": 0.0026, "Pt": "", "Pt_Err": 0.0, "Au": "< LOD", "Au_Err": 0.0002, "Hg": "", "Hg_Err": 0.0, "Pb": "< LOD", "Pb_Err": 0.0017, "Bi": "< LOD", "Bi_Err": 0.0015, "U": "< LOD"}}, {"type": "Feature", "geometry": {"type": "Point", "coordinates": [-72.444813, -36.195941]}, "properties": {"CP": "QUI-CA20", "SEMANA": 20.0, "IDSAMPLE": 1139883.0, "Elevation": 346.59668, "Xm": 729745.158788, "Ym": 5991292.01278, "From_": 0.0, "To": 1.0, "HORIZONTE": "UP", "ROCA_CAJA": "Sedimentaria", "ESTRUCTURA": "", "RUMBO": "", "MANTEO": "", "MINERALES": "", "ALTERACION": "3Kaol", "MINERALIZA": "5OxFe", "COMENTARIO": "", "TAKEN_BY": "GMO", "SiO2": 18.2712, "SiO2_Err": 0.1083, "S": "< LOD", "S_Err": 0.7689, "K": 1.3365, "K_Err": 0.4409, "Ca": 0.2532, "Ca_Err": 0.0668, "Ti": 0.2468, "Ti_Err": 0.0419, "V": "", "V_Err": 0.0, "Cr": "", "Cr_Err": 0.0, "Mn": 0.0142, "Mn_Err": 0.0085, "Fe": 2.0415, "Fe_Err": 0.0388, "Co": "< LOD", "Co_Err": 0.0096, "Ni": "< LOD", "Ni_Err": 0.0023, "Cu": 0.0049, "Cu_Err": 0.0012, "Zn": 0.0041, "Zn_Err": 0.0012, "Ga": "0.0074", "Ga_Err": 0.0034, "As_": "< LOD", "As_Err": 0.004, "Se": "< LOD", "Se_Err": 0.0003, "Rb": 0.0076, "Rb_Err": 0.0008, "Sr": 0.0066, "Sr_Err": 0.0007, "Y_": 0.007, "Yppm": 70.0, "Ypond": 80.5, "Y_Err": 0.0005, "F59": "", "Zr": 0.0617, "Zr_Err": 0.0015, "Mo": "< LOD", "Mo_Err": 0.0037, "Pd": "", "Pd_Err": 0.0, "Ag": "< LOD", "Ag_Err": 0.014, "Cd": "< LOD", "Cd_Err": 0.0021, "In_": 0.0, "In_Err": 0.0, "Sn": "< LOD", "Sn_Err": 0.0037, "Sb": "< LOD", "Sb_Err": 0.003, "Te": "< LOD", "Te_Err": 0.0009, "Ba": 0.0168, "Ba_Err": 0.0083, "W": "< LOD", "W_Err": 0.0021, "Pt": "< LOD", "Pt_Err": 0.0059, "Au": "< LOD", "Au_Err": 0.0001, "Hg": "", "Hg_Err": 0.0, "Pb": "0.0022", "Pb_Err": 0.0016, "Bi": "0.0021", "Bi_Err": 0.0015, "U": "0.001"}}, {"type": "Feature", "geometry": {"type": "Point", "coordinates": [-72.41206, -36.192093]}, "properties": {"CP": "QUI-CA21", "SEMANA": 20.0, "IDSAMPLE": 1139884.0, "Elevation": 323.576904, "Xm": 732702.080837, "Ym": 5991640.82411, "From_": 0.0, "To": 0.75, "HORIZONTE": "UP", "ROCA_CAJA": "", "ESTRUCTURA": "", "RUMBO": "", "MANTEO": "", "MINERALES": "", "ALTERACION": "", "MINERALIZA": "", "COMENTARIO": "", "TAKEN_BY": "GMO", "SiO2": 19.4997, "SiO2_Err": 0.1227, "S": "< LOD", "S_Err": 0.8017, "K": 2.57, "K_Err": 0.5697, "Ca": 0.4696, "Ca_Err": 0.0875, "Ti": 0.3787, "Ti_Err": 0.0524, "V": "< LOD", "V_Err": 0.0105, "Cr": "", "Cr_Err": 0.0, "Mn": 0.0439, "Mn_Err": 0.011, "Fe": 1.9879, "Fe_Err": 0.0379, "Co": "< LOD", "Co_Err": 0.0095, "Ni": "< LOD", "Ni_Err": 0.0023, "Cu": 0.007, "Cu_Err": 0.0015, "Zn": 0.005, "Zn_Err": 0.0012, "Ga": "< LOD", "Ga_Err": 0.0028, "As_": "< LOD", "As_Err": 0.004, "Se": "< LOD", "Se_Err": 0.0004, "Rb": 0.0152, "Rb_Err": 0.0011, "Sr": 0.0041, "Sr_Err": 0.0006, "Y_": 0.0027, "Yppm": 27.0, "Ypond": 31.05, "Y_Err": 0.0004, "F59": "", "Zr": 0.0317, "Zr_Err": 0.0012, "Mo": "< LOD", "Mo_Err": 0.0038, "Pd": "< LOD", "Pd_Err": 0.0023, "Ag": "< LOD", "Ag_Err": 0.0146, "Cd": "< LOD", "Cd_Err": 0.0022, "In_": 0.0141, "In_Err": 0.0028, "Sn": "< LOD", "Sn_Err": 0.0039, "Sb": "< LOD", "Sb_Err": 0.0032, "Te": "< LOD", "Te_Err": 0.001, "Ba": 0.0612, "Ba_Err": 0.0095, "W": "< LOD", "W_Err": 0.0019, "Pt": "", "Pt_Err": 0.0, "Au": "< LOD", "Au_Err": 0.0002, "Hg": "", "Hg_Err": 0.0, "Pb": "0.0071", "Pb_Err": 0.0021, "Bi": "0.0017", "Bi_Err": 0.0015, "U": "0.002"}}, {"type": "Feature", "geometry": {"type": "Point", "coordinates": [-72.41206, -36.192093]}, "properties": {"CP": "QUI-CA21", "SEMANA": 20.0, "IDSAMPLE": 1139885.0, "Elevation": 323.576904, "Xm": 732702.080837, "Ym": 5991640.82411, "From_": 0.0, "To": 0.0, "HORIZONTE": "UP", "ROCA_CAJA": "", "ESTRUCTURA": "", "RUMBO": "", "MANTEO": "", "MINERALES": "", "ALTERACION": "", "MINERALIZA": "5OxFe", "COMENTARIO": "", "TAKEN_BY": "GMO", "SiO2": 19.714, "SiO2_Err": 0.1375, "S": "< LOD", "S_Err": 0.837, "K": 0.8745, "K_Err": 0.3848, "Ca": 0.353, "Ca_Err": 0.0785, "Ti": 0.6996, "Ti_Err": 0.0674, "V": "0.022", "V_Err": 0.0125, "Cr": "", "Cr_Err": 0.0, "Mn": 0.1769, "Mn_Err": 0.0193, "Fe": 3.8166, "Fe_Err": 0.0575, "Co": "< LOD", "Co_Err": 0.0126, "Ni": "< LOD", "Ni_Err": 0.0031, "Cu": 0.0115, "Cu_Err": 0.0018, "Zn": 0.007, "Zn_Err": 0.0015, "Ga": "0.0037", "Ga_Err": 0.0029, "As_": "< LOD", "As_Err": 0.0051, "Se": "< LOD", "Se_Err": 0.0004, "Rb": 0.0073, "Rb_Err": 0.0009, "Sr": 0.0058, "Sr_Err": 0.0007, "Y_": 0.0032, "Yppm": 32.0, "Ypond": 36.8, "Y_Err": 0.0004, "F59": "", "Zr": 0.0305, "Zr_Err": 0.0012, "Mo": "< LOD", "Mo_Err": 0.0037, "Pd": "< LOD", "Pd_Err": 0.0021, "Ag": "< LOD", "Ag_Err": 0.0132, "Cd": "< LOD", "Cd_Err": 0.0024, "In_": 0.0264, "In_Err": 0.0032, "Sn": "< LOD", "Sn_Err": 0.0044, "Sb": "< LOD", "Sb_Err": 0.0036, "Te": "< LOD", "Te_Err": 0.0012, "Ba": 0.0382, "Ba_Err": 0.0108, "W": "< LOD", "W_Err": 0.0022, "Pt": "< LOD", "Pt_Err": 0.0063, "Au": "< LOD", "Au_Err": 0.0002, "Hg": "", "Hg_Err": 0.0, "Pb": "0.0039", "Pb_Err": 0.0022, "Bi": "< LOD", "Bi_Err": 0.0017, "U": "0.0008"}}, {"type": "Feature", "geometry": {"type": "Point", "coordinates": [-72.373293, -36.175622]}, "properties": {"CP": "QUI-CA22", "SEMANA": 20.0, "IDSAMPLE": 1139886.0, "Elevation": 280.860413, "Xm": 736238.119227, "Ym": 5993374.53132, "From_": 0.0, "To": 0.75, "HORIZONTE": "SR", "ROCA_CAJA": "", "ESTRUCTURA": "", "RUMBO": "", "MANTEO": "", "MINERALES": "", "ALTERACION": "1Kaol", "MINERALIZA": "3OxFe", "COMENTARIO": "", "TAKEN_BY": "GMO", "SiO2": 13.3737, "SiO2_Err": 0.0957, "S": "< LOD", "S_Err": 0.7968, "K": 0.4651, "K_Err": 0.3129, "Ca": 0.6692, "Ca_Err": 0.1024, "Ti": 0.8576, "Ti_Err": 0.0751, "V": "0.0278", "V_Err": 0.0141, "Cr": "", "Cr_Err": 0.0, "Mn": 0.092, "Mn_Err": 0.0155, "Fe": 5.5177, "Fe_Err": 0.073, "Co": "< LOD", "Co_Err": 0.0143, "Ni": "< LOD", "Ni_Err": 0.0032, "Cu": 0.0108, "Cu_Err": 0.0017, "Zn": 0.0052, "Zn_Err": 0.0014, "Ga": "0.0039", "Ga_Err": 0.0026, "As_": "< LOD", "As_Err": 0.005, "Se": "< LOD", "Se_Err": 0.0004, "Rb": 0.003, "Rb_Err": 0.0006, "Sr": 0.0116, "Sr_Err": 0.001, "Y_": 0.0036, "Yppm": 36.0, "Ypond": 41.4, "Y_Err": 0.0004, "F59": "", "Zr": 0.0164, "Zr_Err": 0.001, "Mo": "< LOD", "Mo_Err": 0.0034, "Pd": "< LOD", "Pd_Err": 0.002, "Ag": "< LOD", "Ag_Err": 0.0115, "Cd": "< LOD", "Cd_Err": 0.0023, "In_": 0.0179, "In_Err": 0.003, "Sn": "< LOD", "Sn_Err": 0.0042, "Sb": "< LOD", "Sb_Err": 0.0032, "Te": "< LOD", "Te_Err": 0.0011, "Ba": 0.0403, "Ba_Err": 0.0108, "W": "< LOD", "W_Err": 0.0022, "Pt": "< LOD", "Pt_Err": 0.0061, "Au": "< LOD", "Au_Err": 0.0002, "Hg": "", "Hg_Err": 0.0, "Pb": "< LOD", "Pb_Err": 0.0018, "Bi": "< LOD", "Bi_Err": 0.0016, "U": "< LOD"}}, {"type": "Feature", "geometry": {"type": "Point", "coordinates": [-72.347923, -36.178677]}, "properties": {"CP": "QUI-CA23", "SEMANA": 20.0, "IDSAMPLE": 1139887.0, "Elevation": 275.403564, "Xm": 738511.06497, "Ym": 5992973.51127, "From_": 0.0, "To": 0.0, "HORIZONTE": "UP", "ROCA_CAJA": "Granito", "ESTRUCTURA": "", "RUMBO": "", "MANTEO": "", "MINERALES": "", "ALTERACION": "2Kaol", "MINERALIZA": "3OxFe", "COMENTARIO": "", "TAKEN_BY": "GMO", "SiO2": 10.4889, "SiO2_Err": 0.1303, "S": "< LOD", "S_Err": 0.7876, "K": 0.0, "K_Err": 0.361, "Ca": 0.101, "Ca_Err": 0.0699, "Ti": 0.4691, "Ti_Err": 0.0857, "V": "", "V_Err": 0.0, "Cr": "< LOD", "Cr_Err": 0.0101, "Mn": 1.3807, "Mn_Err": 0.07, "Fe": 7.7061, "Fe_Err": 0.1705, "Co": "< LOD", "Co_Err": 0.0181, "Ni": "< LOD", "Ni_Err": 0.0037, "Cu": 0.0142, "Cu_Err": 0.0033, "Zn": 0.0052, "Zn_Err": 0.0026, "Ga": "< LOD", "Ga_Err": 0.0027, "As_": "< LOD", "As_Err": 0.0093, "Se": "< LOD", "Se_Err": 0.0009, "Rb": 0.0035, "Rb_Err": 0.0013, "Sr": 0.0015, "Sr_Err": 0.001, "Y_": 0.0019, "Yppm": 19.0, "Ypond": 21.85, "Y_Err": 0.0007, "F59": "", "Zr": 0.019, "Zr_Err": 0.0018, "Mo": "< LOD", "Mo_Err": 0.0034, "Pd": "", "Pd_Err": 0.0, "Ag": "< LOD", "Ag_Err": 0.0099, "Cd": "< LOD", "Cd_Err": 0.0042, "In_": 0.0265, "In_Err": 0.0055, "Sn": "< LOD", "Sn_Err": 0.0074, "Sb": "< LOD", "Sb_Err": 0.0068, "Te": "< LOD", "Te_Err": 0.0023, "Ba": 0.0729, "Ba_Err": 0.0209, "W": "< LOD", "W_Err": 0.0047, "Pt": "", "Pt_Err": 0.0, "Au": "< LOD", "Au_Err": 0.0003, "Hg": "", "Hg_Err": 0.0, "Pb": "< LOD", "Pb_Err": 0.0038, "Bi": "< LOD", "Bi_Err": 0.0032, "U": "< LOD"}}, {"type": "Feature", "geometry": {"type": "Point", "coordinates": [-72.347923, -36.178677]}, "properties": {"CP": "QUI-CA23", "SEMANA": 20.0, "IDSAMPLE": 1139888.0, "Elevation": 275.403564, "Xm": 738511.06497, "Ym": 5992973.51127, "From_": 0.0, "To": 0.0, "HORIZONTE": "LP/US", "ROCA_CAJA": "Granito", "ESTRUCTURA": "", "RUMBO": "", "MANTEO": "", "MINERALES": "", "ALTERACION": "2Kaol", "MINERALIZA": "4OxFe", "COMENTARIO": "", "TAKEN_BY": "GMO", "SiO2": 16.591, "SiO2_Err": 0.1862, "S": "< LOD", "S_Err": 1.1213, "K": 0.5253, "K_Err": 0.4889, "Ca": 0.1482, "Ca_Err": 0.0848, "Ti": 1.2091, "Ti_Err": 0.1216, "V": "0.0496", "V_Err": 0.0227, "Cr": "", "Cr_Err": 0.0, "Mn": 0.5791, "Mn_Err": 0.0467, "Fe": 5.9482, "Fe_Err": 0.1113, "Co": "< LOD", "Co_Err": 0.0209, "Ni": "< LOD", "Ni_Err": 0.0047, "Cu": 0.0103, "Cu_Err": 0.0023, "Zn": 0.0049, "Zn_Err": 0.002, "Ga": "< LOD", "Ga_Err": 0.0036, "As_": "< LOD", "As_Err": 0.0065, "Se": "< LOD", "Se_Err": 0.0006, "Rb": 0.0043, "Rb_Err": 0.001, "Sr": 0.0025, "Sr_Err": 0.0008, "Y_": 0.0029, "Yppm": 29.0, "Ypond": 33.35, "Y_Err": 0.0005, "F59": "", "Zr": 0.0328, "Zr_Err": 0.0017, "Mo": "< LOD", "Mo_Err": 0.0043, "Pd": "< LOD", "Pd_Err": 0.0026, "Ag": "< LOD", "Ag_Err": 0.0141, "Cd": "< LOD", "Cd_Err": 0.003, "In_": 0.0111, "In_Err": 0.0038, "Sn": "< LOD", "Sn_Err": 0.0053, "Sb": "< LOD", "Sb_Err": 0.0043, "Te": "< LOD", "Te_Err": 0.0014, "Ba": 0.0313, "Ba_Err": 0.0135, "W": "< LOD", "W_Err": 0.0035, "Pt": "< LOD", "Pt_Err": 0.0072, "Au": "< LOD", "Au_Err": 0.0002, "Hg": "", "Hg_Err": 0.0, "Pb": "< LOD", "Pb_Err": 0.0026, "Bi": "< LOD", "Bi_Err": 0.0022, "U": "< LOD"}}, {"type": "Feature", "geometry": {"type": "Point", "coordinates": [-72.572558, -36.246842]}, "properties": {"CP": "QUI-CA24", "SEMANA": 20.0, "IDSAMPLE": 1139889.0, "Elevation": 278.968811, "Xm": 718115.517815, "Ym": 5985939.7057, "From_": 0.0, "To": 1.0, "HORIZONTE": "UP", "ROCA_CAJA": "Granito", "ESTRUCTURA": "", "RUMBO": "", "MANTEO": "", "MINERALES": "Qz,Chl,Bt,Kaol", "ALTERACION": "", "MINERALIZA": "2OxFe", "COMENTARIO": "", "TAKEN_BY": "GMO", "SiO2": 18.9702, "SiO2_Err": 0.2201, "S": "< LOD", "S_Err": 1.0715, "K": 1.5023, "K_Err": 0.657, "Ca": 0.1242, "Ca_Err": 0.076, "Ti": 0.6101, "Ti_Err": 0.0884, "V": "0.0223", "V_Err": 0.017, "Cr": "", "Cr_Err": 0.0, "Mn": 0.0327, "Mn_Err": 0.0147, "Fe": 2.9108, "Fe_Err": 0.0644, "Co": "< LOD", "Co_Err": 0.0168, "Ni": "< LOD", "Ni_Err": 0.0029, "Cu": 0.0063, "Cu_Err": 0.0016, "Zn": 0.0063, "Zn_Err": 0.0019, "Ga": "0.0076", "Ga_Err": 0.0048, "As_": "< LOD", "As_Err": 0.0046, "Se": "< LOD", "Se_Err": 0.0004, "Rb": 0.0142, "Rb_Err": 0.0013, "Sr": 0.0035, "Sr_Err": 0.0007, "Y_": 0.0032, "Yppm": 32.0, "Ypond": 36.8, "Y_Err": 0.0005, "F59": "", "Zr": 0.017, "Zr_Err": 0.0011, "Mo": "< LOD", "Mo_Err": 0.0047, "Pd": "< LOD", "Pd_Err": 0.0029, "Ag": "< LOD", "Ag_Err": 0.0177, "Cd": "< LOD", "Cd_Err": 0.0026, "In_": 0.0, "In_Err": 0.0, "Sn": "< LOD", "Sn_Err": 0.0045, "Sb": "< LOD", "Sb_Err": 0.0035, "Te": "< LOD", "Te_Err": 0.0011, "Ba": 0.0327, "Ba_Err": 0.0106, "W": "< LOD", "W_Err": 0.0027, "Pt": "< LOD", "Pt_Err": 0.0076, "Au": "< LOD", "Au_Err": 0.0002, "Hg": "", "Hg_Err": 0.0, "Pb": "< LOD", "Pb_Err": 0.002, "Bi": "0.0026", "Bi_Err": 0.0018, "U": "0.002"}}, {"type": "Feature", "geometry": {"type": "Point", "coordinates": [-72.573051, -36.246584]}, "properties": {"CP": "QUI-CA25", "SEMANA": 20.0, "IDSAMPLE": 1139890.0, "Elevation": 279.269043, "Xm": 718071.92604, "Ym": 5985969.44046, "From_": 0.0, "To": 1.0, "HORIZONTE": "UP", "ROCA_CAJA": "Granito", "ESTRUCTURA": "", "RUMBO": "", "MANTEO": "", "MINERALES": "Qz,Bt", "ALTERACION": "3Kaol", "MINERALIZA": "3OxFe", "COMENTARIO": "", "TAKEN_BY": "GMO", "SiO2": 16.0901, "SiO2_Err": 0.1962, "S": "< LOD", "S_Err": 1.1999, "K": 2.4329, "K_Err": 0.8026, "Ca": 0.1633, "Ca_Err": 0.0827, "Ti": 0.5766, "Ti_Err": 0.0891, "V": "< LOD", "V_Err": 0.0173, "Cr": "< LOD", "Cr_Err": 0.0116, "Mn": 0.0208, "Mn_Err": 0.0149, "Fe": 3.882, "Fe_Err": 0.0796, "Co": "< LOD", "Co_Err": 0.0182, "Ni": "< LOD", "Ni_Err": 0.0035, "Cu": 0.0073, "Cu_Err": 0.0017, "Zn": 0.0096, "Zn_Err": 0.0023, "Ga": "0.0069", "Ga_Err": 0.0045, "As_": "< LOD", "As_Err": 0.0054, "Se": "< LOD", "Se_Err": 0.0005, "Rb": 0.0243, "Rb_Err": 0.0018, "Sr": 0.0046, "Sr_Err": 0.0008, "Y_": 0.0047, "Yppm": 47.0, "Ypond": 54.05, "Y_Err": 0.0006, "F59": "", "Zr": 0.0276, "Zr_Err": 0.0015, "Mo": "< LOD", "Mo_Err": 0.0047, "Pd": "< LOD", "Pd_Err": 0.0028, "Ag": "< LOD", "Ag_Err": 0.017, "Cd": "< LOD", "Cd_Err": 0.0029, "In_": 0.0116, "In_Err": 0.0036, "Sn": "< LOD", "Sn_Err": 0.005, "Sb": "< LOD", "Sb_Err": 0.0041, "Te": "< LOD", "Te_Err": 0.0013, "Ba": 0.0592, "Ba_Err": 0.0127, "W": "< LOD", "W_Err": 0.0029, "Pt": "", "Pt_Err": 0.0, "Au": "< LOD", "Au_Err": 0.0002, "Hg": "", "Hg_Err": 0.0, "Pb": "< LOD", "Pb_Err": 0.0021, "Bi": "0.0039", "Bi_Err": 0.0021, "U": "0.0035"}}, {"type": "Feature", "geometry": {"type": "Point", "coordinates": [-72.573051, -36.246584]}, "properties": {"CP": "QUI-CA25", "SEMANA": 20.0, "IDSAMPLE": 1139891.0, "Elevation": 279.269043, "Xm": 718071.92604, "Ym": 5985969.44046, "From_": 0.0, "To": 0.0, "HORIZONTE": "UP", "ROCA_CAJA": "Granito", "ESTRUCTURA": "", "RUMBO": "", "MANTEO": "", "MINERALES": "Qz,Bt", "ALTERACION": "3Kaol", "MINERALIZA": "3OxFe", "COMENTARIO": "", "TAKEN_BY": "GMO", "SiO2": 15.7114, "SiO2_Err": 0.1364, "S": "< LOD", "S_Err": 1.205, "K": 2.9605, "K_Err": 0.8683, "Ca": 0.1774, "Ca_Err": 0.0831, "Ti": 0.0677, "Ti_Err": 0.0408, "V": "< LOD", "V_Err": 0.0097, "Cr": "", "Cr_Err": 0.0, "Mn": 0.0155, "Mn_Err": 0.011, "Fe": 0.5842, "Fe_Err": 0.0276, "Co": "< LOD", "Co_Err": 0.0075, "Ni": "< LOD", "Ni_Err": 0.0025, "Cu": 0.0, "Cu_Err": 0.0, "Zn": 0.0031, "Zn_Err": 0.0013, "Ga": "0.0052", "Ga_Err": 0.0041, "As_": "< LOD", "As_Err": 0.0054, "Se": "< LOD", "Se_Err": 0.0004, "Rb": 0.0216, "Rb_Err": 0.0016, "Sr": 0.0055, "Sr_Err": 0.0008, "Y_": 0.0033, "Yppm": 33.0, "Ypond": 37.95, "Y_Err": 0.0005, "F59": "", "Zr": 0.0053, "Zr_Err": 0.0008, "Mo": "0.0227", "Mo_Err": 0.0051, "Pd": "< LOD", "Pd_Err": 0.0031, "Ag": "< LOD", "Ag_Err": 0.0216, "Cd": "< LOD", "Cd_Err": 0.0029, "In_": 0.0247, "In_Err": 0.0038, "Sn": "< LOD", "Sn_Err": 0.0052, "Sb": "< LOD", "Sb_Err": 0.0044, "Te": "< LOD", "Te_Err": 0.0013, "Ba": 0.0489, "Ba_Err": 0.0121, "W": "< LOD", "W_Err": 0.0024, "Pt": "< LOD", "Pt_Err": 0.0087, "Au": "< LOD", "Au_Err": 0.0002, "Hg": "", "Hg_Err": 0.0, "Pb": "0.0069", "Pb_Err": 0.0027, "Bi": "< LOD", "Bi_Err": 0.0019, "U": "0.0027"}}, {"type": "Feature", "geometry": {"type": "Point", "coordinates": [-72.608834, -36.237008]}, "properties": {"CP": "QUI-CA26", "SEMANA": 20.0, "IDSAMPLE": 1139892.0, "Elevation": 245.641968, "Xm": 714882.379247, "Ym": 5987111.93803, "From_": 0.0, "To": 0.0, "HORIZONTE": "", "ROCA_CAJA": "Granito", "ESTRUCTURA": "", "RUMBO": "", "MANTEO": "", "MINERALES": "", "ALTERACION": "3Kaol", "MINERALIZA": "2OxFe", "COMENTARIO": "", "TAKEN_BY": "GMO", "SiO2": 18.7996, "SiO2_Err": 0.224, "S": "< LOD", "S_Err": 1.0908, "K": 1.4035, "K_Err": 0.6359, "Ca": 0.1033, "Ca_Err": 0.0742, "Ti": 0.349, "Ti_Err": 0.0743, "V": "", "V_Err": 0.0, "Cr": "", "Cr_Err": 0.0, "Mn": 0.0451, "Mn_Err": 0.0171, "Fe": 2.9957, "Fe_Err": 0.0649, "Co": "< LOD", "Co_Err": 0.0175, "Ni": "< LOD", "Ni_Err": 0.0033, "Cu": 0.0069, "Cu_Err": 0.0015, "Zn": 0.0054, "Zn_Err": 0.0017, "Ga": "0.0061", "Ga_Err": 0.0047, "As_": "< LOD", "As_Err": 0.0046, "Se": "< LOD", "Se_Err": 0.0004, "Rb": 0.0102, "Rb_Err": 0.0011, "Sr": 0.0031, "Sr_Err": 0.0007, "Y_": 0.0037, "Yppm": 37.0, "Ypond": 42.55, "Y_Err": 0.0005, "F59": "", "Zr": 0.0197, "Zr_Err": 0.0012, "Mo": "< LOD", "Mo_Err": 0.0047, "Pd": "< LOD", "Pd_Err": 0.003, "Ag": "< LOD", "Ag_Err": 0.0181, "Cd": "< LOD", "Cd_Err": 0.0025, "In_": 0.0, "In_Err": 0.0, "Sn": "< LOD", "Sn_Err": 0.0044, "Sb": "< LOD", "Sb_Err": 0.0037, "Te": "< LOD", "Te_Err": 0.0011, "Ba": 0.0786, "Ba_Err": 0.0115, "W": "< LOD", "W_Err": 0.0023, "Pt": "< LOD", "Pt_Err": 0.0079, "Au": "< LOD", "Au_Err": 0.0002, "Hg": "", "Hg_Err": 0.0, "Pb": "0.0036", "Pb_Err": 0.0022, "Bi": "0.0045", "Bi_Err": 0.002, "U": "0.0012"}}, {"type": "Feature", "geometry": {"type": "Point", "coordinates": [-72.606089, -36.222501]}, "properties": {"CP": "QUI-CA27", "SEMANA": 20.0, "IDSAMPLE": 1139893.0, "Elevation": 266.148621, "Xm": 715168.82628, "Ym": 5988715.326, "From_": 0.0, "To": 1.0, "HORIZONTE": "US", "ROCA_CAJA": "Diorita", "ESTRUCTURA": "", "RUMBO": "", "MANTEO": "", "MINERALES": "", "ALTERACION": "3Kaol", "MINERALIZA": "3OxFe", "COMENTARIO": "", "TAKEN_BY": "GMO", "SiO2": 17.6934, "SiO2_Err": 0.1972, "S": "< LOD", "S_Err": 1.1423, "K": 1.2745, "K_Err": 0.6411, "Ca": 0.2913, "Ca_Err": 0.1024, "Ti": 0.5291, "Ti_Err": 0.0849, "V": "0.022", "V_Err": 0.0173, "Cr": "", "Cr_Err": 0.0, "Mn": 0.0732, "Mn_Err": 0.0197, "Fe": 4.4682, "Fe_Err": 0.0847, "Co": "< LOD", "Co_Err": 0.0201, "Ni": "< LOD", "Ni_Err": 0.0037, "Cu": 0.0096, "Cu_Err": 0.0018, "Zn": 0.0065, "Zn_Err": 0.002, "Ga": "< LOD", "Ga_Err": 0.0041, "As_": "< LOD", "As_Err": 0.0051, "Se": "< LOD", "Se_Err": 0.0005, "Rb": 0.0113, "Rb_Err": 0.0012, "Sr": 0.0026, "Sr_Err": 0.0006, "Y_": 0.0023, "Yppm": 23.0, "Ypond": 26.45, "Y_Err": 0.0004, "F59": "", "Zr": 0.0099, "Zr_Err": 0.0009, "Mo": "< LOD", "Mo_Err": 0.0045, "Pd": "< LOD", "Pd_Err": 0.0028, "Ag": "< LOD", "Ag_Err": 0.0165, "Cd": "< LOD", "Cd_Err": 0.0027, "In_": 0.0054, "In_Err": 0.0034, "Sn": "< LOD", "Sn_Err": 0.0047, "Sb": "< LOD", "Sb_Err": 0.0038, "Te": "< LOD", "Te_Err": 0.0012, "Ba": 0.0339, "Ba_Err": 0.0115, "W": "< LOD", "W_Err": 0.0028, "Pt": "", "Pt_Err": 0.0, "Au": "< LOD", "Au_Err": 0.0002, "Hg": "< LOD", "Hg_Err": 0.0014, "Pb": "< LOD", "Pb_Err": 0.002, "Bi": "< LOD", "Bi_Err": 0.0018, "U": "0.0017"}}, {"type": "Feature", "geometry": {"type": "Point", "coordinates": [-72.606089, -36.222501]}, "properties": {"CP": "QUI-CA27", "SEMANA": 20.0, "IDSAMPLE": 1139894.0, "Elevation": 266.148621, "Xm": 715168.82628, "Ym": 5988715.326, "From_": 1.0, "To": 2.0, "HORIZONTE": "UP/LP", "ROCA_CAJA": "Diorita", "ESTRUCTURA": "", "RUMBO": "", "MANTEO": "", "MINERALES": "", "ALTERACION": "3Kaol", "MINERALIZA": "3OxFe", "COMENTARIO": "", "TAKEN_BY": "GMO", "SiO2": 17.1824, "SiO2_Err": 0.1976, "S": "< LOD", "S_Err": 1.0819, "K": 1.0938, "K_Err": 0.587, "Ca": 0.9403, "Ca_Err": 0.1674, "Ti": 0.4334, "Ti_Err": 0.0781, "V": "0.0188", "V_Err": 0.0161, "Cr": "", "Cr_Err": 0.0, "Mn": 0.1056, "Mn_Err": 0.0229, "Fe": 4.5947, "Fe_Err": 0.0864, "Co": "< LOD", "Co_Err": 0.0204, "Ni": "< LOD", "Ni_Err": 0.0041, "Cu": 0.0092, "Cu_Err": 0.002, "Zn": 0.0067, "Zn_Err": 0.002, "Ga": "< LOD", "Ga_Err": 0.004, "As_": "< LOD", "As_Err": 0.0051, "Se": "< LOD", "Se_Err": 0.0004, "Rb": 0.0072, "Rb_Err": 0.001, "Sr": 0.0013, "Sr_Err": 0.0006, "Y_": 0.0021, "Yppm": 21.0, "Ypond": 24.15, "Y_Err": 0.0004, "F59": "", "Zr": 0.0059, "Zr_Err": 0.0008, "Mo": "0.0099", "Mo_Err": 0.0045, "Pd": "< LOD", "Pd_Err": 0.0028, "Ag": "< LOD", "Ag_Err": 0.0166, "Cd": "< LOD", "Cd_Err": 0.0027, "In_": 0.008, "In_Err": 0.0034, "Sn": "< LOD", "Sn_Err": 0.0048, "Sb": "< LOD", "Sb_Err": 0.0037, "Te": "< LOD", "Te_Err": 0.0012, "Ba": 0.026, "Ba_Err": 0.0116, "W": "< LOD", "W_Err": 0.0029, "Pt": "", "Pt_Err": 0.0, "Au": "< LOD", "Au_Err": 0.0002, "Hg": "", "Hg_Err": 0.0, "Pb": "< LOD", "Pb_Err": 0.0021, "Bi": "< LOD", "Bi_Err": 0.0017, "U": "0.0009"}}, {"type": "Feature", "geometry": {"type": "Point", "coordinates": [-72.606089, -36.222501]}, "properties": {"CP": "QUI-CA27", "SEMANA": 20.0, "IDSAMPLE": 1139895.0, "Elevation": 266.148621, "Xm": 715168.82628, "Ym": 5988715.326, "From_": 2.0, "To": 3.0, "HORIZONTE": "UP", "ROCA_CAJA": "Diorita", "ESTRUCTURA": "", "RUMBO": "", "MANTEO": "", "MINERALES": "", "ALTERACION": "3Kaol", "MINERALIZA": "3OxFe", "COMENTARIO": "", "TAKEN_BY": "GMO", "SiO2": 18.1339, "SiO2_Err": 0.2204, "S": "< LOD", "S_Err": 1.1277, "K": 1.6047, "K_Err": 0.6392, "Ca": 0.4646, "Ca_Err": 0.1229, "Ti": 0.5401, "Ti_Err": 0.0844, "V": "0.0285", "V_Err": 0.0173, "Cr": "", "Cr_Err": 0.0, "Mn": 0.1082, "Mn_Err": 0.0226, "Fe": 5.0684, "Fe_Err": 0.0936, "Co": "< LOD", "Co_Err": 0.0214, "Ni": "< LOD", "Ni_Err": 0.0037, "Cu": 0.0127, "Cu_Err": 0.0018, "Zn": 0.0087, "Zn_Err": 0.0023, "Ga": "< LOD", "Ga_Err": 0.0039, "As_": "< LOD", "As_Err": 0.0056, "Se": "< LOD", "Se_Err": 0.0005, "Rb": 0.013, "Rb_Err": 0.0013, "Sr": 0.0012, "Sr_Err": 0.0006, "Y_": 0.0032, "Yppm": 32.0, "Ypond": 36.8, "Y_Err": 0.0005, "F59": "", "Zr": 0.0029, "Zr_Err": 0.0007, "Mo": "0.0173", "Mo_Err": 0.0044, "Pd": "< LOD", "Pd_Err": 0.0027, "Ag": "< LOD", "Ag_Err": 0.0156, "Cd": "< LOD", "Cd_Err": 0.0028, "In_": 0.0073, "In_Err": 0.0035, "Sn": "< LOD", "Sn_Err": 0.005, "Sb": "< LOD", "Sb_Err": 0.0039, "Te": "< LOD", "Te_Err": 0.0013, "Ba": 0.0235, "Ba_Err": 0.0121, "W": "< LOD", "W_Err": 0.003, "Pt": "< LOD", "Pt_Err": 0.0076, "Au": "< LOD", "Au_Err": 0.0002, "Hg": "", "Hg_Err": 0.0, "Pb": "< LOD", "Pb_Err": 0.0022, "Bi": "< LOD", "Bi_Err": 0.0019, "U": "0.0017"}}, {"type": "Feature", "geometry": {"type": "Point", "coordinates": [-72.606491, -36.222634]}, "properties": {"CP": "QUI-CA28", "SEMANA": 20.0, "IDSAMPLE": 1139896.0, "Elevation": 263.940308, "Xm": 715132.323523, "Ym": 5988701.45873, "From_": 0.0, "To": 1.0, "HORIZONTE": "US", "ROCA_CAJA": "Diorita", "ESTRUCTURA": "", "RUMBO": "", "MANTEO": "", "MINERALES": "", "ALTERACION": "3Kaol", "MINERALIZA": "3OxFe", "COMENTARIO": "", "TAKEN_BY": "GMO", "SiO2": 12.5046, "SiO2_Err": 0.1348, "S": "< LOD", "S_Err": 1.1456, "K": 0.6691, "K_Err": 0.5276, "Ca": 0.3415, "Ca_Err": 0.1068, "Ti": 0.6949, "Ti_Err": 0.0952, "V": "0.0286", "V_Err": 0.0186, "Cr": "", "Cr_Err": 0.0, "Mn": 0.0465, "Mn_Err": 0.0173, "Fe": 4.7974, "Fe_Err": 0.0891, "Co": "< LOD", "Co_Err": 0.0207, "Ni": "< LOD", "Ni_Err": 0.0037, "Cu": 0.0109, "Cu_Err": 0.0019, "Zn": 0.0064, "Zn_Err": 0.002, "Ga": "< LOD", "Ga_Err": 0.0039, "As_": "< LOD", "As_Err": 0.005, "Se": "< LOD", "Se_Err": 0.0005, "Rb": 0.0076, "Rb_Err": 0.001, "Sr": 0.0026, "Sr_Err": 0.0006, "Y_": 0.0029, "Yppm": 29.0, "Ypond": 33.35, "Y_Err": 0.0005, "F59": "", "Zr": 0.0069, "Zr_Err": 0.0008, "Mo": "0.0053", "Mo_Err": 0.0045, "Pd": "< LOD", "Pd_Err": 0.0028, "Ag": "< LOD", "Ag_Err": 0.0162, "Cd": "< LOD", "Cd_Err": 0.0027, "In_": 0.0, "In_Err": 0.0, "Sn": "< LOD", "Sn_Err": 0.0047, "Sb": "< LOD", "Sb_Err": 0.0036, "Te": "< LOD", "Te_Err": 0.0012, "Ba": 0.0245, "Ba_Err": 0.0114, "W": "< LOD", "W_Err": 0.0028, "Pt": "< LOD", "Pt_Err": 0.0078, "Au": "< LOD", "Au_Err": 0.0002, "Hg": "", "Hg_Err": 0.0, "Pb": "< LOD", "Pb_Err": 0.0019, "Bi": "< LOD", "Bi_Err": 0.0017, "U": "0.0011"}}, {"type": "Feature", "geometry": {"type": "Point", "coordinates": [-72.606491, -36.222634]}, "properties": {"CP": "QUI-CA28", "SEMANA": 20.0, "IDSAMPLE": 1139897.0, "Elevation": 263.940308, "Xm": 715132.323523, "Ym": 5988701.45873, "From_": 1.0, "To": 2.0, "HORIZONTE": "LP", "ROCA_CAJA": "Diorita", "ESTRUCTURA": "", "RUMBO": "", "MANTEO": "", "MINERALES": "", "ALTERACION": "3Kaol", "MINERALIZA": "3OxFe", "COMENTARIO": "", "TAKEN_BY": "GMO", "SiO2": 13.9469, "SiO2_Err": 0.1749, "S": "< LOD", "S_Err": 1.0996, "K": 0.5967, "K_Err": 0.4894, "Ca": 0.0928, "Ca_Err": 0.0771, "Ti": 1.1068, "Ti_Err": 0.1173, "V": "0.0481", "V_Err": 0.0224, "Cr": "", "Cr_Err": 0.0, "Mn": 0.1387, "Mn_Err": 0.0257, "Fe": 6.3988, "Fe_Err": 0.1099, "Co": "< LOD", "Co_Err": 0.0231, "Ni": "< LOD", "Ni_Err": 0.0044, "Cu": 0.0135, "Cu_Err": 0.0022, "Zn": 0.0063, "Zn_Err": 0.0021, "Ga": "0.0046", "Ga_Err": 0.0042, "As_": "< LOD", "As_Err": 0.0056, "Se": "< LOD", "Se_Err": 0.0005, "Rb": 0.0078, "Rb_Err": 0.0011, "Sr": 0.0014, "Sr_Err": 0.0006, "Y_": 0.003, "Yppm": 30.0, "Ypond": 34.5, "Y_Err": 0.0005, "F59": "", "Zr": 0.0181, "Zr_Err": 0.0012, "Mo": "< LOD", "Mo_Err": 0.0042, "Pd": "< LOD", "Pd_Err": 0.0027, "Ag": "< LOD", "Ag_Err": 0.0141, "Cd": "< LOD", "Cd_Err": 0.0026, "In_": 0.0, "In_Err": 0.0033, "Sn": "< LOD", "Sn_Err": 0.0046, "Sb": "< LOD", "Sb_Err": 0.0035, "Te": "< LOD", "Te_Err": 0.0012, "Ba": 0.0144, "Ba_Err": 0.0111, "W": "< LOD", "W_Err": 0.003, "Pt": "< LOD", "Pt_Err": 0.0071, "Au": "< LOD", "Au_Err": 0.0002, "Hg": "", "Hg_Err": 0.0, "Pb": "< LOD", "Pb_Err": 0.0021, "Bi": "< LOD", "Bi_Err": 0.0018, "U": "0.001"}}, {"type": "Feature", "geometry": {"type": "Point", "coordinates": [-72.606491, -36.222634]}, "properties": {"CP": "QUI-CA28", "SEMANA": 20.0, "IDSAMPLE": 1139898.0, "Elevation": 263.940308, "Xm": 715132.323523, "Ym": 5988701.45873, "From_": 2.0, "To": 3.0, "HORIZONTE": "LP", "ROCA_CAJA": "Diorita", "ESTRUCTURA": "", "RUMBO": "", "MANTEO": "", "MINERALES": "", "ALTERACION": "3Kaol", "MINERALIZA": "3OxFe", "COMENTARIO": "", "TAKEN_BY": "GMO", "SiO2": 11.6005, "SiO2_Err": 0.133, "S": "< LOD", "S_Err": 1.0348, "K": 0.0, "K_Err": 0.4111, "Ca": 0.1022, "Ca_Err": 0.0796, "Ti": 0.8856, "Ti_Err": 0.1045, "V": "0.039", "V_Err": 0.0199, "Cr": "< LOD", "Cr_Err": 0.0115, "Mn": 0.0409, "Mn_Err": 0.0172, "Fe": 5.5233, "Fe_Err": 0.0984, "Co": "< LOD", "Co_Err": 0.0218, "Ni": "< LOD", "Ni_Err": 0.0038, "Cu": 0.012, "Cu_Err": 0.0021, "Zn": 0.0049, "Zn_Err": 0.0018, "Ga": "0.0055", "Ga_Err": 0.0041, "As_": "< LOD", "As_Err": 0.0056, "Se": "< LOD", "Se_Err": 0.0005, "Rb": 0.0031, "Rb_Err": 0.0008, "Sr": 0.0009, "Sr_Err": 0.0005, "Y_": 0.0031, "Yppm": 31.0, "Ypond": 35.65, "Y_Err": 0.0005, "F59": "", "Zr": 0.0221, "Zr_Err": 0.0013, "Mo": "< LOD", "Mo_Err": 0.0045, "Pd": "< LOD", "Pd_Err": 0.0028, "Ag": "< LOD", "Ag_Err": 0.0157, "Cd": "< LOD", "Cd_Err": 0.0028, "In_": 0.0056, "In_Err": 0.0035, "Sn": "< LOD", "Sn_Err": 0.0049, "Sb": "< LOD", "Sb_Err": 0.0039, "Te": "< LOD", "Te_Err": 0.0013, "Ba": 0.0, "Ba_Err": 0.0117, "W": "< LOD", "W_Err": 0.0027, "Pt": "< LOD", "Pt_Err": 0.0075, "Au": "< LOD", "Au_Err": 0.0002, "Hg": "", "Hg_Err": 0.0, "Pb": "< LOD", "Pb_Err": 0.0021, "Bi": "< LOD", "Bi_Err": 0.0019, "U": "< LOD"}}, {"type": "Feature", "geometry": {"type": "Point", "coordinates": [-72.63103, -36.250566]}, "properties": {"CP": "QUI-CA29", "SEMANA": 20.0, "IDSAMPLE": 1139899.0, "Elevation": 382.872711, "Xm": 712850.537144, "Ym": 5985656.71749, "From_": 0.0, "To": 1.0, "HORIZONTE": "US?", "ROCA_CAJA": "Granito de Biotita", "ESTRUCTURA": "", "RUMBO": "", "MANTEO": "", "MINERALES": "", "ALTERACION": "2Kaol", "MINERALIZA": "2OxFe", "COMENTARIO": "", "TAKEN_BY": "GMO", "SiO2": 10.5861, "SiO2_Err": 0.109, "S": "< LOD", "S_Err": 1.1465, "K": 0.8627, "K_Err": 0.528, "Ca": 0.5688, "Ca_Err": 0.1312, "Ti": 0.1746, "Ti_Err": 0.0564, "V": "< LOD", "V_Err": 0.0123, "Cr": "", "Cr_Err": 0.0, "Mn": 0.0288, "Mn_Err": 0.0139, "Fe": 1.4915, "Fe_Err": 0.0457, "Co": "< LOD", "Co_Err": 0.0116, "Ni": "< LOD", "Ni_Err": 0.0032, "Cu": 0.004, "Cu_Err": 0.0017, "Zn": 0.0028, "Zn_Err": 0.0014, "Ga": "0.0054", "Ga_Err": 0.0043, "As_": "< LOD", "As_Err": 0.0049, "Se": "< LOD", "Se_Err": 0.0004, "Rb": 0.0066, "Rb_Err": 0.001, "Sr": 0.0132, "Sr_Err": 0.0012, "Y_": 0.0012, "Yppm": 12.0, "Ypond": 13.8, "Y_Err": 0.0004, "F59": "", "Zr": 0.0176, "Zr_Err": 0.0012, "Mo": "< LOD", "Mo_Err": 0.0048, "Pd": "< LOD", "Pd_Err": 0.0029, "Ag": "< LOD", "Ag_Err": 0.019, "Cd": "< LOD", "Cd_Err": 0.0027, "In_": 0.0102, "In_Err": 0.0035, "Sn": "< LOD", "Sn_Err": 0.0048, "Sb": "< LOD", "Sb_Err": 0.0038, "Te": "< LOD", "Te_Err": 0.0012, "Ba": 0.0446, "Ba_Err": 0.0112, "W": "< LOD", "W_Err": 0.0024, "Pt": "", "Pt_Err": 0.0, "Au": "< LOD", "Au_Err": 0.0002, "Hg": "", "Hg_Err": 0.0, "Pb": "0.004", "Pb_Err": 0.0024, "Bi": "< LOD", "Bi_Err": 0.0018, "U": "< LOD"}}, {"type": "Feature", "geometry": {"type": "Point", "coordinates": [-72.63103, -36.250566]}, "properties": {"CP": "QUI-CA29", "SEMANA": 20.0, "IDSAMPLE": 1139900.0, "Elevation": 382.872711, "Xm": 712850.537144, "Ym": 5985656.71749, "From_": 0.0, "To": 0.8, "HORIZONTE": "LP?", "ROCA_CAJA": "Granito de Biotita", "ESTRUCTURA": "", "RUMBO": "", "MANTEO": "", "MINERALES": "", "ALTERACION": "2Kaol", "MINERALIZA": "3OxFe", "COMENTARIO": "", "TAKEN_BY": "GMO", "SiO2": 14.557, "SiO2_Err": 0.1867, "S": "< LOD", "S_Err": 0.9868, "K": 1.738, "K_Err": 0.7114, "Ca": 0.1369, "Ca_Err": 0.0812, "Ti": 0.6929, "Ti_Err": 0.0951, "V": "0.0231", "V_Err": 0.0181, "Cr": "", "Cr_Err": 0.0, "Mn": 0.0705, "Mn_Err": 0.0196, "Fe": 5.4065, "Fe_Err": 0.1011, "Co": "< LOD", "Co_Err": 0.0205, "Ni": "< LOD", "Ni_Err": 0.0045, "Cu": 0.0131, "Cu_Err": 0.0023, "Zn": 0.0072, "Zn_Err": 0.0022, "Ga": "0.0051", "Ga_Err": 0.0042, "As_": "< LOD", "As_Err": 0.0059, "Se": "< LOD", "Se_Err": 0.0005, "Rb": 0.0149, "Rb_Err": 0.0015, "Sr": 0.0021, "Sr_Err": 0.0007, "Y_": 0.0042, "Yppm": 42.0, "Ypond": 48.3, "Y_Err": 0.0006, "F59": "", "Zr": 0.0304, "Zr_Err": 0.0016, "Mo": "< LOD", "Mo_Err": 0.0043, "Pd": "", "Pd_Err": 0.0, "Ag": "< LOD", "Ag_Err": 0.0147, "Cd": "< LOD", "Cd_Err": 0.0028, "In_": 0.0, "In_Err": 0.0, "Sn": "< LOD", "Sn_Err": 0.005, "Sb": "< LOD", "Sb_Err": 0.004, "Te": "< LOD", "Te_Err": 0.0013, "Ba": 0.0367, "Ba_Err": 0.0124, "W": "< LOD", "W_Err": 0.0028, "Pt": "< LOD", "Pt_Err": 0.0073, "Au": "< LOD", "Au_Err": 0.0002, "Hg": "", "Hg_Err": 0.0, "Pb": "< LOD", "Pb_Err": 0.0026, "Bi": "< LOD", "Bi_Err": 0.0022, "U": "0.0019"}}, {"type": "Feature", "geometry": {"type": "Point", "coordinates": [-72.63103, -36.250566]}, "properties": {"CP": "QUI-CA29", "SEMANA": 20.0, "IDSAMPLE": 1139901.0, "Elevation": 382.872711, "Xm": 712850.537144, "Ym": 5985656.71749, "From_": 1.8, "To": 2.7, "HORIZONTE": "LP/US", "ROCA_CAJA": "Granito de Biotita", "ESTRUCTURA": "", "RUMBO": "", "MANTEO": "", "MINERALES": "", "ALTERACION": "2Kaol", "MINERALIZA": "3OxFe", "COMENTARIO": "", "TAKEN_BY": "GMO", "SiO2": 10.0906, "SiO2_Err": 0.1214, "S": "< LOD", "S_Err": 0.9359, "K": 1.1742, "K_Err": 0.5789, "Ca": 0.0829, "Ca_Err": 0.0629, "Ti": 0.5682, "Ti_Err": 0.0866, "V": "< LOD", "V_Err": 0.0158, "Cr": "", "Cr_Err": 0.0, "Mn": 0.0289, "Mn_Err": 0.0151, "Fe": 5.4925, "Fe_Err": 0.1154, "Co": "< LOD", "Co_Err": 0.0173, "Ni": "< LOD", "Ni_Err": 0.0039, "Cu": 0.011, "Cu_Err": 0.0026, "Zn": 0.0069, "Zn_Err": 0.0025, "Ga": "0.0044", "Ga_Err": 0.0037, "As_": "< LOD", "As_Err": 0.0073, "Se": "< LOD", "Se_Err": 0.0006, "Rb": 0.0122, "Rb_Err": 0.0016, "Sr": 0.0011, "Sr_Err": 0.0007, "Y_": 0.0023, "Yppm": 23.0, "Ypond": 26.45, "Y_Err": 0.0006, "F59": "", "Zr": 0.0176, "Zr_Err": 0.0015, "Mo": "< LOD", "Mo_Err": 0.0038, "Pd": "", "Pd_Err": 0.0, "Ag": "< LOD", "Ag_Err": 0.0124, "Cd": "< LOD", "Cd_Err": 0.0034, "In_": 0.0095, "In_Err": 0.0043, "Sn": "< LOD", "Sn_Err": 0.006, "Sb": "< LOD", "Sb_Err": 0.0052, "Te": "< LOD", "Te_Err": 0.0017, "Ba": 0.0358, "Ba_Err": 0.0147, "W": "< LOD", "W_Err": 0.0036, "Pt": "< LOD", "Pt_Err": 0.0065, "Au": "< LOD", "Au_Err": 0.0003, "Hg": "", "Hg_Err": 0.0, "Pb": "0.0032", "Pb_Err": 0.003, "Bi": "< LOD", "Bi_Err": 0.0024, "U": "0.0021"}}, {"type": "Feature", "geometry": {"type": "Point", "coordinates": [-72.628995, -36.250809]}, "properties": {"CP": "QUI-CA30", "SEMANA": 20.0, "IDSAMPLE": 1139902.0, "Elevation": 382.378296, "Xm": 713032.757361, "Ym": 5985625.28632, "From_": 0.0, "To": 1.0, "HORIZONTE": "US?", "ROCA_CAJA": "Granito de Biotita", "ESTRUCTURA": "", "RUMBO": "", "MANTEO": "", "MINERALES": "", "ALTERACION": "2Kaol", "MINERALIZA": "3OxFe", "COMENTARIO": "", "TAKEN_BY": "GMO", "SiO2": 16.8743, "SiO2_Err": 0.1954, "S": "< LOD", "S_Err": 1.2258, "K": 1.6885, "K_Err": 0.6853, "Ca": 0.1312, "Ca_Err": 0.0766, "Ti": 0.4728, "Ti_Err": 0.0799, "V": "0.0223", "V_Err": 0.0165, "Cr": "", "Cr_Err": 0.0, "Mn": 0.0999, "Mn_Err": 0.0213, "Fe": 3.4891, "Fe_Err": 0.0744, "Co": "< LOD", "Co_Err": 0.0177, "Ni": "< LOD", "Ni_Err": 0.0035, "Cu": 0.0091, "Cu_Err": 0.0019, "Zn": 0.006, "Zn_Err": 0.0019, "Ga": "0.0057", "Ga_Err": 0.0044, "As_": "< LOD", "As_Err": 0.0053, "Se": "< LOD", "Se_Err": 0.0005, "Rb": 0.0116, "Rb_Err": 0.0012, "Sr": 0.0015, "Sr_Err": 0.0006, "Y_": 0.0029, "Yppm": 29.0, "Ypond": 33.35, "Y_Err": 0.0005, "F59": "", "Zr": 0.0255, "Zr_Err": 0.0014, "Mo": "< LOD", "Mo_Err": 0.0048, "Pd": "< LOD", "Pd_Err": 0.0028, "Ag": "< LOD", "Ag_Err": 0.0178, "Cd": "< LOD", "Cd_Err": 0.0029, "In_": 0.0166, "In_Err": 0.0037, "Sn": "< LOD", "Sn_Err": 0.0051, "Sb": "< LOD", "Sb_Err": 0.0041, "Te": "< LOD", "Te_Err": 0.0013, "Ba": 0.0423, "Ba_Err": 0.0125, "W": "< LOD", "W_Err": 0.0029, "Pt": "", "Pt_Err": 0.0, "Au": "< LOD", "Au_Err": 0.0002, "Hg": "< LOD", "Hg_Err": 0.0014, "Pb": "0.0024", "Pb_Err": 0.0023, "Bi": "< LOD", "Bi_Err": 0.0019, "U": "0.0021"}}, {"type": "Feature", "geometry": {"type": "Point", "coordinates": [-72.628995, -36.250809]}, "properties": {"CP": "QUI-CA30", "SEMANA": 20.0, "IDSAMPLE": 1139903.0, "Elevation": 382.378296, "Xm": 713032.757361, "Ym": 5985625.28632, "From_": 1.0, "To": 2.0, "HORIZONTE": "LP?", "ROCA_CAJA": "Granito de Biotita", "ESTRUCTURA": "", "RUMBO": "", "MANTEO": "", "MINERALES": "", "ALTERACION": "2Kaol", "MINERALIZA": "3OxFe", "COMENTARIO": "", "TAKEN_BY": "GMO", "SiO2": 8.9579, "SiO2_Err": 0.0911, "S": "< LOD", "S_Err": 0.8508, "K": 1.0316, "K_Err": 0.5482, "Ca": 0.0926, "Ca_Err": 0.0644, "Ti": 0.27, "Ti_Err": 0.0645, "V": "", "V_Err": 0.0, "Cr": "", "Cr_Err": 0.0, "Mn": 0.0227, "Mn_Err": 0.0131, "Fe": 3.9856, "Fe_Err": 0.1032, "Co": "< LOD", "Co_Err": 0.0135, "Ni": "< LOD", "Ni_Err": 0.0028, "Cu": 0.0097, "Cu_Err": 0.0027, "Zn": 0.0073, "Zn_Err": 0.0028, "Ga": "0.0043", "Ga_Err": 0.0035, "As_": "< LOD", "As_Err": 0.0074, "Se": "< LOD", "Se_Err": 0.0006, "Rb": 0.0111, "Rb_Err": 0.0016, "Sr": 0.001, "Sr_Err": 0.0008, "Y_": 0.0029, "Yppm": 29.0, "Ypond": 33.35, "Y_Err": 0.0006, "F59": "", "Zr": 0.0189, "Zr_Err": 0.0016, "Mo": "< LOD", "Mo_Err": 0.0036, "Pd": "", "Pd_Err": 0.0, "Ag": "< LOD", "Ag_Err": 0.0122, "Cd": "< LOD", "Cd_Err": 0.0037, "In_": 0.0157, "In_Err": 0.0048, "Sn": "< LOD", "Sn_Err": 0.0064, "Sb": "< LOD", "Sb_Err": 0.0054, "Te": "< LOD", "Te_Err": 0.0017, "Ba": 0.0395, "Ba_Err": 0.0157, "W": "< LOD", "W_Err": 0.0038, "Pt": "< LOD", "Pt_Err": 0.0062, "Au": "< LOD", "Au_Err": 0.0003, "Hg": "", "Hg_Err": 0.0, "Pb": "< LOD", "Pb_Err": 0.0031, "Bi": "< LOD", "Bi_Err": 0.0029, "U": "< LOD"}}, {"type": "Feature", "geometry": {"type": "Point", "coordinates": [-72.628995, -36.250809]}, "properties": {"CP": "QUI-CA30", "SEMANA": 20.0, "IDSAMPLE": 1139904.0, "Elevation": 382.378296, "Xm": 713032.757361, "Ym": 5985625.28632, "From_": 2.0, "To": 3.0, "HORIZONTE": "LP/UP", "ROCA_CAJA": "Granito de Biotita", "ESTRUCTURA": "", "RUMBO": "", "MANTEO": "", "MINERALES": "", "ALTERACION": "2Kaol", "MINERALIZA": "3OxFe", "COMENTARIO": "", "TAKEN_BY": "GMO", "SiO2": 21.636, "SiO2_Err": 0.2835, "S": "< LOD", "S_Err": 1.1157, "K": 2.1502, "K_Err": 0.737, "Ca": 0.1416, "Ca_Err": 0.0801, "Ti": 0.5776, "Ti_Err": 0.0864, "V": "0.0188", "V_Err": 0.0168, "Cr": "< LOD", "Cr_Err": 0.0118, "Mn": 0.0476, "Mn_Err": 0.0174, "Fe": 4.0509, "Fe_Err": 0.0819, "Co": "< LOD", "Co_Err": 0.0186, "Ni": "< LOD", "Ni_Err": 0.0037, "Cu": 0.0089, "Cu_Err": 0.002, "Zn": 0.0066, "Zn_Err": 0.0021, "Ga": "0.0072", "Ga_Err": 0.0046, "As_": "< LOD", "As_Err": 0.0053, "Se": "< LOD", "Se_Err": 0.0005, "Rb": 0.0113, "Rb_Err": 0.0013, "Sr": 0.001, "Sr_Err": 0.0005, "Y_": 0.0028, "Yppm": 28.0, "Ypond": 32.2, "Y_Err": 0.0005, "F59": "", "Zr": 0.019, "Zr_Err": 0.0012, "Mo": "< LOD", "Mo_Err": 0.0044, "Pd": "< LOD", "Pd_Err": 0.0028, "Ag": "< LOD", "Ag_Err": 0.0162, "Cd": "< LOD", "Cd_Err": 0.0027, "In_": 0.0057, "In_Err": 0.0035, "Sn": "< LOD", "Sn_Err": 0.0048, "Sb": "< LOD", "Sb_Err": 0.0039, "Te": "< LOD", "Te_Err": 0.0012, "Ba": 0.0199, "Ba_Err": 0.0116, "W": "< LOD", "W_Err": 0.0029, "Pt": "", "Pt_Err": 0.0, "Au": "< LOD", "Au_Err": 0.0002, "Hg": "< LOD", "Hg_Err": 0.0014, "Pb": "< LOD", "Pb_Err": 0.0022, "Bi": "< LOD", "Bi_Err": 0.002, "U": "0.0013"}}, {"type": "Feature", "geometry": {"type": "Point", "coordinates": [-72.62326, -36.251068]}, "properties": {"CP": "QUI-CA31", "SEMANA": 20.0, "IDSAMPLE": 1139905.0, "Elevation": 353.816498, "Xm": 713547.427272, "Ym": 5985583.92982, "From_": 0.0, "To": 1.0, "HORIZONTE": "LP", "ROCA_CAJA": "Granito de Biotita", "ESTRUCTURA": "", "RUMBO": "", "MANTEO": "", "MINERALES": "micas,", "ALTERACION": "3Kaol", "MINERALIZA": "3OxFe", "COMENTARIO": "", "TAKEN_BY": "GMO", "SiO2": 13.0445, "SiO2_Err": 0.1356, "S": "< LOD", "S_Err": 0.912, "K": 0.8887, "K_Err": 0.5334, "Ca": 0.0716, "Ca_Err": 0.0632, "Ti": 0.3109, "Ti_Err": 0.0677, "V": "< LOD", "V_Err": 0.014, "Cr": "", "Cr_Err": 0.0, "Mn": 0.0261, "Mn_Err": 0.0142, "Fe": 3.0873, "Fe_Err": 0.0724, "Co": "< LOD", "Co_Err": 0.0155, "Ni": "< LOD", "Ni_Err": 0.003, "Cu": 0.0056, "Cu_Err": 0.0017, "Zn": 0.0051, "Zn_Err": 0.0019, "Ga": "0.0057", "Ga_Err": 0.0045, "As_": "< LOD", "As_Err": 0.005, "Se": "< LOD", "Se_Err": 0.0004, "Rb": 0.0102, "Rb_Err": 0.0012, "Sr": 0.0014, "Sr_Err": 0.0006, "Y_": 0.0027, "Yppm": 27.0, "Ypond": 31.05, "Y_Err": 0.0005, "F59": "", "Zr": 0.0227, "Zr_Err": 0.0014, "Mo": "< LOD", "Mo_Err": 0.0042, "Pd": "< LOD", "Pd_Err": 0.0027, "Ag": "< LOD", "Ag_Err": 0.0156, "Cd": "< LOD", "Cd_Err": 0.0028, "In_": 0.0, "In_Err": 0.0035, "Sn": "< LOD", "Sn_Err": 0.0048, "Sb": "< LOD", "Sb_Err": 0.004, "Te": "< LOD", "Te_Err": 0.0012, "Ba": 0.0359, "Ba_Err": 0.0115, "W": "< LOD", "W_Err": 0.0031, "Pt": "< LOD", "Pt_Err": 0.0067, "Au": "< LOD", "Au_Err": 0.0002, "Hg": "", "Hg_Err": 0.0, "Pb": "0.0023", "Pb_Err": 0.0022, "Bi": "0.003", "Bi_Err": 0.0021, "U": "0.0016"}}, {"type": "Feature", "geometry": {"type": "Point", "coordinates": [-72.565724, -36.280211]}, "properties": {"CP": "QUI-CA32", "SEMANA": 20.0, "IDSAMPLE": 1139906.0, "Elevation": 257.52359, "Xm": 718636.600999, "Ym": 5982221.99039, "From_": 0.0, "To": 1.0, "HORIZONTE": "US?", "ROCA_CAJA": "Diorita", "ESTRUCTURA": "", "RUMBO": "", "MANTEO": "", "MINERALES": "--Qz", "ALTERACION": "2Kaol", "MINERALIZA": "3OxFe", "COMENTARIO": "", "TAKEN_BY": "GMO", "SiO2": 20.7667, "SiO2_Err": 0.2201, "S": "< LOD", "S_Err": 1.1939, "K": 1.6312, "K_Err": 0.6731, "Ca": 1.5297, "Ca_Err": 0.2086, "Ti": 0.462, "Ti_Err": 0.0819, "V": "< LOD", "V_Err": 0.0155, "Cr": "< LOD", "Cr_Err": 0.0107, "Mn": 0.0897, "Mn_Err": 0.0208, "Fe": 3.2414, "Fe_Err": 0.0709, "Co": "< LOD", "Co_Err": 0.017, "Ni": "< LOD", "Ni_Err": 0.0032, "Cu": 0.0066, "Cu_Err": 0.0016, "Zn": 0.005, "Zn_Err": 0.0017, "Ga": "0.0042", "Ga_Err": 0.0039, "As_": "< LOD", "As_Err": 0.005, "Se": "< LOD", "Se_Err": 0.0004, "Rb": 0.01, "Rb_Err": 0.0012, "Sr": 0.0188, "Sr_Err": 0.0014, "Y_": 0.0021, "Yppm": 21.0, "Ypond": 24.15, "Y_Err": 0.0004, "F59": "", "Zr": 0.0099, "Zr_Err": 0.001, "Mo": "< LOD", "Mo_Err": 0.0046, "Pd": "< LOD", "Pd_Err": 0.0029, "Ag": "< LOD", "Ag_Err": 0.0176, "Cd": "< LOD", "Cd_Err": 0.0028, "In_": 0.0099, "In_Err": 0.0035, "Sn": "< LOD", "Sn_Err": 0.0049, "Sb": "< LOD", "Sb_Err": 0.0039, "Te": "< LOD", "Te_Err": 0.0012, "Ba": 0.0586, "Ba_Err": 0.0123, "W": "< LOD", "W_Err": 0.0023, "Pt": "", "Pt_Err": 0.0, "Au": "< LOD", "Au_Err": 0.0002, "Hg": "", "Hg_Err": 0.0, "Pb": "< LOD", "Pb_Err": 0.0022, "Bi": "< LOD", "Bi_Err": 0.0019, "U": "0.0009"}}, {"type": "Feature", "geometry": {"type": "Point", "coordinates": [-72.565724, -36.280211]}, "properties": {"CP": "QUI-CA32", "SEMANA": 20.0, "IDSAMPLE": 1139907.0, "Elevation": 257.52359, "Xm": 718636.600999, "Ym": 5982221.99039, "From_": 1.0, "To": 2.0, "HORIZONTE": "", "ROCA_CAJA": "Diorita", "ESTRUCTURA": "", "RUMBO": "", "MANTEO": "", "MINERALES": "--Qz", "ALTERACION": "2Kaol", "MINERALIZA": "3OxFe", "COMENTARIO": "", "TAKEN_BY": "GMO", "SiO2": 21.1593, "SiO2_Err": 0.2529, "S": "< LOD", "S_Err": 1.1663, "K": 1.4232, "K_Err": 0.645, "Ca": 1.6101, "Ca_Err": 0.2139, "Ti": 0.3053, "Ti_Err": 0.0764, "V": "< LOD", "V_Err": 0.0144, "Cr": "< LOD", "Cr_Err": 0.0106, "Mn": 0.0775, "Mn_Err": 0.0201, "Fe": 3.7804, "Fe_Err": 0.086, "Co": "< LOD", "Co_Err": 0.0159, "Ni": "< LOD", "Ni_Err": 0.0033, "Cu": 0.0055, "Cu_Err": 0.0019, "Zn": 0.0046, "Zn_Err": 0.002, "Ga": "0.0048", "Ga_Err": 0.0039, "As_": "< LOD", "As_Err": 0.0067, "Se": "< LOD", "Se_Err": 0.0006, "Rb": 0.0151, "Rb_Err": 0.0016, "Sr": 0.0258, "Sr_Err": 0.0019, "Y_": 0.0032, "Yppm": 32.0, "Ypond": 36.8, "Y_Err": 0.0006, "F59": "", "Zr": 0.0201, "Zr_Err": 0.0015, "Mo": "< LOD", "Mo_Err": 0.0045, "Pd": "< LOD", "Pd_Err": 0.0026, "Ag": "< LOD", "Ag_Err": 0.0162, "Cd": "< LOD", "Cd_Err": 0.0033, "In_": 0.0287, "In_Err": 0.0043, "Sn": "< LOD", "Sn_Err": 0.0059, "Sb": "< LOD", "Sb_Err": 0.0048, "Te": "0.0016", "Te_Err": 0.0016, "Ba": 0.1591, "Ba_Err": 0.0168, "W": "< LOD", "W_Err": 0.0033, "Pt": "", "Pt_Err": 0.0, "Au": "< LOD", "Au_Err": 0.0002, "Hg": "", "Hg_Err": 0.0, "Pb": "< LOD", "Pb_Err": 0.0028, "Bi": "< LOD", "Bi_Err": 0.0024, "U": "0.0018"}}, {"type": "Feature", "geometry": {"type": "Point", "coordinates": [-72.7028, -36.290106]}, "properties": {"CP": "QUI-CA33", "SEMANA": 20.0, "IDSAMPLE": 1139908.0, "Elevation": 516.621277, "Xm": 706296.887363, "Ym": 5981425.2691, "From_": 0.0, "To": 0.7, "HORIZONTE": "LS", "ROCA_CAJA": "Granito de Biotita", "ESTRUCTURA": "", "RUMBO": "", "MANTEO": "", "MINERALES": "Mn,", "ALTERACION": "", "MINERALIZA": "3OxFe", "COMENTARIO": "", "TAKEN_BY": "GMO", "SiO2": 9.7609, "SiO2_Err": 0.1031, "S": "< LOD", "S_Err": 0.9114, "K": 0.4613, "K_Err": 0.4265, "Ca": 0.0, "Ca_Err": 0.0546, "Ti": 0.2899, "Ti_Err": 0.0646, "V": "< LOD", "V_Err": 0.0126, "Cr": "", "Cr_Err": 0.0, "Mn": 0.0483, "Mn_Err": 0.016, "Fe": 3.9436, "Fe_Err": 0.09, "Co": "< LOD", "Co_Err": 0.0159, "Ni": "< LOD", "Ni_Err": 0.0031, "Cu": 0.0102, "Cu_Err": 0.0023, "Zn": 0.0061, "Zn_Err": 0.0022, "Ga": "0.0047", "Ga_Err": 0.0039, "As_": "< LOD", "As_Err": 0.0059, "Se": "< LOD", "Se_Err": 0.0005, "Rb": 0.0051, "Rb_Err": 0.001, "Sr": 0.0, "Sr_Err": 0.0005, "Y_": 0.0013, "Yppm": 13.0, "Ypond": 14.95, "Y_Err": 0.0004, "F59": "", "Zr": 0.0125, "Zr_Err": 0.0012, "Mo": "< LOD", "Mo_Err": 0.004, "Pd": "", "Pd_Err": 0.0, "Ag": "< LOD", "Ag_Err": 0.014, "Cd": "< LOD", "Cd_Err": 0.0031, "In_": 0.0092, "In_Err": 0.004, "Sn": "< LOD", "Sn_Err": 0.0055, "Sb": "< LOD", "Sb_Err": 0.0045, "Te": "< LOD", "Te_Err": 0.0014, "Ba": 0.0237, "Ba_Err": 0.0129, "W": "< LOD", "W_Err": 0.0032, "Pt": "< LOD", "Pt_Err": 0.0067, "Au": "< LOD", "Au_Err": 0.0002, "Hg": "", "Hg_Err": 0.0, "Pb": "< LOD", "Pb_Err": 0.0026, "Bi": "< LOD", "Bi_Err": 0.0022, "U": "< LOD"}}, {"type": "Feature", "geometry": {"type": "Point", "coordinates": [-72.7028, -36.290106]}, "properties": {"CP": "QUI-CA33", "SEMANA": 20.0, "IDSAMPLE": 1140009.0, "Elevation": 516.621277, "Xm": 706296.887363, "Ym": 5981425.2691, "From_": 0.7, "To": 1.5, "HORIZONTE": "LS", "ROCA_CAJA": "Granito de Biotita", "ESTRUCTURA": "", "RUMBO": "", "MANTEO": "", "MINERALES": "", "ALTERACION": "", "MINERALIZA": "2OxFe", "COMENTARIO": "", "TAKEN_BY": "GMO", "SiO2": 10.8989, "SiO2_Err": 0.1393, "S": "< LOD", "S_Err": 0.942, "K": 1.0296, "K_Err": 0.5428, "Ca": 0.1087, "Ca_Err": 0.0678, "Ti": 0.3502, "Ti_Err": 0.0694, "V": "< LOD", "V_Err": 0.0134, "Cr": "", "Cr_Err": 0.0, "Mn": 0.0365, "Mn_Err": 0.0153, "Fe": 3.7855, "Fe_Err": 0.0883, "Co": "< LOD", "Co_Err": 0.0156, "Ni": "< LOD", "Ni_Err": 0.0037, "Cu": 0.0113, "Cu_Err": 0.0027, "Zn": 0.0068, "Zn_Err": 0.0024, "Ga": "0.0063", "Ga_Err": 0.0044, "As_": "< LOD", "As_Err": 0.0063, "Se": "< LOD", "Se_Err": 0.0005, "Rb": 0.0074, "Rb_Err": 0.0012, "Sr": 0.0007, "Sr_Err": 0.0006, "Y_": 0.0014, "Yppm": 14.0, "Ypond": 16.1, "Y_Err": 0.0005, "F59": "", "Zr": 0.0285, "Zr_Err": 0.0011, "Mo": "< LOD", "Mo_Err": 0.0038, "Pd": "< LOD", "Pd_Err": 0.0022, "Ag": "< LOD", "Ag_Err": 0.0142, "Cd": "< LOD", "Cd_Err": 0.0023, "In_": 0.0219, "In_Err": 0.003, "Sn": "< LOD", "Sn_Err": 0.004, "Sb": "< LOD", "Sb_Err": 0.0033, "Te": "< LOD", "Te_Err": 0.001, "Ba": 0.0748, "Ba_Err": 0.0104, "W": "< LOD", "W_Err": 0.0018, "Pt": "< LOD", "Pt_Err": 0.0065, "Au": "< LOD", "Au_Err": 0.0002, "Hg": "< LOD", "Hg_Err": 0.0011, "Pb": "< LOD", "Pb_Err": 0.0017, "Bi": "0.0034", "Bi_Err": 0.0017, "U": "0.0012"}}, {"type": "Feature", "geometry": {"type": "Point", "coordinates": [-72.44259, -36.096223]}, "properties": {"CP": "QUI-CA34", "SEMANA": 20.0, "IDSAMPLE": 1140010.0, "Elevation": 245.87886, "Xm": 730236.527803, "Ym": 6002350.55914, "From_": 0.0, "To": 1.0, "HORIZONTE": "US", "ROCA_CAJA": "Granito de Biotita", "ESTRUCTURA": "", "RUMBO": "", "MANTEO": "", "MINERALES": "+-Qz", "ALTERACION": "3Kaol", "MINERALIZA": "3OxFe", "COMENTARIO": "Granito cortado por dique fino", "TAKEN_BY": "GMO", "SiO2": 17.0466, "SiO2_Err": 0.1178, "S": "< LOD", "S_Err": 0.8346, "K": 1.3081, "K_Err": 0.4377, "Ca": 0.24, "Ca_Err": 0.068, "Ti": 0.3095, "Ti_Err": 0.0505, "V": "", "V_Err": 0.0, "Cr": "< LOD", "Cr_Err": 0.007, "Mn": 0.0575, "Mn_Err": 0.0124, "Fe": 3.1508, "Fe_Err": 0.0489, "Co": "< LOD", "Co_Err": 0.0121, "Ni": "< LOD", "Ni_Err": 0.0023, "Cu": 0.0076, "Cu_Err": 0.0012, "Zn": 0.0055, "Zn_Err": 0.0013, "Ga": "0.0074", "Ga_Err": 0.0032, "As_": "< LOD", "As_Err": 0.0043, "Se": "< LOD", "Se_Err": 0.0004, "Rb": 0.0101, "Rb_Err": 0.0009, "Sr": 0.0045, "Sr_Err": 0.0006, "Y_": 0.0022, "Yppm": 22.0, "Ypond": 25.3, "Y_Err": 0.0003, "F59": "", "Zr": 0.0371, "Zr_Err": 0.0014, "Mo": "< LOD", "Mo_Err": 0.0032, "Pd": "< LOD", "Pd_Err": 0.002, "Ag": "< LOD", "Ag_Err": 0.0112, "Cd": "< LOD", "Cd_Err": 0.0023, "In_": 0.0058, "In_Err": 0.0029, "Sn": "< LOD", "Sn_Err": 0.004, "Sb": "< LOD", "Sb_Err": 0.0032, "Te": "< LOD", "Te_Err": 0.001, "Ba": 0.0594, "Ba_Err": 0.0103, "W": "< LOD", "W_Err": 0.0023, "Pt": "< LOD", "Pt_Err": 0.0054, "Au": "< LOD", "Au_Err": 0.0002, "Hg": "", "Hg_Err": 0.0, "Pb": "< LOD", "Pb_Err": 0.0018, "Bi": "0.0027", "Bi_Err": 0.0017, "U": "0.0015"}}, {"type": "Feature", "geometry": {"type": "Point", "coordinates": [-72.44259, -36.096223]}, "properties": {"CP": "QUI-CA34", "SEMANA": 20.0, "IDSAMPLE": 1140011.0, "Elevation": 245.87886, "Xm": 730236.527803, "Ym": 6002350.55914, "From_": 1.0, "To": 2.0, "HORIZONTE": "US", "ROCA_CAJA": "Granito de Biotita", "ESTRUCTURA": "", "RUMBO": "", "MANTEO": "", "MINERALES": "+-Qz", "ALTERACION": "3Kaol", "MINERALIZA": "3OxFe", "COMENTARIO": "Granito cortado por dique fino", "TAKEN_BY": "GMO", "SiO2": 21.4277, "SiO2_Err": 0.178, "S": "< LOD", "S_Err": 0.7077, "K": 1.5269, "K_Err": 0.4526, "Ca": 0.253, "Ca_Err": 0.0674, "Ti": 0.4393, "Ti_Err": 0.0553, "V": "< LOD", "V_Err": 0.0104, "Cr": "", "Cr_Err": 0.0, "Mn": 0.0298, "Mn_Err": 0.0102, "Fe": 4.4652, "Fe_Err": 0.0662, "Co": "< LOD", "Co_Err": 0.0125, "Ni": "< LOD", "Ni_Err": 0.0022, "Cu": 0.0092, "Cu_Err": 0.0014, "Zn": 0.0075, "Zn_Err": 0.0017, "Ga": "0.0066", "Ga_Err": 0.0032, "As_": "< LOD", "As_Err": 0.0044, "Se": "< LOD", "Se_Err": 0.0004, "Rb": 0.0114, "Rb_Err": 0.0011, "Sr": 0.0037, "Sr_Err": 0.0006, "Y_": 0.002, "Yppm": 20.0, "Ypond": 23.0, "Y_Err": 0.0004, "F59": "", "Zr": 0.023, "Zr_Err": 0.001, "Mo": "< LOD", "Mo_Err": 0.0034, "Pd": "< LOD", "Pd_Err": 0.0021, "Ag": "< LOD", "Ag_Err": 0.0122, "Cd": "< LOD", "Cd_Err": 0.0021, "In_": 0.0, "In_Err": 0.0, "Sn": "< LOD", "Sn_Err": 0.0037, "Sb": "< LOD", "Sb_Err": 0.003, "Te": "< LOD", "Te_Err": 0.001, "Ba": 0.0463, "Ba_Err": 0.0095, "W": "< LOD", "W_Err": 0.0019, "Pt": "", "Pt_Err": 0.0, "Au": "< LOD", "Au_Err": 0.0002, "Hg": "", "Hg_Err": 0.0, "Pb": "< LOD", "Pb_Err": 0.0017, "Bi": "0.0035", "Bi_Err": 0.0017, "U": "0.0016"}}, {"type": "Feature", "geometry": {"type": "Point", "coordinates": [-72.44259, -36.096223]}, "properties": {"CP": "QUI-CA34", "SEMANA": 20.0, "IDSAMPLE": 1140012.0, "Elevation": 245.87886, "Xm": 730236.527803, "Ym": 6002350.55914, "From_": 2.0, "To": 3.0, "HORIZONTE": "LP", "ROCA_CAJA": "Granito de Biotita", "ESTRUCTURA": "", "RUMBO": "", "MANTEO": "", "MINERALES": "+-Qz", "ALTERACION": "3Kaol", "MINERALIZA": "3OxFe", "COMENTARIO": "Granito cortado por dique fino", "TAKEN_BY": "GMO", "SiO2": 25.5548, "SiO2_Err": 0.2292, "S": "< LOD", "S_Err": 0.7996, "K": 1.8923, "K_Err": 0.5044, "Ca": 0.3083, "Ca_Err": 0.0765, "Ti": 0.6681, "Ti_Err": 0.0663, "V": "0.0242", "V_Err": 0.0127, "Cr": "< LOD", "Cr_Err": 0.008, "Mn": 0.0401, "Mn_Err": 0.0115, "Fe": 5.1008, "Fe_Err": 0.0661, "Co": "< LOD", "Co_Err": 0.0149, "Ni": "< LOD", "Ni_Err": 0.0027, "Cu": 0.0105, "Cu_Err": 0.0013, "Zn": 0.0075, "Zn_Err": 0.0015, "Ga": "0.0069", "Ga_Err": 0.0033, "As_": "< LOD", "As_Err": 0.0042, "Se": "< LOD", "Se_Err": 0.0004, "Rb": 0.0124, "Rb_Err": 0.001, "Sr": 0.0039, "Sr_Err": 0.0006, "Y_": 0.0019, "Yppm": 19.0, "Ypond": 21.85, "Y_Err": 0.0003, "F59": "", "Zr": 0.0196, "Zr_Err": 0.0009, "Mo": "< LOD", "Mo_Err": 0.0035, "Pd": "< LOD", "Pd_Err": 0.0022, "Ag": "< LOD", "Ag_Err": 0.0133, "Cd": "< LOD", "Cd_Err": 0.0021, "In_": 0.0, "In_Err": 0.0, "Sn": "< LOD", "Sn_Err": 0.0036, "Sb": "< LOD", "Sb_Err": 0.0029, "Te": "< LOD", "Te_Err": 0.0009, "Ba": 0.062, "Ba_Err": 0.0091, "W": "< LOD", "W_Err": 0.0019, "Pt": "< LOD", "Pt_Err": 0.0061, "Au": "< LOD", "Au_Err": 0.0001, "Hg": "", "Hg_Err": 0.0, "Pb": "0.0033", "Pb_Err": 0.0017, "Bi": "0.0026", "Bi_Err": 0.0015, "U": "0.0018"}}, {"type": "Feature", "geometry": {"type": "Point", "coordinates": [-72.444964, -36.027583]}, "properties": {"CP": "QUI-CA35", "SEMANA": 20.0, "IDSAMPLE": 1140013.0, "Elevation": 172.524597, "Xm": 730222.779753, "Ym": 6009971.72745, "From_": 0.0, "To": 0.0, "HORIZONTE": "", "ROCA_CAJA": "Granito de Biotita", "ESTRUCTURA": "", "RUMBO": "", "MANTEO": "", "MINERALES": "3Qz", "ALTERACION": "1Kaol", "MINERALIZA": "4OxFe", "COMENTARIO": "", "TAKEN_BY": "GMO", "SiO2": 19.8684, "SiO2_Err": 0.1437, "S": "< LOD", "S_Err": 0.7816, "K": 1.5992, "K_Err": 0.4799, "Ca": 0.1841, "Ca_Err": 0.0614, "Ti": 0.552, "Ti_Err": 0.0617, "V": "< LOD", "V_Err": 0.0114, "Cr": "< LOD", "Cr_Err": 0.0074, "Mn": 0.1131, "Mn_Err": 0.0159, "Fe": 3.3704, "Fe_Err": 0.0507, "Co": "< LOD", "Co_Err": 0.0123, "Ni": "< LOD", "Ni_Err": 0.0025, "Cu": 0.0071, "Cu_Err": 0.0013, "Zn": 0.007, "Zn_Err": 0.0014, "Ga": "0.0046", "Ga_Err": 0.003, "As_": "< LOD", "As_Err": 0.0041, "Se": "< LOD", "Se_Err": 0.0003, "Rb": 0.0134, "Rb_Err": 0.001, "Sr": 0.0035, "Sr_Err": 0.0006, "Y_": 0.0023, "Yppm": 23.0, "Ypond": 26.45, "Y_Err": 0.0003, "F59": "", "Zr": 0.0207, "Zr_Err": 0.001, "Mo": "< LOD", "Mo_Err": 0.0035, "Pd": "< LOD", "Pd_Err": 0.0021, "Ag": "< LOD", "Ag_Err": 0.0131, "Cd": "< LOD", "Cd_Err": 0.0023, "In_": 0.0079, "In_Err": 0.0028, "Sn": "< LOD", "Sn_Err": 0.004, "Sb": "< LOD", "Sb_Err": 0.0033, "Te": "< LOD", "Te_Err": 0.001, "Ba": 0.0406, "Ba_Err": 0.0095, "W": "< LOD", "W_Err": 0.0019, "Pt": "", "Pt_Err": 0.0, "Au": "< LOD", "Au_Err": 0.0002, "Hg": "< LOD", "Hg_Err": 0.0011, "Pb": "< LOD", "Pb_Err": 0.0018, "Bi": "< LOD", "Bi_Err": 0.0016, "U": "0.0016"}}, {"type": "Feature", "geometry": {"type": "Point", "coordinates": [-72.433103, -36.026661]}, "properties": {"CP": "QUI-CA36", "SEMANA": 20.0, "IDSAMPLE": 1140014.0, "Elevation": 227.889328, "Xm": 731294.438893, "Ym": 6010045.9351, "From_": 0.0, "To": 1.0, "HORIZONTE": "LP", "ROCA_CAJA": "Granito de Biotita", "ESTRUCTURA": "", "RUMBO": "", "MANTEO": "", "MINERALES": "3Qz", "ALTERACION": "3Kaol", "MINERALIZA": "3OxFe", "COMENTARIO": "", "TAKEN_BY": "GMO", "SiO2": 26.835, "SiO2_Err": 0.2157, "S": "< LOD", "S_Err": 0.8068, "K": 1.2986, "K_Err": 0.439, "Ca": 0.868, "Ca_Err": 0.1138, "Ti": 0.4026, "Ti_Err": 0.0535, "V": "0.0128", "V_Err": 0.0109, "Cr": "< LOD", "Cr_Err": 0.0076, "Mn": 0.0727, "Mn_Err": 0.0136, "Fe": 3.1744, "Fe_Err": 0.0512, "Co": "< LOD", "Co_Err": 0.0114, "Ni": "< LOD", "Ni_Err": 0.0022, "Cu": 0.0065, "Cu_Err": 0.0013, "Zn": 0.0049, "Zn_Err": 0.0013, "Ga": "0.0057", "Ga_Err": 0.0029, "As_": "< LOD", "As_Err": 0.0045, "Se": "< LOD", "Se_Err": 0.0004, "Rb": 0.0119, "Rb_Err": 0.001, "Sr": 0.0139, "Sr_Err": 0.001, "Y_": 0.0029, "Yppm": 29.0, "Ypond": 33.35, "Y_Err": 0.0004, "F59": "", "Zr": 0.0094, "Zr_Err": 0.0007, "Mo": "< LOD", "Mo_Err": 0.0036, "Pd": "< LOD", "Pd_Err": 0.0023, "Ag": "< LOD", "Ag_Err": 0.0141, "Cd": "< LOD", "Cd_Err": 0.0021, "In_": 0.0067, "In_Err": 0.0026, "Sn": "< LOD", "Sn_Err": 0.0037, "Sb": "< LOD", "Sb_Err": 0.0029, "Te": "< LOD", "Te_Err": 0.0009, "Ba": 0.0191, "Ba_Err": 0.0084, "W": "< LOD", "W_Err": 0.0018, "Pt": "", "Pt_Err": 0.0, "Au": "< LOD", "Au_Err": 0.0001, "Hg": "", "Hg_Err": 0.0, "Pb": "0.0043", "Pb_Err": 0.0019, "Bi": "0.0023", "Bi_Err": 0.0015, "U": "0.0022"}}, {"type": "Feature", "geometry": {"type": "Point", "coordinates": [-72.424826, -36.021419]}, "properties": {"CP": "QUI-CA37", "SEMANA": 20.0, "IDSAMPLE": 1140015.0, "Elevation": 273.031616, "Xm": 732055.865678, "Ym": 6010607.86834, "From_": 0.0, "To": 0.5, "HORIZONTE": "LP", "ROCA_CAJA": "Granito de Biotita", "ESTRUCTURA": "", "RUMBO": "", "MANTEO": "", "MINERALES": "", "ALTERACION": "3Kaol", "MINERALIZA": "4OxFe", "COMENTARIO": "Bolones de intrusivo", "TAKEN_BY": "GMO", "SiO2": 21.7982, "SiO2_Err": 0.1588, "S": "< LOD", "S_Err": 0.7765, "K": 2.4074, "K_Err": 0.5538, "Ca": 0.1975, "Ca_Err": 0.0617, "Ti": 0.3883, "Ti_Err": 0.0507, "V": "0.0114", "V_Err": 0.0099, "Cr": "< LOD", "Cr_Err": 0.0069, "Mn": 0.0802, "Mn_Err": 0.0137, "Fe": 2.3586, "Fe_Err": 0.0412, "Co": "< LOD", "Co_Err": 0.0103, "Ni": "< LOD", "Ni_Err": 0.0022, "Cu": 0.0054, "Cu_Err": 0.0013, "Zn": 0.0032, "Zn_Err": 0.001, "Ga": "0.0047", "Ga_Err": 0.003, "As_": "< LOD", "As_Err": 0.0039, "Se": "< LOD", "Se_Err": 0.0003, "Rb": 0.0182, "Rb_Err": 0.0011, "Sr": 0.0027, "Sr_Err": 0.0005, "Y_": 0.003, "Yppm": 30.0, "Ypond": 34.5, "Y_Err": 0.0004, "F59": "", "Zr": 0.0061, "Zr_Err": 0.0007, "Mo": "0.0052", "Mo_Err": 0.0034, "Pd": "< LOD", "Pd_Err": 0.0021, "Ag": "< LOD", "Ag_Err": 0.0134, "Cd": "< LOD", "Cd_Err": 0.0022, "In_": 0.01, "In_Err": 0.0029, "Sn": "< LOD", "Sn_Err": 0.0039, "Sb": "< LOD", "Sb_Err": 0.0031, "Te": "< LOD", "Te_Err": 0.001, "Ba": 0.0357, "Ba_Err": 0.0093, "W": "< LOD", "W_Err": 0.0022, "Pt": "< LOD", "Pt_Err": 0.0061, "Au": "< LOD", "Au_Err": 0.0002, "Hg": "", "Hg_Err": 0.0, "Pb": "0.0063", "Pb_Err": 0.0021, "Bi": "0.0047", "Bi_Err": 0.0017, "U": "0.003"}}, {"type": "Feature", "geometry": {"type": "Point", "coordinates": [-72.403428, -36.009325]}, "properties": {"CP": "QUI-CA38", "SEMANA": 20.0, "IDSAMPLE": 1140016.0, "Elevation": 195.187622, "Xm": 734020.261789, "Ym": 6011898.47765, "From_": 0.0, "To": 1.0, "HORIZONTE": "LP", "ROCA_CAJA": "Granito de Biotita", "ESTRUCTURA": "", "RUMBO": "", "MANTEO": "", "MINERALES": "", "ALTERACION": "3Kaol", "MINERALIZA": "3OxFe", "COMENTARIO": "", "TAKEN_BY": "GMO", "SiO2": 18.1417, "SiO2_Err": 0.1246, "S": "< LOD", "S_Err": 0.7116, "K": 2.4392, "K_Err": 0.5516, "Ca": 0.1475, "Ca_Err": 0.0559, "Ti": 0.1936, "Ti_Err": 0.0382, "V": "", "V_Err": 0.0, "Cr": "< LOD", "Cr_Err": 0.0057, "Mn": 0.0221, "Mn_Err": 0.0087, "Fe": 1.9448, "Fe_Err": 0.0395, "Co": "< LOD", "Co_Err": 0.0086, "Ni": "< LOD", "Ni_Err": 0.002, "Cu": 0.0031, "Cu_Err": 0.0012, "Zn": 0.003, "Zn_Err": 0.0011, "Ga": "0.004", "Ga_Err": 0.0029, "As_": "< LOD", "As_Err": 0.0042, "Se": "< LOD", "Se_Err": 0.0004, "Rb": 0.0227, "Rb_Err": 0.0013, "Sr": 0.0042, "Sr_Err": 0.0006, "Y_": 0.0046, "Yppm": 46.0, "Ypond": 52.9, "Y_Err": 0.0004, "F59": "", "Zr": 0.0083, "Zr_Err": 0.0007, "Mo": "0.0075", "Mo_Err": 0.0038, "Pd": "< LOD", "Pd_Err": 0.0023, "Ag": "< LOD", "Ag_Err": 0.0152, "Cd": "< LOD", "Cd_Err": 0.0022, "In_": 0.0168, "In_Err": 0.0028, "Sn": "< LOD", "Sn_Err": 0.0038, "Sb": "< LOD", "Sb_Err": 0.0032, "Te": "< LOD", "Te_Err": 0.001, "Ba": 0.0183, "Ba_Err": 0.0088, "W": "< LOD", "W_Err": 0.0017, "Pt": "< LOD", "Pt_Err": 0.0069, "Au": "< LOD", "Au_Err": 0.0002, "Hg": "", "Hg_Err": 0.0, "Pb": "0.0035", "Pb_Err": 0.0019, "Bi": "0.0106", "Bi_Err": 0.0021, "U": "0.0021"}}, {"type": "Feature", "geometry": {"type": "Point", "coordinates": [-72.403428, -36.009325]}, "properties": {"CP": "QUI-CA38", "SEMANA": 20.0, "IDSAMPLE": 1140017.0, "Elevation": 195.187622, "Xm": 734020.261789, "Ym": 6011898.47765, "From_": 1.0, "To": 2.0, "HORIZONTE": "LP", "ROCA_CAJA": "Granito de Biotita", "ESTRUCTURA": "", "RUMBO": "", "MANTEO": "", "MINERALES": "", "ALTERACION": "3Kaol", "MINERALIZA": "3OxFe", "COMENTARIO": "", "TAKEN_BY": "GMO", "SiO2": 22.1555, "SiO2_Err": 0.1646, "S": "< LOD", "S_Err": 0.8232, "K": 0.8955, "K_Err": 0.3947, "Ca": 0.0996, "Ca_Err": 0.0494, "Ti": 0.224, "Ti_Err": 0.04, "V": "", "V_Err": 0.0, "Cr": "", "Cr_Err": 0.0, "Mn": 0.0248, "Mn_Err": 0.0091, "Fe": 1.8845, "Fe_Err": 0.0363, "Co": "< LOD", "Co_Err": 0.0093, "Ni": "< LOD", "Ni_Err": 0.0021, "Cu": 0.0041, "Cu_Err": 0.0011, "Zn": 0.0038, "Zn_Err": 0.0011, "Ga": "0.0058", "Ga_Err": 0.0029, "As_": "< LOD", "As_Err": 0.004, "Se": "< LOD", "Se_Err": 0.0004, "Rb": 0.0157, "Rb_Err": 0.0011, "Sr": 0.0017, "Sr_Err": 0.0005, "Y_": 0.0048, "Yppm": 48.0, "Ypond": 55.2, "Y_Err": 0.0004, "F59": "", "Zr": 0.0, "Zr_Err": 0.0, "Mo": "", "Mo_Err": 0.0, "Pd": "", "Pd_Err": 0.0, "Ag": "", "Ag_Err": 0.0, "Cd": "", "Cd_Err": 0.0, "In_": 0.0, "In_Err": 0.0, "Sn": "", "Sn_Err": 0.0, "Sb": "", "Sb_Err": 0.0, "Te": "", "Te_Err": 0.0, "Ba": 0.0, "Ba_Err": 0.0, "W": "", "W_Err": 0.0, "Pt": "", "Pt_Err": 0.0, "Au": "", "Au_Err": 0.0, "Hg": "", "Hg_Err": 0.0, "Pb": "", "Pb_Err": 0.0, "Bi": "", "Bi_Err": 0.0, "U": ""}}, {"type": "Feature", "geometry": {"type": "Point", "coordinates": [-72.398464, -36.005935]}, "properties": {"CP": "QUI-CA39", "SEMANA": 21.0, "IDSAMPLE": 1140018.0, "Elevation": 193.298553, "Xm": 734477.789, "Ym": 6012262.676, "From_": 0.0, "To": 1.0, "HORIZONTE": "LP", "ROCA_CAJA": "Granito", "ESTRUCTURA": "", "RUMBO": "", "MANTEO": "", "MINERALES": "", "ALTERACION": "", "MINERALIZA": "3OxFe", "COMENTARIO": "", "TAKEN_BY": "GMO", "SiO2": 0.0, "SiO2_Err": 0.0, "S": "", "S_Err": 0.0, "K": 0.0, "K_Err": 0.0, "Ca": 0.0, "Ca_Err": 0.0, "Ti": 0.0, "Ti_Err": 0.0, "V": "", "V_Err": 0.0, "Cr": "", "Cr_Err": 0.0, "Mn": 0.0, "Mn_Err": 0.0, "Fe": 0.0, "Fe_Err": 0.0, "Co": "", "Co_Err": 0.0, "Ni": "", "Ni_Err": 0.0, "Cu": 0.0, "Cu_Err": 0.0, "Zn": 0.0, "Zn_Err": 0.0, "Ga": "", "Ga_Err": 0.0, "As_": "", "As_Err": 0.0, "Se": "", "Se_Err": 0.0, "Rb": 0.0, "Rb_Err": 0.0, "Sr": 0.0, "Sr_Err": 0.0, "Y_": 0.0034, "Yppm": 34.0, "Ypond": 39.1, "Y_Err": 0.0, "F59": "", "Zr": 0.0, "Zr_Err": 0.0, "Mo": "", "Mo_Err": 0.0, "Pd": "", "Pd_Err": 0.0, "Ag": "", "Ag_Err": 0.0, "Cd": "", "Cd_Err": 0.0, "In_": 0.0, "In_Err": 0.0, "Sn": "", "Sn_Err": 0.0, "Sb": "", "Sb_Err": 0.0, "Te": "", "Te_Err": 0.0, "Ba": 0.0, "Ba_Err": 0.0, "W": "", "W_Err": 0.0, "Pt": "", "Pt_Err": 0.0, "Au": "", "Au_Err": 0.0, "Hg": "", "Hg_Err": 0.0, "Pb": "", "Pb_Err": 0.0, "Bi": "", "Bi_Err": 0.0, "U": ""}}, {"type": "Feature", "geometry": {"type": "Point", "coordinates": [-72.392404, -35.99317]}, "properties": {"CP": "QUI-CA40", "SEMANA": 21.0, "IDSAMPLE": 1140019.0, "Elevation": 256.651123, "Xm": 735062.035, "Ym": 6013664.338, "From_": 0.0, "To": 1.0, "HORIZONTE": "LP", "ROCA_CAJA": "Granito", "ESTRUCTURA": "", "RUMBO": "", "MANTEO": "", "MINERALES": "", "ALTERACION": "", "MINERALIZA": "2OxFe", "COMENTARIO": "", "TAKEN_BY": "GMO", "SiO2": 0.0, "SiO2_Err": 0.0, "S": "", "S_Err": 0.0, "K": 0.0, "K_Err": 0.0, "Ca": 0.0, "Ca_Err": 0.0, "Ti": 0.0, "Ti_Err": 0.0, "V": "", "V_Err": 0.0, "Cr": "", "Cr_Err": 0.0, "Mn": 0.0, "Mn_Err": 0.0, "Fe": 0.0, "Fe_Err": 0.0, "Co": "", "Co_Err": 0.0, "Ni": "", "Ni_Err": 0.0, "Cu": 0.0, "Cu_Err": 0.0, "Zn": 0.0, "Zn_Err": 0.0, "Ga": "", "Ga_Err": 0.0, "As_": "", "As_Err": 0.0, "Se": "", "Se_Err": 0.0, "Rb": 0.0, "Rb_Err": 0.0, "Sr": 0.0, "Sr_Err": 0.0, "Y_": 0.0036, "Yppm": 36.0, "Ypond": 41.4, "Y_Err": 0.0, "F59": "", "Zr": 0.0, "Zr_Err": 0.0, "Mo": "", "Mo_Err": 0.0, "Pd": "", "Pd_Err": 0.0, "Ag": "", "Ag_Err": 0.0, "Cd": "", "Cd_Err": 0.0, "In_": 0.0, "In_Err": 0.0, "Sn": "", "Sn_Err": 0.0, "Sb": "", "Sb_Err": 0.0, "Te": "", "Te_Err": 0.0, "Ba": 0.0, "Ba_Err": 0.0, "W": "", "W_Err": 0.0, "Pt": "", "Pt_Err": 0.0, "Au": "", "Au_Err": 0.0, "Hg": "", "Hg_Err": 0.0, "Pb": "", "Pb_Err": 0.0, "Bi": "", "Bi_Err": 0.0, "U": ""}}, {"type": "Feature", "geometry": {"type": "Point", "coordinates": [-72.378166, -35.972974]}, "properties": {"CP": "QUI-CA41", "SEMANA": 21.0, "IDSAMPLE": 1140020.0, "Elevation": 237.105225, "Xm": 736406.021, "Ym": 6015870.563, "From_": 0.0, "To": 1.0, "HORIZONTE": "US", "ROCA_CAJA": "Granito", "ESTRUCTURA": "", "RUMBO": "", "MANTEO": "", "MINERALES": "", "ALTERACION": "1Kaol", "MINERALIZA": "2OxFe", "COMENTARIO": "", "TAKEN_BY": "GMO", "SiO2": 0.0, "SiO2_Err": 0.0, "S": "", "S_Err": 0.0, "K": 0.0, "K_Err": 0.0, "Ca": 0.0, "Ca_Err": 0.0, "Ti": 0.0, "Ti_Err": 0.0, "V": "", "V_Err": 0.0, "Cr": "", "Cr_Err": 0.0, "Mn": 0.0, "Mn_Err": 0.0, "Fe": 0.0, "Fe_Err": 0.0, "Co": "", "Co_Err": 0.0, "Ni": "", "Ni_Err": 0.0, "Cu": 0.0, "Cu_Err": 0.0, "Zn": 0.0, "Zn_Err": 0.0, "Ga": "", "Ga_Err": 0.0, "As_": "", "As_Err": 0.0, "Se": "", "Se_Err": 0.0, "Rb": 0.0, "Rb_Err": 0.0, "Sr": 0.0, "Sr_Err": 0.0, "Y_": 0.0047, "Yppm": 47.0, "Ypond": 54.05, "Y_Err": 0.0, "F59": "", "Zr": 0.0, "Zr_Err": 0.0, "Mo": "", "Mo_Err": 0.0, "Pd": "", "Pd_Err": 0.0, "Ag": "", "Ag_Err": 0.0, "Cd": "", "Cd_Err": 0.0, "In_": 0.0, "In_Err": 0.0, "Sn": "", "Sn_Err": 0.0, "Sb": "", "Sb_Err": 0.0, "Te": "", "Te_Err": 0.0, "Ba": 0.0, "Ba_Err": 0.0, "W": "", "W_Err": 0.0, "Pt": "", "Pt_Err": 0.0, "Au": "", "Au_Err": 0.0, "Hg": "", "Hg_Err": 0.0, "Pb": "", "Pb_Err": 0.0, "Bi": "", "Bi_Err": 0.0, "U": ""}}, {"type": "Feature", "geometry": {"type": "Point", "coordinates": [-72.378166, -35.972974]}, "properties": {"CP": "QUI-CA41", "SEMANA": 21.0, "IDSAMPLE": 1140021.0, "Elevation": 237.105225, "Xm": 736406.021, "Ym": 6015870.563, "From_": 1.0, "To": 2.0, "HORIZONTE": "LP", "ROCA_CAJA": "Granito", "ESTRUCTURA": "", "RUMBO": "", "MANTEO": "", "MINERALES": "", "ALTERACION": "1Kaol", "MINERALIZA": "3OxFe", "COMENTARIO": "", "TAKEN_BY": "GMO", "SiO2": 0.0, "SiO2_Err": 0.0, "S": "", "S_Err": 0.0, "K": 0.0, "K_Err": 0.0, "Ca": 0.0, "Ca_Err": 0.0, "Ti": 0.0, "Ti_Err": 0.0, "V": "", "V_Err": 0.0, "Cr": "", "Cr_Err": 0.0, "Mn": 0.0, "Mn_Err": 0.0, "Fe": 0.0, "Fe_Err": 0.0, "Co": "", "Co_Err": 0.0, "Ni": "", "Ni_Err": 0.0, "Cu": 0.0, "Cu_Err": 0.0, "Zn": 0.0, "Zn_Err": 0.0, "Ga": "", "Ga_Err": 0.0, "As_": "", "As_Err": 0.0, "Se": "", "Se_Err": 0.0, "Rb": 0.0, "Rb_Err": 0.0, "Sr": 0.0, "Sr_Err": 0.0, "Y_": 0.0038, "Yppm": 38.0, "Ypond": 43.7, "Y_Err": 0.0, "F59": "", "Zr": 0.0, "Zr_Err": 0.0, "Mo": "", "Mo_Err": 0.0, "Pd": "", "Pd_Err": 0.0, "Ag": "", "Ag_Err": 0.0, "Cd": "", "Cd_Err": 0.0, "In_": 0.0, "In_Err": 0.0, "Sn": "", "Sn_Err": 0.0, "Sb": "", "Sb_Err": 0.0, "Te": "", "Te_Err": 0.0, "Ba": 0.0, "Ba_Err": 0.0, "W": "", "W_Err": 0.0, "Pt": "", "Pt_Err": 0.0, "Au": "", "Au_Err": 0.0, "Hg": "", "Hg_Err": 0.0, "Pb": "", "Pb_Err": 0.0, "Bi": "", "Bi_Err": 0.0, "U": ""}}, {"type": "Feature", "geometry": {"type": "Point", "coordinates": [-72.392385, -35.979455]}, "properties": {"CP": "QUI-CA42", "SEMANA": 21.0, "IDSAMPLE": 1140022.0, "Elevation": 260.0, "Xm": 735104.411, "Ym": 6015185.968, "From_": 0.0, "To": 1.0, "HORIZONTE": "LP/US", "ROCA_CAJA": "Granito", "ESTRUCTURA": "", "RUMBO": "", "MANTEO": "", "MINERALES": "", "ALTERACION": "2Kaol", "MINERALIZA": "3OxFe", "COMENTARIO": "", "TAKEN_BY": "GMO", "SiO2": 0.0, "SiO2_Err": 0.0, "S": "", "S_Err": 0.0, "K": 0.0, "K_Err": 0.0, "Ca": 0.0, "Ca_Err": 0.0, "Ti": 0.0, "Ti_Err": 0.0, "V": "", "V_Err": 0.0, "Cr": "", "Cr_Err": 0.0, "Mn": 0.0, "Mn_Err": 0.0, "Fe": 0.0, "Fe_Err": 0.0, "Co": "", "Co_Err": 0.0, "Ni": "", "Ni_Err": 0.0, "Cu": 0.0, "Cu_Err": 0.0, "Zn": 0.0, "Zn_Err": 0.0, "Ga": "", "Ga_Err": 0.0, "As_": "", "As_Err": 0.0, "Se": "", "Se_Err": 0.0, "Rb": 0.0, "Rb_Err": 0.0, "Sr": 0.0, "Sr_Err": 0.0, "Y_": 0.003, "Yppm": 30.0, "Ypond": 34.5, "Y_Err": 0.0, "F59": "", "Zr": 0.0, "Zr_Err": 0.0, "Mo": "", "Mo_Err": 0.0, "Pd": "", "Pd_Err": 0.0, "Ag": "", "Ag_Err": 0.0, "Cd": "", "Cd_Err": 0.0, "In_": 0.0, "In_Err": 0.0, "Sn": "", "Sn_Err": 0.0, "Sb": "", "Sb_Err": 0.0, "Te": "", "Te_Err": 0.0, "Ba": 0.0, "Ba_Err": 0.0, "W": "", "W_Err": 0.0, "Pt": "", "Pt_Err": 0.0, "Au": "", "Au_Err": 0.0, "Hg": "", "Hg_Err": 0.0, "Pb": "", "Pb_Err": 0.0, "Bi": "", "Bi_Err": 0.0, "U": ""}}, {"type": "Feature", "geometry": {"type": "Point", "coordinates": [-72.430109, -35.968596]}, "properties": {"CP": "QUI-CA43", "SEMANA": 21.0, "IDSAMPLE": 1140023.0, "Elevation": 202.84787, "Xm": 731734.298, "Ym": 6016481.111, "From_": 1.0, "To": 2.0, "HORIZONTE": "LP/US", "ROCA_CAJA": "Granito", "ESTRUCTURA": "", "RUMBO": "", "MANTEO": "", "MINERALES": "", "ALTERACION": "3Kaol", "MINERALIZA": "2OxFe", "COMENTARIO": "", "TAKEN_BY": "GMO", "SiO2": 0.0, "SiO2_Err": 0.0, "S": "", "S_Err": 0.0, "K": 0.0, "K_Err": 0.0, "Ca": 0.0, "Ca_Err": 0.0, "Ti": 0.0, "Ti_Err": 0.0, "V": "", "V_Err": 0.0, "Cr": "", "Cr_Err": 0.0, "Mn": 0.0, "Mn_Err": 0.0, "Fe": 0.0, "Fe_Err": 0.0, "Co": "", "Co_Err": 0.0, "Ni": "", "Ni_Err": 0.0, "Cu": 0.0, "Cu_Err": 0.0, "Zn": 0.0, "Zn_Err": 0.0, "Ga": "", "Ga_Err": 0.0, "As_": "", "As_Err": 0.0, "Se": "", "Se_Err": 0.0, "Rb": 0.0, "Rb_Err": 0.0, "Sr": 0.0, "Sr_Err": 0.0, "Y_": 0.0027, "Yppm": 27.0, "Ypond": 31.05, "Y_Err": 0.0, "F59": "", "Zr": 0.0, "Zr_Err": 0.0, "Mo": "", "Mo_Err": 0.0, "Pd": "", "Pd_Err": 0.0, "Ag": "", "Ag_Err": 0.0, "Cd": "", "Cd_Err": 0.0, "In_": 0.0, "In_Err": 0.0, "Sn": "", "Sn_Err": 0.0, "Sb": "", "Sb_Err": 0.0, "Te": "", "Te_Err": 0.0, "Ba": 0.0, "Ba_Err": 0.0, "W": "", "W_Err": 0.0, "Pt": "", "Pt_Err": 0.0, "Au": "", "Au_Err": 0.0, "Hg": "", "Hg_Err": 0.0, "Pb": "", "Pb_Err": 0.0, "Bi": "", "Bi_Err": 0.0, "U": ""}}, {"type": "Feature", "geometry": {"type": "Point", "coordinates": [-72.430109, -35.968596]}, "properties": {"CP": "QUI-CA43", "SEMANA": 21.0, "IDSAMPLE": 1140024.0, "Elevation": 202.84787, "Xm": 731734.298, "Ym": 6016481.111, "From_": 2.0, "To": 3.0, "HORIZONTE": "LP/US", "ROCA_CAJA": "Granito", "ESTRUCTURA": "", "RUMBO": "", "MANTEO": "", "MINERALES": "", "ALTERACION": "3Kaol", "MINERALIZA": "2OxFe", "COMENTARIO": "", "TAKEN_BY": "GMO", "SiO2": 0.0, "SiO2_Err": 0.0, "S": "", "S_Err": 0.0, "K": 0.0, "K_Err": 0.0, "Ca": 0.0, "Ca_Err": 0.0, "Ti": 0.0, "Ti_Err": 0.0, "V": "", "V_Err": 0.0, "Cr": "", "Cr_Err": 0.0, "Mn": 0.0, "Mn_Err": 0.0, "Fe": 0.0, "Fe_Err": 0.0, "Co": "", "Co_Err": 0.0, "Ni": "", "Ni_Err": 0.0, "Cu": 0.0, "Cu_Err": 0.0, "Zn": 0.0, "Zn_Err": 0.0, "Ga": "", "Ga_Err": 0.0, "As_": "", "As_Err": 0.0, "Se": "", "Se_Err": 0.0, "Rb": 0.0, "Rb_Err": 0.0, "Sr": 0.0, "Sr_Err": 0.0, "Y_": 0.0022, "Yppm": 22.0, "Ypond": 25.3, "Y_Err": 0.0, "F59": "", "Zr": 0.0, "Zr_Err": 0.0, "Mo": "", "Mo_Err": 0.0, "Pd": "", "Pd_Err": 0.0, "Ag": "", "Ag_Err": 0.0, "Cd": "", "Cd_Err": 0.0, "In_": 0.0, "In_Err": 0.0, "Sn": "", "Sn_Err": 0.0, "Sb": "", "Sb_Err": 0.0, "Te": "", "Te_Err": 0.0, "Ba": 0.0, "Ba_Err": 0.0, "W": "", "W_Err": 0.0, "Pt": "", "Pt_Err": 0.0, "Au": "", "Au_Err": 0.0, "Hg": "", "Hg_Err": 0.0, "Pb": "", "Pb_Err": 0.0, "Bi": "", "Bi_Err": 0.0, "U": ""}}, {"type": "Feature", "geometry": {"type": "Point", "coordinates": [-72.442318, -35.980984]}, "properties": {"CP": "QUI-CA44", "SEMANA": 21.0, "IDSAMPLE": 1140025.0, "Elevation": 271.133026, "Xm": 730597.061, "Ym": 6015135.619, "From_": 0.0, "To": 1.0, "HORIZONTE": "US", "ROCA_CAJA": "Granito", "ESTRUCTURA": "", "RUMBO": "", "MANTEO": "", "MINERALES": "", "ALTERACION": "1Kaol", "MINERALIZA": "2OxFe", "COMENTARIO": "", "TAKEN_BY": "GMO", "SiO2": 0.0, "SiO2_Err": 0.0, "S": "", "S_Err": 0.0, "K": 0.0, "K_Err": 0.0, "Ca": 0.0, "Ca_Err": 0.0, "Ti": 0.0, "Ti_Err": 0.0, "V": "", "V_Err": 0.0, "Cr": "", "Cr_Err": 0.0, "Mn": 0.0, "Mn_Err": 0.0, "Fe": 0.0, "Fe_Err": 0.0, "Co": "", "Co_Err": 0.0, "Ni": "", "Ni_Err": 0.0, "Cu": 0.0, "Cu_Err": 0.0, "Zn": 0.0, "Zn_Err": 0.0, "Ga": "", "Ga_Err": 0.0, "As_": "", "As_Err": 0.0, "Se": "", "Se_Err": 0.0, "Rb": 0.0, "Rb_Err": 0.0, "Sr": 0.0, "Sr_Err": 0.0, "Y_": 0.0031, "Yppm": 31.0, "Ypond": 35.65, "Y_Err": 0.0, "F59": "", "Zr": 0.0, "Zr_Err": 0.0, "Mo": "", "Mo_Err": 0.0, "Pd": "", "Pd_Err": 0.0, "Ag": "", "Ag_Err": 0.0, "Cd": "", "Cd_Err": 0.0, "In_": 0.0, "In_Err": 0.0, "Sn": "", "Sn_Err": 0.0, "Sb": "", "Sb_Err": 0.0, "Te": "", "Te_Err": 0.0, "Ba": 0.0, "Ba_Err": 0.0, "W": "", "W_Err": 0.0, "Pt": "", "Pt_Err": 0.0, "Au": "", "Au_Err": 0.0, "Hg": "", "Hg_Err": 0.0, "Pb": "", "Pb_Err": 0.0, "Bi": "", "Bi_Err": 0.0, "U": ""}}, {"type": "Feature", "geometry": {"type": "Point", "coordinates": [-72.442159, -35.980347]}, "properties": {"CP": "QUI-CA45", "SEMANA": 21.0, "IDSAMPLE": 1140026.0, "Elevation": 254.801239, "Xm": 730613.231, "Ym": 6015205.929, "From_": 0.0, "To": 1.0, "HORIZONTE": "US/LS", "ROCA_CAJA": "Granito", "ESTRUCTURA": "", "RUMBO": "", "MANTEO": "", "MINERALES": "", "ALTERACION": "1Kaol", "MINERALIZA": "1OxFe", "COMENTARIO": "", "TAKEN_BY": "GMO", "SiO2": 0.0, "SiO2_Err": 0.0, "S": "", "S_Err": 0.0, "K": 0.0, "K_Err": 0.0, "Ca": 0.0, "Ca_Err": 0.0, "Ti": 0.0, "Ti_Err": 0.0, "V": "", "V_Err": 0.0, "Cr": "", "Cr_Err": 0.0, "Mn": 0.0, "Mn_Err": 0.0, "Fe": 0.0, "Fe_Err": 0.0, "Co": "", "Co_Err": 0.0, "Ni": "", "Ni_Err": 0.0, "Cu": 0.0, "Cu_Err": 0.0, "Zn": 0.0, "Zn_Err": 0.0, "Ga": "", "Ga_Err": 0.0, "As_": "", "As_Err": 0.0, "Se": "", "Se_Err": 0.0, "Rb": 0.0, "Rb_Err": 0.0, "Sr": 0.0, "Sr_Err": 0.0, "Y_": 0.0035, "Yppm": 35.0, "Ypond": 40.25, "Y_Err": 0.0, "F59": "", "Zr": 0.0, "Zr_Err": 0.0, "Mo": "", "Mo_Err": 0.0, "Pd": "", "Pd_Err": 0.0, "Ag": "", "Ag_Err": 0.0, "Cd": "", "Cd_Err": 0.0, "In_": 0.0, "In_Err": 0.0, "Sn": "", "Sn_Err": 0.0, "Sb": "", "Sb_Err": 0.0, "Te": "", "Te_Err": 0.0, "Ba": 0.0, "Ba_Err": 0.0, "W": "", "W_Err": 0.0, "Pt": "", "Pt_Err": 0.0, "Au": "", "Au_Err": 0.0, "Hg": "", "Hg_Err": 0.0, "Pb": "", "Pb_Err": 0.0, "Bi": "", "Bi_Err": 0.0, "U": ""}}, {"type": "Feature", "geometry": {"type": "Point", "coordinates": [-72.457439, -35.981138]}, "properties": {"CP": "QUI-CA46", "SEMANA": 21.0, "IDSAMPLE": 1140027.0, "Elevation": 283.485229, "Xm": 729233.058, "Ym": 6015154.186, "From_": 0.0, "To": 1.0, "HORIZONTE": "US", "ROCA_CAJA": "Granito", "ESTRUCTURA": "", "RUMBO": "", "MANTEO": "", "MINERALES": "", "ALTERACION": "3Kaol", "MINERALIZA": "", "COMENTARIO": "", "TAKEN_BY": "GMO", "SiO2": 0.0, "SiO2_Err": 0.0, "S": "", "S_Err": 0.0, "K": 0.0, "K_Err": 0.0, "Ca": 0.0, "Ca_Err": 0.0, "Ti": 0.0, "Ti_Err": 0.0, "V": "", "V_Err": 0.0, "Cr": "", "Cr_Err": 0.0, "Mn": 0.0, "Mn_Err": 0.0, "Fe": 0.0, "Fe_Err": 0.0, "Co": "", "Co_Err": 0.0, "Ni": "", "Ni_Err": 0.0, "Cu": 0.0, "Cu_Err": 0.0, "Zn": 0.0, "Zn_Err": 0.0, "Ga": "", "Ga_Err": 0.0, "As_": "", "As_Err": 0.0, "Se": "", "Se_Err": 0.0, "Rb": 0.0, "Rb_Err": 0.0, "Sr": 0.0, "Sr_Err": 0.0, "Y_": 0.0019, "Yppm": 19.0, "Ypond": 21.85, "Y_Err": 0.0, "F59": "", "Zr": 0.0, "Zr_Err": 0.0, "Mo": "", "Mo_Err": 0.0, "Pd": "", "Pd_Err": 0.0, "Ag": "", "Ag_Err": 0.0, "Cd": "", "Cd_Err": 0.0, "In_": 0.0, "In_Err": 0.0, "Sn": "", "Sn_Err": 0.0, "Sb": "", "Sb_Err": 0.0, "Te": "", "Te_Err": 0.0, "Ba": 0.0, "Ba_Err": 0.0, "W": "", "W_Err": 0.0, "Pt": "", "Pt_Err": 0.0, "Au": "", "Au_Err": 0.0, "Hg": "", "Hg_Err": 0.0, "Pb": "", "Pb_Err": 0.0, "Bi": "", "Bi_Err": 0.0, "U": ""}}, {"type": "Feature", "geometry": {"type": "Point", "coordinates": [-72.457439, -35.981138]}, "properties": {"CP": "QUI-CA46", "SEMANA": 21.0, "IDSAMPLE": 1140028.0, "Elevation": 283.485229, "Xm": 729233.058, "Ym": 6015154.186, "From_": 1.0, "To": 2.0, "HORIZONTE": "US", "ROCA_CAJA": "Granito", "ESTRUCTURA": "", "RUMBO": "", "MANTEO": "", "MINERALES": "", "ALTERACION": "3Kaol", "MINERALIZA": "", "COMENTARIO": "", "TAKEN_BY": "GMO", "SiO2": 0.0, "SiO2_Err": 0.0, "S": "", "S_Err": 0.0, "K": 0.0, "K_Err": 0.0, "Ca": 0.0, "Ca_Err": 0.0, "Ti": 0.0, "Ti_Err": 0.0, "V": "", "V_Err": 0.0, "Cr": "", "Cr_Err": 0.0, "Mn": 0.0, "Mn_Err": 0.0, "Fe": 0.0, "Fe_Err": 0.0, "Co": "", "Co_Err": 0.0, "Ni": "", "Ni_Err": 0.0, "Cu": 0.0, "Cu_Err": 0.0, "Zn": 0.0, "Zn_Err": 0.0, "Ga": "", "Ga_Err": 0.0, "As_": "", "As_Err": 0.0, "Se": "", "Se_Err": 0.0, "Rb": 0.0, "Rb_Err": 0.0, "Sr": 0.0, "Sr_Err": 0.0, "Y_": 0.002, "Yppm": 20.0, "Ypond": 23.0, "Y_Err": 0.0, "F59": "", "Zr": 0.0, "Zr_Err": 0.0, "Mo": "", "Mo_Err": 0.0, "Pd": "", "Pd_Err": 0.0, "Ag": "", "Ag_Err": 0.0, "Cd": "", "Cd_Err": 0.0, "In_": 0.0, "In_Err": 0.0, "Sn": "", "Sn_Err": 0.0, "Sb": "", "Sb_Err": 0.0, "Te": "", "Te_Err": 0.0, "Ba": 0.0, "Ba_Err": 0.0, "W": "", "W_Err": 0.0, "Pt": "", "Pt_Err": 0.0, "Au": "", "Au_Err": 0.0, "Hg": "", "Hg_Err": 0.0, "Pb": "", "Pb_Err": 0.0, "Bi": "", "Bi_Err": 0.0, "U": ""}}, {"type": "Feature", "geometry": {"type": "Point", "coordinates": [-72.457439, -35.981138]}, "properties": {"CP": "QUI-CA46", "SEMANA": 21.0, "IDSAMPLE": 1140029.0, "Elevation": 283.485229, "Xm": 729233.058, "Ym": 6015154.186, "From_": 2.0, "To": 3.0, "HORIZONTE": "LP", "ROCA_CAJA": "Granito", "ESTRUCTURA": "", "RUMBO": "", "MANTEO": "", "MINERALES": "", "ALTERACION": "2Kaol", "MINERALIZA": "", "COMENTARIO": "", "TAKEN_BY": "GMO", "SiO2": 0.0, "SiO2_Err": 0.0, "S": "", "S_Err": 0.0, "K": 0.0, "K_Err": 0.0, "Ca": 0.0, "Ca_Err": 0.0, "Ti": 0.0, "Ti_Err": 0.0, "V": "", "V_Err": 0.0, "Cr": "", "Cr_Err": 0.0, "Mn": 0.0, "Mn_Err": 0.0, "Fe": 0.0, "Fe_Err": 0.0, "Co": "", "Co_Err": 0.0, "Ni": "", "Ni_Err": 0.0, "Cu": 0.0, "Cu_Err": 0.0, "Zn": 0.0, "Zn_Err": 0.0, "Ga": "", "Ga_Err": 0.0, "As_": "", "As_Err": 0.0, "Se": "", "Se_Err": 0.0, "Rb": 0.0, "Rb_Err": 0.0, "Sr": 0.0, "Sr_Err": 0.0, "Y_": 0.0029, "Yppm": 29.0, "Ypond": 33.35, "Y_Err": 0.0, "F59": "", "Zr": 0.0, "Zr_Err": 0.0, "Mo": "", "Mo_Err": 0.0, "Pd": "", "Pd_Err": 0.0, "Ag": "", "Ag_Err": 0.0, "Cd": "", "Cd_Err": 0.0, "In_": 0.0, "In_Err": 0.0, "Sn": "", "Sn_Err": 0.0, "Sb": "", "Sb_Err": 0.0, "Te": "", "Te_Err": 0.0, "Ba": 0.0, "Ba_Err": 0.0, "W": "", "W_Err": 0.0, "Pt": "", "Pt_Err": 0.0, "Au": "", "Au_Err": 0.0, "Hg": "", "Hg_Err": 0.0, "Pb": "", "Pb_Err": 0.0, "Bi": "", "Bi_Err": 0.0, "U": ""}}, {"type": "Feature", "geometry": {"type": "Point", "coordinates": [-72.457439, -35.981138]}, "properties": {"CP": "QUI-CA46", "SEMANA": 21.0, "IDSAMPLE": 1140030.0, "Elevation": 283.485229, "Xm": 729233.058, "Ym": 6015154.186, "From_": 3.0, "To": 4.0, "HORIZONTE": "UP", "ROCA_CAJA": "Granito", "ESTRUCTURA": "", "RUMBO": "", "MANTEO": "", "MINERALES": "", "ALTERACION": "1Kaol", "MINERALIZA": "", "COMENTARIO": "", "TAKEN_BY": "GMO", "SiO2": 0.0, "SiO2_Err": 0.0, "S": "", "S_Err": 0.0, "K": 0.0, "K_Err": 0.0, "Ca": 0.0, "Ca_Err": 0.0, "Ti": 0.0, "Ti_Err": 0.0, "V": "", "V_Err": 0.0, "Cr": "", "Cr_Err": 0.0, "Mn": 0.0, "Mn_Err": 0.0, "Fe": 0.0, "Fe_Err": 0.0, "Co": "", "Co_Err": 0.0, "Ni": "", "Ni_Err": 0.0, "Cu": 0.0, "Cu_Err": 0.0, "Zn": 0.0, "Zn_Err": 0.0, "Ga": "", "Ga_Err": 0.0, "As_": "", "As_Err": 0.0, "Se": "", "Se_Err": 0.0, "Rb": 0.0, "Rb_Err": 0.0, "Sr": 0.0, "Sr_Err": 0.0, "Y_": 0.0029, "Yppm": 29.0, "Ypond": 33.35, "Y_Err": 0.0, "F59": "", "Zr": 0.0, "Zr_Err": 0.0, "Mo": "", "Mo_Err": 0.0, "Pd": "", "Pd_Err": 0.0, "Ag": "", "Ag_Err": 0.0, "Cd": "", "Cd_Err": 0.0, "In_": 0.0, "In_Err": 0.0, "Sn": "", "Sn_Err": 0.0, "Sb": "", "Sb_Err": 0.0, "Te": "", "Te_Err": 0.0, "Ba": 0.0, "Ba_Err": 0.0, "W": "", "W_Err": 0.0, "Pt": "", "Pt_Err": 0.0, "Au": "", "Au_Err": 0.0, "Hg": "", "Hg_Err": 0.0, "Pb": "", "Pb_Err": 0.0, "Bi": "", "Bi_Err": 0.0, "U": ""}}, {"type": "Feature", "geometry": {"type": "Point", "coordinates": [-72.428254, -35.951356]}, "properties": {"CP": "QUI-CA47", "SEMANA": 21.0, "IDSAMPLE": 1140031.0, "Elevation": 229.0, "Xm": 731951.981, "Ym": 6018389.441, "From_": 0.0, "To": 1.0, "HORIZONTE": "LP", "ROCA_CAJA": "Granito", "ESTRUCTURA": "Dique", "RUMBO": "", "MANTEO": "", "MINERALES": "", "ALTERACION": "2Kaol", "MINERALIZA": "4OxFe", "COMENTARIO": "", "TAKEN_BY": "GMO", "SiO2": 0.0, "SiO2_Err": 0.0, "S": "", "S_Err": 0.0, "K": 0.0, "K_Err": 0.0, "Ca": 0.0, "Ca_Err": 0.0, "Ti": 0.0, "Ti_Err": 0.0, "V": "", "V_Err": 0.0, "Cr": "", "Cr_Err": 0.0, "Mn": 0.0, "Mn_Err": 0.0, "Fe": 0.0, "Fe_Err": 0.0, "Co": "", "Co_Err": 0.0, "Ni": "", "Ni_Err": 0.0, "Cu": 0.0, "Cu_Err": 0.0, "Zn": 0.0, "Zn_Err": 0.0, "Ga": "", "Ga_Err": 0.0, "As_": "", "As_Err": 0.0, "Se": "", "Se_Err": 0.0, "Rb": 0.0, "Rb_Err": 0.0, "Sr": 0.0, "Sr_Err": 0.0, "Y_": 0.0042, "Yppm": 42.0, "Ypond": 48.3, "Y_Err": 0.0, "F59": "", "Zr": 0.0, "Zr_Err": 0.0, "Mo": "", "Mo_Err": 0.0, "Pd": "", "Pd_Err": 0.0, "Ag": "", "Ag_Err": 0.0, "Cd": "", "Cd_Err": 0.0, "In_": 0.0, "In_Err": 0.0, "Sn": "", "Sn_Err": 0.0, "Sb": "", "Sb_Err": 0.0, "Te": "", "Te_Err": 0.0, "Ba": 0.0, "Ba_Err": 0.0, "W": "", "W_Err": 0.0, "Pt": "", "Pt_Err": 0.0, "Au": "", "Au_Err": 0.0, "Hg": "", "Hg_Err": 0.0, "Pb": "", "Pb_Err": 0.0, "Bi": "", "Bi_Err": 0.0, "U": ""}}, {"type": "Feature", "geometry": {"type": "Point", "coordinates": [-72.45669, -35.957828]}, "properties": {"CP": "QUI-CA49", "SEMANA": 21.0, "IDSAMPLE": 1140032.0, "Elevation": 375.10199, "Xm": 729368.052, "Ym": 6017738.636, "From_": 0.0, "To": 1.0, "HORIZONTE": "", "ROCA_CAJA": "Metapelita", "ESTRUCTURA": "", "RUMBO": "", "MANTEO": "", "MINERALES": "", "ALTERACION": "", "MINERALIZA": "4OxFe", "COMENTARIO": "", "TAKEN_BY": "GMO", "SiO2": 0.0, "SiO2_Err": 0.0, "S": "", "S_Err": 0.0, "K": 0.0, "K_Err": 0.0, "Ca": 0.0, "Ca_Err": 0.0, "Ti": 0.0, "Ti_Err": 0.0, "V": "", "V_Err": 0.0, "Cr": "", "Cr_Err": 0.0, "Mn": 0.0, "Mn_Err": 0.0, "Fe": 0.0, "Fe_Err": 0.0, "Co": "", "Co_Err": 0.0, "Ni": "", "Ni_Err": 0.0, "Cu": 0.0, "Cu_Err": 0.0, "Zn": 0.0, "Zn_Err": 0.0, "Ga": "", "Ga_Err": 0.0, "As_": "", "As_Err": 0.0, "Se": "", "Se_Err": 0.0, "Rb": 0.0, "Rb_Err": 0.0, "Sr": 0.0, "Sr_Err": 0.0, "Y_": 0.0018, "Yppm": 18.0, "Ypond": 20.7, "Y_Err": 0.0, "F59": "", "Zr": 0.0, "Zr_Err": 0.0, "Mo": "", "Mo_Err": 0.0, "Pd": "", "Pd_Err": 0.0, "Ag": "", "Ag_Err": 0.0, "Cd": "", "Cd_Err": 0.0, "In_": 0.0, "In_Err": 0.0, "Sn": "", "Sn_Err": 0.0, "Sb": "", "Sb_Err": 0.0, "Te": "", "Te_Err": 0.0, "Ba": 0.0, "Ba_Err": 0.0, "W": "", "W_Err": 0.0, "Pt": "", "Pt_Err": 0.0, "Au": "", "Au_Err": 0.0, "Hg": "", "Hg_Err": 0.0, "Pb": "", "Pb_Err": 0.0, "Bi": "", "Bi_Err": 0.0, "U": ""}}, {"type": "Feature", "geometry": {"type": "Point", "coordinates": [-72.419284, -35.921718]}, "properties": {"CP": "QUI-CA50", "SEMANA": 21.0, "IDSAMPLE": 1140033.0, "Elevation": 205.155945, "Xm": 732848.232, "Ym": 6021656.403, "From_": 0.0, "To": 1.0, "HORIZONTE": "", "ROCA_CAJA": "Granito", "ESTRUCTURA": "", "RUMBO": "", "MANTEO": "", "MINERALES": "", "ALTERACION": "", "MINERALIZA": "4OxFe", "COMENTARIO": "", "TAKEN_BY": "GMO", "SiO2": 0.0, "SiO2_Err": 0.0, "S": "", "S_Err": 0.0, "K": 0.0, "K_Err": 0.0, "Ca": 0.0, "Ca_Err": 0.0, "Ti": 0.0, "Ti_Err": 0.0, "V": "", "V_Err": 0.0, "Cr": "", "Cr_Err": 0.0, "Mn": 0.0, "Mn_Err": 0.0, "Fe": 0.0, "Fe_Err": 0.0, "Co": "", "Co_Err": 0.0, "Ni": "", "Ni_Err": 0.0, "Cu": 0.0, "Cu_Err": 0.0, "Zn": 0.0, "Zn_Err": 0.0, "Ga": "", "Ga_Err": 0.0, "As_": "", "As_Err": 0.0, "Se": "", "Se_Err": 0.0, "Rb": 0.0, "Rb_Err": 0.0, "Sr": 0.0, "Sr_Err": 0.0, "Y_": 0.0025, "Yppm": 25.0, "Ypond": 28.75, "Y_Err": 0.0, "F59": "", "Zr": 0.0, "Zr_Err": 0.0, "Mo": "", "Mo_Err": 0.0, "Pd": "", "Pd_Err": 0.0, "Ag": "", "Ag_Err": 0.0, "Cd": "", "Cd_Err": 0.0, "In_": 0.0, "In_Err": 0.0, "Sn": "", "Sn_Err": 0.0, "Sb": "", "Sb_Err": 0.0, "Te": "", "Te_Err": 0.0, "Ba": 0.0, "Ba_Err": 0.0, "W": "", "W_Err": 0.0, "Pt": "", "Pt_Err": 0.0, "Au": "", "Au_Err": 0.0, "Hg": "", "Hg_Err": 0.0, "Pb": "", "Pb_Err": 0.0, "Bi": "", "Bi_Err": 0.0, "U": ""}}, {"type": "Feature", "geometry": {"type": "Point", "coordinates": [-72.412666, -35.915916]}, "properties": {"CP": "QUI-CA51", "SEMANA": 21.0, "IDSAMPLE": 1140034.0, "Elevation": 205.503098, "Xm": 733462.46, "Ym": 6022284.236, "From_": 0.0, "To": 1.0, "HORIZONTE": "LP", "ROCA_CAJA": "Granito", "ESTRUCTURA": "", "RUMBO": "", "MANTEO": "", "MINERALES": "", "ALTERACION": "2Kaol", "MINERALIZA": "3OxFe", "COMENTARIO": "", "TAKEN_BY": "GMO", "SiO2": 0.0, "SiO2_Err": 0.0, "S": "", "S_Err": 0.0, "K": 0.0, "K_Err": 0.0, "Ca": 0.0, "Ca_Err": 0.0, "Ti": 0.0, "Ti_Err": 0.0, "V": "", "V_Err": 0.0, "Cr": "", "Cr_Err": 0.0, "Mn": 0.0, "Mn_Err": 0.0, "Fe": 0.0, "Fe_Err": 0.0, "Co": "", "Co_Err": 0.0, "Ni": "", "Ni_Err": 0.0, "Cu": 0.0, "Cu_Err": 0.0, "Zn": 0.0, "Zn_Err": 0.0, "Ga": "", "Ga_Err": 0.0, "As_": "", "As_Err": 0.0, "Se": "", "Se_Err": 0.0, "Rb": 0.0, "Rb_Err": 0.0, "Sr": 0.0, "Sr_Err": 0.0, "Y_": 0.0035, "Yppm": 35.0, "Ypond": 40.25, "Y_Err": 0.0, "F59": "", "Zr": 0.0, "Zr_Err": 0.0, "Mo": "", "Mo_Err": 0.0, "Pd": "", "Pd_Err": 0.0, "Ag": "", "Ag_Err": 0.0, "Cd": "", "Cd_Err": 0.0, "In_": 0.0, "In_Err": 0.0, "Sn": "", "Sn_Err": 0.0, "Sb": "", "Sb_Err": 0.0, "Te": "", "Te_Err": 0.0, "Ba": 0.0, "Ba_Err": 0.0, "W": "", "W_Err": 0.0, "Pt": "", "Pt_Err": 0.0, "Au": "", "Au_Err": 0.0, "Hg": "", "Hg_Err": 0.0, "Pb": "", "Pb_Err": 0.0, "Bi": "", "Bi_Err": 0.0, "U": ""}}, {"type": "Feature", "geometry": {"type": "Point", "coordinates": [-72.407354, -35.930665]}, "properties": {"CP": "QUI-CA52", "SEMANA": 21.0, "IDSAMPLE": 1140035.0, "Elevation": 198.11261, "Xm": 733898.486, "Ym": 6020635.143, "From_": 0.0, "To": 1.0, "HORIZONTE": "LP/US", "ROCA_CAJA": "Granito", "ESTRUCTURA": "", "RUMBO": "", "MANTEO": "", "MINERALES": "", "ALTERACION": "2Kaol", "MINERALIZA": "4OxFe", "COMENTARIO": "", "TAKEN_BY": "GMO", "SiO2": 0.0, "SiO2_Err": 0.0, "S": "", "S_Err": 0.0, "K": 0.0, "K_Err": 0.0, "Ca": 0.0, "Ca_Err": 0.0, "Ti": 0.0, "Ti_Err": 0.0, "V": "", "V_Err": 0.0, "Cr": "", "Cr_Err": 0.0, "Mn": 0.0, "Mn_Err": 0.0, "Fe": 0.0, "Fe_Err": 0.0, "Co": "", "Co_Err": 0.0, "Ni": "", "Ni_Err": 0.0, "Cu": 0.0, "Cu_Err": 0.0, "Zn": 0.0, "Zn_Err": 0.0, "Ga": "", "Ga_Err": 0.0, "As_": "", "As_Err": 0.0, "Se": "", "Se_Err": 0.0, "Rb": 0.0, "Rb_Err": 0.0, "Sr": 0.0, "Sr_Err": 0.0, "Y_": 0.0033, "Yppm": 33.0, "Ypond": 37.95, "Y_Err": 0.0, "F59": "", "Zr": 0.0, "Zr_Err": 0.0, "Mo": "", "Mo_Err": 0.0, "Pd": "", "Pd_Err": 0.0, "Ag": "", "Ag_Err": 0.0, "Cd": "", "Cd_Err": 0.0, "In_": 0.0, "In_Err": 0.0, "Sn": "", "Sn_Err": 0.0, "Sb": "", "Sb_Err": 0.0, "Te": "", "Te_Err": 0.0, "Ba": 0.0, "Ba_Err": 0.0, "W": "", "W_Err": 0.0, "Pt": "", "Pt_Err": 0.0, "Au": "", "Au_Err": 0.0, "Hg": "", "Hg_Err": 0.0, "Pb": "", "Pb_Err": 0.0, "Bi": "", "Bi_Err": 0.0, "U": ""}}, {"type": "Feature", "geometry": {"type": "Point", "coordinates": [-72.407354, -35.930665]}, "properties": {"CP": "QUI-CA52", "SEMANA": 21.0, "IDSAMPLE": 1140036.0, "Elevation": 198.11261, "Xm": 733898.486, "Ym": 6020635.143, "From_": 1.0, "To": 2.0, "HORIZONTE": "LP", "ROCA_CAJA": "Granito", "ESTRUCTURA": "", "RUMBO": "", "MANTEO": "", "MINERALES": "", "ALTERACION": "2Kaol", "MINERALIZA": "", "COMENTARIO": "", "TAKEN_BY": "GMO", "SiO2": 0.0, "SiO2_Err": 0.0, "S": "", "S_Err": 0.0, "K": 0.0, "K_Err": 0.0, "Ca": 0.0, "Ca_Err": 0.0, "Ti": 0.0, "Ti_Err": 0.0, "V": "", "V_Err": 0.0, "Cr": "", "Cr_Err": 0.0, "Mn": 0.0, "Mn_Err": 0.0, "Fe": 0.0, "Fe_Err": 0.0, "Co": "", "Co_Err": 0.0, "Ni": "", "Ni_Err": 0.0, "Cu": 0.0, "Cu_Err": 0.0, "Zn": 0.0, "Zn_Err": 0.0, "Ga": "", "Ga_Err": 0.0, "As_": "", "As_Err": 0.0, "Se": "", "Se_Err": 0.0, "Rb": 0.0, "Rb_Err": 0.0, "Sr": 0.0, "Sr_Err": 0.0, "Y_": 0.0036, "Yppm": 36.0, "Ypond": 41.4, "Y_Err": 0.0, "F59": "", "Zr": 0.0, "Zr_Err": 0.0, "Mo": "", "Mo_Err": 0.0, "Pd": "", "Pd_Err": 0.0, "Ag": "", "Ag_Err": 0.0, "Cd": "", "Cd_Err": 0.0, "In_": 0.0, "In_Err": 0.0, "Sn": "", "Sn_Err": 0.0, "Sb": "", "Sb_Err": 0.0, "Te": "", "Te_Err": 0.0, "Ba": 0.0, "Ba_Err": 0.0, "W": "", "W_Err": 0.0, "Pt": "", "Pt_Err": 0.0, "Au": "", "Au_Err": 0.0, "Hg": "", "Hg_Err": 0.0, "Pb": "", "Pb_Err": 0.0, "Bi": "", "Bi_Err": 0.0, "U": ""}}, {"type": "Feature", "geometry": {"type": "Point", "coordinates": [-72.407171, -35.927573]}, "properties": {"CP": "QUI-CA53", "SEMANA": 21.0, "IDSAMPLE": 1140037.0, "Elevation": 198.412033, "Xm": 733924.079, "Ym": 6020977.775, "From_": 0.0, "To": 1.0, "HORIZONTE": "", "ROCA_CAJA": "Granito", "ESTRUCTURA": "", "RUMBO": "", "MANTEO": "", "MINERALES": "", "ALTERACION": "", "MINERALIZA": "4OxFe", "COMENTARIO": "", "TAKEN_BY": "GMO", "SiO2": 0.0, "SiO2_Err": 0.0, "S": "", "S_Err": 0.0, "K": 0.0, "K_Err": 0.0, "Ca": 0.0, "Ca_Err": 0.0, "Ti": 0.0, "Ti_Err": 0.0, "V": "", "V_Err": 0.0, "Cr": "", "Cr_Err": 0.0, "Mn": 0.0, "Mn_Err": 0.0, "Fe": 0.0, "Fe_Err": 0.0, "Co": "", "Co_Err": 0.0, "Ni": "", "Ni_Err": 0.0, "Cu": 0.0, "Cu_Err": 0.0, "Zn": 0.0, "Zn_Err": 0.0, "Ga": "", "Ga_Err": 0.0, "As_": "", "As_Err": 0.0, "Se": "", "Se_Err": 0.0, "Rb": 0.0, "Rb_Err": 0.0, "Sr": 0.0, "Sr_Err": 0.0, "Y_": 0.0029, "Yppm": 29.0, "Ypond": 33.35, "Y_Err": 0.0, "F59": "", "Zr": 0.0, "Zr_Err": 0.0, "Mo": "", "Mo_Err": 0.0, "Pd": "", "Pd_Err": 0.0, "Ag": "", "Ag_Err": 0.0, "Cd": "", "Cd_Err": 0.0, "In_": 0.0, "In_Err": 0.0, "Sn": "", "Sn_Err": 0.0, "Sb": "", "Sb_Err": 0.0, "Te": "", "Te_Err": 0.0, "Ba": 0.0, "Ba_Err": 0.0, "W": "", "W_Err": 0.0, "Pt": "", "Pt_Err": 0.0, "Au": "", "Au_Err": 0.0, "Hg": "", "Hg_Err": 0.0, "Pb": "", "Pb_Err": 0.0, "Bi": "", "Bi_Err": 0.0, "U": ""}}, {"type": "Feature", "geometry": {"type": "Point", "coordinates": [-72.402574, -35.920293]}, "properties": {"CP": "QUI-CA54", "SEMANA": 21.0, "IDSAMPLE": 1140038.0, "Elevation": 199.838501, "Xm": 734360.383, "Ym": 6021774.442, "From_": 0.0, "To": 1.0, "HORIZONTE": "US", "ROCA_CAJA": "Granito", "ESTRUCTURA": "", "RUMBO": "", "MANTEO": "", "MINERALES": "", "ALTERACION": "", "MINERALIZA": "4OxFe", "COMENTARIO": "", "TAKEN_BY": "GMO", "SiO2": 0.0, "SiO2_Err": 0.0, "S": "", "S_Err": 0.0, "K": 0.0, "K_Err": 0.0, "Ca": 0.0, "Ca_Err": 0.0, "Ti": 0.0, "Ti_Err": 0.0, "V": "", "V_Err": 0.0, "Cr": "", "Cr_Err": 0.0, "Mn": 0.0, "Mn_Err": 0.0, "Fe": 0.0, "Fe_Err": 0.0, "Co": "", "Co_Err": 0.0, "Ni": "", "Ni_Err": 0.0, "Cu": 0.0, "Cu_Err": 0.0, "Zn": 0.0, "Zn_Err": 0.0, "Ga": "", "Ga_Err": 0.0, "As_": "", "As_Err": 0.0, "Se": "", "Se_Err": 0.0, "Rb": 0.0, "Rb_Err": 0.0, "Sr": 0.0, "Sr_Err": 0.0, "Y_": 0.002, "Yppm": 20.0, "Ypond": 23.0, "Y_Err": 0.0, "F59": "", "Zr": 0.0, "Zr_Err": 0.0, "Mo": "", "Mo_Err": 0.0, "Pd": "", "Pd_Err": 0.0, "Ag": "", "Ag_Err": 0.0, "Cd": "", "Cd_Err": 0.0, "In_": 0.0, "In_Err": 0.0, "Sn": "", "Sn_Err": 0.0, "Sb": "", "Sb_Err": 0.0, "Te": "", "Te_Err": 0.0, "Ba": 0.0, "Ba_Err": 0.0, "W": "", "W_Err": 0.0, "Pt": "", "Pt_Err": 0.0, "Au": "", "Au_Err": 0.0, "Hg": "", "Hg_Err": 0.0, "Pb": "", "Pb_Err": 0.0, "Bi": "", "Bi_Err": 0.0, "U": ""}}, {"type": "Feature", "geometry": {"type": "Point", "coordinates": [-72.402574, -35.920293]}, "properties": {"CP": "QUI-CA54", "SEMANA": 21.0, "IDSAMPLE": 1140039.0, "Elevation": 199.838501, "Xm": 734360.383, "Ym": 6021774.442, "From_": 1.0, "To": 2.0, "HORIZONTE": "LP", "ROCA_CAJA": "Granito", "ESTRUCTURA": "", "RUMBO": "", "MANTEO": "", "MINERALES": "", "ALTERACION": "", "MINERALIZA": "4OxFe", "COMENTARIO": "", "TAKEN_BY": "GMO", "SiO2": 0.0, "SiO2_Err": 0.0, "S": "", "S_Err": 0.0, "K": 0.0, "K_Err": 0.0, "Ca": 0.0, "Ca_Err": 0.0, "Ti": 0.0, "Ti_Err": 0.0, "V": "", "V_Err": 0.0, "Cr": "", "Cr_Err": 0.0, "Mn": 0.0, "Mn_Err": 0.0, "Fe": 0.0, "Fe_Err": 0.0, "Co": "", "Co_Err": 0.0, "Ni": "", "Ni_Err": 0.0, "Cu": 0.0, "Cu_Err": 0.0, "Zn": 0.0, "Zn_Err": 0.0, "Ga": "", "Ga_Err": 0.0, "As_": "", "As_Err": 0.0, "Se": "", "Se_Err": 0.0, "Rb": 0.0, "Rb_Err": 0.0, "Sr": 0.0, "Sr_Err": 0.0, "Y_": 0.0023, "Yppm": 23.0, "Ypond": 26.45, "Y_Err": 0.0, "F59": "", "Zr": 0.0, "Zr_Err": 0.0, "Mo": "", "Mo_Err": 0.0, "Pd": "", "Pd_Err": 0.0, "Ag": "", "Ag_Err": 0.0, "Cd": "", "Cd_Err": 0.0, "In_": 0.0, "In_Err": 0.0, "Sn": "", "Sn_Err": 0.0, "Sb": "", "Sb_Err": 0.0, "Te": "", "Te_Err": 0.0, "Ba": 0.0, "Ba_Err": 0.0, "W": "", "W_Err": 0.0, "Pt": "", "Pt_Err": 0.0, "Au": "", "Au_Err": 0.0, "Hg": "", "Hg_Err": 0.0, "Pb": "", "Pb_Err": 0.0, "Bi": "", "Bi_Err": 0.0, "U": ""}}, {"type": "Feature", "geometry": {"type": "Point", "coordinates": [-72.381726, -35.917902]}, "properties": {"CP": "QUI-CA55", "SEMANA": 21.0, "IDSAMPLE": 1140040.0, "Elevation": 223.56012, "Xm": 736249.012, "Ym": 6021989.444, "From_": 0.0, "To": 1.0, "HORIZONTE": "US", "ROCA_CAJA": "Granito", "ESTRUCTURA": "Dique", "RUMBO": "", "MANTEO": "", "MINERALES": "", "ALTERACION": "5Kaol", "MINERALIZA": "4OxFe", "COMENTARIO": "", "TAKEN_BY": "GMO", "SiO2": 0.0, "SiO2_Err": 0.0, "S": "", "S_Err": 0.0, "K": 0.0, "K_Err": 0.0, "Ca": 0.0, "Ca_Err": 0.0, "Ti": 0.0, "Ti_Err": 0.0, "V": "", "V_Err": 0.0, "Cr": "", "Cr_Err": 0.0, "Mn": 0.0, "Mn_Err": 0.0, "Fe": 0.0, "Fe_Err": 0.0, "Co": "", "Co_Err": 0.0, "Ni": "", "Ni_Err": 0.0, "Cu": 0.0, "Cu_Err": 0.0, "Zn": 0.0, "Zn_Err": 0.0, "Ga": "", "Ga_Err": 0.0, "As_": "", "As_Err": 0.0, "Se": "", "Se_Err": 0.0, "Rb": 0.0, "Rb_Err": 0.0, "Sr": 0.0, "Sr_Err": 0.0, "Y_": 0.0028, "Yppm": 28.0, "Ypond": 32.2, "Y_Err": 0.0, "F59": "", "Zr": 0.0, "Zr_Err": 0.0, "Mo": "", "Mo_Err": 0.0, "Pd": "", "Pd_Err": 0.0, "Ag": "", "Ag_Err": 0.0, "Cd": "", "Cd_Err": 0.0, "In_": 0.0, "In_Err": 0.0, "Sn": "", "Sn_Err": 0.0, "Sb": "", "Sb_Err": 0.0, "Te": "", "Te_Err": 0.0, "Ba": 0.0, "Ba_Err": 0.0, "W": "", "W_Err": 0.0, "Pt": "", "Pt_Err": 0.0, "Au": "", "Au_Err": 0.0, "Hg": "", "Hg_Err": 0.0, "Pb": "", "Pb_Err": 0.0, "Bi": "", "Bi_Err": 0.0, "U": ""}}, {"type": "Feature", "geometry": {"type": "Point", "coordinates": [-72.381726, -35.917902]}, "properties": {"CP": "QUI-CA55", "SEMANA": 21.0, "IDSAMPLE": 1140041.0, "Elevation": 223.56012, "Xm": 736249.012, "Ym": 6021989.444, "From_": 1.0, "To": 2.0, "HORIZONTE": "LP/US", "ROCA_CAJA": "Granito", "ESTRUCTURA": "Dique", "RUMBO": "", "MANTEO": "", "MINERALES": "", "ALTERACION": "5Kaol", "MINERALIZA": "4OxFe", "COMENTARIO": "", "TAKEN_BY": "GMO", "SiO2": 0.0, "SiO2_Err": 0.0, "S": "", "S_Err": 0.0, "K": 0.0, "K_Err": 0.0, "Ca": 0.0, "Ca_Err": 0.0, "Ti": 0.0, "Ti_Err": 0.0, "V": "", "V_Err": 0.0, "Cr": "", "Cr_Err": 0.0, "Mn": 0.0, "Mn_Err": 0.0, "Fe": 0.0, "Fe_Err": 0.0, "Co": "", "Co_Err": 0.0, "Ni": "", "Ni_Err": 0.0, "Cu": 0.0, "Cu_Err": 0.0, "Zn": 0.0, "Zn_Err": 0.0, "Ga": "", "Ga_Err": 0.0, "As_": "", "As_Err": 0.0, "Se": "", "Se_Err": 0.0, "Rb": 0.0, "Rb_Err": 0.0, "Sr": 0.0, "Sr_Err": 0.0, "Y_": 0.0032, "Yppm": 32.0, "Ypond": 36.8, "Y_Err": 0.0, "F59": "", "Zr": 0.0, "Zr_Err": 0.0, "Mo": "", "Mo_Err": 0.0, "Pd": "", "Pd_Err": 0.0, "Ag": "", "Ag_Err": 0.0, "Cd": "", "Cd_Err": 0.0, "In_": 0.0, "In_Err": 0.0, "Sn": "", "Sn_Err": 0.0, "Sb": "", "Sb_Err": 0.0, "Te": "", "Te_Err": 0.0, "Ba": 0.0, "Ba_Err": 0.0, "W": "", "W_Err": 0.0, "Pt": "", "Pt_Err": 0.0, "Au": "", "Au_Err": 0.0, "Hg": "", "Hg_Err": 0.0, "Pb": "", "Pb_Err": 0.0, "Bi": "", "Bi_Err": 0.0, "U": ""}}, {"type": "Feature", "geometry": {"type": "Point", "coordinates": [-72.553909, -36.309988]}, "properties": {"CP": "QUI-CA56", "SEMANA": 21.0, "IDSAMPLE": 1140042.0, "Elevation": 219.693192, "Xm": 719614.456, "Ym": 5978891.543, "From_": 0.0, "To": 1.0, "HORIZONTE": "US", "ROCA_CAJA": "Granito", "ESTRUCTURA": "", "RUMBO": "", "MANTEO": "", "MINERALES": "qz, ml", "ALTERACION": "2Kaol", "MINERALIZA": "3OxFe", "COMENTARIO": "", "TAKEN_BY": "GMO", "SiO2": 0.0, "SiO2_Err": 0.0, "S": "", "S_Err": 0.0, "K": 0.0, "K_Err": 0.0, "Ca": 0.0, "Ca_Err": 0.0, "Ti": 0.0, "Ti_Err": 0.0, "V": "", "V_Err": 0.0, "Cr": "", "Cr_Err": 0.0, "Mn": 0.0, "Mn_Err": 0.0, "Fe": 0.0, "Fe_Err": 0.0, "Co": "", "Co_Err": 0.0, "Ni": "", "Ni_Err": 0.0, "Cu": 0.0, "Cu_Err": 0.0, "Zn": 0.0, "Zn_Err": 0.0, "Ga": "", "Ga_Err": 0.0, "As_": "", "As_Err": 0.0, "Se": "", "Se_Err": 0.0, "Rb": 0.0, "Rb_Err": 0.0, "Sr": 0.0, "Sr_Err": 0.0, "Y_": 0.004, "Yppm": 40.0, "Ypond": 46.0, "Y_Err": 0.0, "F59": "", "Zr": 0.0, "Zr_Err": 0.0, "Mo": "", "Mo_Err": 0.0, "Pd": "", "Pd_Err": 0.0, "Ag": "", "Ag_Err": 0.0, "Cd": "", "Cd_Err": 0.0, "In_": 0.0, "In_Err": 0.0, "Sn": "", "Sn_Err": 0.0, "Sb": "", "Sb_Err": 0.0, "Te": "", "Te_Err": 0.0, "Ba": 0.0, "Ba_Err": 0.0, "W": "", "W_Err": 0.0, "Pt": "", "Pt_Err": 0.0, "Au": "", "Au_Err": 0.0, "Hg": "", "Hg_Err": 0.0, "Pb": "", "Pb_Err": 0.0, "Bi": "", "Bi_Err": 0.0, "U": ""}}, {"type": "Feature", "geometry": {"type": "Point", "coordinates": [-72.553909, -36.309988]}, "properties": {"CP": "QUI-CA56", "SEMANA": 21.0, "IDSAMPLE": 1140043.0, "Elevation": 219.693192, "Xm": 719614.456, "Ym": 5978891.543, "From_": 1.0, "To": 2.0, "HORIZONTE": "US", "ROCA_CAJA": "Granodiorita", "ESTRUCTURA": "", "RUMBO": "", "MANTEO": "", "MINERALES": "qz, ml", "ALTERACION": "2Kaol", "MINERALIZA": "3OxFe", "COMENTARIO": "", "TAKEN_BY": "GMO", "SiO2": 0.0, "SiO2_Err": 0.0, "S": "", "S_Err": 0.0, "K": 0.0, "K_Err": 0.0, "Ca": 0.0, "Ca_Err": 0.0, "Ti": 0.0, "Ti_Err": 0.0, "V": "", "V_Err": 0.0, "Cr": "", "Cr_Err": 0.0, "Mn": 0.0, "Mn_Err": 0.0, "Fe": 0.0, "Fe_Err": 0.0, "Co": "", "Co_Err": 0.0, "Ni": "", "Ni_Err": 0.0, "Cu": 0.0, "Cu_Err": 0.0, "Zn": 0.0, "Zn_Err": 0.0, "Ga": "", "Ga_Err": 0.0, "As_": "", "As_Err": 0.0, "Se": "", "Se_Err": 0.0, "Rb": 0.0, "Rb_Err": 0.0, "Sr": 0.0, "Sr_Err": 0.0, "Y_": 0.004, "Yppm": 40.0, "Ypond": 46.0, "Y_Err": 0.0, "F59": "", "Zr": 0.0, "Zr_Err": 0.0, "Mo": "", "Mo_Err": 0.0, "Pd": "", "Pd_Err": 0.0, "Ag": "", "Ag_Err": 0.0, "Cd": "", "Cd_Err": 0.0, "In_": 0.0, "In_Err": 0.0, "Sn": "", "Sn_Err": 0.0, "Sb": "", "Sb_Err": 0.0, "Te": "", "Te_Err": 0.0, "Ba": 0.0, "Ba_Err": 0.0, "W": "", "W_Err": 0.0, "Pt": "", "Pt_Err": 0.0, "Au": "", "Au_Err": 0.0, "Hg": "", "Hg_Err": 0.0, "Pb": "", "Pb_Err": 0.0, "Bi": "", "Bi_Err": 0.0, "U": ""}}, {"type": "Feature", "geometry": {"type": "Point", "coordinates": [-72.562848, -36.322336]}, "properties": {"CP": "QUI-CA57", "SEMANA": 21.0, "IDSAMPLE": 1140044.0, "Elevation": 257.486481, "Xm": 718777.21, "Ym": 5977541.714, "From_": 0.0, "To": 1.0, "HORIZONTE": "LS", "ROCA_CAJA": "Granito", "ESTRUCTURA": "Falla", "RUMBO": "45", "MANTEO": "75NE", "MINERALES": "qz, ml, feld, plg", "ALTERACION": "3Kaol", "MINERALIZA": "3OxFe", "COMENTARIO": "", "TAKEN_BY": "GMO", "SiO2": 0.0, "SiO2_Err": 0.0, "S": "", "S_Err": 0.0, "K": 0.0, "K_Err": 0.0, "Ca": 0.0, "Ca_Err": 0.0, "Ti": 0.0, "Ti_Err": 0.0, "V": "", "V_Err": 0.0, "Cr": "", "Cr_Err": 0.0, "Mn": 0.0, "Mn_Err": 0.0, "Fe": 0.0, "Fe_Err": 0.0, "Co": "", "Co_Err": 0.0, "Ni": "", "Ni_Err": 0.0, "Cu": 0.0, "Cu_Err": 0.0, "Zn": 0.0, "Zn_Err": 0.0, "Ga": "", "Ga_Err": 0.0, "As_": "", "As_Err": 0.0, "Se": "", "Se_Err": 0.0, "Rb": 0.0, "Rb_Err": 0.0, "Sr": 0.0, "Sr_Err": 0.0, "Y_": 0.0024, "Yppm": 24.0, "Ypond": 27.6, "Y_Err": 0.0, "F59": "", "Zr": 0.0, "Zr_Err": 0.0, "Mo": "", "Mo_Err": 0.0, "Pd": "", "Pd_Err": 0.0, "Ag": "", "Ag_Err": 0.0, "Cd": "", "Cd_Err": 0.0, "In_": 0.0, "In_Err": 0.0, "Sn": "", "Sn_Err": 0.0, "Sb": "", "Sb_Err": 0.0, "Te": "", "Te_Err": 0.0, "Ba": 0.0, "Ba_Err": 0.0, "W": "", "W_Err": 0.0, "Pt": "", "Pt_Err": 0.0, "Au": "", "Au_Err": 0.0, "Hg": "", "Hg_Err": 0.0, "Pb": "", "Pb_Err": 0.0, "Bi": "", "Bi_Err": 0.0, "U": ""}}, {"type": "Feature", "geometry": {"type": "Point", "coordinates": [-72.562848, -36.322336]}, "properties": {"CP": "QUI-CA57", "SEMANA": 21.0, "IDSAMPLE": 1140045.0, "Elevation": 257.486481, "Xm": 718777.21, "Ym": 5977541.714, "From_": 1.0, "To": 2.0, "HORIZONTE": "LS/US", "ROCA_CAJA": "Granito", "ESTRUCTURA": "", "RUMBO": "", "MANTEO": "", "MINERALES": "qz, ml, feld, plg", "ALTERACION": "3Kaol", "MINERALIZA": "3OxFe", "COMENTARIO": "", "TAKEN_BY": "GMO", "SiO2": 0.0, "SiO2_Err": 0.0, "S": "", "S_Err": 0.0, "K": 0.0, "K_Err": 0.0, "Ca": 0.0, "Ca_Err": 0.0, "Ti": 0.0, "Ti_Err": 0.0, "V": "", "V_Err": 0.0, "Cr": "", "Cr_Err": 0.0, "Mn": 0.0, "Mn_Err": 0.0, "Fe": 0.0, "Fe_Err": 0.0, "Co": "", "Co_Err": 0.0, "Ni": "", "Ni_Err": 0.0, "Cu": 0.0, "Cu_Err": 0.0, "Zn": 0.0, "Zn_Err": 0.0, "Ga": "", "Ga_Err": 0.0, "As_": "", "As_Err": 0.0, "Se": "", "Se_Err": 0.0, "Rb": 0.0, "Rb_Err": 0.0, "Sr": 0.0, "Sr_Err": 0.0, "Y_": 0.0027, "Yppm": 27.0, "Ypond": 31.05, "Y_Err": 0.0, "F59": "", "Zr": 0.0, "Zr_Err": 0.0, "Mo": "", "Mo_Err": 0.0, "Pd": "", "Pd_Err": 0.0, "Ag": "", "Ag_Err": 0.0, "Cd": "", "Cd_Err": 0.0, "In_": 0.0, "In_Err": 0.0, "Sn": "", "Sn_Err": 0.0, "Sb": "", "Sb_Err": 0.0, "Te": "", "Te_Err": 0.0, "Ba": 0.0, "Ba_Err": 0.0, "W": "", "W_Err": 0.0, "Pt": "", "Pt_Err": 0.0, "Au": "", "Au_Err": 0.0, "Hg": "", "Hg_Err": 0.0, "Pb": "", "Pb_Err": 0.0, "Bi": "", "Bi_Err": 0.0, "U": ""}}, {"type": "Feature", "geometry": {"type": "Point", "coordinates": [-72.562848, -36.322336]}, "properties": {"CP": "QUI-CA57", "SEMANA": 21.0, "IDSAMPLE": 1140046.0, "Elevation": 257.486481, "Xm": 718777.21, "Ym": 5977541.714, "From_": 2.0, "To": 3.0, "HORIZONTE": "US", "ROCA_CAJA": "Granodiorita", "ESTRUCTURA": "Dique dioritico", "RUMBO": "", "MANTEO": "", "MINERALES": "bt,plg", "ALTERACION": "3Kaol", "MINERALIZA": "3OxFe", "COMENTARIO": "", "TAKEN_BY": "GMO", "SiO2": 0.0, "SiO2_Err": 0.0, "S": "", "S_Err": 0.0, "K": 0.0, "K_Err": 0.0, "Ca": 0.0, "Ca_Err": 0.0, "Ti": 0.0, "Ti_Err": 0.0, "V": "", "V_Err": 0.0, "Cr": "", "Cr_Err": 0.0, "Mn": 0.0, "Mn_Err": 0.0, "Fe": 0.0, "Fe_Err": 0.0, "Co": "", "Co_Err": 0.0, "Ni": "", "Ni_Err": 0.0, "Cu": 0.0, "Cu_Err": 0.0, "Zn": 0.0, "Zn_Err": 0.0, "Ga": "", "Ga_Err": 0.0, "As_": "", "As_Err": 0.0, "Se": "", "Se_Err": 0.0, "Rb": 0.0, "Rb_Err": 0.0, "Sr": 0.0, "Sr_Err": 0.0, "Y_": 0.0027, "Yppm": 27.0, "Ypond": 31.05, "Y_Err": 0.0, "F59": "", "Zr": 0.0, "Zr_Err": 0.0, "Mo": "", "Mo_Err": 0.0, "Pd": "", "Pd_Err": 0.0, "Ag": "", "Ag_Err": 0.0, "Cd": "", "Cd_Err": 0.0, "In_": 0.0, "In_Err": 0.0, "Sn": "", "Sn_Err": 0.0, "Sb": "", "Sb_Err": 0.0, "Te": "", "Te_Err": 0.0, "Ba": 0.0, "Ba_Err": 0.0, "W": "", "W_Err": 0.0, "Pt": "", "Pt_Err": 0.0, "Au": "", "Au_Err": 0.0, "Hg": "", "Hg_Err": 0.0, "Pb": "", "Pb_Err": 0.0, "Bi": "", "Bi_Err": 0.0, "U": ""}}, {"type": "Feature", "geometry": {"type": "Point", "coordinates": [-72.562783, -36.322446]}, "properties": {"CP": "QUI-CA58", "SEMANA": 21.0, "IDSAMPLE": 1140047.0, "Elevation": 263.861511, "Xm": 718782.786, "Ym": 5977529.448, "From_": 0.0, "To": 1.0, "HORIZONTE": "US", "ROCA_CAJA": "Granito", "ESTRUCTURA": "", "RUMBO": "", "MANTEO": "", "MINERALES": "qz,ml", "ALTERACION": "3Kaol", "MINERALIZA": "2OxFe", "COMENTARIO": "", "TAKEN_BY": "GMO", "SiO2": 0.0, "SiO2_Err": 0.0, "S": "", "S_Err": 0.0, "K": 0.0, "K_Err": 0.0, "Ca": 0.0, "Ca_Err": 0.0, "Ti": 0.0, "Ti_Err": 0.0, "V": "", "V_Err": 0.0, "Cr": "", "Cr_Err": 0.0, "Mn": 0.0, "Mn_Err": 0.0, "Fe": 0.0, "Fe_Err": 0.0, "Co": "", "Co_Err": 0.0, "Ni": "", "Ni_Err": 0.0, "Cu": 0.0, "Cu_Err": 0.0, "Zn": 0.0, "Zn_Err": 0.0, "Ga": "", "Ga_Err": 0.0, "As_": "", "As_Err": 0.0, "Se": "", "Se_Err": 0.0, "Rb": 0.0, "Rb_Err": 0.0, "Sr": 0.0, "Sr_Err": 0.0, "Y_": 0.0023, "Yppm": 23.0, "Ypond": 26.45, "Y_Err": 0.0, "F59": "", "Zr": 0.0, "Zr_Err": 0.0, "Mo": "", "Mo_Err": 0.0, "Pd": "", "Pd_Err": 0.0, "Ag": "", "Ag_Err": 0.0, "Cd": "", "Cd_Err": 0.0, "In_": 0.0, "In_Err": 0.0, "Sn": "", "Sn_Err": 0.0, "Sb": "", "Sb_Err": 0.0, "Te": "", "Te_Err": 0.0, "Ba": 0.0, "Ba_Err": 0.0, "W": "", "W_Err": 0.0, "Pt": "", "Pt_Err": 0.0, "Au": "", "Au_Err": 0.0, "Hg": "", "Hg_Err": 0.0, "Pb": "", "Pb_Err": 0.0, "Bi": "", "Bi_Err": 0.0, "U": ""}}, {"type": "Feature", "geometry": {"type": "Point", "coordinates": [-72.562783, -36.322446]}, "properties": {"CP": "QUI-CA58", "SEMANA": 21.0, "IDSAMPLE": 1140048.0, "Elevation": 263.861511, "Xm": 718782.786, "Ym": 5977529.448, "From_": 1.0, "To": 2.0, "HORIZONTE": "US", "ROCA_CAJA": "Granito", "ESTRUCTURA": "", "RUMBO": "", "MANTEO": "", "MINERALES": "qz,ml", "ALTERACION": "3Kaol", "MINERALIZA": "2OxFe", "COMENTARIO": "", "TAKEN_BY": "GMO", "SiO2": 0.0, "SiO2_Err": 0.0, "S": "", "S_Err": 0.0, "K": 0.0, "K_Err": 0.0, "Ca": 0.0, "Ca_Err": 0.0, "Ti": 0.0, "Ti_Err": 0.0, "V": "", "V_Err": 0.0, "Cr": "", "Cr_Err": 0.0, "Mn": 0.0, "Mn_Err": 0.0, "Fe": 0.0, "Fe_Err": 0.0, "Co": "", "Co_Err": 0.0, "Ni": "", "Ni_Err": 0.0, "Cu": 0.0, "Cu_Err": 0.0, "Zn": 0.0, "Zn_Err": 0.0, "Ga": "", "Ga_Err": 0.0, "As_": "", "As_Err": 0.0, "Se": "", "Se_Err": 0.0, "Rb": 0.0, "Rb_Err": 0.0, "Sr": 0.0, "Sr_Err": 0.0, "Y_": 0.0035, "Yppm": 35.0, "Ypond": 40.25, "Y_Err": 0.0, "F59": "", "Zr": 0.0, "Zr_Err": 0.0, "Mo": "", "Mo_Err": 0.0, "Pd": "", "Pd_Err": 0.0, "Ag": "", "Ag_Err": 0.0, "Cd": "", "Cd_Err": 0.0, "In_": 0.0, "In_Err": 0.0, "Sn": "", "Sn_Err": 0.0, "Sb": "", "Sb_Err": 0.0, "Te": "", "Te_Err": 0.0, "Ba": 0.0, "Ba_Err": 0.0, "W": "", "W_Err": 0.0, "Pt": "", "Pt_Err": 0.0, "Au": "", "Au_Err": 0.0, "Hg": "", "Hg_Err": 0.0, "Pb": "", "Pb_Err": 0.0, "Bi": "", "Bi_Err": 0.0, "U": ""}}, {"type": "Feature", "geometry": {"type": "Point", "coordinates": [-72.562783, -36.322446]}, "properties": {"CP": "QUI-CA58", "SEMANA": 21.0, "IDSAMPLE": 1140049.0, "Elevation": 263.861511, "Xm": 718782.786, "Ym": 5977529.448, "From_": 0.0, "To": 0.0, "HORIZONTE": "VETA", "ROCA_CAJA": "Granito", "ESTRUCTURA": "", "RUMBO": "", "MANTEO": "", "MINERALES": "qz", "ALTERACION": "3Kaol", "MINERALIZA": "2OxFe", "COMENTARIO": "", "TAKEN_BY": "GMO", "SiO2": 0.0, "SiO2_Err": 0.0, "S": "", "S_Err": 0.0, "K": 0.0, "K_Err": 0.0, "Ca": 0.0, "Ca_Err": 0.0, "Ti": 0.0, "Ti_Err": 0.0, "V": "", "V_Err": 0.0, "Cr": "", "Cr_Err": 0.0, "Mn": 0.0, "Mn_Err": 0.0, "Fe": 0.0, "Fe_Err": 0.0, "Co": "", "Co_Err": 0.0, "Ni": "", "Ni_Err": 0.0, "Cu": 0.0, "Cu_Err": 0.0, "Zn": 0.0, "Zn_Err": 0.0, "Ga": "", "Ga_Err": 0.0, "As_": "", "As_Err": 0.0, "Se": "", "Se_Err": 0.0, "Rb": 0.0, "Rb_Err": 0.0, "Sr": 0.0, "Sr_Err": 0.0, "Y_": 0.0, "Yppm": 0.0, "Ypond": 0.0, "Y_Err": 0.0, "F59": "", "Zr": 0.0, "Zr_Err": 0.0, "Mo": "", "Mo_Err": 0.0, "Pd": "", "Pd_Err": 0.0, "Ag": "", "Ag_Err": 0.0, "Cd": "", "Cd_Err": 0.0, "In_": 0.0, "In_Err": 0.0, "Sn": "", "Sn_Err": 0.0, "Sb": "", "Sb_Err": 0.0, "Te": "", "Te_Err": 0.0, "Ba": 0.0, "Ba_Err": 0.0, "W": "", "W_Err": 0.0, "Pt": "", "Pt_Err": 0.0, "Au": "", "Au_Err": 0.0, "Hg": "", "Hg_Err": 0.0, "Pb": "", "Pb_Err": 0.0, "Bi": "", "Bi_Err": 0.0, "U": ""}}, {"type": "Feature", "geometry": {"type": "Point", "coordinates": [-72.564551, -36.32421]}, "properties": {"CP": "QUI-CA59", "SEMANA": 21.0, "IDSAMPLE": 1140050.0, "Elevation": 281.022858, "Xm": 718619.081, "Ym": 5977337.641, "From_": 0.0, "To": 1.0, "HORIZONTE": "LP", "ROCA_CAJA": "Granito", "ESTRUCTURA": "", "RUMBO": "", "MANTEO": "", "MINERALES": "qz", "ALTERACION": "2Kaol", "MINERALIZA": "4OxFe", "COMENTARIO": "", "TAKEN_BY": "GMO", "SiO2": 0.0, "SiO2_Err": 0.0, "S": "", "S_Err": 0.0, "K": 0.0, "K_Err": 0.0, "Ca": 0.0, "Ca_Err": 0.0, "Ti": 0.0, "Ti_Err": 0.0, "V": "", "V_Err": 0.0, "Cr": "", "Cr_Err": 0.0, "Mn": 0.0, "Mn_Err": 0.0, "Fe": 0.0, "Fe_Err": 0.0, "Co": "", "Co_Err": 0.0, "Ni": "", "Ni_Err": 0.0, "Cu": 0.0, "Cu_Err": 0.0, "Zn": 0.0, "Zn_Err": 0.0, "Ga": "", "Ga_Err": 0.0, "As_": "", "As_Err": 0.0, "Se": "", "Se_Err": 0.0, "Rb": 0.0, "Rb_Err": 0.0, "Sr": 0.0, "Sr_Err": 0.0, "Y_": 0.004, "Yppm": 40.0, "Ypond": 46.0, "Y_Err": 0.0, "F59": "", "Zr": 0.0, "Zr_Err": 0.0, "Mo": "", "Mo_Err": 0.0, "Pd": "", "Pd_Err": 0.0, "Ag": "", "Ag_Err": 0.0, "Cd": "", "Cd_Err": 0.0, "In_": 0.0, "In_Err": 0.0, "Sn": "", "Sn_Err": 0.0, "Sb": "", "Sb_Err": 0.0, "Te": "", "Te_Err": 0.0, "Ba": 0.0, "Ba_Err": 0.0, "W": "", "W_Err": 0.0, "Pt": "", "Pt_Err": 0.0, "Au": "", "Au_Err": 0.0, "Hg": "", "Hg_Err": 0.0, "Pb": "", "Pb_Err": 0.0, "Bi": "", "Bi_Err": 0.0, "U": ""}}, {"type": "Feature", "geometry": {"type": "Point", "coordinates": [-72.571465, -36.324816]}, "properties": {"CP": "QUI-CA60", "SEMANA": 21.0, "IDSAMPLE": 1140051.0, "Elevation": 224.315765, "Xm": 717996.601, "Ym": 5977286.121, "From_": 0.0, "To": 1.0, "HORIZONTE": "UP", "ROCA_CAJA": "Granito", "ESTRUCTURA": "", "RUMBO": "", "MANTEO": "", "MINERALES": "qz", "ALTERACION": "4Kaol", "MINERALIZA": "4OxFe", "COMENTARIO": "", "TAKEN_BY": "GMO", "SiO2": 0.0, "SiO2_Err": 0.0, "S": "", "S_Err": 0.0, "K": 0.0, "K_Err": 0.0, "Ca": 0.0, "Ca_Err": 0.0, "Ti": 0.0, "Ti_Err": 0.0, "V": "", "V_Err": 0.0, "Cr": "", "Cr_Err": 0.0, "Mn": 0.0, "Mn_Err": 0.0, "Fe": 0.0, "Fe_Err": 0.0, "Co": "", "Co_Err": 0.0, "Ni": "", "Ni_Err": 0.0, "Cu": 0.0, "Cu_Err": 0.0, "Zn": 0.0, "Zn_Err": 0.0, "Ga": "", "Ga_Err": 0.0, "As_": "", "As_Err": 0.0, "Se": "", "Se_Err": 0.0, "Rb": 0.0, "Rb_Err": 0.0, "Sr": 0.0, "Sr_Err": 0.0, "Y_": 0.0036, "Yppm": 36.0, "Ypond": 41.4, "Y_Err": 0.0, "F59": "", "Zr": 0.0, "Zr_Err": 0.0, "Mo": "", "Mo_Err": 0.0, "Pd": "", "Pd_Err": 0.0, "Ag": "", "Ag_Err": 0.0, "Cd": "", "Cd_Err": 0.0, "In_": 0.0, "In_Err": 0.0, "Sn": "", "Sn_Err": 0.0, "Sb": "", "Sb_Err": 0.0, "Te": "", "Te_Err": 0.0, "Ba": 0.0, "Ba_Err": 0.0, "W": "", "W_Err": 0.0, "Pt": "", "Pt_Err": 0.0, "Au": "", "Au_Err": 0.0, "Hg": "", "Hg_Err": 0.0, "Pb": "", "Pb_Err": 0.0, "Bi": "", "Bi_Err": 0.0, "U": ""}}, {"type": "Feature", "geometry": {"type": "Point", "coordinates": [-72.575087, -36.32504]}, "properties": {"CP": "QUI-CA61", "SEMANA": 21.0, "IDSAMPLE": 1140052.0, "Elevation": 215.892685, "Xm": 717670.863, "Ym": 5977269.393, "From_": 0.0, "To": 1.0, "HORIZONTE": "UP", "ROCA_CAJA": "Granito", "ESTRUCTURA": "", "RUMBO": "", "MANTEO": "", "MINERALES": "qz", "ALTERACION": "4Kaol", "MINERALIZA": "4OxFe", "COMENTARIO": "", "TAKEN_BY": "GMO", "SiO2": 0.0, "SiO2_Err": 0.0, "S": "", "S_Err": 0.0, "K": 0.0, "K_Err": 0.0, "Ca": 0.0, "Ca_Err": 0.0, "Ti": 0.0, "Ti_Err": 0.0, "V": "", "V_Err": 0.0, "Cr": "", "Cr_Err": 0.0, "Mn": 0.0, "Mn_Err": 0.0, "Fe": 0.0, "Fe_Err": 0.0, "Co": "", "Co_Err": 0.0, "Ni": "", "Ni_Err": 0.0, "Cu": 0.0, "Cu_Err": 0.0, "Zn": 0.0, "Zn_Err": 0.0, "Ga": "", "Ga_Err": 0.0, "As_": "", "As_Err": 0.0, "Se": "", "Se_Err": 0.0, "Rb": 0.0, "Rb_Err": 0.0, "Sr": 0.0, "Sr_Err": 0.0, "Y_": 0.0042, "Yppm": 42.0, "Ypond": 48.3, "Y_Err": 0.0, "F59": "", "Zr": 0.0, "Zr_Err": 0.0, "Mo": "", "Mo_Err": 0.0, "Pd": "", "Pd_Err": 0.0, "Ag": "", "Ag_Err": 0.0, "Cd": "", "Cd_Err": 0.0, "In_": 0.0, "In_Err": 0.0, "Sn": "", "Sn_Err": 0.0, "Sb": "", "Sb_Err": 0.0, "Te": "", "Te_Err": 0.0, "Ba": 0.0, "Ba_Err": 0.0, "W": "", "W_Err": 0.0, "Pt": "", "Pt_Err": 0.0, "Au": "", "Au_Err": 0.0, "Hg": "", "Hg_Err": 0.0, "Pb": "", "Pb_Err": 0.0, "Bi": "", "Bi_Err": 0.0, "U": ""}}, {"type": "Feature", "geometry": {"type": "Point", "coordinates": [-72.593785, -36.327554]}, "properties": {"CP": "QUI-CA62", "SEMANA": 21.0, "IDSAMPLE": 1140053.0, "Elevation": 166.50145, "Xm": 715985.193, "Ym": 5977032.423, "From_": 0.0, "To": 1.0, "HORIZONTE": "UP", "ROCA_CAJA": "Granito", "ESTRUCTURA": "", "RUMBO": "", "MANTEO": "", "MINERALES": "qz,ml", "ALTERACION": "2Kaol", "MINERALIZA": "3OxFe", "COMENTARIO": "", "TAKEN_BY": "GMO", "SiO2": 0.0, "SiO2_Err": 0.0, "S": "", "S_Err": 0.0, "K": 0.0, "K_Err": 0.0, "Ca": 0.0, "Ca_Err": 0.0, "Ti": 0.0, "Ti_Err": 0.0, "V": "", "V_Err": 0.0, "Cr": "", "Cr_Err": 0.0, "Mn": 0.0, "Mn_Err": 0.0, "Fe": 0.0, "Fe_Err": 0.0, "Co": "", "Co_Err": 0.0, "Ni": "", "Ni_Err": 0.0, "Cu": 0.0, "Cu_Err": 0.0, "Zn": 0.0, "Zn_Err": 0.0, "Ga": "", "Ga_Err": 0.0, "As_": "", "As_Err": 0.0, "Se": "", "Se_Err": 0.0, "Rb": 0.0, "Rb_Err": 0.0, "Sr": 0.0, "Sr_Err": 0.0, "Y_": 0.003, "Yppm": 30.0, "Ypond": 34.5, "Y_Err": 0.0, "F59": "", "Zr": 0.0, "Zr_Err": 0.0, "Mo": "", "Mo_Err": 0.0, "Pd": "", "Pd_Err": 0.0, "Ag": "", "Ag_Err": 0.0, "Cd": "", "Cd_Err": 0.0, "In_": 0.0, "In_Err": 0.0, "Sn": "", "Sn_Err": 0.0, "Sb": "", "Sb_Err": 0.0, "Te": "", "Te_Err": 0.0, "Ba": 0.0, "Ba_Err": 0.0, "W": "", "W_Err": 0.0, "Pt": "", "Pt_Err": 0.0, "Au": "", "Au_Err": 0.0, "Hg": "", "Hg_Err": 0.0, "Pb": "", "Pb_Err": 0.0, "Bi": "", "Bi_Err": 0.0, "U": ""}}, {"type": "Feature", "geometry": {"type": "Point", "coordinates": [-72.594109, -36.327522]}, "properties": {"CP": "QUI-CA63", "SEMANA": 21.0, "IDSAMPLE": 1140054.0, "Elevation": 178.255951, "Xm": 715956.199, "Ym": 5977036.66, "From_": 0.0, "To": 1.0, "HORIZONTE": "UP/LP", "ROCA_CAJA": "Granito", "ESTRUCTURA": "", "RUMBO": "", "MANTEO": "", "MINERALES": "qz", "ALTERACION": "4Kaol", "MINERALIZA": "2OxFe", "COMENTARIO": "", "TAKEN_BY": "GMO", "SiO2": 0.0, "SiO2_Err": 0.0, "S": "", "S_Err": 0.0, "K": 0.0, "K_Err": 0.0, "Ca": 0.0, "Ca_Err": 0.0, "Ti": 0.0, "Ti_Err": 0.0, "V": "", "V_Err": 0.0, "Cr": "", "Cr_Err": 0.0, "Mn": 0.0, "Mn_Err": 0.0, "Fe": 0.0, "Fe_Err": 0.0, "Co": "", "Co_Err": 0.0, "Ni": "", "Ni_Err": 0.0, "Cu": 0.0, "Cu_Err": 0.0, "Zn": 0.0, "Zn_Err": 0.0, "Ga": "", "Ga_Err": 0.0, "As_": "", "As_Err": 0.0, "Se": "", "Se_Err": 0.0, "Rb": 0.0, "Rb_Err": 0.0, "Sr": 0.0, "Sr_Err": 0.0, "Y_": 0.0047, "Yppm": 47.0, "Ypond": 54.05, "Y_Err": 0.0, "F59": "", "Zr": 0.0, "Zr_Err": 0.0, "Mo": "", "Mo_Err": 0.0, "Pd": "", "Pd_Err": 0.0, "Ag": "", "Ag_Err": 0.0, "Cd": "", "Cd_Err": 0.0, "In_": 0.0, "In_Err": 0.0, "Sn": "", "Sn_Err": 0.0, "Sb": "", "Sb_Err": 0.0, "Te": "", "Te_Err": 0.0, "Ba": 0.0, "Ba_Err": 0.0, "W": "", "W_Err": 0.0, "Pt": "", "Pt_Err": 0.0, "Au": "", "Au_Err": 0.0, "Hg": "", "Hg_Err": 0.0, "Pb": "", "Pb_Err": 0.0, "Bi": "", "Bi_Err": 0.0, "U": ""}}, {"type": "Feature", "geometry": {"type": "Point", "coordinates": [-72.593814, -36.319164]}, "properties": {"CP": "QUI-CA64", "SEMANA": 21.0, "IDSAMPLE": 1140055.0, "Elevation": 290.593658, "Xm": 716005.712, "Ym": 5977963.355, "From_": 0.0, "To": 1.0, "HORIZONTE": "UP", "ROCA_CAJA": "Granito", "ESTRUCTURA": "", "RUMBO": "", "MANTEO": "", "MINERALES": "qz", "ALTERACION": "4Kaol", "MINERALIZA": "3OxFe", "COMENTARIO": "", "TAKEN_BY": "GMO", "SiO2": 0.0, "SiO2_Err": 0.0, "S": "", "S_Err": 0.0, "K": 0.0, "K_Err": 0.0, "Ca": 0.0, "Ca_Err": 0.0, "Ti": 0.0, "Ti_Err": 0.0, "V": "", "V_Err": 0.0, "Cr": "", "Cr_Err": 0.0, "Mn": 0.0, "Mn_Err": 0.0, "Fe": 0.0, "Fe_Err": 0.0, "Co": "", "Co_Err": 0.0, "Ni": "", "Ni_Err": 0.0, "Cu": 0.0, "Cu_Err": 0.0, "Zn": 0.0, "Zn_Err": 0.0, "Ga": "", "Ga_Err": 0.0, "As_": "", "As_Err": 0.0, "Se": "", "Se_Err": 0.0, "Rb": 0.0, "Rb_Err": 0.0, "Sr": 0.0, "Sr_Err": 0.0, "Y_": 0.0037, "Yppm": 37.0, "Ypond": 42.55, "Y_Err": 0.0, "F59": "", "Zr": 0.0, "Zr_Err": 0.0, "Mo": "", "Mo_Err": 0.0, "Pd": "", "Pd_Err": 0.0, "Ag": "", "Ag_Err": 0.0, "Cd": "", "Cd_Err": 0.0, "In_": 0.0, "In_Err": 0.0, "Sn": "", "Sn_Err": 0.0, "Sb": "", "Sb_Err": 0.0, "Te": "", "Te_Err": 0.0, "Ba": 0.0, "Ba_Err": 0.0, "W": "", "W_Err": 0.0, "Pt": "", "Pt_Err": 0.0, "Au": "", "Au_Err": 0.0, "Hg": "", "Hg_Err": 0.0, "Pb": "", "Pb_Err": 0.0, "Bi": "", "Bi_Err": 0.0, "U": ""}}, {"type": "Feature", "geometry": {"type": "Point", "coordinates": [-72.596901, -36.324464]}, "properties": {"CP": "QUI-CA65", "SEMANA": 21.0, "IDSAMPLE": 1140056.0, "Elevation": 210.064789, "Xm": 715713.987, "Ym": 5977382.136, "From_": 0.0, "To": 1.0, "HORIZONTE": "UP", "ROCA_CAJA": "Granito", "ESTRUCTURA": "", "RUMBO": "", "MANTEO": "", "MINERALES": "qz", "ALTERACION": "3Kaol", "MINERALIZA": "4OxFe", "COMENTARIO": "", "TAKEN_BY": "GMO", "SiO2": 0.0, "SiO2_Err": 0.0, "S": "", "S_Err": 0.0, "K": 0.0, "K_Err": 0.0, "Ca": 0.0, "Ca_Err": 0.0, "Ti": 0.0, "Ti_Err": 0.0, "V": "", "V_Err": 0.0, "Cr": "", "Cr_Err": 0.0, "Mn": 0.0, "Mn_Err": 0.0, "Fe": 0.0, "Fe_Err": 0.0, "Co": "", "Co_Err": 0.0, "Ni": "", "Ni_Err": 0.0, "Cu": 0.0, "Cu_Err": 0.0, "Zn": 0.0, "Zn_Err": 0.0, "Ga": "", "Ga_Err": 0.0, "As_": "", "As_Err": 0.0, "Se": "", "Se_Err": 0.0, "Rb": 0.0, "Rb_Err": 0.0, "Sr": 0.0, "Sr_Err": 0.0, "Y_": 0.0042, "Yppm": 42.0, "Ypond": 48.3, "Y_Err": 0.0, "F59": "", "Zr": 0.0, "Zr_Err": 0.0, "Mo": "", "Mo_Err": 0.0, "Pd": "", "Pd_Err": 0.0, "Ag": "", "Ag_Err": 0.0, "Cd": "", "Cd_Err": 0.0, "In_": 0.0, "In_Err": 0.0, "Sn": "", "Sn_Err": 0.0, "Sb": "", "Sb_Err": 0.0, "Te": "", "Te_Err": 0.0, "Ba": 0.0, "Ba_Err": 0.0, "W": "", "W_Err": 0.0, "Pt": "", "Pt_Err": 0.0, "Au": "", "Au_Err": 0.0, "Hg": "", "Hg_Err": 0.0, "Pb": "", "Pb_Err": 0.0, "Bi": "", "Bi_Err": 0.0, "U": ""}}, {"type": "Feature", "geometry": {"type": "Point", "coordinates": [-72.601151, -36.324715]}, "properties": {"CP": "QUI-CA66", "SEMANA": 21.0, "IDSAMPLE": 1140057.0, "Elevation": 264.966522, "Xm": 715331.712, "Ym": 5977363.847, "From_": 0.0, "To": 1.0, "HORIZONTE": "UP", "ROCA_CAJA": "Granito", "ESTRUCTURA": "", "RUMBO": "", "MANTEO": "", "MINERALES": "qz", "ALTERACION": "2Kaol", "MINERALIZA": "3OxFe", "COMENTARIO": "", "TAKEN_BY": "ASN", "SiO2": 0.0, "SiO2_Err": 0.0, "S": "", "S_Err": 0.0, "K": 0.0, "K_Err": 0.0, "Ca": 0.0, "Ca_Err": 0.0, "Ti": 0.0, "Ti_Err": 0.0, "V": "", "V_Err": 0.0, "Cr": "", "Cr_Err": 0.0, "Mn": 0.0, "Mn_Err": 0.0, "Fe": 0.0, "Fe_Err": 0.0, "Co": "", "Co_Err": 0.0, "Ni": "", "Ni_Err": 0.0, "Cu": 0.0, "Cu_Err": 0.0, "Zn": 0.0, "Zn_Err": 0.0, "Ga": "", "Ga_Err": 0.0, "As_": "", "As_Err": 0.0, "Se": "", "Se_Err": 0.0, "Rb": 0.0, "Rb_Err": 0.0, "Sr": 0.0, "Sr_Err": 0.0, "Y_": 0.0035, "Yppm": 35.0, "Ypond": 40.25, "Y_Err": 0.0, "F59": "", "Zr": 0.0, "Zr_Err": 0.0, "Mo": "", "Mo_Err": 0.0, "Pd": "", "Pd_Err": 0.0, "Ag": "", "Ag_Err": 0.0, "Cd": "", "Cd_Err": 0.0, "In_": 0.0, "In_Err": 0.0, "Sn": "", "Sn_Err": 0.0, "Sb": "", "Sb_Err": 0.0, "Te": "", "Te_Err": 0.0, "Ba": 0.0, "Ba_Err": 0.0, "W": "", "W_Err": 0.0, "Pt": "", "Pt_Err": 0.0, "Au": "", "Au_Err": 0.0, "Hg": "", "Hg_Err": 0.0, "Pb": "", "Pb_Err": 0.0, "Bi": "", "Bi_Err": 0.0, "U": ""}}, {"type": "Feature", "geometry": {"type": "Point", "coordinates": [-72.602811, -36.324028]}, "properties": {"CP": "QUI-CA67", "SEMANA": 21.0, "IDSAMPLE": 1140058.0, "Elevation": 281.076324, "Xm": 715184.511, "Ym": 5977443.692, "From_": 0.0, "To": 1.0, "HORIZONTE": "UP", "ROCA_CAJA": "Granito", "ESTRUCTURA": "", "RUMBO": "", "MANTEO": "", "MINERALES": "qz,ml", "ALTERACION": "3Kaol", "MINERALIZA": "3OxFe", "COMENTARIO": "", "TAKEN_BY": "GMO", "SiO2": 0.0, "SiO2_Err": 0.0, "S": "", "S_Err": 0.0, "K": 0.0, "K_Err": 0.0, "Ca": 0.0, "Ca_Err": 0.0, "Ti": 0.0, "Ti_Err": 0.0, "V": "", "V_Err": 0.0, "Cr": "", "Cr_Err": 0.0, "Mn": 0.0, "Mn_Err": 0.0, "Fe": 0.0, "Fe_Err": 0.0, "Co": "", "Co_Err": 0.0, "Ni": "", "Ni_Err": 0.0, "Cu": 0.0, "Cu_Err": 0.0, "Zn": 0.0, "Zn_Err": 0.0, "Ga": "", "Ga_Err": 0.0, "As_": "", "As_Err": 0.0, "Se": "", "Se_Err": 0.0, "Rb": 0.0, "Rb_Err": 0.0, "Sr": 0.0, "Sr_Err": 0.0, "Y_": 0.0044, "Yppm": 44.0, "Ypond": 50.6, "Y_Err": 0.0, "F59": "", "Zr": 0.0, "Zr_Err": 0.0, "Mo": "", "Mo_Err": 0.0, "Pd": "", "Pd_Err": 0.0, "Ag": "", "Ag_Err": 0.0, "Cd": "", "Cd_Err": 0.0, "In_": 0.0, "In_Err": 0.0, "Sn": "", "Sn_Err": 0.0, "Sb": "", "Sb_Err": 0.0, "Te": "", "Te_Err": 0.0, "Ba": 0.0, "Ba_Err": 0.0, "W": "", "W_Err": 0.0, "Pt": "", "Pt_Err": 0.0, "Au": "", "Au_Err": 0.0, "Hg": "", "Hg_Err": 0.0, "Pb": "", "Pb_Err": 0.0, "Bi": "", "Bi_Err": 0.0, "U": ""}}, {"type": "Feature", "geometry": {"type": "Point", "coordinates": [-72.602811, -36.324028]}, "properties": {"CP": "QUI-CA67", "SEMANA": 21.0, "IDSAMPLE": 1140059.0, "Elevation": 281.076324, "Xm": 715184.511, "Ym": 5977443.692, "From_": 0.0, "To": 1.0, "HORIZONTE": "", "ROCA_CAJA": "Aplita", "ESTRUCTURA": "", "RUMBO": "", "MANTEO": "", "MINERALES": "qz,ml", "ALTERACION": "3Kaol", "MINERALIZA": "3OxFe", "COMENTARIO": "", "TAKEN_BY": "GMO", "SiO2": 0.0, "SiO2_Err": 0.0, "S": "", "S_Err": 0.0, "K": 0.0, "K_Err": 0.0, "Ca": 0.0, "Ca_Err": 0.0, "Ti": 0.0, "Ti_Err": 0.0, "V": "", "V_Err": 0.0, "Cr": "", "Cr_Err": 0.0, "Mn": 0.0, "Mn_Err": 0.0, "Fe": 0.0, "Fe_Err": 0.0, "Co": "", "Co_Err": 0.0, "Ni": "", "Ni_Err": 0.0, "Cu": 0.0, "Cu_Err": 0.0, "Zn": 0.0, "Zn_Err": 0.0, "Ga": "", "Ga_Err": 0.0, "As_": "", "As_Err": 0.0, "Se": "", "Se_Err": 0.0, "Rb": 0.0, "Rb_Err": 0.0, "Sr": 0.0, "Sr_Err": 0.0, "Y_": 0.0037, "Yppm": 37.0, "Ypond": 42.55, "Y_Err": 0.0, "F59": "", "Zr": 0.0, "Zr_Err": 0.0, "Mo": "", "Mo_Err": 0.0, "Pd": "", "Pd_Err": 0.0, "Ag": "", "Ag_Err": 0.0, "Cd": "", "Cd_Err": 0.0, "In_": 0.0, "In_Err": 0.0, "Sn": "", "Sn_Err": 0.0, "Sb": "", "Sb_Err": 0.0, "Te": "", "Te_Err": 0.0, "Ba": 0.0, "Ba_Err": 0.0, "W": "", "W_Err": 0.0, "Pt": "", "Pt_Err": 0.0, "Au": "", "Au_Err": 0.0, "Hg": "", "Hg_Err": 0.0, "Pb": "", "Pb_Err": 0.0, "Bi": "", "Bi_Err": 0.0, "U": ""}}, {"type": "Feature", "geometry": {"type": "Point", "coordinates": [-72.602875, -36.32273]}, "properties": {"CP": "QUI-CA68", "SEMANA": 21.0, "IDSAMPLE": 1140060.0, "Elevation": 305.323029, "Xm": 715182.392, "Ym": 5977587.882, "From_": 0.0, "To": 1.0, "HORIZONTE": "LP", "ROCA_CAJA": "Granito", "ESTRUCTURA": "", "RUMBO": "", "MANTEO": "", "MINERALES": "qz, ml", "ALTERACION": "2Kaol", "MINERALIZA": "3OxFe", "COMENTARIO": "", "TAKEN_BY": "GMO", "SiO2": 0.0, "SiO2_Err": 0.0, "S": "", "S_Err": 0.0, "K": 0.0, "K_Err": 0.0, "Ca": 0.0, "Ca_Err": 0.0, "Ti": 0.0, "Ti_Err": 0.0, "V": "", "V_Err": 0.0, "Cr": "", "Cr_Err": 0.0, "Mn": 0.0, "Mn_Err": 0.0, "Fe": 0.0, "Fe_Err": 0.0, "Co": "", "Co_Err": 0.0, "Ni": "", "Ni_Err": 0.0, "Cu": 0.0, "Cu_Err": 0.0, "Zn": 0.0, "Zn_Err": 0.0, "Ga": "", "Ga_Err": 0.0, "As_": "", "As_Err": 0.0, "Se": "", "Se_Err": 0.0, "Rb": 0.0, "Rb_Err": 0.0, "Sr": 0.0, "Sr_Err": 0.0, "Y_": 0.0032, "Yppm": 32.0, "Ypond": 36.8, "Y_Err": 0.0, "F59": "", "Zr": 0.0, "Zr_Err": 0.0, "Mo": "", "Mo_Err": 0.0, "Pd": "", "Pd_Err": 0.0, "Ag": "", "Ag_Err": 0.0, "Cd": "", "Cd_Err": 0.0, "In_": 0.0, "In_Err": 0.0, "Sn": "", "Sn_Err": 0.0, "Sb": "", "Sb_Err": 0.0, "Te": "", "Te_Err": 0.0, "Ba": 0.0, "Ba_Err": 0.0, "W": "", "W_Err": 0.0, "Pt": "", "Pt_Err": 0.0, "Au": "", "Au_Err": 0.0, "Hg": "", "Hg_Err": 0.0, "Pb": "", "Pb_Err": 0.0, "Bi": "", "Bi_Err": 0.0, "U": ""}}, {"type": "Feature", "geometry": {"type": "Point", "coordinates": [-72.602875, -36.32273]}, "properties": {"CP": "QUI-CA68", "SEMANA": 21.0, "IDSAMPLE": 1140061.0, "Elevation": 305.323029, "Xm": 715182.392, "Ym": 5977587.882, "From_": 1.0, "To": 2.0, "HORIZONTE": "LP", "ROCA_CAJA": "Granito", "ESTRUCTURA": "", "RUMBO": "", "MANTEO": "", "MINERALES": "qz, ml", "ALTERACION": "2Kaol", "MINERALIZA": "3OxFe", "COMENTARIO": "", "TAKEN_BY": "GMO", "SiO2": 0.0, "SiO2_Err": 0.0, "S": "", "S_Err": 0.0, "K": 0.0, "K_Err": 0.0, "Ca": 0.0, "Ca_Err": 0.0, "Ti": 0.0, "Ti_Err": 0.0, "V": "", "V_Err": 0.0, "Cr": "", "Cr_Err": 0.0, "Mn": 0.0, "Mn_Err": 0.0, "Fe": 0.0, "Fe_Err": 0.0, "Co": "", "Co_Err": 0.0, "Ni": "", "Ni_Err": 0.0, "Cu": 0.0, "Cu_Err": 0.0, "Zn": 0.0, "Zn_Err": 0.0, "Ga": "", "Ga_Err": 0.0, "As_": "", "As_Err": 0.0, "Se": "", "Se_Err": 0.0, "Rb": 0.0, "Rb_Err": 0.0, "Sr": 0.0, "Sr_Err": 0.0, "Y_": 0.0029, "Yppm": 29.0, "Ypond": 33.35, "Y_Err": 0.0, "F59": "", "Zr": 0.0, "Zr_Err": 0.0, "Mo": "", "Mo_Err": 0.0, "Pd": "", "Pd_Err": 0.0, "Ag": "", "Ag_Err": 0.0, "Cd": "", "Cd_Err": 0.0, "In_": 0.0, "In_Err": 0.0, "Sn": "", "Sn_Err": 0.0, "Sb": "", "Sb_Err": 0.0, "Te": "", "Te_Err": 0.0, "Ba": 0.0, "Ba_Err": 0.0, "W": "", "W_Err": 0.0, "Pt": "", "Pt_Err": 0.0, "Au": "", "Au_Err": 0.0, "Hg": "", "Hg_Err": 0.0, "Pb": "", "Pb_Err": 0.0, "Bi": "", "Bi_Err": 0.0, "U": ""}}, {"type": "Feature", "geometry": {"type": "Point", "coordinates": [-72.602875, -36.32273]}, "properties": {"CP": "QUI-CA68", "SEMANA": 21.0, "IDSAMPLE": 1140062.0, "Elevation": 305.323029, "Xm": 715182.392, "Ym": 5977587.882, "From_": 0.0, "To": 0.0, "HORIZONTE": "LP", "ROCA_CAJA": "Granito", "ESTRUCTURA": "Vetillas Aplíticas", "RUMBO": "", "MANTEO": "", "MINERALES": "qz, ml", "ALTERACION": "2Kaol", "MINERALIZA": "3OxFe", "COMENTARIO": "", "TAKEN_BY": "GMO", "SiO2": 0.0, "SiO2_Err": 0.0, "S": "", "S_Err": 0.0, "K": 0.0, "K_Err": 0.0, "Ca": 0.0, "Ca_Err": 0.0, "Ti": 0.0, "Ti_Err": 0.0, "V": "", "V_Err": 0.0, "Cr": "", "Cr_Err": 0.0, "Mn": 0.0, "Mn_Err": 0.0, "Fe": 0.0, "Fe_Err": 0.0, "Co": "", "Co_Err": 0.0, "Ni": "", "Ni_Err": 0.0, "Cu": 0.0, "Cu_Err": 0.0, "Zn": 0.0, "Zn_Err": 0.0, "Ga": "", "Ga_Err": 0.0, "As_": "", "As_Err": 0.0, "Se": "", "Se_Err": 0.0, "Rb": 0.0, "Rb_Err": 0.0, "Sr": 0.0, "Sr_Err": 0.0, "Y_": 0.0045, "Yppm": 45.0, "Ypond": 51.75, "Y_Err": 0.0, "F59": "", "Zr": 0.0, "Zr_Err": 0.0, "Mo": "", "Mo_Err": 0.0, "Pd": "", "Pd_Err": 0.0, "Ag": "", "Ag_Err": 0.0, "Cd": "", "Cd_Err": 0.0, "In_": 0.0, "In_Err": 0.0, "Sn": "", "Sn_Err": 0.0, "Sb": "", "Sb_Err": 0.0, "Te": "", "Te_Err": 0.0, "Ba": 0.0, "Ba_Err": 0.0, "W": "", "W_Err": 0.0, "Pt": "", "Pt_Err": 0.0, "Au": "", "Au_Err": 0.0, "Hg": "", "Hg_Err": 0.0, "Pb": "", "Pb_Err": 0.0, "Bi": "", "Bi_Err": 0.0, "U": ""}}, {"type": "Feature", "geometry": {"type": "Point", "coordinates": [-72.610269, -36.32057]}, "properties": {"CP": "QUI-CA69", "SEMANA": 21.0, "IDSAMPLE": 1140063.0, "Elevation": 380.659424, "Xm": 714524.45, "Ym": 5977844.033, "From_": 0.0, "To": 1.0, "HORIZONTE": "UP", "ROCA_CAJA": "Granito", "ESTRUCTURA": "", "RUMBO": "", "MANTEO": "", "MINERALES": "qz,bt", "ALTERACION": "2Kaol", "MINERALIZA": "3OxFe", "COMENTARIO": "", "TAKEN_BY": "GMO", "SiO2": 0.0, "SiO2_Err": 0.0, "S": "", "S_Err": 0.0, "K": 0.0, "K_Err": 0.0, "Ca": 0.0, "Ca_Err": 0.0, "Ti": 0.0, "Ti_Err": 0.0, "V": "", "V_Err": 0.0, "Cr": "", "Cr_Err": 0.0, "Mn": 0.0, "Mn_Err": 0.0, "Fe": 0.0, "Fe_Err": 0.0, "Co": "", "Co_Err": 0.0, "Ni": "", "Ni_Err": 0.0, "Cu": 0.0, "Cu_Err": 0.0, "Zn": 0.0, "Zn_Err": 0.0, "Ga": "", "Ga_Err": 0.0, "As_": "", "As_Err": 0.0, "Se": "", "Se_Err": 0.0, "Rb": 0.0, "Rb_Err": 0.0, "Sr": 0.0, "Sr_Err": 0.0, "Y_": 0.0044, "Yppm": 44.0, "Ypond": 50.6, "Y_Err": 0.0, "F59": "", "Zr": 0.0, "Zr_Err": 0.0, "Mo": "", "Mo_Err": 0.0, "Pd": "", "Pd_Err": 0.0, "Ag": "", "Ag_Err": 0.0, "Cd": "", "Cd_Err": 0.0, "In_": 0.0, "In_Err": 0.0, "Sn": "", "Sn_Err": 0.0, "Sb": "", "Sb_Err": 0.0, "Te": "", "Te_Err": 0.0, "Ba": 0.0, "Ba_Err": 0.0, "W": "", "W_Err": 0.0, "Pt": "", "Pt_Err": 0.0, "Au": "", "Au_Err": 0.0, "Hg": "", "Hg_Err": 0.0, "Pb": "", "Pb_Err": 0.0, "Bi": "", "Bi_Err": 0.0, "U": ""}}, {"type": "Feature", "geometry": {"type": "Point", "coordinates": [-72.610087, -36.334814]}, "properties": {"CP": "QUI-CA70", "SEMANA": 21.0, "IDSAMPLE": 1140064.0, "Elevation": 248.975204, "Xm": 714501.701, "Ym": 5976263.188, "From_": 0.0, "To": 1.0, "HORIZONTE": "LP/UP", "ROCA_CAJA": "Granito", "ESTRUCTURA": "", "RUMBO": "", "MANTEO": "", "MINERALES": "qz,bt", "ALTERACION": "3Kaol", "MINERALIZA": "3OxFe", "COMENTARIO": "", "TAKEN_BY": "GMO", "SiO2": 0.0, "SiO2_Err": 0.0, "S": "", "S_Err": 0.0, "K": 0.0, "K_Err": 0.0, "Ca": 0.0, "Ca_Err": 0.0, "Ti": 0.0, "Ti_Err": 0.0, "V": "", "V_Err": 0.0, "Cr": "", "Cr_Err": 0.0, "Mn": 0.0, "Mn_Err": 0.0, "Fe": 0.0, "Fe_Err": 0.0, "Co": "", "Co_Err": 0.0, "Ni": "", "Ni_Err": 0.0, "Cu": 0.0, "Cu_Err": 0.0, "Zn": 0.0, "Zn_Err": 0.0, "Ga": "", "Ga_Err": 0.0, "As_": "", "As_Err": 0.0, "Se": "", "Se_Err": 0.0, "Rb": 0.0, "Rb_Err": 0.0, "Sr": 0.0, "Sr_Err": 0.0, "Y_": 0.0036, "Yppm": 36.0, "Ypond": 41.4, "Y_Err": 0.0, "F59": "", "Zr": 0.0, "Zr_Err": 0.0, "Mo": "", "Mo_Err": 0.0, "Pd": "", "Pd_Err": 0.0, "Ag": "", "Ag_Err": 0.0, "Cd": "", "Cd_Err": 0.0, "In_": 0.0, "In_Err": 0.0, "Sn": "", "Sn_Err": 0.0, "Sb": "", "Sb_Err": 0.0, "Te": "", "Te_Err": 0.0, "Ba": 0.0, "Ba_Err": 0.0, "W": "", "W_Err": 0.0, "Pt": "", "Pt_Err": 0.0, "Au": "", "Au_Err": 0.0, "Hg": "", "Hg_Err": 0.0, "Pb": "", "Pb_Err": 0.0, "Bi": "", "Bi_Err": 0.0, "U": ""}}, {"type": "Feature", "geometry": {"type": "Point", "coordinates": [-72.610087, -36.334814]}, "properties": {"CP": "QUI-CA70", "SEMANA": 21.0, "IDSAMPLE": 1140065.0, "Elevation": 248.975204, "Xm": 714501.701, "Ym": 5976263.188, "From_": 1.0, "To": 2.0, "HORIZONTE": "UP", "ROCA_CAJA": "Granito", "ESTRUCTURA": "", "RUMBO": "", "MANTEO": "", "MINERALES": "qz,bt", "ALTERACION": "3Kaol", "MINERALIZA": "3OxFe", "COMENTARIO": "", "TAKEN_BY": "GMO", "SiO2": 0.0, "SiO2_Err": 0.0, "S": "", "S_Err": 0.0, "K": 0.0, "K_Err": 0.0, "Ca": 0.0, "Ca_Err": 0.0, "Ti": 0.0, "Ti_Err": 0.0, "V": "", "V_Err": 0.0, "Cr": "", "Cr_Err": 0.0, "Mn": 0.0, "Mn_Err": 0.0, "Fe": 0.0, "Fe_Err": 0.0, "Co": "", "Co_Err": 0.0, "Ni": "", "Ni_Err": 0.0, "Cu": 0.0, "Cu_Err": 0.0, "Zn": 0.0, "Zn_Err": 0.0, "Ga": "", "Ga_Err": 0.0, "As_": "", "As_Err": 0.0, "Se": "", "Se_Err": 0.0, "Rb": 0.0, "Rb_Err": 0.0, "Sr": 0.0, "Sr_Err": 0.0, "Y_": 0.004, "Yppm": 40.0, "Ypond": 46.0, "Y_Err": 0.0, "F59": "", "Zr": 0.0, "Zr_Err": 0.0, "Mo": "", "Mo_Err": 0.0, "Pd": "", "Pd_Err": 0.0, "Ag": "", "Ag_Err": 0.0, "Cd": "", "Cd_Err": 0.0, "In_": 0.0, "In_Err": 0.0, "Sn": "", "Sn_Err": 0.0, "Sb": "", "Sb_Err": 0.0, "Te": "", "Te_Err": 0.0, "Ba": 0.0, "Ba_Err": 0.0, "W": "", "W_Err": 0.0, "Pt": "", "Pt_Err": 0.0, "Au": "", "Au_Err": 0.0, "Hg": "", "Hg_Err": 0.0, "Pb": "", "Pb_Err": 0.0, "Bi": "", "Bi_Err": 0.0, "U": ""}}, {"type": "Feature", "geometry": {"type": "Point", "coordinates": [-72.479686, -36.284267]}, "properties": {"CP": "QUI-CA71", "SEMANA": 21.0, "IDSAMPLE": 1140066.0, "Elevation": 464.528595, "Xm": 726353.964833, "Ym": 5981574.15045, "From_": 0.0, "To": 1.0, "HORIZONTE": "UP", "ROCA_CAJA": "Granito", "ESTRUCTURA": "", "RUMBO": "", "MANTEO": "", "MINERALES": "qz,bt,hbl", "ALTERACION": "4", "MINERALIZA": "3", "COMENTARIO": "", "TAKEN_BY": "GMO", "SiO2": 0.0, "SiO2_Err": 0.0, "S": "", "S_Err": 0.0, "K": 0.0, "K_Err": 0.0, "Ca": 0.0, "Ca_Err": 0.0, "Ti": 0.0, "Ti_Err": 0.0, "V": "", "V_Err": 0.0, "Cr": "", "Cr_Err": 0.0, "Mn": 0.0, "Mn_Err": 0.0, "Fe": 0.0, "Fe_Err": 0.0, "Co": "", "Co_Err": 0.0, "Ni": "", "Ni_Err": 0.0, "Cu": 0.0, "Cu_Err": 0.0, "Zn": 0.0, "Zn_Err": 0.0, "Ga": "", "Ga_Err": 0.0, "As_": "", "As_Err": 0.0, "Se": "", "Se_Err": 0.0, "Rb": 0.0, "Rb_Err": 0.0, "Sr": 0.0, "Sr_Err": 0.0, "Y_": 0.007, "Yppm": 70.0, "Ypond": 80.5, "Y_Err": 0.0, "F59": "", "Zr": 0.0, "Zr_Err": 0.0, "Mo": "", "Mo_Err": 0.0, "Pd": "", "Pd_Err": 0.0, "Ag": "", "Ag_Err": 0.0, "Cd": "", "Cd_Err": 0.0, "In_": 0.0, "In_Err": 0.0, "Sn": "", "Sn_Err": 0.0, "Sb": "", "Sb_Err": 0.0, "Te": "", "Te_Err": 0.0, "Ba": 0.0, "Ba_Err": 0.0, "W": "", "W_Err": 0.0, "Pt": "", "Pt_Err": 0.0, "Au": "", "Au_Err": 0.0, "Hg": "", "Hg_Err": 0.0, "Pb": "", "Pb_Err": 0.0, "Bi": "", "Bi_Err": 0.0, "U": ""}}, {"type": "Feature", "geometry": {"type": "Point", "coordinates": [-72.461104, -36.281839]}, "properties": {"CP": "QUI-CA72", "SEMANA": 21.0, "IDSAMPLE": 1140067.0, "Elevation": 479.404327, "Xm": 728030.245501, "Ym": 5981799.90273, "From_": 0.0, "To": 0.5, "HORIZONTE": "UP", "ROCA_CAJA": "Sedimentario", "ESTRUCTURA": "Dique aplítico", "RUMBO": "", "MANTEO": "", "MINERALES": "", "ALTERACION": "4", "MINERALIZA": "2", "COMENTARIO": "", "TAKEN_BY": "GMO", "SiO2": 0.0, "SiO2_Err": 0.0, "S": "", "S_Err": 0.0, "K": 0.0, "K_Err": 0.0, "Ca": 0.0, "Ca_Err": 0.0, "Ti": 0.0, "Ti_Err": 0.0, "V": "", "V_Err": 0.0, "Cr": "", "Cr_Err": 0.0, "Mn": 0.0, "Mn_Err": 0.0, "Fe": 0.0, "Fe_Err": 0.0, "Co": "", "Co_Err": 0.0, "Ni": "", "Ni_Err": 0.0, "Cu": 0.0, "Cu_Err": 0.0, "Zn": 0.0, "Zn_Err": 0.0, "Ga": "", "Ga_Err": 0.0, "As_": "", "As_Err": 0.0, "Se": "", "Se_Err": 0.0, "Rb": 0.0, "Rb_Err": 0.0, "Sr": 0.0, "Sr_Err": 0.0, "Y_": 0.0041, "Yppm": 41.0, "Ypond": 47.15, "Y_Err": 0.0, "F59": "", "Zr": 0.0, "Zr_Err": 0.0, "Mo": "", "Mo_Err": 0.0, "Pd": "", "Pd_Err": 0.0, "Ag": "", "Ag_Err": 0.0, "Cd": "", "Cd_Err": 0.0, "In_": 0.0, "In_Err": 0.0, "Sn": "", "Sn_Err": 0.0, "Sb": "", "Sb_Err": 0.0, "Te": "", "Te_Err": 0.0, "Ba": 0.0, "Ba_Err": 0.0, "W": "", "W_Err": 0.0, "Pt": "", "Pt_Err": 0.0, "Au": "", "Au_Err": 0.0, "Hg": "", "Hg_Err": 0.0, "Pb": "", "Pb_Err": 0.0, "Bi": "", "Bi_Err": 0.0, "U": ""}}, {"type": "Feature", "geometry": {"type": "Point", "coordinates": [-72.429714, -36.295094]}, "properties": {"CP": "QUI-CA73", "SEMANA": 21.0, "IDSAMPLE": 1140068.0, "Elevation": 242.3638, "Xm": 730811.023644, "Ym": 5980254.76273, "From_": 0.0, "To": 1.0, "HORIZONTE": "UP", "ROCA_CAJA": "Granito", "ESTRUCTURA": "", "RUMBO": "", "MANTEO": "", "MINERALES": "qz", "ALTERACION": "2", "MINERALIZA": "3", "COMENTARIO": "", "TAKEN_BY": "GMO", "SiO2": 0.0, "SiO2_Err": 0.0, "S": "", "S_Err": 0.0, "K": 0.0, "K_Err": 0.0, "Ca": 0.0, "Ca_Err": 0.0, "Ti": 0.0, "Ti_Err": 0.0, "V": "", "V_Err": 0.0, "Cr": "", "Cr_Err": 0.0, "Mn": 0.0, "Mn_Err": 0.0, "Fe": 0.0, "Fe_Err": 0.0, "Co": "", "Co_Err": 0.0, "Ni": "", "Ni_Err": 0.0, "Cu": 0.0, "Cu_Err": 0.0, "Zn": 0.0, "Zn_Err": 0.0, "Ga": "", "Ga_Err": 0.0, "As_": "", "As_Err": 0.0, "Se": "", "Se_Err": 0.0, "Rb": 0.0, "Rb_Err": 0.0, "Sr": 0.0, "Sr_Err": 0.0, "Y_": 0.0045, "Yppm": 45.0, "Ypond": 51.75, "Y_Err": 0.0, "F59": "", "Zr": 0.0, "Zr_Err": 0.0, "Mo": "", "Mo_Err": 0.0, "Pd": "", "Pd_Err": 0.0, "Ag": "", "Ag_Err": 0.0, "Cd": "", "Cd_Err": 0.0, "In_": 0.0, "In_Err": 0.0, "Sn": "", "Sn_Err": 0.0, "Sb": "", "Sb_Err": 0.0, "Te": "", "Te_Err": 0.0, "Ba": 0.0, "Ba_Err": 0.0, "W": "", "W_Err": 0.0, "Pt": "", "Pt_Err": 0.0, "Au": "", "Au_Err": 0.0, "Hg": "", "Hg_Err": 0.0, "Pb": "", "Pb_Err": 0.0, "Bi": "", "Bi_Err": 0.0, "U": ""}}, {"type": "Feature", "geometry": {"type": "Point", "coordinates": [-72.430249, -36.295752]}, "properties": {"CP": "QUI-CA74", "SEMANA": 21.0, "IDSAMPLE": 1140069.0, "Elevation": 242.072205, "Xm": 730761.031454, "Ym": 5980183.0319, "From_": 0.0, "To": 0.5, "HORIZONTE": "UP", "ROCA_CAJA": "Granito", "ESTRUCTURA": "", "RUMBO": "", "MANTEO": "", "MINERALES": "qz", "ALTERACION": "3", "MINERALIZA": "2", "COMENTARIO": "", "TAKEN_BY": "GMO", "SiO2": 0.0, "SiO2_Err": 0.0, "S": "", "S_Err": 0.0, "K": 0.0, "K_Err": 0.0, "Ca": 0.0, "Ca_Err": 0.0, "Ti": 0.0, "Ti_Err": 0.0, "V": "", "V_Err": 0.0, "Cr": "", "Cr_Err": 0.0, "Mn": 0.0, "Mn_Err": 0.0, "Fe": 0.0, "Fe_Err": 0.0, "Co": "", "Co_Err": 0.0, "Ni": "", "Ni_Err": 0.0, "Cu": 0.0, "Cu_Err": 0.0, "Zn": 0.0, "Zn_Err": 0.0, "Ga": "", "Ga_Err": 0.0, "As_": "", "As_Err": 0.0, "Se": "", "Se_Err": 0.0, "Rb": 0.0, "Rb_Err": 0.0, "Sr": 0.0, "Sr_Err": 0.0, "Y_": 0.0037, "Yppm": 37.0, "Ypond": 42.55, "Y_Err": 0.0, "F59": "", "Zr": 0.0, "Zr_Err": 0.0, "Mo": "", "Mo_Err": 0.0, "Pd": "", "Pd_Err": 0.0, "Ag": "", "Ag_Err": 0.0, "Cd": "", "Cd_Err": 0.0, "In_": 0.0, "In_Err": 0.0, "Sn": "", "Sn_Err": 0.0, "Sb": "", "Sb_Err": 0.0, "Te": "", "Te_Err": 0.0, "Ba": 0.0, "Ba_Err": 0.0, "W": "", "W_Err": 0.0, "Pt": "", "Pt_Err": 0.0, "Au": "", "Au_Err": 0.0, "Hg": "", "Hg_Err": 0.0, "Pb": "", "Pb_Err": 0.0, "Bi": "", "Bi_Err": 0.0, "U": ""}}, {"type": "Feature", "geometry": {"type": "Point", "coordinates": [-72.437486, -36.30098]}, "properties": {"CP": "QUI-CA75", "SEMANA": 21.0, "IDSAMPLE": 1140070.0, "Elevation": 261.572937, "Xm": 730095.656969, "Ym": 5979620.21105, "From_": 0.0, "To": 1.0, "HORIZONTE": "UP", "ROCA_CAJA": "Granito", "ESTRUCTURA": "", "RUMBO": "", "MANTEO": "", "MINERALES": "qz", "ALTERACION": "1", "MINERALIZA": "3", "COMENTARIO": "", "TAKEN_BY": "GMO", "SiO2": 0.0, "SiO2_Err": 0.0, "S": "", "S_Err": 0.0, "K": 0.0, "K_Err": 0.0, "Ca": 0.0, "Ca_Err": 0.0, "Ti": 0.0, "Ti_Err": 0.0, "V": "", "V_Err": 0.0, "Cr": "", "Cr_Err": 0.0, "Mn": 0.0, "Mn_Err": 0.0, "Fe": 0.0, "Fe_Err": 0.0, "Co": "", "Co_Err": 0.0, "Ni": "", "Ni_Err": 0.0, "Cu": 0.0, "Cu_Err": 0.0, "Zn": 0.0, "Zn_Err": 0.0, "Ga": "", "Ga_Err": 0.0, "As_": "", "As_Err": 0.0, "Se": "", "Se_Err": 0.0, "Rb": 0.0, "Rb_Err": 0.0, "Sr": 0.0, "Sr_Err": 0.0, "Y_": 0.0044, "Yppm": 44.0, "Ypond": 50.6, "Y_Err": 0.0, "F59": "", "Zr": 0.0, "Zr_Err": 0.0, "Mo": "", "Mo_Err": 0.0, "Pd": "", "Pd_Err": 0.0, "Ag": "", "Ag_Err": 0.0, "Cd": "", "Cd_Err": 0.0, "In_": 0.0, "In_Err": 0.0, "Sn": "", "Sn_Err": 0.0, "Sb": "", "Sb_Err": 0.0, "Te": "", "Te_Err": 0.0, "Ba": 0.0, "Ba_Err": 0.0, "W": "", "W_Err": 0.0, "Pt": "", "Pt_Err": 0.0, "Au": "", "Au_Err": 0.0, "Hg": "", "Hg_Err": 0.0, "Pb": "", "Pb_Err": 0.0, "Bi": "", "Bi_Err": 0.0, "U": ""}}, {"type": "Feature", "geometry": {"type": "Point", "coordinates": [-72.434146, -36.318048]}, "properties": {"CP": "QUI-CA77", "SEMANA": 21.0, "IDSAMPLE": 1140071.0, "Elevation": 252.681671, "Xm": 730345.373366, "Ym": 5977718.49732, "From_": 0.0, "To": 1.0, "HORIZONTE": "UP/LP", "ROCA_CAJA": "Granito", "ESTRUCTURA": "", "RUMBO": "", "MANTEO": "", "MINERALES": "qz", "ALTERACION": "2", "MINERALIZA": "3", "COMENTARIO": "", "TAKEN_BY": "GMO", "SiO2": 0.0, "SiO2_Err": 0.0, "S": "", "S_Err": 0.0, "K": 0.0, "K_Err": 0.0, "Ca": 0.0, "Ca_Err": 0.0, "Ti": 0.0, "Ti_Err": 0.0, "V": "", "V_Err": 0.0, "Cr": "", "Cr_Err": 0.0, "Mn": 0.0, "Mn_Err": 0.0, "Fe": 0.0, "Fe_Err": 0.0, "Co": "", "Co_Err": 0.0, "Ni": "", "Ni_Err": 0.0, "Cu": 0.0, "Cu_Err": 0.0, "Zn": 0.0, "Zn_Err": 0.0, "Ga": "", "Ga_Err": 0.0, "As_": "", "As_Err": 0.0, "Se": "", "Se_Err": 0.0, "Rb": 0.0, "Rb_Err": 0.0, "Sr": 0.0, "Sr_Err": 0.0, "Y_": 0.0032, "Yppm": 32.0, "Ypond": 36.8, "Y_Err": 0.0, "F59": "", "Zr": 0.0, "Zr_Err": 0.0, "Mo": "", "Mo_Err": 0.0, "Pd": "", "Pd_Err": 0.0, "Ag": "", "Ag_Err": 0.0, "Cd": "", "Cd_Err": 0.0, "In_": 0.0, "In_Err": 0.0, "Sn": "", "Sn_Err": 0.0, "Sb": "", "Sb_Err": 0.0, "Te": "", "Te_Err": 0.0, "Ba": 0.0, "Ba_Err": 0.0, "W": "", "W_Err": 0.0, "Pt": "", "Pt_Err": 0.0, "Au": "", "Au_Err": 0.0, "Hg": "", "Hg_Err": 0.0, "Pb": "", "Pb_Err": 0.0, "Bi": "", "Bi_Err": 0.0, "U": ""}}]}