{"type": "FeatureCollection", "features": [{"type": "Feature", "geometry": {"type": "Polygon", "coordinates": [[[-71.35908, -34.96115], [-71.36223, -34.95203], [-71.36225, -34.94619], [-71.35873, -34.93744], [-71.35615, -34.93438], [-71.35163, -34.93124], [-71.35256, -34.92894], [-71.35597, -34.92535], [-71.35478, -34.92193], [-71.34891, -34.92098], [-71.33876, -34.92203], [-71.33743, -34.92525], [-71.33608, -34.93419], [-71.33089, -34.93276], [-71.31391, -34.91274], [-71.31098, -34.91244], [-71.30689, -34.91729], [-71.30282, -34.91597], [-71.29999, -34.91349], [-71.29162, -34.89872], [-71.28936, -34.89715], [-71.28154, -34.89633], [-71.2765, -34.88771], [-71.27211, -34.88399], [-71.25986, -34.87705], [-71.25566, -34.87596], [-71.2484, -34.87548], [-71.24959, -34.87203], [-71.25345, -34.87004], [-71.25776, -34.86929], [-71.26294, -34.87072], [-71.26581, -34.87525], [-71.28274, -34.86463], [-71.28403, -34.86667], [-71.28357, -34.8716], [-71.28763, -34.87304], [-71.28642, -34.87499], [-71.2827, -34.87722], [-71.28107, -34.87919], [-71.2819, -34.88615], [-71.29933, -34.87987], [-71.30059, -34.88031], [-71.29967, -34.88307], [-71.2936, -34.88634], [-71.29479, -34.88977], [-71.29731, -34.89053], [-71.30447, -34.88632], [-71.3071, -34.8856], [-71.32507, -34.8856], [-71.33434, -34.88262], [-71.3445, -34.88179], [-71.34545, -34.88098], [-71.34496, -34.87721], [-71.34563, -34.87607], [-71.35226, -34.87312], [-71.35614, -34.87227], [-71.35696, -34.87134], [-71.35693, -34.87008], [-71.3529, -34.86339], [-71.35164, -34.86306], [-71.34929, -34.86423], [-71.34771, -34.86887], [-71.34849, -34.87163], [-71.33753, -34.87502], [-71.33447, -34.87506], [-71.33067, -34.87317], [-71.32722, -34.86772], [-71.32429, -34.86731], [-71.31706, -34.8682], [-71.33065, -34.85098], [-71.32691, -34.84531], [-71.32451, -34.84362], [-71.31575, -34.84431], [-71.31097, -34.84151], [-71.30864, -34.83673], [-71.30794, -34.82942], [-71.30679, -34.82726], [-71.28853, -34.8116], [-71.2827, -34.8127], [-71.27927, -34.81503], [-71.27751, -34.81746], [-71.27781, -34.82603], [-71.28065, -34.83595], [-71.27895, -34.84181], [-71.27652, -34.84561], [-71.27309, -34.84817], [-71.26269, -34.82874], [-71.26003, -34.82809], [-71.2585, -34.82822], [-71.25563, -34.83077], [-71.25276, -34.84065], [-71.25142, -34.84375], [-71.24937, -34.8456], [-71.24034, -34.83188], [-71.22794, -34.85365], [-71.22531, -34.85483], [-71.22059, -34.85523], [-71.21819, -34.85377], [-71.2142, -34.84844], [-71.173, -34.88028], [-71.14317, -34.87914], [-71.12909, -34.89451], [-71.12616, -34.89409], [-71.12161, -34.88877], [-71.11715, -34.88904], [-71.11509, -34.89066], [-71.11352, -34.89652], [-71.03758, -34.93808], [-71.0046, -34.94094], [-70.97793, -34.96456], [-70.9707, -34.96543], [-70.96037, -34.96485], [-70.91567, -34.97845], [-70.88485, -34.97512], [-70.88516, -34.97632], [-70.86437, -34.98042], [-70.85378, -34.98364], [-70.83537, -35.00128], [-70.83622, -35.0023], [-70.83901, -35.00273], [-70.85052, -34.99736], [-70.86267, -34.98799], [-70.87001, -34.98449], [-70.88365, -34.98253], [-70.89732, -34.98205], [-70.90459, -34.98347], [-70.91147, -34.98683], [-70.91622, -34.9869], [-70.92507, -34.9819], [-70.92773, -34.98256], [-70.92888, -34.98484], [-70.93028, -34.9854], [-70.9332, -34.98468], [-70.93666, -34.98248], [-70.93958, -34.98211], [-70.94084, -34.98255], [-70.94312, -34.98538], [-70.94592, -34.98604], [-70.94966, -34.9844], [-70.96112, -34.97697], [-70.96708, -34.97615], [-70.9766, -34.97738], [-70.98091, -34.97619], [-70.99622, -34.95739], [-71.06009, -34.94253], [-71.09794, -34.91397], [-71.11322, -34.91151], [-71.14857, -34.90893], [-71.15607, -34.90747], [-71.19579, -34.8927], [-71.19275, -34.90132], [-71.18631, -34.90734], [-71.1442, -34.93003], [-71.13243, -34.93428], [-71.12743, -34.93525], [-71.11458, -34.93368], [-71.10541, -34.93505], [-71.05377, -34.95633], [-71.05449, -34.95746], [-71.0718, -34.95921], [-71.09625, -34.97575], [-71.10484, -34.97407], [-71.10856, -34.97208], [-71.10991, -34.96955], [-71.10903, -34.96704], [-71.1094, -34.96406], [-71.11509, -34.96286], [-71.13552, -34.97783], [-71.16135, -34.96495], [-71.16193, -34.96621], [-71.15952, -34.97401], [-71.15985, -34.97961], [-71.15569, -34.98115], [-71.15001, -34.98179], [-71.14405, -34.99318], [-71.14712, -34.99532], [-71.15384, -34.99169], [-71.15826, -34.99256], [-71.17005, -34.99882], [-71.17175, -35.00086], [-71.16055, -35.01583], [-71.14755, -35.02138], [-71.16333, -35.02836], [-71.17537, -35.02329], [-71.17955, -35.0423], [-71.14696, -35.03996], [-71.13963, -35.02505], [-71.13357, -35.02672], [-71.13141, -35.0253], [-71.12385, -35.05039], [-71.12423, -35.05268], [-71.12759, -35.05315], [-71.12809, -35.05817], [-71.12378, -35.06163], [-71.12261, -35.06372], [-71.12369, -35.06598], [-71.12974, -35.06729], [-71.13204, -35.06895], [-71.13241, -35.07432], [-71.13037, -35.07862], [-71.12791, -35.07995], [-71.12207, -35.08035], [-71.11659, -35.08258], [-71.11091, -35.08343], [-71.10808, -35.08261], [-71.10008, -35.07814], [-71.0796, -35.07875], [-71.07673, -35.08009], [-71.07278, -35.08548], [-71.06246, -35.08235], [-71.05933, -35.08071], [-71.05812, -35.07525], [-71.05608, -35.07313], [-71.04409, -35.06672], [-71.03941, -35.06823], [-71.02428, -35.07646], [-71.0248, -35.07897], [-71.03406, -35.08019], [-71.05225, -35.08482], [-71.06765, -35.0995], [-71.07318, -35.0983], [-71.08327, -35.09262], [-71.08619, -35.09242], [-71.10363, -35.0958], [-71.12128, -35.11041], [-71.12509, -35.11155], [-71.12812, -35.10734], [-71.13103, -35.10679], [-71.14502, -35.12712], [-71.14441, -35.1355], [-71.14353, -35.1377], [-71.13924, -35.14184], [-71.14311, -35.14722], [-71.12985, -35.15701], [-71.13244, -35.1621], [-71.13227, -35.16451], [-71.12867, -35.17161], [-71.12491, -35.17527], [-71.10031, -35.17142], [-71.09218, -35.17395], [-71.08193, -35.17918], [-71.07886, -35.17916], [-71.07597, -35.17695], [-71.07665, -35.16673], [-71.07493, -35.1591], [-71.06382, -35.15381], [-71.05271, -35.12881], [-71.04717, -35.11992], [-71.0409, -35.11345], [-71.02988, -35.10701], [-71.02678, -35.1063], [-71.0208, -35.10659], [-71.01778, -35.10794], [-71.04434, -35.13559], [-71.05146, -35.15211], [-71.05279, -35.16365], [-71.05832, -35.16566], [-71.05926, -35.17148], [-71.0612, -35.1744], [-71.06169, -35.1792], [-71.0589, -35.18593], [-71.05983, -35.19473], [-71.05838, -35.19683], [-71.07844, -35.20018], [-71.07534, -35.20775], [-71.07352, -35.20983], [-71.04243, -35.22251], [-71.04435, -35.22497], [-71.04399, -35.22968], [-71.04698, -35.23097], [-71.0516, -35.22797], [-71.05539, -35.23165], [-71.05651, -35.24479], [-71.05609, -35.24812], [-71.05348, -35.25256], [-71.04251, -35.26078], [-71.04542, -35.26024], [-71.05423, -35.26365], [-71.07029, -35.25332], [-71.10807, -35.26413], [-71.11866, -35.23424], [-71.1171, -35.21103], [-71.11758, -35.20597], [-71.12065, -35.19625], [-71.12554, -35.1898], [-71.13753, -35.18291], [-71.14264, -35.16867], [-71.14639, -35.16489], [-71.15087, -35.16201], [-71.15365, -35.1618], [-71.15851, -35.16441], [-71.16639, -35.17541], [-71.1744, -35.17975], [-71.17889, -35.18328], [-71.18562, -35.1935], [-71.18793, -35.20245], [-71.2322, -35.15801], [-71.25606, -35.14307], [-71.27971, -35.12088], [-71.28798, -35.10079], [-71.32334, -35.06476], [-71.31815, -35.05683], [-71.31831, -35.0543], [-71.33737, -35.05966], [-71.33895, -35.05458], [-71.34038, -35.04306], [-71.34291, -35.04057], [-71.34581, -35.04002], [-71.35751, -35.04275], [-71.36043, -35.04266], [-71.36274, -35.04132], [-71.36812, -35.03404], [-71.37081, -35.03211], [-71.36472, -35.03121], [-71.36253, -35.02865], [-71.36999, -35.01288], [-71.33169, -35.03924], [-71.32278, -35.04157], [-71.31432, -35.04087], [-71.31526, -35.03695], [-71.31985, -35.03122], [-71.35454, -35.00753], [-71.37375, -34.99674], [-71.38422, -34.99393], [-71.3883, -34.98907], [-71.38295, -34.98657], [-71.3766, -34.98583], [-71.36365, -34.99433], [-71.34363, -34.99515], [-71.32769, -34.99112], [-71.3182, -34.9913], [-71.30398, -34.99244], [-71.2956, -34.99434], [-71.2831, -35.00022], [-71.27412, -34.99995], [-71.26457, -34.99796], [-71.26335, -34.99191], [-71.28953, -34.9658], [-71.3043, -34.96595], [-71.31174, -34.96798], [-71.3224, -34.97212], [-71.33632, -34.97923], [-71.34798, -34.98118], [-71.35321, -34.97978], [-71.35683, -34.9771], [-71.35616, -34.97234], [-71.35239, -34.96937], [-71.34546, -34.9669], [-71.33437, -34.96625], [-71.32212, -34.96214], [-71.29812, -34.95261], [-71.29698, -34.94959], [-71.35908, -34.96115]]]}, "properties": {"composicio": "Secuencias sedimentarias", "epoca": "Pleistoceno Holoceno", "era": "CENOZOICO", "geo": "Q1", "ha": 68494.42, "m2": 684944214.95, "periodo": "Cuaternario"}}, {"type": "Feature", "geometry": {"type": "Polygon", "coordinates": [[[-70.66667, -33.71822], [-70.64954, -33.7176], [-70.65076, -33.71967], [-70.65074, -33.72322], [-70.6521, -33.72483], [-70.6488, -33.72769], [-70.6414, -33.72732], [-70.63589, -33.73074], [-70.62425, -33.72967], [-70.62165, -33.72875], [-70.6218, -33.72669], [-70.63663, -33.72203], [-70.6361, -33.71928], [-70.63008, -33.71651], [-70.62916, -33.71136], [-70.62601, -33.71042], [-70.62093, -33.71145], [-70.59603, -33.72534], [-70.59464, -33.72912], [-70.59736, -33.7328], [-70.59625, -33.73406], [-70.58883, -33.73724], [-70.5903, -33.74286], [-70.59357, -33.74551], [-70.593, -33.74837], [-70.56706, -33.75275], [-70.57427, -33.76148], [-70.57357, -33.76366], [-70.56889, -33.76524], [-70.56873, -33.76845], [-70.53181, -33.75399], [-70.542, -33.74819], [-70.54133, -33.74555], [-70.54326, -33.74396], [-70.54274, -33.74017], [-70.54083, -33.73914], [-70.53699, -33.73935], [-70.50901, -33.74599], [-70.50226, -33.75243], [-70.49457, -33.75585], [-70.49079, -33.75876], [-70.48757, -33.76259], [-70.48134, -33.77321], [-70.47533, -33.77512], [-70.46974, -33.77854], [-70.4876, -33.79831], [-70.48575, -33.80176], [-70.48112, -33.80355], [-70.48108, -33.80836], [-70.47891, -33.81686], [-70.47907, -33.82488], [-70.48263, -33.84464], [-70.49004, -33.87177], [-70.4908, -33.88207], [-70.48883, -33.88656], [-70.48062, -33.89492], [-70.47191, -33.90638], [-70.46482, -33.90923], [-70.45879, -33.91035], [-70.45663, -33.91221], [-70.45185, -33.92052], [-70.44728, -33.93295], [-70.44462, -33.94478], [-70.44358, -33.96163], [-70.43424, -33.96245], [-70.43001, -33.97121], [-70.43931, -33.97554], [-70.44626, -33.96514], [-70.45056, -33.96691], [-70.45503, -33.97051], [-70.45743, -33.97322], [-70.45803, -33.97562], [-70.45657, -33.9785], [-70.45357, -33.98003], [-70.44515, -33.97843], [-70.44503, -33.97958], [-70.44745, -33.98366], [-70.44557, -33.98587], [-70.44149, -33.98799], [-70.43804, -33.9949], [-70.43293, -33.99372], [-70.43115, -33.99397], [-70.42641, -33.99805], [-70.4215, -34.00052], [-70.42261, -34.0034], [-70.45563, -34.00766], [-70.48901, -34.03063], [-70.49788, -34.06328], [-70.50016, -34.06894], [-70.51497, -34.06235], [-70.51722, -34.06691], [-70.51833, -34.06748], [-70.52122, -34.06712], [-70.52698, -34.07876], [-70.52717, -34.08482], [-70.51975, -34.10328], [-70.51844, -34.11073], [-70.51974, -34.11621], [-70.52625, -34.11892], [-70.52697, -34.12166], [-70.52256, -34.12215], [-70.52369, -34.12558], [-70.52888, -34.13389], [-70.53059, -34.13937], [-70.52882, -34.14236], [-70.52949, -34.15448], [-70.5283, -34.16055], [-70.52093, -34.1702], [-70.54769, -34.18032], [-70.53598, -34.19742], [-70.53592, -34.19877], [-70.53833, -34.20226], [-70.53886, -34.205], [-70.53636, -34.20854], [-70.53467, -34.21287], [-70.53574, -34.21833], [-70.53926, -34.22632], [-70.55363, -34.2416], [-70.55154, -34.24422], [-70.55002, -34.24478], [-70.54837, -34.24443], [-70.54604, -34.24304], [-70.53033, -34.22387], [-70.52029, -34.22175], [-70.5177, -34.21825], [-70.51826, -34.21588], [-70.52777, -34.215], [-70.53054, -34.21263], [-70.53029, -34.20932], [-70.52661, -34.20474], [-70.52482, -34.2044], [-70.51717, -34.20616], [-70.5118, -34.21374], [-70.50825, -34.22541], [-70.49004, -34.24327], [-70.48579, -34.24515], [-70.47722, -34.24492], [-70.47367, -34.24714], [-70.46695, -34.26657], [-70.47096, -34.26652], [-70.4765, -34.26759], [-70.48348, -34.2714], [-70.48575, -34.27492], [-70.4867, -34.28178], [-70.48277, -34.2943], [-70.48102, -34.29718], [-70.46688, -34.3111], [-70.46197, -34.31482], [-70.46035, -34.31725], [-70.45385, -34.33336], [-70.45285, -34.33956], [-70.45361, -34.3439], [-70.45724, -34.34603], [-70.46056, -34.34587], [-70.48243, -34.32318], [-70.49161, -34.31592], [-70.49438, -34.3149], [-70.50086, -34.31518], [-70.50472, -34.31825], [-70.50921, -34.32543], [-70.53302, -34.39419], [-70.53277, -34.39705], [-70.51517, -34.42989], [-70.51418, -34.43309], [-70.51225, -34.45333], [-70.50944, -34.45996], [-70.50513, -34.46689], [-70.51302, -34.46328], [-70.51453, -34.46362], [-70.52268, -34.48408], [-70.51963, -34.48589], [-70.51645, -34.48634], [-70.51107, -34.48586], [-70.50545, -34.48211], [-70.50649, -34.48823], [-70.50655, -34.50014], [-70.50972, -34.50631], [-70.52954, -34.51479], [-70.5331, -34.52121], [-70.53356, -34.52812], [-70.53905, -34.52861], [-70.54713, -34.53245], [-70.55032, -34.5329], [-70.55295, -34.5322], [-70.55596, -34.52795], [-70.55475, -34.51766], [-70.5565, -34.51273], [-70.55856, -34.51078], [-70.56146, -34.50984], [-70.56801, -34.51243], [-70.58661, -34.55476], [-70.58807, -34.56138], [-70.58684, -34.56356], [-70.58145, -34.56543], [-70.56205, -34.56749], [-70.55457, -34.56936], [-70.5496, -34.57225], [-70.54383, -34.57788], [-70.54051, -34.57904], [-70.53593, -34.5785], [-70.52742, -34.57478], [-70.52511, -34.57619], [-70.52371, -34.58351], [-70.52382, -34.58729], [-70.53079, -34.5999], [-70.53062, -34.60494], [-70.5278, -34.61282], [-70.52388, -34.61943], [-70.51302, -34.62616], [-70.50941, -34.63105], [-70.50842, -34.63402], [-70.50693, -34.64956], [-70.50953, -34.65471], [-70.56019, -34.69359], [-70.55924, -34.69589], [-70.55594, -34.69889], [-70.55623, -34.70003], [-70.55861, -34.70196], [-70.56434, -34.70386], [-70.56631, -34.70683], [-70.56538, -34.71027], [-70.56126, -34.71545], [-70.5553, -34.71698], [-70.54581, -34.71417], [-70.54303, -34.71431], [-70.54096, -34.71592], [-70.53921, -34.72085], [-70.53349, -34.71894], [-70.52606, -34.71362], [-70.52313, -34.71306], [-70.52203, -34.71364], [-70.52024, -34.71537], [-70.51998, -34.71765], [-70.52333, -34.73227], [-70.52307, -34.73376], [-70.52086, -34.73538], [-70.51501, -34.73484], [-70.51151, -34.73257], [-70.50565, -34.70311], [-70.50856, -34.68913], [-70.51319, -34.67972], [-70.49629, -34.66404], [-70.49397, -34.65724], [-70.49444, -34.6526], [-70.49282, -34.64915], [-70.48625, -34.64097], [-70.48354, -34.6358], [-70.4821, -34.62755], [-70.48415, -34.61703], [-70.48422, -34.6105], [-70.47642, -34.58902], [-70.47375, -34.58728], [-70.46657, -34.58898], [-70.46115, -34.5957], [-70.45935, -34.59572], [-70.45822, -34.59494], [-70.45777, -34.59311], [-70.47403, -34.56492], [-70.47745, -34.56213], [-70.48226, -34.56024], [-70.48514, -34.55824], [-70.48893, -34.55338], [-70.48832, -34.55064], [-70.47082, -34.54847], [-70.46467, -34.54569], [-70.45919, -34.54141], [-70.45292, -34.53966], [-70.42261, -34.54132], [-70.41882, -34.53862], [-70.41777, -34.53428], [-70.42017, -34.50548], [-70.41959, -34.50365], [-70.41301, -34.49984], [-70.39717, -34.513], [-70.39766, -34.51735], [-70.40008, -34.52076], [-70.4026, -34.52244], [-70.40956, -34.52453], [-70.41078, -34.53059], [-70.40902, -34.5329], [-70.38278, -34.53015], [-70.37438, -34.5494], [-70.36345, -34.53847], [-70.36109, -34.545], [-70.3553, -34.55595], [-70.35174, -34.55886], [-70.34678, -34.5604], [-70.34392, -34.56364], [-70.34703, -34.56761], [-70.34709, -34.57127], [-70.34409, -34.57486], [-70.34105, -34.57569], [-70.33996, -34.57685], [-70.33703, -34.59326], [-70.34224, -34.59811], [-70.34452, -34.61995], [-70.33476, -34.62556], [-70.33563, -34.62784], [-70.34365, -34.63507], [-70.34952, -34.64599], [-70.34942, -34.64886], [-70.34504, -34.65291], [-70.34372, -34.65694], [-70.34725, -34.66102], [-70.3487, -34.66467], [-70.34874, -34.66707], [-70.34609, -34.67511], [-70.34682, -34.67773], [-70.34795, -34.67841], [-70.34974, -34.67782], [-70.35178, -34.67527], [-70.35336, -34.66965], [-70.35293, -34.66004], [-70.35367, -34.65431], [-70.3613, -34.64518], [-70.36364, -34.64411], [-70.36656, -34.64454], [-70.3684, -34.64658], [-70.36902, -34.65081], [-70.3752, -34.65508], [-70.37639, -34.65976], [-70.37678, -34.67567], [-70.37553, -34.68416], [-70.37951, -34.6896], [-70.3804, -34.69337], [-70.37972, -34.69441], [-70.376, -34.69605], [-70.36969, -34.69212], [-70.3662, -34.69125], [-70.36482, -34.69183], [-70.36362, -34.69483], [-70.36842, -34.69935], [-70.36698, -34.70521], [-70.36838, -34.7061], [-70.37603, -34.70659], [-70.37872, -34.70987], [-70.37779, -34.71241], [-70.37574, -34.71449], [-70.36975, -34.71342], [-70.37278, -34.72025], [-70.37386, -34.72711], [-70.37558, -34.72984], [-70.37949, -34.7315], [-70.39562, -34.73211], [-70.39871, -34.73402], [-70.39739, -34.72991], [-70.40042, -34.72816], [-70.42154, -34.72825], [-70.42772, -34.72417], [-70.43325, -34.72284], [-70.43479, -34.72305], [-70.43691, -34.72543], [-70.43726, -34.72989], [-70.4357, -34.73586], [-70.43931, -34.73582], [-70.44255, -34.73841], [-70.45544, -34.76904], [-70.45982, -34.77299], [-70.46428, -34.77408], [-70.46734, -34.77405], [-70.47609, -34.78962], [-70.48172, -34.79344], [-70.50229, -34.80421], [-70.5175, -34.80442], [-70.52087, -34.80668], [-70.53142, -34.81699], [-70.54162, -34.82034], [-70.5479, -34.82112], [-70.55295, -34.81138], [-70.55979, -34.8127], [-70.5589, -34.80779], [-70.5597, -34.80424], [-70.552, -34.80004], [-70.54945, -34.79638], [-70.55676, -34.78994], [-70.58095, -34.8001], [-70.58312, -34.80809], [-70.57982, -34.81178], [-70.57498, -34.81433], [-70.57123, -34.8171], [-70.5786, -34.81488], [-70.58251, -34.81587], [-70.59015, -34.82669], [-70.59105, -34.83286], [-70.57673, -34.83536], [-70.57892, -34.84438], [-70.58201, -34.84711], [-70.58578, -34.84823], [-70.5865, -34.8504], [-70.58319, -34.85317], [-70.57917, -34.85468], [-70.56873, -34.85568], [-70.56621, -34.85432], [-70.56253, -34.84885], [-70.56138, -34.84519], [-70.56027, -34.83159], [-70.55394, -34.83952], [-70.55255, -34.83953], [-70.55031, -34.83817], [-70.5455, -34.83086], [-70.53892, -34.82801], [-70.52833, -34.82821], [-70.5265, -34.82648], [-70.52493, -34.82278], [-70.51671, -34.81804], [-70.46263, -34.80673], [-70.46122, -34.78992], [-70.45355, -34.7804], [-70.444, -34.77479], [-70.44071, -34.769], [-70.4398, -34.77327], [-70.4354, -34.7762], [-70.42138, -34.7765], [-70.41675, -34.7745], [-70.41604, -34.77325], [-70.41625, -34.76946], [-70.41919, -34.76312], [-70.4182, -34.7621], [-70.39804, -34.76156], [-70.39699, -34.76467], [-70.39898, -34.77542], [-70.39668, -34.77854], [-70.39227, -34.78078], [-70.39115, -34.78045], [-70.41696, -34.80188], [-70.4145, -34.80409], [-70.40522, -34.80582], [-70.40219, -34.8078], [-70.38668, -34.82726], [-70.41678, -34.83856], [-70.41279, -34.84892], [-70.45146, -34.8185], [-70.4587, -34.81874], [-70.46361, -34.82132], [-70.46744, -34.82562], [-70.47049, -34.83257], [-70.47289, -34.83449], [-70.48486, -34.83352], [-70.48532, -34.83631], [-70.48803, -34.84194], [-70.49217, -34.84495], [-70.5023, -34.83307], [-70.50594, -34.83537], [-70.51228, -34.84178], [-70.51466, -34.84304], [-70.51745, -34.84347], [-70.528, -34.84007], [-70.53165, -34.8419], [-70.53294, -34.84581], [-70.53119, -34.85205], [-70.52878, -34.85656], [-70.53251, -34.86116], [-70.53133, -34.8742], [-70.52535, -34.87732], [-70.51862, -34.8784], [-70.50903, -34.87865], [-70.45938, -34.86367], [-70.45776, -34.86643], [-70.45821, -34.86803], [-70.46259, -34.87152], [-70.47183, -34.87484], [-70.47591, -34.87741], [-70.4859, -34.89092], [-70.47008, -34.90065], [-70.44844, -34.88902], [-70.44343, -34.88932], [-70.44178, -34.89014], [-70.43454, -34.89757], [-70.42994, -34.90508], [-70.43667, -34.9153], [-70.42991, -34.92686], [-70.42567, -34.93058], [-70.41717, -34.93315], [-70.41828, -34.93778], [-70.41957, -34.95618], [-70.42406, -34.9583], [-70.42574, -34.96206], [-70.41773, -34.98553], [-70.43958, -34.99783], [-70.46249, -35.0329], [-70.50928, -35.07402], [-70.5197, -35.08593], [-70.52612, -35.09506], [-70.53452, -35.10909], [-70.5494, -35.16879], [-70.55711, -35.1676], [-70.55859, -35.17265], [-70.55587, -35.17893], [-70.55592, -35.18151], [-70.56005, -35.18618], [-70.58693, -35.17628], [-70.59714, -35.16627], [-70.59768, -35.16783], [-70.59642, -35.17515], [-70.5935, -35.18079], [-70.57828, -35.18974], [-70.58539, -35.19028], [-70.5879, -35.19132], [-70.59235, -35.20059], [-70.5957, -35.20426], [-70.60713, -35.20872], [-70.6183, -35.20976], [-70.63757, -35.20231], [-70.64159, -35.202], [-70.63548, -35.20116], [-70.63129, -35.19899], [-70.62781, -35.19452], [-70.62754, -35.19154], [-70.62894, -35.18822], [-70.63131, -35.18558], [-70.63801, -35.18249], [-70.63997, -35.18249], [-70.64555, -35.18443], [-70.64848, -35.18328], [-70.6482, -35.181], [-70.64402, -35.17561], [-70.64402, -35.1739], [-70.64528, -35.17034], [-70.64905, -35.16747], [-70.65324, -35.16805], [-70.66105, -35.17194], [-70.67137, -35.17423], [-70.67681, -35.17697], [-70.67932, -35.18053], [-70.67946, -35.18304], [-70.67218, -35.20937], [-70.69828, -35.22046], [-70.70121, -35.2239], [-70.70107, -35.22756], [-70.66255, -35.23692], [-70.66089, -35.24302], [-70.66158, -35.25333], [-70.66084, -35.25712], [-70.65741, -35.2597], [-70.65013, -35.25927], [-70.64735, -35.26], [-70.64629, -35.26243], [-70.64602, -35.26805], [-70.64344, -35.27108], [-70.62912, -35.26859], [-70.63375, -35.28581], [-70.65531, -35.29769], [-70.63928, -35.31046], [-70.6392, -35.31299], [-70.64345, -35.31486], [-70.6449, -35.31679], [-70.64387, -35.32036], [-70.64061, -35.32409], [-70.64484, -35.32526], [-70.64423, -35.32894], [-70.61853, -35.33044], [-70.60835, -35.34828], [-70.59937, -35.34752], [-70.59316, -35.34534], [-70.58529, -35.33837], [-70.5777, -35.33701], [-70.57307, -35.33103], [-70.57012, -35.33061], [-70.56049, -35.33158], [-70.55641, -35.33029], [-70.55212, -35.32669], [-70.55617, -35.30393], [-70.58706, -35.30866], [-70.58982, -35.29038], [-70.5863, -35.29492], [-70.58211, -35.29533], [-70.57798, -35.29219], [-70.57503, -35.29156], [-70.57337, -35.2899], [-70.51458, -35.30978], [-70.49873, -35.32117], [-70.47472, -35.3138], [-70.43771, -35.31466], [-70.42552, -35.35221], [-70.42876, -35.36987], [-70.4474, -35.39218], [-70.43981, -35.4146], [-70.46374, -35.41164], [-70.48154, -35.41779], [-70.48664, -35.42043], [-70.48936, -35.42278], [-70.48476, -35.44677], [-70.483, -35.44971], [-70.45189, -35.47577], [-70.43864, -35.49411], [-70.41843, -35.49927], [-70.41381, -35.51768], [-70.41772, -35.52323], [-70.41742, -35.52633], [-70.49847, -35.46458], [-70.50531, -35.44976], [-70.51156, -35.43049], [-70.51693, -35.4187], [-70.52337, -35.40974], [-70.53373, -35.40103], [-70.54306, -35.39052], [-70.55274, -35.38686], [-70.56173, -35.38517], [-70.57292, -35.38543], [-70.57762, -35.38714], [-70.6012, -35.41292], [-70.60234, -35.41237], [-70.60443, -35.40864], [-70.60589, -35.40317], [-70.59962, -35.3904], [-70.60132, -35.38987], [-70.60886, -35.39039], [-70.61679, -35.38793], [-70.63144, -35.36979], [-70.63831, -35.37741], [-70.63334, -35.39909], [-70.6369, -35.40135], [-70.6383, -35.40127], [-70.64142, -35.40019], [-70.64665, -35.39492], [-70.64921, -35.39383], [-70.65255, -35.39437], [-70.655, -35.39626], [-70.65823, -35.39621], [-70.65924, -35.39532], [-70.65795, -35.38807], [-70.65896, -35.37937], [-70.66117, -35.3762], [-70.66742, -35.37348], [-70.66802, -35.37246], [-70.6689, -35.35516], [-70.67561, -35.33546], [-70.70914, -35.31671], [-70.71612, -35.31698], [-70.72483, -35.31993], [-70.72819, -35.32], [-70.74886, -35.3169], [-70.75536, -35.319], [-70.75818, -35.32238], [-70.7581, -35.32467], [-70.75676, -35.32717], [-70.75047, -35.33105], [-70.69156, -35.34764], [-70.68617, -35.35761], [-70.68589, -35.36173], [-70.69112, -35.3763], [-70.67828, -35.3712], [-70.68161, -35.38424], [-70.67759, -35.3869], [-70.66986, -35.38799], [-70.66809, -35.39036], [-70.68451, -35.40139], [-70.68219, -35.4158], [-70.70542, -35.40817], [-70.71332, -35.41053], [-70.72647, -35.41919], [-70.73022, -35.42007], [-70.73388, -35.4126], [-70.73668, -35.40912], [-70.74258, -35.40614], [-70.74853, -35.40514], [-70.75361, -35.4049], [-70.76381, -35.40637], [-70.76738, -35.40777], [-70.77292, -35.40859], [-70.78704, -35.4073], [-70.79892, -35.40495], [-70.8142, -35.40581], [-70.818, -35.40792], [-70.8205, -35.41096], [-70.82093, -35.41289], [-70.83215, -35.40776], [-70.83674, -35.40664], [-70.84596, -35.40085], [-70.84976, -35.39665], [-70.85388, -35.389], [-70.85729, -35.38608], [-70.86248, -35.3862], [-70.87004, -35.38158], [-70.87619, -35.38123], [-70.88933, -35.371], [-70.89328, -35.36703], [-70.90494, -35.3495], [-70.91304, -35.33948], [-70.91376, -35.33534], [-70.91211, -35.33172], [-70.87982, -35.32364], [-70.87084, -35.31487], [-70.86447, -35.31085], [-70.84566, -35.31114], [-70.83651, -35.31334], [-70.82247, -35.32144], [-70.81294, -35.32535], [-70.80918, -35.32575], [-70.79953, -35.32452], [-70.78436, -35.31926], [-70.77597, -35.31836], [-70.77217, -35.31669], [-70.77252, -35.31326], [-70.80212, -35.30906], [-70.80168, -35.30804], [-70.78148, -35.3025], [-70.77765, -35.29948], [-70.77463, -35.29507], [-70.77497, -35.29129], [-70.77741, -35.28852], [-70.7883, -35.28938], [-70.80832, -35.28702], [-70.83408, -35.29829], [-70.85584, -35.29899], [-70.87428, -35.30076], [-70.89934, -35.31739], [-70.91014, -35.3171], [-70.92, -35.31449], [-70.93059, -35.30854], [-70.93178, -35.30857], [-70.89854, -35.28324], [-70.8151, -35.27252], [-70.80959, -35.26918], [-70.81035, -35.26573], [-70.81494, -35.26499], [-70.82334, -35.26692], [-70.82793, -35.26651], [-70.8253, -35.26106], [-70.82556, -35.2542], [-70.82758, -35.25108], [-70.84884, -35.26722], [-70.89721, -35.26201], [-70.91556, -35.27818], [-70.93502, -35.27032], [-70.94503, -35.26948], [-70.94924, -35.27044], [-70.95473, -35.27309], [-70.95693, -35.27751], [-70.95907, -35.30443], [-70.96985, -35.30235], [-70.9744, -35.30031], [-70.97645, -35.29854], [-70.98245, -35.28914], [-70.98625, -35.28518], [-71.03045, -35.26741], [-71.0208, -35.26292], [-71.01763, -35.25989], [-71.0274, -35.22264], [-71.02041, -35.2207], [-71.01408, -35.21778], [-71.00853, -35.21696], [-71.00376, -35.21765], [-70.9994, -35.22013], [-70.99392, -35.22204], [-70.97513, -35.22144], [-70.96809, -35.21975], [-70.95764, -35.21417], [-70.95171, -35.21246], [-70.93044, -35.21612], [-70.92204, -35.21928], [-70.91697, -35.22298], [-70.91261, -35.24119], [-70.9124, -35.24814], [-70.91026, -35.2512], [-70.90658, -35.25126], [-70.9036, -35.24979], [-70.9024, -35.24558], [-70.90228, -35.24074], [-70.90611, -35.23102], [-70.90698, -35.22102], [-70.90834, -35.21617], [-70.94776, -35.20133], [-70.98476, -35.20859], [-71.00307, -35.20466], [-71.00786, -35.20458], [-71.04167, -35.21199], [-71.03187, -35.19132], [-71.03378, -35.1851], [-71.03331, -35.17904], [-71.03642, -35.17577], [-71.04496, -35.17192], [-71.05279, -35.16365], [-71.05146, -35.15211], [-71.04434, -35.13559], [-71.03873, -35.1283], [-71.01749, -35.11104], [-71.01778, -35.10794], [-71.0208, -35.10659], [-71.02678, -35.1063], [-71.02988, -35.10701], [-71.0409, -35.11345], [-71.04717, -35.11992], [-71.05271, -35.12881], [-71.06382, -35.15381], [-71.07493, -35.1591], [-71.07665, -35.16673], [-71.07597, -35.17695], [-71.07886, -35.17916], [-71.08193, -35.17918], [-71.09218, -35.17395], [-71.10031, -35.17142], [-71.12491, -35.17527], [-71.12867, -35.17161], [-71.13227, -35.16451], [-71.13244, -35.1621], [-71.12985, -35.15701], [-71.14311, -35.14722], [-71.13924, -35.14184], [-71.14353, -35.1377], [-71.14441, -35.1355], [-71.14502, -35.12712], [-71.13967, -35.11959], [-71.13874, -35.11424], [-71.13754, -35.11209], [-71.13524, -35.11056], [-71.13115, -35.10965], [-71.13103, -35.10679], [-71.12812, -35.10734], [-71.12509, -35.11155], [-71.12128, -35.11041], [-71.10093, -35.09462], [-71.08327, -35.09262], [-71.07318, -35.0983], [-71.06765, -35.0995], [-71.06497, -35.09866], [-71.05917, -35.09012], [-71.0551, -35.08634], [-71.02428, -35.07646], [-71.03941, -35.06823], [-71.04409, -35.06672], [-71.05608, -35.07313], [-71.05812, -35.07525], [-71.05933, -35.08071], [-71.06246, -35.08235], [-71.07278, -35.08548], [-71.07673, -35.08009], [-71.0796, -35.07875], [-71.10008, -35.07814], [-71.10808, -35.08261], [-71.11091, -35.08343], [-71.11659, -35.08258], [-71.12207, -35.08035], [-71.12791, -35.07995], [-71.13037, -35.07862], [-71.13241, -35.07432], [-71.13204, -35.06895], [-71.12974, -35.06729], [-71.12369, -35.06598], [-71.12261, -35.06372], [-71.12378, -35.06163], [-71.12809, -35.05817], [-71.12759, -35.05315], [-71.12423, -35.05268], [-71.12385, -35.05039], [-71.12773, -35.04661], [-71.12882, -35.03947], [-71.12751, -35.02851], [-71.12866, -35.02618], [-71.13141, -35.0253], [-71.13357, -35.02672], [-71.13963, -35.02505], [-71.14083, -35.02708], [-71.14142, -35.0344], [-71.14453, -35.03854], [-71.15643, -35.04289], [-71.17079, -35.03982], [-71.17431, -35.04361], [-71.17739, -35.04397], [-71.17955, -35.0423], [-71.18042, -35.03678], [-71.17934, -35.0344], [-71.17429, -35.03043], [-71.17644, -35.02555], [-71.17537, -35.02329], [-71.16333, -35.02836], [-71.14755, -35.02138], [-71.16055, -35.01583], [-71.17175, -35.00086], [-71.17005, -34.99882], [-71.15826, -34.99256], [-71.15384, -34.99169], [-71.14712, -34.99532], [-71.14405, -34.99318], [-71.15001, -34.98179], [-71.15569, -34.98115], [-71.15985, -34.97961], [-71.15952, -34.97401], [-71.16193, -34.96621], [-71.16135, -34.96495], [-71.1383, -34.97792], [-71.13552, -34.97783], [-71.12908, -34.97574], [-71.1266, -34.96867], [-71.12322, -34.96631], [-71.11509, -34.96286], [-71.1094, -34.96406], [-71.10903, -34.96704], [-71.10991, -34.96955], [-71.10856, -34.97208], [-71.10484, -34.97407], [-71.09625, -34.97575], [-71.09028, -34.99392], [-71.08944, -34.99519], [-71.08498, -34.99489], [-71.08387, -34.99571], [-71.08434, -35.00336], [-71.08251, -35.00871], [-71.07906, -35.00937], [-71.07322, -35.00777], [-71.06691, -35.00336], [-71.06786, -34.99862], [-71.05205, -34.99421], [-71.04473, -34.99875], [-71.04686, -35.00251], [-71.04653, -35.01008], [-71.04357, -35.01335], [-71.04191, -35.01373], [-71.03993, -35.01297], [-71.03847, -35.01082], [-71.03678, -35.01006], [-71.0165, -35.01221], [-71.01867, -35.01044], [-71.03165, -35.00627], [-71.04189, -34.99137], [-71.03257, -34.98882], [-71.02812, -34.98426], [-71.01582, -34.97984], [-70.99982, -34.98229], [-70.99162, -34.99268], [-70.99022, -34.99223], [-70.99016, -34.98857], [-70.98832, -34.98676], [-70.97608, -34.98814], [-70.94409, -35.00772], [-70.96708, -34.97615], [-70.96112, -34.97697], [-70.94966, -34.9844], [-70.94592, -34.98604], [-70.94312, -34.98538], [-70.94084, -34.98255], [-70.93958, -34.98211], [-70.93666, -34.98248], [-70.9332, -34.98468], [-70.93028, -34.9854], [-70.92888, -34.98484], [-70.92773, -34.98256], [-70.92507, -34.9819], [-70.91622, -34.9869], [-70.91147, -34.98683], [-70.90459, -34.98347], [-70.89732, -34.98205], [-70.88365, -34.98253], [-70.87001, -34.98449], [-70.86267, -34.98799], [-70.85052, -34.99736], [-70.83901, -35.00273], [-70.83622, -35.0023], [-70.83537, -35.00128], [-70.85109, -34.98775], [-70.84988, -34.98089], [-70.86556, -34.96599], [-70.88997, -34.97583], [-70.89317, -34.97511], [-70.89437, -34.97167], [-70.89754, -34.9689], [-70.90952, -34.96775], [-70.92387, -34.97608], [-70.92998, -34.97476], [-70.92963, -34.97018], [-70.92427, -34.96612], [-70.91868, -34.96492], [-70.91488, -34.96301], [-70.90382, -34.95076], [-70.89225, -34.95052], [-70.8782, -34.95318], [-70.8722, -34.95266], [-70.86868, -34.95074], [-70.86032, -34.9419], [-70.85807, -34.94043], [-70.85009, -34.9381], [-70.84702, -34.9379], [-70.83839, -34.93913], [-70.83669, -34.93708], [-70.83735, -34.93456], [-70.84626, -34.93334], [-70.85415, -34.9296], [-70.85832, -34.92876], [-70.86505, -34.93144], [-70.87086, -34.93746], [-70.87492, -34.93902], [-70.88413, -34.93939], [-70.89777, -34.93754], [-70.90657, -34.93861], [-70.9323, -34.96215], [-70.93749, -34.96439], [-70.94488, -34.96421], [-70.94834, -34.96234], [-70.95094, -34.95945], [-70.95224, -34.94457], [-70.96195, -34.93222], [-70.98574, -34.92901], [-70.98091, -34.90664], [-70.98188, -34.90583], [-70.98813, -34.90484], [-70.98951, -34.90404], [-70.99052, -34.89796], [-70.99517, -34.8923], [-70.97679, -34.88426], [-70.9711, -34.88568], [-70.96294, -34.88943], [-70.95956, -34.88706], [-70.95635, -34.88675], [-70.95379, -34.90096], [-70.95117, -34.9027], [-70.94643, -34.90263], [-70.94246, -34.88929], [-70.93203, -34.8815], [-70.93313, -34.88069], [-70.94067, -34.88153], [-70.9498, -34.87778], [-70.93811, -34.86931], [-70.91806, -34.86069], [-70.9151, -34.85798], [-70.96039, -34.86909], [-70.96036, -34.86669], [-70.9581, -34.86488], [-70.95709, -34.8626], [-70.95735, -34.86134], [-70.96132, -34.85706], [-70.96252, -34.85374], [-70.96135, -34.84093], [-70.9599, -34.83706], [-70.95421, -34.82911], [-70.95071, -34.81907], [-70.94816, -34.81624], [-70.9455, -34.81535], [-70.94259, -34.81572], [-70.93595, -34.81853], [-70.93316, -34.81833], [-70.9319, -34.81778], [-70.93087, -34.81435], [-70.93333, -34.81135], [-70.93806, -34.81096], [-70.94027, -34.8098], [-70.94311, -34.80428], [-70.94599, -34.80139], [-70.94774, -34.79805], [-70.94754, -34.78478], [-70.94517, -34.77497], [-70.94324, -34.77636], [-70.94015, -34.78337], [-70.93781, -34.78523], [-70.93641, -34.78455], [-70.93002, -34.77592], [-70.92343, -34.77255], [-70.90563, -34.7829], [-70.89264, -34.77914], [-70.89163, -34.77663], [-70.89409, -34.77364], [-70.89458, -34.76939], [-70.9061, -34.76711], [-70.91481, -34.76393], [-70.91868, -34.76185], [-70.92622, -34.75444], [-70.92856, -34.75328], [-70.92866, -34.75076], [-70.92564, -34.74415], [-70.93786, -34.74244], [-70.9434, -34.74089], [-70.94959, -34.73682], [-70.95095, -34.73475], [-70.94887, -34.72596], [-70.94731, -34.72392], [-70.92794, -34.71199], [-70.90946, -34.71239], [-70.90275, -34.71932], [-70.89984, -34.72015], [-70.89872, -34.71959], [-70.91261, -34.7], [-70.91092, -34.69819], [-70.90562, -34.69687], [-70.90504, -34.69561], [-70.90707, -34.69182], [-70.90636, -34.69068], [-70.90384, -34.68933], [-70.89617, -34.6878], [-70.89266, -34.6852], [-70.89181, -34.66485], [-70.88876, -34.66556], [-70.87974, -34.67571], [-70.87852, -34.67561], [-70.87839, -34.68614], [-70.87734, -34.69084], [-70.86604, -34.70707], [-70.86398, -34.70892], [-70.8667, -34.71473], [-70.85824, -34.71573], [-70.8537, -34.71931], [-70.85593, -34.72147], [-70.87129, -34.72637], [-70.87718, -34.7302], [-70.88199, -34.73564], [-70.88402, -34.74146], [-70.88386, -34.74936], [-70.88244, -34.7568], [-70.87814, -34.76783], [-70.87202, -34.77727], [-70.87018, -34.78461], [-70.86581, -34.83007], [-70.86186, -34.84544], [-70.85771, -34.85703], [-70.85641, -34.86414], [-70.85715, -34.8671], [-70.86083, -34.8713], [-70.86227, -34.8745], [-70.85977, -34.88481], [-70.85757, -34.88633], [-70.82508, -34.88456], [-70.80276, -34.87228], [-70.79835, -34.86511], [-70.78974, -34.81519], [-70.77389, -34.7953], [-70.77785, -34.74596], [-70.75872, -34.75081], [-70.75103, -34.74767], [-70.7495, -34.7478], [-70.74206, -34.75346], [-70.73907, -34.75921], [-70.73441, -34.76416], [-70.73254, -34.77013], [-70.73449, -34.7819], [-70.74167, -34.79888], [-70.74247, -34.80746], [-70.74182, -34.81113], [-70.73799, -34.81619], [-70.73258, -34.81772], [-70.70889, -34.81585], [-70.72678, -34.81056], [-70.73105, -34.80698], [-70.7342, -34.80237], [-70.73327, -34.79495], [-70.72808, -34.78126], [-70.72571, -34.76927], [-70.72716, -34.76342], [-70.73321, -34.75777], [-70.73676, -34.75225], [-70.73658, -34.7487], [-70.73457, -34.74369], [-70.67609, -34.77355], [-70.67221, -34.77472], [-70.67054, -34.77439], [-70.668, -34.77132], [-70.7078, -34.75008], [-70.72693, -34.73334], [-70.72739, -34.72579], [-70.73, -34.72255], [-70.72035, -34.70753], [-70.70897, -34.69767], [-70.71094, -34.68908], [-70.71048, -34.68553], [-70.67439, -34.63021], [-70.67352, -34.62667], [-70.67474, -34.62459], [-70.67874, -34.62239], [-70.70394, -34.61626], [-70.7082, -34.6129], [-70.71064, -34.60739], [-70.71475, -34.60358], [-70.74458, -34.61272], [-70.75702, -34.61868], [-70.76914, -34.62224], [-70.77236, -34.62382], [-70.76564, -34.63489], [-70.76285, -34.64521], [-70.76379, -34.65378], [-70.76765, -34.66231], [-70.77204, -34.66857], [-70.77794, -34.67379], [-70.78577, -34.67818], [-70.79985, -34.68138], [-70.8014, -34.6832], [-70.80173, -34.68674], [-70.80482, -34.68957], [-70.80929, -34.6908], [-70.81887, -34.69048], [-70.82152, -34.69103], [-70.8337, -34.69791], [-70.83567, -34.69949], [-70.83538, -34.70141], [-70.84035, -34.69884], [-70.84415, -34.69229], [-70.84652, -34.6905], [-70.85002, -34.67042], [-70.8487, -34.6654], [-70.84601, -34.66177], [-70.8425, -34.65883], [-70.82717, -34.65541], [-70.82062, -34.66404], [-70.81522, -34.66581], [-70.81119, -34.66538], [-70.79455, -34.63556], [-70.79132, -34.63295], [-70.78169, -34.62903], [-70.77827, -34.62254], [-70.78635, -34.62488], [-70.78927, -34.62473], [-70.79037, -34.62393], [-70.79403, -34.60606], [-70.79529, -34.60685], [-70.80029, -34.61824], [-70.80511, -34.63627], [-70.81423, -34.64294], [-70.81674, -34.64395], [-70.82022, -34.63409], [-70.83129, -34.65206], [-70.83587, -34.65123], [-70.83917, -34.6489], [-70.83943, -34.63736], [-70.84363, -34.6292], [-70.84746, -34.62528], [-70.85148, -34.62479], [-70.85607, -34.62531], [-70.87115, -34.63136], [-70.89072, -34.62055], [-70.90156, -34.62137], [-70.91039, -34.62689], [-70.91443, -34.62777], [-70.91692, -34.62695], [-70.91511, -34.61702], [-70.91727, -34.61311], [-70.92111, -34.60953], [-70.92051, -34.60667], [-70.91642, -34.60226], [-70.91264, -34.6], [-70.91125, -34.59979], [-70.90685, -34.60257], [-70.9042, -34.60191], [-70.90209, -34.59975], [-70.89965, -34.59451], [-70.89818, -34.58858], [-70.89882, -34.58469], [-70.90821, -34.58117], [-70.90374, -34.56909], [-70.90209, -34.56053], [-70.89681, -34.55017], [-70.89622, -34.54743], [-70.89817, -34.53873], [-70.89414, -34.53796], [-70.89079, -34.52655], [-70.88698, -34.52213], [-70.88427, -34.51655], [-70.85073, -34.49751], [-70.84929, -34.4933], [-70.84948, -34.487], [-70.8485, -34.48609], [-70.84088, -34.48662], [-70.82402, -34.49111], [-70.82182, -34.4925], [-70.81841, -34.49653], [-70.79799, -34.49384], [-70.82471, -34.48012], [-70.84021, -34.47828], [-70.84408, -34.46704], [-70.84618, -34.46874], [-70.85046, -34.47784], [-70.85172, -34.47841], [-70.8828, -34.48065], [-70.88898, -34.48609], [-70.89371, -34.4873], [-70.89674, -34.48613], [-70.8953, -34.47254], [-70.89292, -34.47084], [-70.88694, -34.4693], [-70.87797, -34.46228], [-70.8774, -34.46103], [-70.8782, -34.45885], [-70.88301, -34.45526], [-70.88298, -34.45378], [-70.8806, -34.45162], [-70.8565, -34.45297], [-70.85303, -34.45186], [-70.85091, -34.44948], [-70.8661, -34.43482], [-70.87249, -34.43614], [-70.87747, -34.43576], [-70.87857, -34.43506], [-70.88184, -34.43103], [-70.87985, -34.42739], [-70.86196, -34.42617], [-70.85441, -34.43127], [-70.85138, -34.43232], [-70.84791, -34.43247], [-70.84485, -34.43157], [-70.83159, -34.4238], [-70.83105, -34.42495], [-70.8317, -34.43226], [-70.82866, -34.43297], [-70.82112, -34.42858], [-70.82042, -34.42744], [-70.8223, -34.42342], [-70.82213, -34.42068], [-70.81071, -34.40556], [-70.80521, -34.40812], [-70.80301, -34.42026], [-70.79421, -34.42559], [-70.79189, -34.42836], [-70.79265, -34.43339], [-70.79758, -34.4402], [-70.80086, -34.44715], [-70.78658, -34.44681], [-70.76072, -34.46188], [-70.75373, -34.46823], [-70.75308, -34.47224], [-70.75438, -34.47669], [-70.75329, -34.47762], [-70.72241, -34.4806], [-70.72169, -34.47843], [-70.72745, -34.47312], [-70.75162, -34.45464], [-70.75348, -34.44856], [-70.74992, -34.44081], [-70.75028, -34.43612], [-70.75152, -34.4352], [-70.75942, -34.43525], [-70.76204, -34.43432], [-70.77156, -34.42063], [-70.77349, -34.39694], [-70.77207, -34.39456], [-70.76675, -34.38957], [-70.76489, -34.38546], [-70.76691, -34.38075], [-70.77257, -34.37934], [-70.77421, -34.37715], [-70.77754, -34.35608], [-70.7815, -34.35113], [-70.78781, -34.34731], [-70.79266, -34.34739], [-70.80308, -34.3505], [-70.80763, -34.34932], [-70.81144, -34.34415], [-70.81004, -34.34255], [-70.80517, -34.34088], [-70.79889, -34.33659], [-70.78812, -34.33838], [-70.7778, -34.34373], [-70.776, -34.34375], [-70.77041, -34.3391], [-70.76722, -34.33867], [-70.7638, -34.35299], [-70.76013, -34.35828], [-70.75903, -34.3592], [-70.75682, -34.35922], [-70.75364, -34.34827], [-70.74861, -34.34476], [-70.74063, -34.33727], [-70.73493, -34.33503], [-70.73218, -34.33596], [-70.72086, -34.35035], [-70.70614, -34.33433], [-70.72698, -34.33006], [-70.72359, -34.32402], [-70.72426, -34.32173], [-70.72961, -34.31803], [-70.73672, -34.31077], [-70.741, -34.31039], [-70.74848, -34.31102], [-70.7545, -34.30514], [-70.75666, -34.30147], [-70.74572, -34.28897], [-70.7287, -34.28853], [-70.72684, -34.28294], [-70.72688, -34.27424], [-70.71874, -34.26424], [-70.71912, -34.26196], [-70.7397, -34.27084], [-70.74108, -34.27071], [-70.74393, -34.26634], [-70.74724, -34.26574], [-70.75128, -34.26857], [-70.75579, -34.27483], [-70.76303, -34.27923], [-70.7662, -34.27863], [-70.76633, -34.27749], [-70.76057, -34.27021], [-70.75971, -34.26771], [-70.76067, -34.2669], [-70.7902, -34.26197], [-70.78878, -34.2597], [-70.78449, -34.2587], [-70.78184, -34.25701], [-70.75087, -34.25691], [-70.74886, -34.25121], [-70.74913, -34.23942], [-70.74806, -34.2304], [-70.74681, -34.22983], [-70.74036, -34.23366], [-70.73658, -34.22968], [-70.74203, -34.22358], [-70.74324, -34.2206], [-70.74287, -34.21294], [-70.74202, -34.21078], [-70.74006, -34.20896], [-70.73654, -34.20929], [-70.73004, -34.21546], [-70.72523, -34.21801], [-70.67819, -34.2252], [-70.66637, -34.24348], [-70.66513, -34.24406], [-70.66236, -34.24293], [-70.66084, -34.2434], [-70.66021, -34.24936], [-70.65968, -34.25096], [-70.65776, -34.25269], [-70.64824, -34.2539], [-70.64301, -34.25657], [-70.62892, -34.25838], [-70.62356, -34.26128], [-70.62345, -34.26368], [-70.62154, -34.26564], [-70.61712, -34.26682], [-70.60731, -34.26779], [-70.59698, -34.27186], [-70.58758, -34.27146], [-70.58036, -34.26876], [-70.55853, -34.24323], [-70.56574, -34.24502], [-70.56945, -34.24284], [-70.57097, -34.24284], [-70.5781, -34.25023], [-70.57873, -34.25801], [-70.58127, -34.2628], [-70.58588, -34.26769], [-70.58865, -34.26802], [-70.59112, -34.26674], [-70.59372, -34.26353], [-70.60115, -34.26028], [-70.63301, -34.25252], [-70.63711, -34.24815], [-70.64369, -34.24306], [-70.65496, -34.23681], [-70.6526, -34.23568], [-70.65176, -34.23442], [-70.65201, -34.23179], [-70.66182, -34.21937], [-70.64513, -34.19673], [-70.63944, -34.19437], [-70.631, -34.1934], [-70.62821, -34.19137], [-70.64418, -34.18599], [-70.64523, -34.1813], [-70.64493, -34.1789], [-70.63824, -34.17299], [-70.63654, -34.16969], [-70.64635, -34.15693], [-70.64779, -34.14972], [-70.64732, -34.1448], [-70.6441, -34.14002], [-70.63867, -34.13651], [-70.63008, -34.13314], [-70.62535, -34.13008], [-70.61967, -34.11548], [-70.62886, -34.10924], [-70.63057, -34.10168], [-70.63508, -34.09684], [-70.62147, -34.08915], [-70.60683, -34.088], [-70.61292, -34.04941], [-70.60876, -34.04714], [-70.60241, -34.04661], [-70.59526, -34.04906], [-70.59016, -34.0499], [-70.59902, -34.03978], [-70.59528, -34.0374], [-70.58645, -34.03525], [-70.59524, -34.02884], [-70.59702, -34.02874], [-70.60319, -34.0323], [-70.60745, -34.03186], [-70.6246, -34.01224], [-70.62366, -34.00857], [-70.61745, -34.00071], [-70.58978, -33.99131], [-70.60462, -33.99216], [-70.60863, -33.98953], [-70.61152, -33.9892], [-70.61401, -33.98703], [-70.61293, -33.98267], [-70.59497, -33.97563], [-70.59374, -33.97425], [-70.59294, -33.96967], [-70.5905, -33.96519], [-70.61588, -33.9734], [-70.62256, -33.96024], [-70.62217, -33.95646], [-70.62425, -33.95349], [-70.62263, -33.94798], [-70.61538, -33.94326], [-70.61418, -33.93741], [-70.59368, -33.94102], [-70.59389, -33.92864], [-70.59102, -33.92725], [-70.58662, -33.92667], [-70.58212, -33.9223], [-70.58033, -33.92195], [-70.56905, -33.92397], [-70.55398, -33.9183], [-70.58257, -33.91554], [-70.58465, -33.91359], [-70.58414, -33.90684], [-70.58608, -33.90397], [-70.59839, -33.91387], [-70.6311, -33.91168], [-70.63411, -33.91375], [-70.64097, -33.91537], [-70.64403, -33.93119], [-70.64939, -33.9319], [-70.64494, -33.94094], [-70.64796, -33.94186], [-70.65264, -33.93936], [-70.65567, -33.93959], [-70.65781, -33.94808], [-70.68344, -33.93692], [-70.68608, -33.93177], [-70.68883, -33.93005], [-70.6794, -33.92109], [-70.67942, -33.91857], [-70.68135, -33.9164], [-70.68411, -33.91469], [-70.72383, -33.91054], [-70.71567, -33.89459], [-70.69852, -33.89181], [-70.69921, -33.8902], [-70.70142, -33.88883], [-70.70652, -33.88472], [-70.69601, -33.87186], [-70.67811, -33.87952], [-70.67604, -33.88373], [-70.68205, -33.88889], [-70.68218, -33.89039], [-70.67928, -33.8937], [-70.67913, -33.89611], [-70.68473, -33.90197], [-70.66837, -33.92805], [-70.6597, -33.93113], [-70.65167, -33.91804], [-70.65593, -33.9169], [-70.65663, -33.9153], [-70.65542, -33.91129], [-70.65626, -33.90751], [-70.63579, -33.90802], [-70.64544, -33.90175], [-70.64285, -33.89876], [-70.63572, -33.89587], [-70.62539, -33.87889], [-70.61085, -33.87517], [-70.60796, -33.87619], [-70.60616, -33.87928], [-70.60355, -33.87962], [-70.60178, -33.87721], [-70.60168, -33.87136], [-70.60087, -33.86918], [-70.59949, -33.86918], [-70.59839, -33.87032], [-70.59752, -33.878], [-70.59614, -33.87765], [-70.59412, -33.87169], [-70.57302, -33.86509], [-70.6023, -33.86025], [-70.58816, -33.83854], [-70.58132, -33.83463], [-70.57698, -33.82716], [-70.56986, -33.82416], [-70.56639, -33.81028], [-70.56552, -33.79722], [-70.5661, -33.7932], [-70.56747, -33.79298], [-70.57294, -33.79529], [-70.57471, -33.79713], [-70.57687, -33.80207], [-70.5749, -33.80985], [-70.57543, -33.81226], [-70.57775, -33.81491], [-70.58048, -33.8164], [-70.58625, -33.81573], [-70.58752, -33.81127], [-70.58215, -33.79257], [-70.58544, -33.79281], [-70.58871, -33.79614], [-70.59285, -33.79318], [-70.59505, -33.79296], [-70.59655, -33.7941], [-70.59718, -33.8019], [-70.59869, -33.80282], [-70.60211, -33.80317], [-70.60524, -33.80846], [-70.61393, -33.80058], [-70.61138, -33.81272], [-70.60904, -33.81455], [-70.60217, -33.81521], [-70.5958, -33.82539], [-70.60462, -33.84123], [-70.60749, -33.84216], [-70.61051, -33.84217], [-70.61492, -33.84035], [-70.62685, -33.8193], [-70.62659, -33.81678], [-70.62388, -33.81207], [-70.6243, -33.80978], [-70.62582, -33.80898], [-70.62719, -33.80921], [-70.63373, -33.81646], [-70.64842, -33.81535], [-70.61628, -33.77572], [-70.62906, -33.77106], [-70.62423, -33.75466], [-70.62398, -33.75065], [-70.66357, -33.73334], [-70.66075, -33.72382], [-70.66425, -33.72224], [-70.66605, -33.72047], [-70.66667, -33.71822]], [[-70.60155, -33.77062], [-70.59911, -33.76888], [-70.59862, -33.765], [-70.60472, -33.75638], [-70.60512, -33.75372], [-70.6036, -33.74873], [-70.60589, -33.74554], [-70.60493, -33.74317], [-70.60161, -33.74044], [-70.60093, -33.73806], [-70.60169, -33.73699], [-70.60441, -33.73653], [-70.60683, -33.73793], [-70.61163, -33.74266], [-70.61083, -33.75509], [-70.6154, -33.75812], [-70.61712, -33.76172], [-70.61649, -33.76278], [-70.61349, -33.76325], [-70.6097, -33.76179], [-70.60581, -33.76816], [-70.60319, -33.77055], [-70.60155, -33.77062]], [[-70.52404, -33.8405], [-70.51969, -33.83498], [-70.53855, -33.82726], [-70.54363, -33.82704], [-70.55048, -33.82959], [-70.55086, -33.83303], [-70.54934, -33.83497], [-70.52404, -33.8405]], [[-70.67425, -34.28884], [-70.65791, -34.27878], [-70.67, -34.27125], [-70.69377, -34.28481], [-70.71239, -34.26836], [-70.71225, -34.27174], [-70.70924, -34.27385], [-70.71544, -34.27661], [-70.7068, -34.29378], [-70.68709, -34.29662], [-70.68323, -34.29561], [-70.67382, -34.28971], [-70.67425, -34.28884]], [[-70.39285, -34.65528], [-70.38813, -34.65511], [-70.38697, -34.6518], [-70.3875, -34.65053], [-70.39245, -34.64784], [-70.39351, -34.6453], [-70.38947, -34.64432], [-70.38216, -34.64683], [-70.3791, -34.64652], [-70.37605, -34.63864], [-70.38661, -34.63129], [-70.38684, -34.62866], [-70.38584, -34.62706], [-70.38141, -34.62723], [-70.37646, -34.62982], [-70.37048, -34.62898], [-70.35668, -34.64131], [-70.35375, -34.64077], [-70.35129, -34.63438], [-70.34704, -34.62939], [-70.34573, -34.62562], [-70.34775, -34.62216], [-70.35203, -34.62108], [-70.35299, -34.62015], [-70.35486, -34.616], [-70.35355, -34.61212], [-70.34791, -34.60715], [-70.34762, -34.60589], [-70.34895, -34.60266], [-70.35341, -34.60421], [-70.35423, -34.60328], [-70.35386, -34.58977], [-70.34396, -34.58657], [-70.34659, -34.5776], [-70.35371, -34.57258], [-70.35226, -34.5687], [-70.35262, -34.56583], [-70.35358, -34.5649], [-70.36161, -34.57236], [-70.36574, -34.57105], [-70.36853, -34.57204], [-70.36816, -34.57469], [-70.36887, -34.57571], [-70.37489, -34.57872], [-70.37465, -34.58904], [-70.37591, -34.59006], [-70.38032, -34.58817], [-70.38352, -34.58904], [-70.38564, -34.5912], [-70.38853, -34.59814], [-70.39247, -34.60165], [-70.39691, -34.60125], [-70.40462, -34.5984], [-70.41311, -34.5921], [-70.41589, -34.59286], [-70.41662, -34.59446], [-70.4112, -34.60198], [-70.41063, -34.60886], [-70.39237, -34.6193], [-70.39255, -34.62193], [-70.39593, -34.62487], [-70.39968, -34.62505], [-70.40299, -34.62387], [-70.40537, -34.62509], [-70.39585, -34.63622], [-70.40593, -34.64927], [-70.39285, -34.65528]], [[-70.62948, -34.6551], [-70.62226, -34.65515], [-70.61488, -34.65394], [-70.60508, -34.64715], [-70.59184, -34.63031], [-70.58416, -34.62602], [-70.58359, -34.625], [-70.58412, -34.62259], [-70.58603, -34.6188], [-70.59731, -34.60878], [-70.60409, -34.6061], [-70.61032, -34.60504], [-70.61768, -34.60521], [-70.62285, -34.60781], [-70.62473, -34.62734], [-70.63927, -34.64863], [-70.63848, -34.65206], [-70.63364, -34.65427], [-70.62948, -34.6551]], [[-70.61506, -34.70249], [-70.59861, -34.69757], [-70.60451, -34.67831], [-70.62768, -34.6873], [-70.62715, -34.68947], [-70.62496, -34.69235], [-70.6257, -34.69704], [-70.62282, -34.69981], [-70.61506, -34.70249]], [[-70.56993, -34.74628], [-70.5635, -34.743], [-70.56246, -34.73649], [-70.56075, -34.73307], [-70.56041, -34.7269], [-70.56413, -34.72343], [-70.59445, -34.73672], [-70.56993, -34.74628]], [[-70.62491, -34.75002], [-70.62213, -34.7498], [-70.61541, -34.74642], [-70.61188, -34.74107], [-70.60928, -34.73205], [-70.60213, -34.72717], [-70.60179, -34.72169], [-70.60889, -34.71032], [-70.63561, -34.71253], [-70.62491, -34.75002]], [[-70.60865, -34.86318], [-70.5896, -34.85347], [-70.61916, -34.84366], [-70.60865, -34.86318]], [[-70.70356, -34.91532], [-70.69965, -34.91467], [-70.6974, -34.91308], [-70.6971, -34.91183], [-70.6969, -34.87247], [-70.74716, -34.84884], [-70.77047, -34.8531], [-70.77723, -34.85878], [-70.78739, -34.87905], [-70.79479, -34.89077], [-70.79581, -34.89362], [-70.79533, -34.8998], [-70.79203, -34.90269], [-70.78829, -34.90444], [-70.78231, -34.9053], [-70.77158, -34.90539], [-70.76471, -34.90269], [-70.75878, -34.89669], [-70.75612, -34.89534], [-70.73894, -34.89181], [-70.73447, -34.89151], [-70.72544, -34.89352], [-70.70356, -34.91532]], [[-70.56705, -34.92173], [-70.56273, -34.92164], [-70.56146, -34.92086], [-70.56111, -34.91434], [-70.55802, -34.91151], [-70.55785, -34.9091], [-70.56132, -34.90725], [-70.5635, -34.90276], [-70.56767, -34.9017], [-70.57354, -34.90256], [-70.5759, -34.90129], [-70.57531, -34.89877], [-70.57264, -34.89593], [-70.58216, -34.88613], [-70.58493, -34.88485], [-70.59244, -34.884], [-70.59301, -34.88502], [-70.58905, -34.89169], [-70.58987, -34.90427], [-70.58765, -34.90543], [-70.58264, -34.90592], [-70.58028, -34.90697], [-70.57891, -34.90927], [-70.57883, -34.91522], [-70.57759, -34.91741], [-70.56705, -34.92173]], [[-70.57605, -34.97795], [-70.56624, -34.97448], [-70.55237, -34.96815], [-70.54746, -34.96509], [-70.53756, -34.9527], [-70.5354, -34.94598], [-70.53358, -34.93354], [-70.53329, -34.91938], [-70.53465, -34.91594], [-70.53644, -34.91422], [-70.53924, -34.91533], [-70.53967, -34.91647], [-70.54132, -34.92731], [-70.55379, -34.92023], [-70.56592, -34.93294], [-70.56791, -34.93671], [-70.56896, -34.94368], [-70.57317, -34.9576], [-70.58222, -34.96852], [-70.58187, -34.97459], [-70.57994, -34.97666], [-70.57605, -34.97795]], [[-70.51688, -34.99003], [-70.5131, -34.98914], [-70.51042, -34.98511], [-70.50831, -34.98368], [-70.49277, -34.9896], [-70.47507, -34.98217], [-70.4796, -34.97134], [-70.48666, -34.96837], [-70.49263, -34.96761], [-70.49767, -34.96135], [-70.51232, -34.96116], [-70.51634, -34.96305], [-70.51834, -34.96301], [-70.52226, -34.96849], [-70.52367, -34.97616], [-70.51688, -34.99003]], [[-70.45627, -35.00247], [-70.44698, -35.00081], [-70.44085, -34.99386], [-70.44052, -34.991], [-70.44317, -34.98294], [-70.44536, -34.9805], [-70.44798, -34.97909], [-70.46119, -34.97789], [-70.47048, -34.99025], [-70.46846, -34.99429], [-70.46784, -34.99831], [-70.46206, -35.00172], [-70.45627, -35.00247]], [[-70.54664, -35.07451], [-70.54241, -35.07241], [-70.53711, -35.06677], [-70.52731, -35.0596], [-70.52569, -35.05573], [-70.52591, -35.05331], [-70.52876, -35.05006], [-70.53276, -35.04827], [-70.5654, -35.04896], [-70.57255, -35.0564], [-70.57388, -35.05925], [-70.5738, -35.06189], [-70.54664, -35.07451]], [[-70.61819, -35.08574], [-70.59032, -35.05311], [-70.59398, -35.02668], [-70.58227, -34.99574], [-70.58615, -34.99183], [-70.591, -34.98905], [-70.59647, -34.9905], [-70.60399, -34.99423], [-70.60612, -34.99852], [-70.6072, -35.00335], [-70.60606, -35.02475], [-70.60674, -35.04078], [-70.61136, -35.05801], [-70.62094, -35.0787], [-70.62095, -35.08455], [-70.62, -35.08548], [-70.61819, -35.08574]], [[-70.8334, -35.10611], [-70.82477, -35.10523], [-70.81603, -35.0993], [-70.81583, -35.0902], [-70.82184, -35.08405], [-70.8268, -35.08599], [-70.83552, -35.09092], [-70.84185, -35.09891], [-70.83955, -35.10602], [-70.8334, -35.10611]], [[-70.9317, -35.11229], [-70.93487, -35.10674], [-70.94593, -35.09361], [-70.95143, -35.09008], [-70.96881, -35.09127], [-70.9433, -35.10906], [-70.94983, -35.12353], [-70.94034, -35.12819], [-70.95298, -35.14052], [-70.93322, -35.15204], [-70.88624, -35.20126], [-70.87663, -35.2054], [-70.86849, -35.2103], [-70.86379, -35.21714], [-70.86697, -35.22865], [-70.8682, -35.24018], [-70.86539, -35.2446], [-70.85623, -35.24754], [-70.84556, -35.2481], [-70.84052, -35.24021], [-70.83536, -35.1982], [-70.84329, -35.19077], [-70.85004, -35.18867], [-70.86797, -35.1876], [-70.87853, -35.18266], [-70.92314, -35.14816], [-70.9241, -35.13608], [-70.89832, -35.1279], [-70.89497, -35.12293], [-70.89471, -35.11422], [-70.9332, -35.07841], [-70.93681, -35.079], [-70.94111, -35.08369], [-70.94059, -35.08731], [-70.90695, -35.11413], [-70.90802, -35.11591], [-70.91522, -35.11885], [-70.92135, -35.1185], [-70.9317, -35.11229]], [[-70.57715, -35.12646], [-70.56948, -35.12566], [-70.5607, -35.12199], [-70.55653, -35.11821], [-70.55225, -35.10033], [-70.58304, -35.10549], [-70.58663, -35.12383], [-70.58468, -35.12554], [-70.57715, -35.12646]], [[-70.85368, -35.13209], [-70.85625, -35.1371], [-70.85527, -35.14824], [-70.8494, -35.16047], [-70.83957, -35.16163], [-70.83449, -35.15463], [-70.83657, -35.1374], [-70.84625, -35.13018], [-70.85368, -35.13209]], [[-70.8182, -35.14173], [-70.8208, -35.14776], [-70.82219, -35.15481], [-70.82722, -35.15979], [-70.82617, -35.16789], [-70.82004, -35.169], [-70.81017, -35.16813], [-70.80637, -35.16314], [-70.80742, -35.15503], [-70.81216, -35.14687], [-70.8182, -35.14173]], [[-70.75091, -35.19722], [-70.74683, -35.19603], [-70.74281, -35.19725], [-70.74038, -35.19501], [-70.73532, -35.17837], [-70.7253, -35.17443], [-70.72316, -35.17264], [-70.72253, -35.1699], [-70.72344, -35.16737], [-70.73722, -35.16561], [-70.74104, -35.16233], [-70.74484, -35.16363], [-70.75616, -35.18978], [-70.7557, -35.19357], [-70.75327, -35.19671], [-70.75091, -35.19722]], [[-70.43533, -35.50922], [-70.43528, -35.50776], [-70.43528, -35.50776], [-70.43533, -35.50922]]]}, "properties": {"composicio": "Secuencias volcanosedimenta", "epoca": "Oligoceno Mioceno", "era": "CENOZOICO", "geo": "OM2c", "ha": 523649.59, "m2": 5236495877.66, "periodo": "Paleogeno"}}, {"type": "Feature", "geometry": {"type": "Polygon", "coordinates": [[[-70.52876, -35.18302], [-70.51689, -35.17738], [-70.50607, -35.16839], [-70.486, -35.14042], [-70.4837, -35.1376], [-70.47788, -35.13356], [-70.47144, -35.13298], [-70.46546, -35.13377], [-70.46144, -35.1351], [-70.45503, -35.1414], [-70.44706, -35.15288], [-70.4443, -35.1543], [-70.43872, -35.15416], [-70.38903, -35.11748], [-70.38019, -35.11557], [-70.37461, -35.11554], [-70.3692, -35.11712], [-70.36728, -35.11911], [-70.36425, -35.13518], [-70.37654, -35.1677], [-70.37654, -35.1677], [-70.37801, -35.16889], [-70.38295, -35.17097], [-70.43864, -35.19287], [-70.45641, -35.18963], [-70.47099, -35.20103], [-70.52367, -35.20618], [-70.52395, -35.20503], [-70.52633, -35.20331], [-70.53177, -35.20321], [-70.53098, -35.19375], [-70.52876, -35.18302]]]}, "properties": {"composicio": "Secuencias sedimentarias", "epoca": "Jurasico Medio Superior", "era": "MEZOZOICO", "geo": "Js1m", "ha": 7635.36, "m2": 76353599.79, "periodo": "Jurasico"}}, {"type": "Feature", "geometry": {"type": "Polygon", "coordinates": [[[-70.46249, -35.0329], [-70.49861, -35.08067], [-70.48971, -35.10835], [-70.50341, -35.12717], [-70.52281, -35.15813], [-70.52655, -35.16607], [-70.53177, -35.20321], [-70.53554, -35.20321], [-70.53875, -35.20218], [-70.54253, -35.1992], [-70.54461, -35.19574], [-70.53724, -35.16751], [-70.53867, -35.16437], [-70.53965, -35.16403], [-70.54121, -35.16794], [-70.54349, -35.16945], [-70.5494, -35.16879], [-70.53452, -35.10909], [-70.52612, -35.09506], [-70.5197, -35.08593], [-70.50928, -35.07402], [-70.46249, -35.0329]]]}, "properties": {"composicio": "Secuencias sedimentarias", "epoca": "Cretacico Inferior alto  Aptiano Cenomaniano", "era": "MEZOZOICO", "geo": "Kia1c", "ha": 3767.26, "m2": 37672596.84, "periodo": "Cretacico"}}, {"type": "Feature", "geometry": {"type": "Polygon", "coordinates": [[[-70.93322, -35.15204], [-70.931, -35.15232], [-70.92465, -35.14993], [-70.92314, -35.14816], [-70.87853, -35.18266], [-70.86797, -35.1876], [-70.85004, -35.18867], [-70.84329, -35.19077], [-70.83536, -35.1982], [-70.84052, -35.24021], [-70.84556, -35.2481], [-70.85623, -35.24754], [-70.86539, -35.2446], [-70.8682, -35.24018], [-70.86697, -35.22865], [-70.86379, -35.21714], [-70.86849, -35.2103], [-70.87663, -35.2054], [-70.88624, -35.20126], [-70.89671, -35.19233], [-70.93322, -35.15204]]]}, "properties": {"composicio": "Secuencias volcanicas", "epoca": "Plioceno Pleistoceno", "era": "CENOZOICO", "geo": "PPl3", "ha": 2980.94, "m2": 29809393.25, "periodo": "Neogeno"}}, {"type": "Feature", "geometry": {"type": "Polygon", "coordinates": [[[-70.73022, -35.42007], [-70.72647, -35.41919], [-70.71332, -35.41053], [-70.70542, -35.40817], [-70.68219, -35.4158], [-70.68451, -35.40139], [-70.68251, -35.3986], [-70.67922, -35.39657], [-70.67001, -35.39455], [-70.60024, -35.41906], [-70.59502, -35.44699], [-70.58938, -35.4532], [-70.57741, -35.46091], [-70.57516, -35.46377], [-70.57135, -35.47562], [-70.56762, -35.49172], [-70.56484, -35.49697], [-70.5287, -35.49672], [-70.52173, -35.49249], [-70.51812, -35.4882], [-70.5111, -35.47032], [-70.50725, -35.46741], [-70.49847, -35.46458], [-70.4274, -35.5163], [-70.43767, -35.53654], [-70.45794, -35.55145], [-70.45972, -35.55566], [-70.45991, -35.56379], [-70.46149, -35.56514], [-70.48443, -35.56246], [-70.48774, -35.55989], [-70.48821, -35.55633], [-70.46447, -35.53701], [-70.46336, -35.53176], [-70.46579, -35.5277], [-70.48569, -35.53895], [-70.49693, -35.53395], [-70.49943, -35.53849], [-70.49815, -35.54355], [-70.50016, -35.54546], [-70.51519, -35.54074], [-70.51607, -35.5421], [-70.51631, -35.54622], [-70.5179, -35.54815], [-70.52439, -35.54963], [-70.5274, -35.55211], [-70.51129, -35.57634], [-70.50358, -35.57681], [-70.49609, -35.57454], [-70.48781, -35.57433], [-70.48334, -35.5814], [-70.48027, -35.58202], [-70.47787, -35.58149], [-70.47653, -35.58404], [-70.47184, -35.58732], [-70.46969, -35.59159], [-70.46891, -35.59942], [-70.47133, -35.60143], [-70.48427, -35.60236], [-70.4953, -35.60595], [-70.50207, -35.60721], [-70.55237, -35.59752], [-70.5816, -35.55286], [-70.58339, -35.54126], [-70.57243, -35.52978], [-70.57081, -35.52671], [-70.57216, -35.50766], [-70.58746, -35.4918], [-70.6075, -35.49168], [-70.61736, -35.48795], [-70.62245, -35.48418], [-70.62861, -35.48396], [-70.63501, -35.48751], [-70.63906, -35.49202], [-70.64694, -35.49875], [-70.6517, -35.49855], [-70.65638, -35.49514], [-70.66073, -35.49541], [-70.66412, -35.49626], [-70.67165, -35.50025], [-70.67981, -35.50609], [-70.68103, -35.51039], [-70.68065, -35.51166], [-70.6714, -35.51722], [-70.67397, -35.51901], [-70.68456, -35.52167], [-70.6877, -35.52403], [-70.69136, -35.52968], [-70.69365, -35.53664], [-70.69335, -35.54122], [-70.69253, -35.54215], [-70.67088, -35.54026], [-70.67207, -35.54276], [-70.67162, -35.56317], [-70.67297, -35.57174], [-70.67362, -35.57506], [-70.67902, -35.58802], [-70.69636, -35.578], [-70.68998, -35.57141], [-70.69238, -35.55788], [-70.69501, -35.55454], [-70.69906, -35.55177], [-70.70341, -35.55208], [-70.71696, -35.56103], [-70.72047, -35.56135], [-70.72578, -35.55925], [-70.73665, -35.56707], [-70.74141, -35.56612], [-70.74097, -35.56406], [-70.73559, -35.55849], [-70.73598, -35.55562], [-70.73932, -35.55331], [-70.74689, -35.55234], [-70.75391, -35.55366], [-70.75462, -35.55469], [-70.7551, -35.56052], [-70.7542, -35.56775], [-70.7548, -35.57209], [-70.78544, -35.57736], [-70.79074, -35.5875], [-70.79397, -35.58839], [-70.8059, -35.58819], [-70.81011, -35.58907], [-70.8121, -35.59135], [-70.81355, -35.59511], [-70.8161, -35.59761], [-70.83123, -35.59531], [-70.83134, -35.59234], [-70.83456, -35.5914], [-70.83948, -35.59228], [-70.85005, -35.59677], [-70.85356, -35.59686], [-70.84515, -35.58524], [-70.84538, -35.58032], [-70.85635, -35.57038], [-70.85472, -35.56284], [-70.85623, -35.55996], [-70.86098, -35.55878], [-70.86628, -35.55553], [-70.85217, -35.54843], [-70.86007, -35.54036], [-70.84517, -35.53659], [-70.85687, -35.52963], [-70.86672, -35.53275], [-70.89499, -35.52816], [-70.89889, -35.52606], [-70.89955, -35.52285], [-70.86519, -35.52188], [-70.86363, -35.50747], [-70.84001, -35.50091], [-70.84023, -35.49575], [-70.84215, -35.49219], [-70.84423, -35.49035], [-70.84563, -35.48987], [-70.85138, -35.4904], [-70.85865, -35.48851], [-70.85707, -35.4852], [-70.85116, -35.48331], [-70.84724, -35.48431], [-70.84472, -35.47956], [-70.8442, -35.47613], [-70.84578, -35.47254], [-70.84905, -35.4695], [-70.87578, -35.46325], [-70.92158, -35.42006], [-70.92461, -35.41828], [-70.93397, -35.4174], [-70.93507, -35.41657], [-70.93755, -35.40598], [-70.94133, -35.40144], [-70.949, -35.39556], [-70.9321, -35.38743], [-70.94918, -35.37803], [-70.94871, -35.37655], [-70.94585, -35.37466], [-70.94452, -35.37228], [-70.94447, -35.37057], [-70.94636, -35.36812], [-70.94618, -35.36686], [-70.94403, -35.3653], [-70.94093, -35.36457], [-70.92673, -35.36707], [-70.91905, -35.37235], [-70.91267, -35.37912], [-70.91191, -35.38188], [-70.91346, -35.387], [-70.91185, -35.3891], [-70.89697, -35.39284], [-70.87718, -35.41511], [-70.8715, -35.4174], [-70.86207, -35.41811], [-70.86269, -35.41979], [-70.86224, -35.42369], [-70.85251, -35.42641], [-70.8444, -35.43173], [-70.81538, -35.47116], [-70.78374, -35.46718], [-70.78018, -35.46508], [-70.77638, -35.45949], [-70.76943, -35.46396], [-70.76313, -35.46408], [-70.76293, -35.46179], [-70.76454, -35.45925], [-70.76374, -35.45582], [-70.758, -35.45593], [-70.75201, -35.45707], [-70.74765, -35.4567], [-70.74209, -35.44821], [-70.73395, -35.44242], [-70.73325, -35.4375], [-70.73431, -35.43531], [-70.74274, -35.4308], [-70.74566, -35.4249], [-70.73786, -35.42185], [-70.73022, -35.42007]]]}, "properties": {"composicio": "Secuencias volcanicas", "epoca": "Plioceno Pleistoceno", "era": "CENOZOICO", "geo": "PPl3", "ha": 48131.98, "m2": 481319838.89, "periodo": "Neogeno"}}, {"type": "Feature", "geometry": {"type": "Polygon", "coordinates": [[[-70.86207, -35.41811], [-70.85346, -35.41834], [-70.84761, -35.41926], [-70.83957, -35.42227], [-70.83531, -35.42534], [-70.83008, -35.43334], [-70.8222, -35.44209], [-70.81363, -35.44592], [-70.80232, -35.45244], [-70.77638, -35.45949], [-70.78018, -35.46508], [-70.78374, -35.46718], [-70.81816, -35.47007], [-70.8444, -35.43173], [-70.85251, -35.42641], [-70.86224, -35.42369], [-70.86269, -35.41979], [-70.86207, -35.41811]]]}, "properties": {"composicio": "Secuencias volcanicas", "epoca": "Cuaternario", "era": "CENOZOICO", "geo": "Q3i", "ha": 1303.4, "m2": 13034043.94, "periodo": "Cuaternario"}}, {"type": "Feature", "geometry": {"type": "Polygon", "coordinates": [[[-70.82093, -35.41289], [-70.8205, -35.41096], [-70.818, -35.40792], [-70.8142, -35.40581], [-70.79892, -35.40495], [-70.78704, -35.4073], [-70.77292, -35.40859], [-70.74853, -35.40514], [-70.74258, -35.40614], [-70.73668, -35.40912], [-70.73388, -35.4126], [-70.73022, -35.42007], [-70.78374, -35.42932], [-70.79436, -35.42832], [-70.80018, -35.42614], [-70.80694, -35.42246], [-70.82093, -35.41289]]]}, "properties": {"composicio": "Rocas intrusivas", "epoca": "Mioceno  18 6 Ma", "era": "CENOZOICO", "geo": "Mg", "ha": 1573.78, "m2": 15737844.45, "periodo": "Neogeno"}}, {"type": "Feature", "geometry": {"type": "Polygon", "coordinates": [[[-71.01677, -35.27274], [-70.98625, -35.28518], [-70.96985, -35.30235], [-70.8867, -35.31895], [-70.91376, -35.33534], [-70.88933, -35.371], [-70.87619, -35.38123], [-70.87004, -35.38158], [-70.86248, -35.3862], [-70.85729, -35.38608], [-70.85388, -35.389], [-70.84976, -35.39665], [-70.84596, -35.40085], [-70.80018, -35.42614], [-70.79436, -35.42832], [-70.78374, -35.42932], [-70.77742, -35.42864], [-70.77198, -35.42463], [-70.75351, -35.42544], [-70.74566, -35.4249], [-70.74274, -35.4308], [-70.73431, -35.43531], [-70.73325, -35.4375], [-70.73395, -35.44242], [-70.74209, -35.44821], [-70.74765, -35.4567], [-70.75201, -35.45707], [-70.758, -35.45593], [-70.76374, -35.45582], [-70.76454, -35.45925], [-70.76293, -35.46179], [-70.76313, -35.46408], [-70.76943, -35.46396], [-70.8222, -35.44209], [-70.83008, -35.43334], [-70.83531, -35.42534], [-70.83957, -35.42227], [-70.87718, -35.41511], [-70.89025, -35.39756], [-70.90397, -35.39281], [-70.9044, -35.38845], [-70.90733, -35.38782], [-70.91031, -35.38936], [-70.91185, -35.3891], [-70.91346, -35.387], [-70.91191, -35.38188], [-70.91267, -35.37912], [-70.91905, -35.37235], [-70.92673, -35.36707], [-70.92592, -35.36006], [-70.92748, -35.35579], [-70.93137, -35.35032], [-70.93634, -35.34793], [-70.94722, -35.34678], [-70.94883, -35.34435], [-70.94872, -35.34056], [-70.94978, -35.33848], [-70.95226, -35.3374], [-70.95647, -35.33777], [-70.96001, -35.33448], [-70.95811, -35.31756], [-70.99085, -35.30381], [-70.98997, -35.30257], [-70.99016, -35.29947], [-70.99253, -35.29472], [-70.99485, -35.29273], [-71.00463, -35.28782], [-71.01625, -35.27897], [-71.01716, -35.27689], [-71.01677, -35.27274]]]}, "properties": {"composicio": "Secuencias sedimentarias", "epoca": "Pleistoceno Holoceno", "era": "CENOZOICO", "geo": "Q1", "ha": 8242.94, "m2": 82429424.03, "periodo": "Cuaternario"}}, {"type": "Feature", "geometry": {"type": "Polygon", "coordinates": [[[-70.67001, -35.39455], [-70.66854, -35.39347], [-70.66809, -35.39036], [-70.66986, -35.38799], [-70.67759, -35.3869], [-70.68161, -35.38424], [-70.67828, -35.3712], [-70.69112, -35.3763], [-70.68589, -35.36173], [-70.68617, -35.35761], [-70.69156, -35.34764], [-70.75047, -35.33105], [-70.75676, -35.32717], [-70.7581, -35.32467], [-70.75818, -35.32238], [-70.75536, -35.319], [-70.70914, -35.31671], [-70.68, -35.32983], [-70.67561, -35.33546], [-70.6689, -35.35516], [-70.66802, -35.37246], [-70.66742, -35.37348], [-70.66117, -35.3762], [-70.65896, -35.37937], [-70.65795, -35.38807], [-70.65924, -35.39532], [-70.65823, -35.39621], [-70.655, -35.39626], [-70.65255, -35.39437], [-70.64921, -35.39383], [-70.64665, -35.39492], [-70.64142, -35.40019], [-70.6383, -35.40127], [-70.6369, -35.40135], [-70.63334, -35.39909], [-70.63831, -35.37741], [-70.63144, -35.36979], [-70.61679, -35.38793], [-70.60886, -35.39039], [-70.60132, -35.38987], [-70.59962, -35.3904], [-70.60589, -35.40317], [-70.60443, -35.40864], [-70.60234, -35.41237], [-70.6012, -35.41292], [-70.57762, -35.38714], [-70.57292, -35.38543], [-70.56173, -35.38517], [-70.55274, -35.38686], [-70.54306, -35.39052], [-70.53373, -35.40103], [-70.52337, -35.40974], [-70.51693, -35.4187], [-70.51156, -35.43049], [-70.50531, -35.44976], [-70.49847, -35.46458], [-70.50725, -35.46741], [-70.5111, -35.47032], [-70.51812, -35.4882], [-70.52173, -35.49249], [-70.5287, -35.49672], [-70.56484, -35.49697], [-70.56762, -35.49172], [-70.57135, -35.47562], [-70.57516, -35.46377], [-70.57741, -35.46091], [-70.58938, -35.4532], [-70.59502, -35.44699], [-70.60024, -35.41906], [-70.67001, -35.39455]]]}, "properties": {"composicio": "Secuencias volcanicas", "epoca": "Pleistoceno", "era": "CENOZOICO", "geo": "Pl3t", "ha": 11293.03, "m2": 112930319.0, "periodo": "Neogeno"}}, {"type": "Feature", "geometry": {"type": "Polygon", "coordinates": [[[-70.89434, -35.32443], [-70.8899, -35.32335], [-70.88705, -35.32146], [-70.88617, -35.3201], [-70.89804, -35.31548], [-70.88567, -35.30504], [-70.88101, -35.30271], [-70.87428, -35.30076], [-70.85584, -35.29899], [-70.83408, -35.29829], [-70.80832, -35.28702], [-70.7883, -35.28938], [-70.77741, -35.28852], [-70.77497, -35.29129], [-70.77463, -35.29507], [-70.77765, -35.29948], [-70.78148, -35.3025], [-70.80168, -35.30804], [-70.80212, -35.30906], [-70.77252, -35.31326], [-70.77217, -35.31669], [-70.77597, -35.31836], [-70.78436, -35.31926], [-70.79953, -35.32452], [-70.80918, -35.32575], [-70.81294, -35.32535], [-70.82247, -35.32144], [-70.83651, -35.31334], [-70.84566, -35.31114], [-70.86447, -35.31085], [-70.87084, -35.31487], [-70.87982, -35.32364], [-70.88487, -35.32493], [-70.8899, -35.3252], [-70.89434, -35.32443]]]}, "properties": {"composicio": "Secuencias volcanicas", "epoca": "Pleistoceno", "era": "CENOZOICO", "geo": "Pl3t", "ha": 2542.08, "m2": 25420775.09, "periodo": "Neogeno"}}, {"type": "Feature", "geometry": {"type": "Polygon", "coordinates": [[[-70.95907, -35.30443], [-70.95693, -35.27751], [-70.95473, -35.27309], [-70.94924, -35.27044], [-70.94503, -35.26948], [-70.93502, -35.27032], [-70.91556, -35.27818], [-70.89721, -35.26201], [-70.84884, -35.26722], [-70.82758, -35.25108], [-70.82556, -35.2542], [-70.8253, -35.26106], [-70.82793, -35.26651], [-70.82334, -35.26692], [-70.81494, -35.26499], [-70.81035, -35.26573], [-70.80959, -35.26918], [-70.8151, -35.27252], [-70.89179, -35.28061], [-70.93178, -35.30857], [-70.93619, -35.30866], [-70.94017, -35.30617], [-70.95907, -35.30443]]]}, "properties": {"composicio": "Secuencias volcanicas", "epoca": "Pleistoceno", "era": "CENOZOICO", "geo": "Pl3t", "ha": 2849.47, "m2": 28494711.21, "periodo": "Neogeno"}}, {"type": "Feature", "geometry": {"type": "Polygon", "coordinates": [[[-70.57828, -35.18974], [-70.56956, -35.19031], [-70.5619, -35.18888], [-70.52367, -35.20618], [-70.54637, -35.20933], [-70.56523, -35.22605], [-70.56373, -35.23518], [-70.58096, -35.27317], [-70.57337, -35.2899], [-70.57503, -35.29156], [-70.57798, -35.29219], [-70.58211, -35.29533], [-70.5863, -35.29492], [-70.58982, -35.29038], [-70.58706, -35.30866], [-70.55617, -35.30393], [-70.55212, -35.32669], [-70.55641, -35.33029], [-70.56049, -35.33158], [-70.57012, -35.33061], [-70.57307, -35.33103], [-70.5777, -35.33701], [-70.58529, -35.33837], [-70.59316, -35.34534], [-70.59937, -35.34752], [-70.60835, -35.34828], [-70.61853, -35.33044], [-70.64423, -35.32894], [-70.64484, -35.32526], [-70.64061, -35.32409], [-70.64387, -35.32036], [-70.6449, -35.31679], [-70.64345, -35.31486], [-70.6392, -35.31299], [-70.63928, -35.31046], [-70.65531, -35.29769], [-70.63375, -35.28581], [-70.62912, -35.26859], [-70.64344, -35.27108], [-70.64602, -35.26805], [-70.64629, -35.26243], [-70.64735, -35.26], [-70.65013, -35.25927], [-70.65741, -35.2597], [-70.66084, -35.25712], [-70.66158, -35.25333], [-70.66089, -35.24302], [-70.66255, -35.23692], [-70.69995, -35.22848], [-70.70107, -35.22756], [-70.70121, -35.2239], [-70.67371, -35.21143], [-70.67218, -35.20937], [-70.67177, -35.20387], [-70.6768, -35.19413], [-70.67694, -35.19138], [-70.67485, -35.18889], [-70.67261, -35.18774], [-70.64818, -35.20299], [-70.64483, -35.20322], [-70.64159, -35.202], [-70.63757, -35.20231], [-70.6183, -35.20976], [-70.60713, -35.20872], [-70.5957, -35.20426], [-70.59235, -35.20059], [-70.5879, -35.19132], [-70.58539, -35.19028], [-70.57828, -35.18974]], [[-70.59831, -35.24415], [-70.60153, -35.24433], [-70.60267, -35.24522], [-70.60876, -35.25956], [-70.60252, -35.27812], [-70.59543, -35.27412], [-70.58598, -35.24872], [-70.56767, -35.23748], [-70.56872, -35.23471], [-70.57164, -35.23386], [-70.57444, -35.23426], [-70.58146, -35.24125], [-70.58642, -35.24379], [-70.58979, -35.24464], [-70.59831, -35.24415]]]}, "properties": {"composicio": "Secuencias volcanicas", "epoca": "Cuaternario", "era": "CENOZOICO", "geo": "Q3i", "ha": 12106.78, "m2": 121067773.44, "periodo": "Cuaternario"}}, {"type": "Feature", "geometry": {"type": "Polygon", "coordinates": [[[-70.75091, -35.19722], [-70.75327, -35.19671], [-70.7557, -35.19357], [-70.75616, -35.18978], [-70.74484, -35.16363], [-70.74104, -35.16233], [-70.73722, -35.16561], [-70.72344, -35.16737], [-70.72253, -35.1699], [-70.72316, -35.17264], [-70.7253, -35.17443], [-70.73532, -35.17837], [-70.74038, -35.19501], [-70.74281, -35.19725], [-70.74683, -35.19603], [-70.75091, -35.19722]]]}, "properties": {"composicio": "Rocas intrusivas", "epoca": "Mioceno  18 6 Ma", "era": "CENOZOICO", "geo": "Mg", "ha": 580.64, "m2": 5806422.59, "periodo": "Neogeno"}}, {"type": "Feature", "geometry": {"type": "Polygon", "coordinates": [[[-72.38627, -35.29664], [-72.38195, -35.29542], [-72.37157, -35.29605], [-72.36767, -35.29696], [-72.34918, -35.31289], [-72.34911, -35.31552], [-72.35215, -35.31706], [-72.35844, -35.31694], [-72.35918, -35.31558], [-72.36815, -35.3091], [-72.37139, -35.30835], [-72.37499, -35.30944], [-72.37781, -35.31418], [-72.37913, -35.32121], [-72.38572, -35.32782], [-72.38759, -35.33173], [-72.38803, -35.33655], [-72.38735, -35.34111], [-72.38175, -35.34709], [-72.3785, -35.35389], [-72.37504, -35.35772], [-72.36471, -35.36204], [-72.35854, -35.36305], [-72.34446, -35.36074], [-72.33997, -35.36147], [-72.33454, -35.36561], [-72.32521, -35.36384], [-72.31776, -35.3652], [-72.31347, -35.36879], [-72.30348, -35.38154], [-72.29205, -35.38524], [-72.27305, -35.41252], [-72.2706, -35.41277], [-72.26205, -35.40804], [-72.2566, -35.4076], [-72.25238, -35.40843], [-72.23823, -35.41379], [-72.22841, -35.40948], [-72.21088, -35.40527], [-72.20194, -35.4043], [-72.19305, -35.41215], [-72.18318, -35.41461], [-72.16466, -35.41587], [-72.16056, -35.41727], [-72.15189, -35.42192], [-72.14469, -35.42419], [-72.10275, -35.42649], [-72.06972, -35.40673], [-72.03244, -35.43694], [-71.98742, -35.44249], [-71.97405, -35.45433], [-71.96887, -35.45682], [-71.9661, -35.45739], [-71.94817, -35.44693], [-71.94037, -35.45042], [-71.93413, -35.44905], [-71.93081, -35.44974], [-71.92165, -35.45925], [-71.91789, -35.4595], [-71.91067, -35.45553], [-71.90471, -35.45414], [-71.90068, -35.45474], [-71.89395, -35.45981], [-71.89104, -35.46037], [-71.88542, -35.45748], [-71.88334, -35.45515], [-71.88146, -35.44263], [-71.84027, -35.44042], [-71.83443, -35.43869], [-71.82735, -35.43447], [-71.82446, -35.43538], [-71.81939, -35.4429], [-71.81695, -35.44447], [-71.80476, -35.44709], [-71.7853, -35.4472], [-71.77629, -35.44626], [-71.77341, -35.44475], [-71.76916, -35.43837], [-71.76477, -35.43463], [-71.76282, -35.43478], [-71.76184, -35.43485], [-71.75514, -35.44082], [-71.75842, -35.44735], [-71.75657, -35.44948], [-71.71332, -35.4498], [-71.71674, -35.45467], [-71.72151, -35.45812], [-71.72933, -35.46588], [-71.74495, -35.4666], [-71.76395, -35.46401], [-71.76718, -35.46232], [-71.77316, -35.4638], [-71.79705, -35.46581], [-71.80207, -35.46265], [-71.80729, -35.46064], [-71.81342, -35.46007], [-71.81695, -35.46064], [-71.82515, -35.4647], [-71.82813, -35.46539], [-71.87319, -35.46456], [-71.87102, -35.47394], [-71.84759, -35.49186], [-71.83033, -35.49958], [-71.82432, -35.4998], [-71.82128, -35.50071], [-71.8163, -35.50467], [-71.81216, -35.51124], [-71.80985, -35.51258], [-71.80704, -35.51256], [-71.80162, -35.5107], [-71.79562, -35.51125], [-71.79333, -35.51305], [-71.78849, -35.51976], [-71.77048, -35.52648], [-71.7625, -35.5349], [-71.75013, -35.54256], [-71.74769, -35.54688], [-71.74808, -35.55169], [-71.74693, -35.5539], [-71.73895, -35.55957], [-71.73298, -35.55818], [-71.72708, -35.55506], [-71.72094, -35.55573], [-71.71509, -35.55926], [-71.71131, -35.55951], [-71.70146, -35.5477], [-71.69445, -35.54524], [-71.68799, -35.54443], [-71.67747, -35.54466], [-71.57974, -35.57833], [-71.53669, -35.58593], [-71.51644, -35.59304], [-71.40098, -35.60592], [-71.37257, -35.61696], [-71.35678, -35.64125], [-71.35417, -35.64867], [-71.35043, -35.66816], [-71.35986, -35.65927], [-71.36693, -35.65709], [-71.37298, -35.65736], [-71.37407, -35.65663], [-71.37444, -35.65548], [-71.37173, -35.65167], [-71.37203, -35.64902], [-71.38271, -35.64009], [-71.38532, -35.63874], [-71.38798, -35.63843], [-71.39023, -35.63959], [-71.39345, -35.63459], [-71.39862, -35.6296], [-71.41032, -35.62124], [-71.42023, -35.61942], [-71.43225, -35.62188], [-71.44153, -35.62115], [-71.47834, -35.60901], [-71.49914, -35.61617], [-71.52048, -35.61898], [-71.5331, -35.61926], [-71.54964, -35.61729], [-71.55675, -35.61117], [-71.56326, -35.60724], [-71.68061, -35.56239], [-71.75752, -35.57494], [-71.75805, -35.5683], [-71.75992, -35.5664], [-71.76821, -35.56404], [-71.77045, -35.56122], [-71.77141, -35.55534], [-71.77455, -35.55098], [-71.78323, -35.54815], [-71.78497, -35.54637], [-71.78683, -35.54183], [-71.78574, -35.53419], [-71.78717, -35.53208], [-71.79252, -35.52982], [-71.80212, -35.53108], [-71.80502, -35.53018], [-71.81348, -35.523], [-71.82858, -35.5196], [-71.85683, -35.5198], [-71.86243, -35.5167], [-71.87277, -35.49369], [-71.8769, -35.48965], [-71.89051, -35.48544], [-71.89679, -35.47907], [-71.9038, -35.47389], [-71.9096, -35.47218], [-71.9124, -35.47219], [-71.92045, -35.47603], [-71.92357, -35.47947], [-71.9338, -35.46901], [-71.96437, -35.47051], [-71.96758, -35.46157], [-71.98354, -35.46132], [-72.01548, -35.44705], [-72.04251, -35.4474], [-72.0446, -35.44187], [-72.04997, -35.43527], [-72.06222, -35.42844], [-72.06543, -35.42896], [-72.07703, -35.42976], [-72.08037, -35.43075], [-72.10162, -35.44661], [-72.11605, -35.43647], [-72.15071, -35.43415], [-72.15679, -35.4322], [-72.16512, -35.4248], [-72.17021, -35.42272], [-72.17483, -35.4228], [-72.18318, -35.42467], [-72.19327, -35.42451], [-72.21292, -35.41275], [-72.2207, -35.41507], [-72.232, -35.42145], [-72.23537, -35.4214], [-72.2443, -35.41744], [-72.24738, -35.41738], [-72.27728, -35.42502], [-72.29308, -35.39921], [-72.2998, -35.39395], [-72.31119, -35.39187], [-72.31306, -35.38983], [-72.31478, -35.38312], [-72.31779, -35.3803], [-72.33633, -35.37228], [-72.36939, -35.3765], [-72.39191, -35.35456], [-72.4043, -35.33441], [-72.41081, -35.31975], [-72.41588, -35.31716], [-72.41883, -35.31718], [-72.417, -35.31494], [-72.41541, -35.31494], [-72.41125, -35.31655], [-72.41126, -35.31046], [-72.40934, -35.31148], [-72.40333, -35.31127], [-72.39671, -35.30739], [-72.38627, -35.29664]]]}, "properties": {"composicio": "Secuencias sedimentarias", "epoca": "Pleistoceno Holoceno", "era": "CENOZOICO", "geo": "Qf", "ha": 23978.52, "m2": 239785155.88, "periodo": "Cuaternario"}}, {"type": "Feature", "geometry": {"type": "Polygon", "coordinates": [[[-72.62528, -35.58286], [-72.62442, -35.5847], [-72.62514, -35.59638], [-72.62123, -35.60182], [-72.61539, -35.60585], [-72.61377, -35.60892], [-72.61426, -35.61224], [-72.61733, -35.6195], [-72.61726, -35.62235], [-72.61469, -35.62449], [-72.61245, -35.624], [-72.609, -35.62143], [-72.60572, -35.6176], [-72.60251, -35.61687], [-72.60164, -35.61777], [-72.60127, -35.62189], [-72.59957, -35.62278], [-72.59213, -35.62243], [-72.59012, -35.62446], [-72.58964, -35.62697], [-72.59228, -35.63446], [-72.59235, -35.63754], [-72.59048, -35.63957], [-72.58887, -35.64016], [-72.60381, -35.65311], [-72.6071, -35.64867], [-72.60793, -35.64797], [-72.60919, -35.64819], [-72.60551, -35.65425], [-72.60132, -35.66398], [-72.60257, -35.66379], [-72.62458, -35.62482], [-72.64114, -35.60188], [-72.62528, -35.58286]]]}, "properties": {"composicio": "Secuencias sedimentarias", "epoca": "Pleistoceno Holoceno", "era": "CENOZOICO", "geo": "Qm", "ha": 1294.88, "m2": 12948755.1, "periodo": "Cuaternario"}}, {"type": "Feature", "geometry": {"type": "Polygon", "coordinates": [[[-71.32334, -35.06476], [-71.28798, -35.10079], [-71.27971, -35.12088], [-71.25606, -35.14307], [-71.2322, -35.15801], [-71.18793, -35.20245], [-71.18819, -35.21061], [-71.17846, -35.22753], [-71.17187, -35.23357], [-71.16526, -35.23572], [-71.13678, -35.23634], [-71.13248, -35.23715], [-71.12435, -35.26869], [-71.12148, -35.27026], [-71.11408, -35.2706], [-71.1003, -35.28487], [-71.09751, -35.28495], [-71.08898, -35.28165], [-71.08621, -35.28242], [-71.08377, -35.28421], [-71.08025, -35.29337], [-71.07243, -35.29371], [-71.06939, -35.29449], [-71.06723, -35.29639], [-71.0652, -35.30126], [-71.06031, -35.30782], [-71.06166, -35.30996], [-71.06438, -35.31148], [-71.07342, -35.31018], [-71.07478, -35.31255], [-71.07318, -35.31776], [-71.07679, -35.3204], [-71.08122, -35.31935], [-71.08417, -35.3195], [-71.08806, -35.32557], [-71.09113, -35.32536], [-71.09834, -35.31736], [-71.10327, -35.3148], [-71.11096, -35.31481], [-71.11328, -35.31668], [-71.1153, -35.32121], [-71.1155, -35.32601], [-71.11, -35.33466], [-71.10969, -35.33719], [-71.11303, -35.34649], [-71.11322, -35.35404], [-71.11552, -35.35546], [-71.13569, -35.33974], [-71.16745, -35.34921], [-71.17003, -35.34753], [-71.17089, -35.34475], [-71.15545, -35.31176], [-71.15478, -35.30915], [-71.15499, -35.30134], [-71.17403, -35.27636], [-71.17563, -35.27139], [-71.17801, -35.25562], [-71.18112, -35.24991], [-71.18513, -35.24577], [-71.19022, -35.2439], [-71.20592, -35.24812], [-71.2079, -35.25506], [-71.21359, -35.2668], [-71.2151, -35.28176], [-71.21322, -35.28664], [-71.20425, -35.29252], [-71.20137, -35.29697], [-71.20244, -35.29911], [-71.20554, -35.29959], [-71.20819, -35.3026], [-71.20734, -35.30538], [-71.20358, -35.30904], [-71.20383, -35.31133], [-71.21338, -35.30909], [-71.21622, -35.31004], [-71.21855, -35.31214], [-71.21891, -35.31717], [-71.21645, -35.3279], [-71.19735, -35.33249], [-71.20062, -35.33675], [-71.20999, -35.33979], [-71.21055, -35.34298], [-71.20822, -35.34718], [-71.19973, -35.35156], [-71.19911, -35.3596], [-71.19771, -35.36274], [-71.19311, -35.36631], [-71.17826, -35.36596], [-71.17549, -35.36662], [-71.17418, -35.36861], [-71.17428, -35.37101], [-71.17579, -35.37348], [-71.17796, -35.37514], [-71.18134, -35.37561], [-71.18412, -35.37506], [-71.19219, -35.3707], [-71.19789, -35.36984], [-71.20032, -35.37102], [-71.20362, -35.37596], [-71.2058, -35.37774], [-71.20864, -35.37879], [-71.21639, -35.37971], [-71.21645, -35.3844], [-71.21343, -35.39194], [-71.21336, -35.39675], [-71.21458, -35.39889], [-71.21922, -35.40241], [-71.23109, -35.40183], [-71.23623, -35.40396], [-71.23803, -35.40666], [-71.2328, -35.41484], [-71.23401, -35.41686], [-71.23838, -35.42062], [-71.23997, -35.42493], [-71.21145, -35.43543], [-71.20811, -35.43611], [-71.19923, -35.43466], [-71.19367, -35.43574], [-71.19251, -35.43795], [-71.19261, -35.44036], [-71.19481, -35.44247], [-71.21257, -35.448], [-71.21183, -35.4502], [-71.20683, -35.45437], [-71.20354, -35.45916], [-71.20322, -35.46158], [-71.20551, -35.47205], [-71.18882, -35.47794], [-71.17361, -35.46695], [-71.17552, -35.48465], [-71.15969, -35.50712], [-71.16117, -35.50903], [-71.16427, -35.50939], [-71.17008, -35.5044], [-71.17283, -35.50318], [-71.17563, -35.5031], [-71.18095, -35.50924], [-71.18415, -35.50868], [-71.18918, -35.50509], [-71.19786, -35.52362], [-71.20019, -35.5224], [-71.20662, -35.51247], [-71.21009, -35.5087], [-71.22716, -35.50462], [-71.22888, -35.5025], [-71.23393, -35.48998], [-71.23908, -35.48306], [-71.24169, -35.48183], [-71.24798, -35.48759], [-71.25122, -35.48807], [-71.25355, -35.48685], [-71.25609, -35.48104], [-71.25784, -35.47927], [-71.27629, -35.47526], [-71.27697, -35.47787], [-71.27091, -35.48322], [-71.27118, -35.48916], [-71.27617, -35.49417], [-71.28763, -35.50252], [-71.28836, -35.50617], [-71.27236, -35.51205], [-71.26502, -35.53267], [-71.26585, -35.5354], [-71.2687, -35.53635], [-71.30936, -35.5392], [-71.28839, -35.55292], [-71.28915, -35.55725], [-71.29235, -35.55669], [-71.29961, -35.55291], [-71.30231, -35.55363], [-71.30353, -35.55577], [-71.30192, -35.56051], [-71.29514, -35.56864], [-71.29796, -35.57806], [-71.29405, -35.58162], [-71.29128, -35.58239], [-71.28552, -35.58234], [-71.28466, -35.5787], [-71.28653, -35.57361], [-71.28447, -35.57149], [-71.27916, -35.56902], [-71.27696, -35.56691], [-71.27643, -35.56452], [-71.27774, -35.56253], [-71.27674, -35.55889], [-71.25414, -35.55558], [-71.25218, -35.54946], [-71.25304, -35.54691], [-71.2601, -35.54154], [-71.25888, -35.5394], [-71.25631, -35.53856], [-71.24144, -35.53856], [-71.23406, -35.5365], [-71.22925, -35.5324], [-71.22736, -35.52799], [-71.22506, -35.52668], [-71.2217, -35.52667], [-71.22044, -35.53003], [-71.22668, -35.54084], [-71.22523, -35.54284], [-71.22088, -35.54595], [-71.2226, -35.54991], [-71.22801, -35.55181], [-71.22952, -35.55405], [-71.2298, -35.55725], [-71.22863, -35.55951], [-71.22804, -35.56475], [-71.23269, -35.5716], [-71.24459, -35.57101], [-71.2477, -35.57148], [-71.24361, -35.58971], [-71.25652, -35.58645], [-71.26082, -35.59159], [-71.26714, -35.59461], [-71.27138, -35.60157], [-71.27256, -35.60899], [-71.27288, -35.62524], [-71.27, -35.63588], [-71.26272, -35.64562], [-71.2631, -35.64753], [-71.28124, -35.65982], [-71.28211, -35.65493], [-71.2795, -35.65008], [-71.27938, -35.64733], [-71.29816, -35.61856], [-71.30677, -35.61016], [-71.30981, -35.60915], [-71.31584, -35.60896], [-71.31925, -35.60679], [-71.32186, -35.60235], [-71.32192, -35.59445], [-71.32501, -35.58839], [-71.32977, -35.58492], [-71.33355, -35.57861], [-71.33664, -35.57553], [-71.34186, -35.57319], [-71.34698, -35.57303], [-71.34769, -35.56538], [-71.35154, -35.54537], [-71.3643, -35.527], [-71.37938, -35.51221], [-71.38976, -35.48844], [-71.40737, -35.48447], [-71.43539, -35.45854], [-71.47705, -35.445], [-71.49249, -35.44287], [-71.52801, -35.44576], [-71.53817, -35.48722], [-71.55623, -35.49771], [-71.62696, -35.49257], [-71.65096, -35.48117], [-71.65638, -35.47086], [-71.71462, -35.44808], [-71.71256, -35.44609], [-71.71095, -35.43652], [-71.70726, -35.43286], [-71.70136, -35.4325], [-71.69959, -35.43073], [-71.69527, -35.41712], [-71.69214, -35.41345], [-71.66335, -35.39209], [-71.64773, -35.3736], [-71.63937, -35.33766], [-71.61509, -35.33322], [-71.59741, -35.31028], [-71.59413, -35.31077], [-71.58624, -35.31815], [-71.58092, -35.32945], [-71.5769, -35.33589], [-71.57215, -35.33869], [-71.56998, -35.33728], [-71.58267, -35.3052], [-71.58078, -35.30355], [-71.57752, -35.30274], [-71.56289, -35.30381], [-71.54519, -35.29042], [-71.54005, -35.27671], [-71.54566, -35.27137], [-71.54566, -35.2685], [-71.53336, -35.26548], [-71.52815, -35.26187], [-71.52514, -35.25739], [-71.52162, -35.2481], [-71.51834, -35.24385], [-71.51564, -35.2428], [-71.5129, -35.24392], [-71.50981, -35.24356], [-71.50888, -35.23878], [-71.50698, -35.237], [-71.50439, -35.23836], [-71.50182, -35.23729], [-71.48154, -35.21917], [-71.45529, -35.21338], [-71.45074, -35.20871], [-71.44884, -35.20384], [-71.43849, -35.19753], [-71.43742, -35.19263], [-71.43946, -35.1826], [-71.43932, -35.17664], [-71.43486, -35.17094], [-71.41756, -35.17999], [-71.41134, -35.17836], [-71.40388, -35.17412], [-71.38331, -35.1459], [-71.38726, -35.12571], [-71.3894, -35.1237], [-71.39444, -35.12101], [-71.39574, -35.11902], [-71.39563, -35.11661], [-71.39312, -35.11372], [-71.39287, -35.1112], [-71.38917, -35.10662], [-71.38286, -35.1059], [-71.37793, -35.10789], [-71.37491, -35.11189], [-71.37156, -35.12094], [-71.36882, -35.12206], [-71.36601, -35.12158], [-71.32334, -35.06476]], [[-71.26752, -35.33586], [-71.25116, -35.32054], [-71.25162, -35.31823], [-71.2552, -35.31389], [-71.2613, -35.30956], [-71.28241, -35.31888], [-71.28154, -35.3212], [-71.27725, -35.32534], [-71.27492, -35.33253], [-71.27305, -35.33454], [-71.26752, -35.33586]], [[-71.33478, -35.43909], [-71.32562, -35.43778], [-71.32047, -35.4353], [-71.30824, -35.41906], [-71.30759, -35.41393], [-71.30845, -35.41149], [-71.31364, -35.40548], [-71.31799, -35.4026], [-71.32088, -35.4017], [-71.32425, -35.40182], [-71.3271, -35.40299], [-71.33517, -35.41099], [-71.33827, -35.41146], [-71.33957, -35.40935], [-71.33958, -35.40649], [-71.34096, -35.40301], [-71.36022, -35.39861], [-71.36768, -35.40869], [-71.37925, -35.40752], [-71.38237, -35.40845], [-71.38319, -35.41094], [-71.38287, -35.41325], [-71.38059, -35.41527], [-71.36411, -35.41626], [-71.36804, -35.42232], [-71.36785, -35.42737], [-71.37726, -35.42799], [-71.37917, -35.42999], [-71.379, -35.43228], [-71.3767, -35.43397], [-71.37115, -35.43506], [-71.35957, -35.43302], [-71.3532, -35.4346], [-71.3443, -35.4389], [-71.33478, -35.43909]], [[-71.29522, -35.45593], [-71.27783, -35.43698], [-71.26886, -35.43371], [-71.27076, -35.42941], [-71.26971, -35.42474], [-71.25489, -35.41282], [-71.25645, -35.39753], [-71.25413, -35.39267], [-71.25448, -35.38808], [-71.26671, -35.36442], [-71.26976, -35.36376], [-71.2737, -35.36432], [-71.27901, -35.36736], [-71.28531, -35.37359], [-71.28706, -35.37823], [-71.28682, -35.38821], [-71.29332, -35.39283], [-71.28957, -35.42424], [-71.29258, -35.43504], [-71.29916, -35.4503], [-71.29927, -35.45259], [-71.29798, -35.45503], [-71.29522, -35.45593]]]}, "properties": {"composicio": "Secuencias volcanicas", "epoca": "Pleistoceno", "era": "CENOZOICO", "geo": "Pl3t", "ha": 144436.28, "m2": 1444362793.85, "periodo": "Neogeno"}}, {"type": "Feature", "geometry": {"type": "Polygon", "coordinates": [[[-72.24104, -35.6112], [-72.25157, -35.61129], [-72.25099, -35.60693], [-72.24642, -35.60467], [-72.2368, -35.6021], [-72.2058, -35.60152], [-72.18543, -35.61717], [-72.18579, -35.61969], [-72.18701, -35.62109], [-72.18994, -35.62194], [-72.1953, -35.6209], [-72.21415, -35.60901], [-72.21852, -35.60851], [-72.2303, -35.60896], [-72.24104, -35.6112]]]}, "properties": {"composicio": "Secuencias sedimentarias", "epoca": "Pleistoceno Holoceno", "era": "CENOZOICO", "geo": "Q1", "ha": 569.29, "m2": 5692895.85, "periodo": "Cuaternario"}}, {"type": "Feature", "geometry": {"type": "Polygon", "coordinates": [[[-71.72933, -35.46588], [-71.72151, -35.45812], [-71.71674, -35.45467], [-71.71332, -35.4498], [-71.69281, -35.45787], [-71.67789, -35.46484], [-71.65638, -35.47086], [-71.65096, -35.48117], [-71.62696, -35.49257], [-71.55623, -35.49771], [-71.53817, -35.48722], [-71.52801, -35.44576], [-71.49249, -35.44287], [-71.47705, -35.445], [-71.43539, -35.45854], [-71.40737, -35.48447], [-71.38976, -35.48844], [-71.37938, -35.51221], [-71.3643, -35.527], [-71.35154, -35.54537], [-71.34769, -35.56538], [-71.34698, -35.57303], [-71.34962, -35.57398], [-71.351, -35.57668], [-71.35078, -35.58105], [-71.34101, -35.59442], [-71.34456, -35.59522], [-71.35062, -35.59274], [-71.35375, -35.59356], [-71.35808, -35.59939], [-71.35582, -35.60507], [-71.35802, -35.60707], [-71.36131, -35.60834], [-71.36936, -35.60327], [-71.37008, -35.60691], [-71.36825, -35.60972], [-71.35985, -35.6133], [-71.35818, -35.61668], [-71.36027, -35.61937], [-71.36339, -35.62008], [-71.36584, -35.61839], [-71.36665, -35.61469], [-71.36894, -35.61257], [-71.37061, -35.61228], [-71.37206, -35.61326], [-71.37257, -35.61696], [-71.40098, -35.60592], [-71.51644, -35.59304], [-71.53669, -35.58593], [-71.57974, -35.57833], [-71.67747, -35.54466], [-71.68799, -35.54443], [-71.69445, -35.54524], [-71.70146, -35.5477], [-71.7016, -35.53394], [-71.69997, -35.52941], [-71.67576, -35.51452], [-71.6658, -35.52169], [-71.643, -35.52973], [-71.63711, -35.53094], [-71.63041, -35.52732], [-71.63327, -35.51433], [-71.63952, -35.50396], [-71.64714, -35.49517], [-71.6819, -35.47125], [-71.69364, -35.46776], [-71.71069, -35.46576], [-71.72933, -35.46588]]]}, "properties": {"composicio": "Secuencias sedimentarias", "epoca": "Pleistoceno Holoceno", "era": "CENOZOICO", "geo": "Q1", "ha": 35318.96, "m2": 353189643.38, "periodo": "Cuaternario"}}, {"type": "Feature", "geometry": {"type": "Polygon", "coordinates": [[[-72.49137, -35.39704], [-72.47627, -35.40207], [-72.45699, -35.40622], [-72.44688, -35.40742], [-72.4343, -35.40653], [-72.4258, -35.40467], [-72.41566, -35.4013], [-72.39753, -35.39287], [-72.38142, -35.38231], [-72.37312, -35.37267], [-72.37181, -35.37483], [-72.36939, -35.3765], [-72.36264, -35.37788], [-72.35524, -35.37718], [-72.34305, -35.37239], [-72.33633, -35.37228], [-72.31779, -35.3803], [-72.31478, -35.38312], [-72.31306, -35.38983], [-72.31119, -35.39187], [-72.2998, -35.39395], [-72.29308, -35.39921], [-72.28885, -35.40589], [-72.28286, -35.42077], [-72.28043, -35.42365], [-72.31817, -35.48176], [-72.44025, -35.60554], [-72.4414, -35.60323], [-72.44811, -35.59865], [-72.45273, -35.59323], [-72.4559, -35.58436], [-72.45623, -35.57636], [-72.45796, -35.57432], [-72.45937, -35.574], [-72.46887, -35.57564], [-72.479, -35.57478], [-72.48198, -35.57345], [-72.49243, -35.5647], [-72.49986, -35.56481], [-72.50278, -35.56589], [-72.51147, -35.57827], [-72.53619, -35.571], [-72.54485, -35.57273], [-72.5485, -35.57256], [-72.55818, -35.56675], [-72.5614, -35.56681], [-72.56488, -35.56801], [-72.57152, -35.57246], [-72.57517, -35.57195], [-72.58031, -35.56824], [-72.58356, -35.56738], [-72.58831, -35.56825], [-72.59927, -35.57356], [-72.60348, -35.5734], [-72.60692, -35.57025], [-72.6055, -35.56508], [-72.60235, -35.56159], [-72.54437, -35.52089], [-72.50951, -35.4758], [-72.47856, -35.45268], [-72.47711, -35.44876], [-72.47888, -35.43357], [-72.49137, -35.39704]]]}, "properties": {"composicio": "Rocas metamorficas", "epoca": "Silurico? Carbonifero", "era": "PALEOZOICO", "geo": "Pz4a", "ha": 36092.22, "m2": 360922250.04, "periodo": ""}}, {"type": "Feature", "geometry": {"type": "Polygon", "coordinates": [[[-71.89472, -35.57935], [-71.91082, -35.57932], [-71.91558, -35.58177], [-71.91656, -35.58426], [-71.91526, -35.58626], [-71.89971, -35.58923], [-71.89737, -35.59108], [-71.89957, -35.59989], [-71.90677, -35.60149], [-71.91346, -35.60097], [-71.91859, -35.59926], [-71.92239, -35.5967], [-71.92656, -35.59235], [-71.92776, -35.58966], [-71.92653, -35.58563], [-71.91371, -35.56615], [-71.90907, -35.56344], [-71.90409, -35.56338], [-71.90113, -35.56521], [-71.89846, -35.56916], [-71.89472, -35.57935]]]}, "properties": {"composicio": "Secuencias sedimentarias", "epoca": "Triasico Superior", "era": "MEZOZOICO", "geo": "Tr1m", "ha": 717.41, "m2": 7174074.74, "periodo": "Triasico"}}, {"type": "Feature", "geometry": {"type": "Polygon", "coordinates": [[[-71.81826, -35.5541], [-71.81694, -35.55802], [-71.81583, -35.57554], [-71.81764, -35.58416], [-71.82976, -35.58512], [-71.83212, -35.58985], [-71.83405, -35.59184], [-71.83832, -35.59306], [-71.84732, -35.58552], [-71.85038, -35.58506], [-71.85762, -35.58916], [-71.86099, -35.58663], [-71.86085, -35.58125], [-71.8593, -35.57855], [-71.85058, -35.57818], [-71.85373, -35.57142], [-71.85373, -35.56866], [-71.84075, -35.56454], [-71.8402, -35.56204], [-71.8412, -35.55708], [-71.84034, -35.55149], [-71.83776, -35.55044], [-71.83209, -35.55191], [-71.8258, -35.56039], [-71.82299, -35.56014], [-71.82038, -35.55852], [-71.81826, -35.5541]]]}, "properties": {"composicio": "Secuencias sedimentarias", "epoca": "Triasico Superior", "era": "MEZOZOICO", "geo": "Tr1m", "ha": 1112.67, "m2": 11126650.23, "periodo": "Triasico"}}, {"type": "Feature", "geometry": {"type": "Polygon", "coordinates": [[[-72.62082, -35.56175], [-72.581, -35.53712], [-72.56221, -35.51487], [-72.53809, -35.51142], [-72.55896, -35.53291], [-72.57488, -35.54162], [-72.591, -35.55444], [-72.60235, -35.56159], [-72.6055, -35.56508], [-72.60692, -35.57025], [-72.60829, -35.56558], [-72.61016, -35.56331], [-72.61299, -35.56233], [-72.61916, -35.56242], [-72.62082, -35.56175]]]}, "properties": {"composicio": "Secuencias sedimentarias", "epoca": "Pleistoceno Holoceno", "era": "CENOZOICO", "geo": "Qm", "ha": 939.55, "m2": 9395504.96, "periodo": "Cuaternario"}}, {"type": "Feature", "geometry": {"type": "Polygon", "coordinates": [[[-71.73482, -35.48433], [-71.72967, -35.48202], [-71.72049, -35.48331], [-71.71342, -35.48832], [-71.71029, -35.49324], [-71.70287, -35.49922], [-71.69836, -35.4976], [-71.69502, -35.49818], [-71.69459, -35.50071], [-71.69556, -35.50607], [-71.69385, -35.50831], [-71.68383, -35.50418], [-71.67623, -35.51178], [-71.67576, -35.51452], [-71.67634, -35.51671], [-71.67853, -35.51846], [-71.68932, -35.52119], [-71.69772, -35.52662], [-71.69997, -35.52941], [-71.7016, -35.53394], [-71.70146, -35.5477], [-71.71131, -35.55951], [-71.71509, -35.55926], [-71.72094, -35.55573], [-71.72708, -35.55506], [-71.73298, -35.55818], [-71.73895, -35.55957], [-71.74693, -35.5539], [-71.74808, -35.55169], [-71.74769, -35.54688], [-71.75013, -35.54256], [-71.7625, -35.5349], [-71.77048, -35.52648], [-71.77629, -35.52369], [-71.75783, -35.497], [-71.74632, -35.48757], [-71.73769, -35.48562], [-71.73482, -35.48433]]]}, "properties": {"composicio": "Rocas intrusivas", "epoca": "Cretacico Inferior alto Cretacico Superior bajo  123", "era": "MEZOZOICO", "geo": "Kiag", "ha": 4525.02, "m2": 45250207.73, "periodo": "Cretacico"}}, {"type": "Feature", "geometry": {"type": "Polygon", "coordinates": [[[-71.73482, -35.48433], [-71.75057, -35.47724], [-71.75832, -35.47276], [-71.76949, -35.47197], [-71.7801, -35.47441], [-71.8163, -35.50467], [-71.84759, -35.49186], [-71.87102, -35.47394], [-71.87319, -35.46456], [-71.82813, -35.46539], [-71.82515, -35.4647], [-71.81695, -35.46064], [-71.81342, -35.46007], [-71.80729, -35.46064], [-71.80207, -35.46265], [-71.79705, -35.46581], [-71.77316, -35.4638], [-71.76718, -35.46232], [-71.69364, -35.46776], [-71.64714, -35.49517], [-71.63952, -35.50396], [-71.63327, -35.51433], [-71.63041, -35.52732], [-71.63711, -35.53094], [-71.643, -35.52973], [-71.6658, -35.52169], [-71.67576, -35.51452], [-71.67623, -35.51178], [-71.68383, -35.50418], [-71.69385, -35.50831], [-71.69556, -35.50607], [-71.69459, -35.50071], [-71.69502, -35.49818], [-71.69836, -35.4976], [-71.70287, -35.49922], [-71.71029, -35.49324], [-71.71342, -35.48832], [-71.72049, -35.48331], [-71.72967, -35.48202], [-71.73482, -35.48433]]]}, "properties": {"composicio": "Secuencias volcanicas", "epoca": "Pleistoceno", "era": "CENOZOICO", "geo": "Pl3t", "ha": 5979.21, "m2": 59792142.45, "periodo": "Neogeno"}}, {"type": "Feature", "geometry": {"type": "Polygon", "coordinates": [[[-71.8163, -35.50467], [-71.7801, -35.47441], [-71.76949, -35.47197], [-71.75832, -35.47276], [-71.75057, -35.47724], [-71.73482, -35.48433], [-71.73769, -35.48562], [-71.74632, -35.48757], [-71.75783, -35.497], [-71.77629, -35.52369], [-71.77951, -35.52214], [-71.78535, -35.52125], [-71.78849, -35.51976], [-71.79333, -35.51305], [-71.79562, -35.51125], [-71.80162, -35.5107], [-71.80704, -35.51256], [-71.80985, -35.51258], [-71.81216, -35.51124], [-71.8163, -35.50467]]]}, "properties": {"composicio": "Secuencias volcanosedimenta", "epoca": "Cretacico Inferior Cretacico", "era": "MEZOZOICO", "geo": "Ki2c", "ha": 2078.88, "m2": 20788807.73, "periodo": "Cretacico"}}, {"type": "Feature", "geometry": {"type": "Polygon", "coordinates": [[[-71.92357, -35.47947], [-71.92045, -35.47603], [-71.9124, -35.47219], [-71.9096, -35.47218], [-71.9038, -35.47389], [-71.89679, -35.47907], [-71.89051, -35.48544], [-71.8962, -35.51691], [-71.89847, -35.52059], [-71.904, -35.52219], [-71.90826, -35.52209], [-71.91466, -35.51992], [-71.92357, -35.47947]]]}, "properties": {"composicio": "Secuencias volcanicas", "epoca": "Jurasico", "era": "MEZOZOICO", "geo": "J3i", "ha": 1226.12, "m2": 12261198.1, "periodo": "Jurasico"}}, {"type": "Feature", "geometry": {"type": "Polygon", "coordinates": [[[-72.05519, -35.43437], [-72.03915, -35.44848], [-72.05219, -35.47978], [-72.06129, -35.49458], [-72.06306, -35.49645], [-72.06587, -35.49638], [-72.06478, -35.47109], [-72.06379, -35.46626], [-72.05807, -35.45103], [-72.05519, -35.43437]]]}, "properties": {"composicio": "Rocas metamorficas", "epoca": "Paleozoico Triasico", "era": "PALEOZOICO", "geo": "PzTr4", "ha": 837.67, "m2": 8376722.37, "periodo": ""}}, {"type": "Feature", "geometry": {"type": "Polygon", "coordinates": [[[-71.96579, -35.46699], [-71.95453, -35.47672], [-71.95579, -35.47931], [-71.95838, -35.48059], [-71.95415, -35.49049], [-71.95704, -35.49474], [-71.95949, -35.49602], [-71.96242, -35.49569], [-71.96485, -35.49411], [-71.96571, -35.49179], [-71.96423, -35.48244], [-71.96751, -35.47327], [-71.96579, -35.46699]]]}, "properties": {"composicio": "Secuencias sedimentarias", "epoca": "Pleistoceno Holoceno", "era": "CENOZOICO", "geo": "Q1", "ha": 231.52, "m2": 2315225.32, "periodo": "Cuaternario"}}, {"type": "Feature", "geometry": {"type": "Polygon", "coordinates": [[[-72.49876, -35.39373], [-72.49137, -35.39704], [-72.47888, -35.43357], [-72.47711, -35.44876], [-72.47856, -35.45268], [-72.48019, -35.45465], [-72.4888, -35.46138], [-72.4894, -35.43216], [-72.49103, -35.41973], [-72.49876, -35.39373]]]}, "properties": {"composicio": "Secuencias sedimentarias", "epoca": "Pleistoceno Holoceno", "era": "CENOZOICO", "geo": "Qm", "ha": 564.5, "m2": 5644951.97, "periodo": "Cuaternario"}}, {"type": "Feature", "geometry": {"type": "Polygon", "coordinates": [[[-71.80387, -34.99632], [-71.79591, -34.99734], [-71.79263, -35.00333], [-71.79621, -35.00732], [-71.79826, -35.01194], [-71.79914, -35.04538], [-71.78568, -35.04655], [-71.77223, -35.02605], [-71.77047, -35.02427], [-71.76525, -35.02297], [-71.75349, -35.03026], [-71.74717, -35.04287], [-71.73962, -35.04794], [-71.73768, -35.0533], [-71.75475, -35.06241], [-71.76119, -35.06784], [-71.76416, -35.07849], [-71.76625, -35.10931], [-71.76416, -35.1248], [-71.75821, -35.13394], [-71.75484, -35.14259], [-71.74727, -35.15005], [-71.73658, -35.15844], [-71.7359, -35.17911], [-71.76031, -35.22275], [-71.76615, -35.23249], [-71.77198, -35.24987], [-71.76702, -35.29035], [-71.77418, -35.29365], [-71.77499, -35.2958], [-71.77464, -35.30532], [-71.77599, -35.30998], [-71.78299, -35.31546], [-71.79332, -35.32059], [-71.79496, -35.3226], [-71.79659, -35.32712], [-71.79851, -35.32901], [-71.80405, -35.328], [-71.80686, -35.32826], [-71.80704, -35.33982], [-71.82065, -35.34599], [-71.82192, -35.34892], [-71.82225, -35.3606], [-71.82569, -35.3677], [-71.83601, -35.3804], [-71.85261, -35.39538], [-71.86403, -35.40759], [-71.86583, -35.41268], [-71.86612, -35.41806], [-71.86839, -35.42393], [-71.87189, -35.42931], [-71.87838, -35.43549], [-71.88112, -35.43975], [-71.88146, -35.44263], [-71.88334, -35.45515], [-71.88542, -35.45748], [-71.89104, -35.46037], [-71.89395, -35.45981], [-71.90068, -35.45474], [-71.90471, -35.45414], [-71.91067, -35.45553], [-71.91789, -35.4595], [-71.92165, -35.45925], [-71.93081, -35.44974], [-71.93413, -35.44905], [-71.94037, -35.45042], [-71.94817, -35.44693], [-71.95099, -35.44739], [-71.95331, -35.44879], [-71.96002, -35.45635], [-71.96274, -35.4574], [-71.9661, -35.45739], [-71.96887, -35.45682], [-71.97405, -35.45433], [-71.98742, -35.44249], [-71.99325, -35.44147], [-71.97863, -35.41726], [-71.9736, -35.41481], [-71.962, -35.4126], [-71.95594, -35.40927], [-71.94676, -35.39723], [-71.94116, -35.39193], [-71.87154, -35.3492], [-71.86845, -35.34374], [-71.86139, -35.3352], [-71.83463, -35.32951], [-71.81687, -35.3217], [-71.81156, -35.31856], [-71.79551, -35.30114], [-71.79416, -35.29009], [-71.79541, -35.28918], [-71.79967, -35.27028], [-71.80685, -35.26589], [-71.8126, -35.26351], [-71.82115, -35.23545], [-71.82425, -35.22803], [-71.82964, -35.22208], [-71.85259, -35.21726], [-71.87084, -35.21669], [-71.89472, -35.22728], [-71.90622, -35.23649], [-71.90589, -35.22564], [-71.91113, -35.21112], [-71.91124, -35.20527], [-71.90971, -35.2028], [-71.9051, -35.19999], [-71.89922, -35.19963], [-71.89143, -35.19762], [-71.88995, -35.19343], [-71.88286, -35.18338], [-71.87918, -35.17708], [-71.87392, -35.15653], [-71.86985, -35.14808], [-71.86279, -35.13836], [-71.85701, -35.13348], [-71.86218, -35.12917], [-71.86368, -35.12882], [-71.86178, -35.12705], [-71.85972, -35.12242], [-71.85931, -35.11717], [-71.87091, -35.0428], [-71.86843, -35.03797], [-71.86394, -35.03205], [-71.85733, -35.02553], [-71.80387, -34.99632]]]}, "properties": {"composicio": "Secuencias volcanicas", "epoca": "Jurasico", "era": "MEZOZOICO", "geo": "J3i", "ha": 39412.84, "m2": 394128435.32, "periodo": "Jurasico"}}, {"type": "Feature", "geometry": {"type": "Polygon", "coordinates": [[[-71.51159, -35.09319], [-71.50647, -35.1068], [-71.48569, -35.1035], [-71.50329, -35.19218], [-71.53406, -35.24827], [-71.57714, -35.29841], [-71.59741, -35.31028], [-71.59948, -35.3114], [-71.61509, -35.33322], [-71.63937, -35.33766], [-71.64773, -35.3736], [-71.66335, -35.39209], [-71.69214, -35.41345], [-71.69527, -35.41712], [-71.69959, -35.43073], [-71.70136, -35.4325], [-71.70726, -35.43286], [-71.71095, -35.43652], [-71.71256, -35.44609], [-71.71462, -35.44808], [-71.71332, -35.4498], [-71.75657, -35.44948], [-71.75842, -35.44735], [-71.75514, -35.44082], [-71.76184, -35.43485], [-71.76282, -35.43478], [-71.74012, -35.39107], [-71.71383, -35.36788], [-71.71198, -35.36112], [-71.72632, -35.36004], [-71.72659, -35.35499], [-71.7146, -35.3297], [-71.70825, -35.31105], [-71.70009, -35.31605], [-71.689, -35.32152], [-71.67537, -35.32423], [-71.65236, -35.29462], [-71.64964, -35.28624], [-71.65084, -35.27819], [-71.65422, -35.27651], [-71.68438, -35.2682], [-71.66777, -35.22682], [-71.6623, -35.20928], [-71.65767, -35.19782], [-71.65393, -35.20187], [-71.64208, -35.20685], [-71.62083, -35.21203], [-71.61508, -35.21215], [-71.60922, -35.20842], [-71.60136, -35.19144], [-71.60194, -35.17375], [-71.59706, -35.17105], [-71.5946, -35.16632], [-71.59777, -35.16265], [-71.58645, -35.14802], [-71.58061, -35.14856], [-71.57557, -35.15103], [-71.56899, -35.16214], [-71.56613, -35.1635], [-71.56575, -35.14999], [-71.54447, -35.1515], [-71.54202, -35.15273], [-71.5399, -35.15509], [-71.53791, -35.16008], [-71.53815, -35.16501], [-71.53977, -35.16977], [-71.5392, -35.17232], [-71.5365, -35.17424], [-71.53068, -35.17523], [-71.52787, -35.17487], [-71.52333, -35.17032], [-71.53066, -35.15162], [-71.53001, -35.14683], [-71.52644, -35.13927], [-71.52749, -35.13765], [-71.5193, -35.13089], [-71.52035, -35.12705], [-71.52452, -35.12443], [-71.52736, -35.12501], [-71.52812, -35.10303], [-71.52521, -35.09641], [-71.51159, -35.09319]]]}, "properties": {"composicio": "Secuencias volcanosedimenta", "epoca": "Cretacico Inferior Cretacico", "era": "MEZOZOICO", "geo": "Ki2c", "ha": 29808.42, "m2": 298084179.28, "periodo": "Cretacico"}}, {"type": "Feature", "geometry": {"type": "Polygon", "coordinates": [[[-71.76031, -35.22275], [-71.75383, -35.22263], [-71.7395, -35.2191], [-71.73023, -35.21254], [-71.71534, -35.18877], [-71.71249, -35.1876], [-71.71092, -35.18972], [-71.71659, -35.21073], [-71.71815, -35.214], [-71.72453, -35.21859], [-71.72579, -35.22153], [-71.72265, -35.22576], [-71.72457, -35.22776], [-71.73397, -35.23133], [-71.73714, -35.23592], [-71.73917, -35.269], [-71.73655, -35.27869], [-71.73582, -35.28594], [-71.73042, -35.30011], [-71.71746, -35.30804], [-71.70825, -35.31105], [-71.7146, -35.3297], [-71.72659, -35.35499], [-71.72632, -35.36004], [-71.71198, -35.36112], [-71.71383, -35.36788], [-71.71972, -35.37316], [-71.72645, -35.37697], [-71.73507, -35.3847], [-71.74012, -35.39107], [-71.76282, -35.43478], [-71.77629, -35.44626], [-71.7853, -35.4472], [-71.80476, -35.44709], [-71.81695, -35.44447], [-71.81939, -35.4429], [-71.82446, -35.43538], [-71.82735, -35.43447], [-71.83443, -35.43869], [-71.84027, -35.44042], [-71.85832, -35.44011], [-71.8646, -35.44253], [-71.86743, -35.44215], [-71.86923, -35.43995], [-71.86938, -35.43743], [-71.86634, -35.43295], [-71.84763, -35.41254], [-71.84247, -35.40492], [-71.83694, -35.39286], [-71.83503, -35.39109], [-71.82992, -35.38967], [-71.8188, -35.37705], [-71.80825, -35.36053], [-71.80914, -35.35614], [-71.80819, -35.35399], [-71.7997, -35.34662], [-71.80872, -35.34136], [-71.80876, -35.32991], [-71.80686, -35.32826], [-71.80405, -35.328], [-71.79851, -35.32901], [-71.79659, -35.32712], [-71.79496, -35.3226], [-71.79332, -35.32059], [-71.78299, -35.31546], [-71.77599, -35.30998], [-71.77464, -35.30532], [-71.77499, -35.2958], [-71.77418, -35.29365], [-71.76702, -35.29035], [-71.77198, -35.24987], [-71.76615, -35.23249], [-71.76031, -35.22275]]]}, "properties": {"composicio": "Secuencias volcanicas", "epoca": "Pleistoceno", "era": "CENOZOICO", "geo": "Pl3t", "ha": 15816.95, "m2": 158169500.72, "periodo": "Neogeno"}}, {"type": "Feature", "geometry": {"type": "Polygon", "coordinates": [[[-71.80872, -35.34136], [-71.7997, -35.34662], [-71.80819, -35.35399], [-71.80914, -35.35614], [-71.80825, -35.36053], [-71.8188, -35.37705], [-71.82992, -35.38967], [-71.83503, -35.39109], [-71.83694, -35.39286], [-71.86938, -35.43743], [-71.86923, -35.43995], [-71.86743, -35.44215], [-71.87416, -35.44131], [-71.88146, -35.44263], [-71.86839, -35.42393], [-71.86612, -35.41806], [-71.86583, -35.41268], [-71.86403, -35.40759], [-71.85261, -35.39538], [-71.83601, -35.3804], [-71.82569, -35.3677], [-71.82225, -35.3606], [-71.82192, -35.34892], [-71.82065, -35.34599], [-71.81818, -35.34435], [-71.80968, -35.34225], [-71.80872, -35.34136]]]}, "properties": {"composicio": "Secuencias sedimentarias", "epoca": "Pleistoceno Holoceno", "era": "CENOZOICO", "geo": "Q1", "ha": 1429.47, "m2": 14294741.68, "periodo": "Cuaternario"}}, {"type": "Feature", "geometry": {"type": "Polygon", "coordinates": [[[-71.96808, -35.09588], [-71.96218, -35.09496], [-71.95679, -35.09595], [-71.9548, -35.09775], [-71.95278, -35.10172], [-71.94938, -35.11125], [-71.94547, -35.11127], [-71.94371, -35.1095], [-71.94222, -35.10509], [-71.94237, -35.10279], [-71.94476, -35.09789], [-71.94859, -35.09374], [-71.95027, -35.08863], [-71.94663, -35.08051], [-71.9435, -35.07673], [-71.94119, -35.07521], [-71.92187, -35.11648], [-71.92463, -35.16632], [-71.92777, -35.18489], [-71.93342, -35.20336], [-71.94606, -35.23316], [-71.95882, -35.25677], [-71.96621, -35.26786], [-71.97181, -35.27362], [-71.98457, -35.28293], [-71.9863, -35.28323], [-71.99056, -35.28227], [-72.00591, -35.28861], [-72.00921, -35.29139], [-72.0132, -35.29955], [-72.01302, -35.30235], [-72.01088, -35.30572], [-71.99122, -35.31686], [-71.99325, -35.44147], [-72.02143, -35.44057], [-72.03244, -35.43694], [-72.04027, -35.43224], [-72.03793, -35.42604], [-72.03542, -35.3973], [-72.03197, -35.38601], [-72.03294, -35.37698], [-72.03446, -35.37254], [-72.03619, -35.37085], [-72.05484, -35.41777], [-72.06048, -35.41148], [-72.06679, -35.40807], [-72.04073, -35.35453], [-72.05211, -35.32895], [-72.05809, -35.32014], [-72.06589, -35.32142], [-72.07413, -35.32159], [-72.06965, -35.31212], [-72.06395, -35.3063], [-72.06043, -35.29778], [-72.06105, -35.28181], [-72.06052, -35.26166], [-72.057, -35.24808], [-72.05282, -35.23769], [-72.04931, -35.23373], [-72.04532, -35.23136], [-72.0344, -35.22759], [-71.98372, -35.17176], [-71.97113, -35.13979], [-71.97139, -35.12637], [-71.97361, -35.11849], [-71.97334, -35.11071], [-71.97211, -35.10593], [-71.96824, -35.09885], [-71.96808, -35.09588]]]}, "properties": {"composicio": "Rocas intrusivas", "epoca": "Carbonifero Permico  328-235 Ma", "era": "PALEOZOICO", "geo": "CPg", "ha": 22209.99, "m2": 222099850.15, "periodo": ""}}, {"type": "Feature", "geometry": {"type": "Polygon", "coordinates": [[[-71.99122, -35.31686], [-71.97242, -35.30941], [-71.9697, -35.30525], [-71.96729, -35.29743], [-71.9614, -35.29719], [-71.9489, -35.29341], [-71.93763, -35.28397], [-71.92927, -35.27384], [-71.92177, -35.26162], [-71.91109, -35.24734], [-71.90622, -35.23649], [-71.89472, -35.22728], [-71.87084, -35.21669], [-71.85259, -35.21726], [-71.82964, -35.22208], [-71.82425, -35.22803], [-71.82115, -35.23545], [-71.8126, -35.26351], [-71.80685, -35.26589], [-71.79967, -35.27028], [-71.79541, -35.28918], [-71.79416, -35.29009], [-71.79551, -35.30114], [-71.81156, -35.31856], [-71.81687, -35.3217], [-71.83463, -35.32951], [-71.86139, -35.3352], [-71.86845, -35.34374], [-71.87154, -35.3492], [-71.94116, -35.39193], [-71.94676, -35.39723], [-71.95594, -35.40927], [-71.962, -35.4126], [-71.9736, -35.41481], [-71.97863, -35.41726], [-71.99325, -35.44147], [-71.99122, -35.31686]]]}, "properties": {"composicio": "Rocas intrusivas", "epoca": "Jurasico Inferior  202 178 Ma", "era": "MEZOZOICO", "geo": "Jig", "ha": 21633.42, "m2": 216334199.85, "periodo": "Jurasico"}}, {"type": "Feature", "geometry": {"type": "Polygon", "coordinates": [[[-71.33478, -35.43909], [-71.3443, -35.4389], [-71.3532, -35.4346], [-71.35957, -35.43302], [-71.37115, -35.43506], [-71.3767, -35.43397], [-71.379, -35.43228], [-71.37917, -35.42999], [-71.37726, -35.42799], [-71.36785, -35.42737], [-71.36804, -35.42232], [-71.36411, -35.41626], [-71.38059, -35.41527], [-71.38287, -35.41325], [-71.38319, -35.41094], [-71.38237, -35.40845], [-71.37925, -35.40752], [-71.36768, -35.40869], [-71.36022, -35.39861], [-71.34096, -35.40301], [-71.33958, -35.40649], [-71.33957, -35.40935], [-71.33827, -35.41146], [-71.33517, -35.41099], [-71.3271, -35.40299], [-71.32425, -35.40182], [-71.32088, -35.4017], [-71.31799, -35.4026], [-71.31364, -35.40548], [-71.30845, -35.41149], [-71.30759, -35.41393], [-71.30824, -35.41906], [-71.32047, -35.4353], [-71.32562, -35.43778], [-71.33478, -35.43909]]]}, "properties": {"composicio": "Secuencias volcanosedimenta", "epoca": "Oligoceno Mioceno", "era": "CENOZOICO", "geo": "OM2c", "ha": 2013.25, "m2": 20132500.62, "periodo": "Paleogeno"}}, {"type": "Feature", "geometry": {"type": "Polygon", "coordinates": [[[-72.05484, -35.41777], [-72.03619, -35.37085], [-72.03446, -35.37254], [-72.03294, -35.37698], [-72.03197, -35.38601], [-72.03542, -35.3973], [-72.03793, -35.42604], [-72.04027, -35.43224], [-72.05069, -35.42067], [-72.05484, -35.41777]]]}, "properties": {"composicio": "Rocas metamorficas", "epoca": "Paleozoico Triasico", "era": "PALEOZOICO", "geo": "PzTr4", "ha": 690.96, "m2": 6909596.38, "periodo": ""}}, {"type": "Feature", "geometry": {"type": "Polygon", "coordinates": [[[-72.0817, -35.05069], [-72.07321, -35.0512], [-72.06181, -35.05016], [-72.05771, -35.05202], [-72.05485, -35.05459], [-72.04711, -35.06652], [-72.04724, -35.07178], [-72.04939, -35.07937], [-72.04845, -35.08301], [-72.04412, -35.08315], [-72.03648, -35.08206], [-72.03283, -35.08278], [-72.01817, -35.09267], [-71.96808, -35.09588], [-71.96824, -35.09885], [-71.97211, -35.10593], [-71.97334, -35.11071], [-71.97361, -35.11849], [-71.97139, -35.12637], [-71.97113, -35.13979], [-71.98372, -35.17176], [-72.0344, -35.22759], [-72.04532, -35.23136], [-72.04931, -35.23373], [-72.05282, -35.23769], [-72.057, -35.24808], [-72.06052, -35.26166], [-72.06105, -35.28181], [-72.06043, -35.29778], [-72.06395, -35.3063], [-72.06965, -35.31212], [-72.07413, -35.32159], [-72.06589, -35.32142], [-72.05809, -35.32014], [-72.05211, -35.32895], [-72.04073, -35.35453], [-72.06679, -35.40807], [-72.06972, -35.40673], [-72.07126, -35.40676], [-72.0786, -35.40942], [-72.09187, -35.42022], [-72.09723, -35.42386], [-72.10275, -35.42649], [-72.14469, -35.42419], [-72.15189, -35.42192], [-72.16056, -35.41727], [-72.16466, -35.41587], [-72.18318, -35.41461], [-72.19305, -35.41215], [-72.20194, -35.4043], [-72.21088, -35.40527], [-72.22841, -35.40948], [-72.23823, -35.41379], [-72.25238, -35.40843], [-72.2566, -35.4076], [-72.26205, -35.40804], [-72.2706, -35.41277], [-72.27305, -35.41252], [-72.14682, -35.2323], [-72.12089, -35.19643], [-72.09802, -35.15644], [-72.07494, -35.09239], [-72.07372, -35.07762], [-72.07587, -35.06388], [-72.0817, -35.05069]]]}, "properties": {"composicio": "Rocas metamorficas", "epoca": "Silurico? Carbonifero", "era": "PALEOZOICO", "geo": "Pz4b", "ha": 45853.23, "m2": 458532268.84, "periodo": ""}}, {"type": "Feature", "geometry": {"type": "Polygon", "coordinates": [[[-72.14189, -35.06294], [-72.13141, -35.05851], [-72.1117, -35.04578], [-72.10769, -35.04445], [-72.0817, -35.05069], [-72.07587, -35.06388], [-72.07372, -35.07762], [-72.07494, -35.09239], [-72.09802, -35.15644], [-72.12089, -35.19643], [-72.14682, -35.2323], [-72.27305, -35.41252], [-72.27525, -35.41171], [-72.29205, -35.38524], [-72.30348, -35.38154], [-72.31347, -35.36879], [-72.31776, -35.3652], [-72.36471, -35.36204], [-72.36129, -35.34907], [-72.36233, -35.34205], [-72.36548, -35.33431], [-72.36873, -35.32897], [-72.37913, -35.32121], [-72.37781, -35.31418], [-72.37499, -35.30944], [-72.37139, -35.30835], [-72.36815, -35.3091], [-72.35918, -35.31558], [-72.35844, -35.31694], [-72.35215, -35.31706], [-72.34911, -35.31552], [-72.36159, -35.30046], [-72.36197, -35.29915], [-72.36039, -35.29512], [-72.35888, -35.29395], [-72.35679, -35.29391], [-72.35395, -35.29535], [-72.35368, -35.3005], [-72.35267, -35.30173], [-72.35099, -35.30217], [-72.33064, -35.29964], [-72.32734, -35.29729], [-72.32428, -35.29106], [-72.32504, -35.28341], [-72.32409, -35.28236], [-72.32113, -35.283], [-72.3199, -35.28206], [-72.3215, -35.27969], [-72.32185, -35.27706], [-72.31757, -35.27469], [-72.31032, -35.27411], [-72.30922, -35.27329], [-72.32604, -35.24968], [-72.31117, -35.24106], [-72.31389, -35.2387], [-72.31368, -35.23596], [-72.31206, -35.23353], [-72.3064, -35.23091], [-72.29898, -35.23169], [-72.29678, -35.23017], [-72.29659, -35.22147], [-72.29753, -35.21737], [-72.29635, -35.21472], [-72.27494, -35.20529], [-72.27459, -35.20289], [-72.27679, -35.1987], [-72.27979, -35.19623], [-72.28599, -35.19405], [-72.28744, -35.19191], [-72.28688, -35.18675], [-72.28489, -35.18248], [-72.28175, -35.1798], [-72.27761, -35.17801], [-72.26563, -35.1771], [-72.25967, -35.17528], [-72.24578, -35.15673], [-72.24271, -35.15701], [-72.24148, -35.16111], [-72.23893, -35.16256], [-72.23461, -35.16225], [-72.23035, -35.15988], [-72.22881, -35.16009], [-72.22745, -35.16384], [-72.22631, -35.16473], [-72.2234, -35.16376], [-72.21627, -35.15917], [-72.21418, -35.15913], [-72.21176, -35.16058], [-72.20722, -35.16838], [-72.20538, -35.1695], [-72.20245, -35.16944], [-72.20122, -35.16862], [-72.1988, -35.16491], [-72.19981, -35.15887], [-72.20338, -35.15584], [-72.21106, -35.15576], [-72.21221, -35.15452], [-72.21548, -35.1468], [-72.21468, -35.14027], [-72.21213, -35.13656], [-72.2061, -35.13255], [-72.20317, -35.13261], [-72.19515, -35.13511], [-72.19, -35.13444], [-72.18286, -35.13008], [-72.1798, -35.12475], [-72.17557, -35.12135], [-72.16661, -35.11742], [-72.1551, -35.11491], [-72.15249, -35.11349], [-72.153, -35.10995], [-72.15789, -35.09963], [-72.15766, -35.09265], [-72.15307, -35.08204], [-72.15272, -35.07436], [-72.15054, -35.07271], [-72.1457, -35.0661], [-72.14189, -35.06294]]]}, "properties": {"composicio": "Rocas metamorficas", "epoca": "Silurico? Carbonifero", "era": "PALEOZOICO", "geo": "Pz4a", "ha": 42769.23, "m2": 427692316.1, "periodo": ""}}, {"type": "Feature", "geometry": {"type": "Polygon", "coordinates": [[[-72.41883, -35.31718], [-72.41588, -35.31716], [-72.41081, -35.31975], [-72.4043, -35.33441], [-72.39191, -35.35456], [-72.37312, -35.37267], [-72.38142, -35.38231], [-72.39753, -35.39287], [-72.41566, -35.4013], [-72.4258, -35.40467], [-72.4343, -35.40653], [-72.44688, -35.40742], [-72.45699, -35.40622], [-72.47627, -35.40207], [-72.49137, -35.39704], [-72.49876, -35.39373], [-72.47526, -35.36408], [-72.46212, -35.36227], [-72.44505, -35.35106], [-72.43792, -35.33081], [-72.41883, -35.31718]]]}, "properties": {"composicio": "Rocas intrusivas", "epoca": "Jurasico Inferior  202 178 Ma", "era": "MEZOZOICO", "geo": "Jig", "ha": 5940.92, "m2": 59409179.26, "periodo": "Jurasico"}}, {"type": "Feature", "geometry": {"type": "Polygon", "coordinates": [[[-72.37913, -35.32121], [-72.36873, -35.32897], [-72.36548, -35.33431], [-72.36233, -35.34205], [-72.36129, -35.34907], [-72.36471, -35.36204], [-72.37504, -35.35772], [-72.3785, -35.35389], [-72.38175, -35.34709], [-72.38735, -35.34111], [-72.38803, -35.33655], [-72.38759, -35.33173], [-72.38572, -35.32782], [-72.37913, -35.32121]]]}, "properties": {"composicio": "Rocas intrusivas", "epoca": "Jurasico Inferior  202 178 Ma", "era": "MEZOZOICO", "geo": "Jig", "ha": 682.28, "m2": 6822787.28, "periodo": "Jurasico"}}, {"type": "Feature", "geometry": {"type": "Polygon", "coordinates": [[[-71.39174, -35.00553], [-71.38928, -35.00665], [-71.38772, -35.00888], [-71.38975, -35.01362], [-71.3887, -35.01813], [-71.36274, -35.04132], [-71.34038, -35.04306], [-71.33895, -35.05458], [-71.33737, -35.05966], [-71.33436, -35.06091], [-71.33156, -35.06054], [-71.32087, -35.05228], [-71.31831, -35.0543], [-71.31815, -35.05683], [-71.36601, -35.12158], [-71.36882, -35.12206], [-71.37156, -35.12094], [-71.37491, -35.11189], [-71.37793, -35.10789], [-71.38286, -35.1059], [-71.38917, -35.10662], [-71.39287, -35.1112], [-71.39312, -35.11372], [-71.39563, -35.11661], [-71.39574, -35.11902], [-71.39444, -35.12101], [-71.3894, -35.1237], [-71.38726, -35.12571], [-71.38331, -35.1459], [-71.40388, -35.17412], [-71.41134, -35.17836], [-71.41756, -35.17999], [-71.43486, -35.17094], [-71.43932, -35.17664], [-71.43946, -35.1826], [-71.43742, -35.19263], [-71.43849, -35.19753], [-71.44884, -35.20384], [-71.45074, -35.20871], [-71.45529, -35.21338], [-71.48154, -35.21917], [-71.50182, -35.23729], [-71.50439, -35.23836], [-71.50698, -35.237], [-71.50888, -35.23878], [-71.50981, -35.24356], [-71.5129, -35.24392], [-71.51564, -35.2428], [-71.51834, -35.24385], [-71.52162, -35.2481], [-71.52514, -35.25739], [-71.52815, -35.26187], [-71.53336, -35.26548], [-71.54566, -35.2685], [-71.54566, -35.27137], [-71.54005, -35.27671], [-71.54519, -35.29042], [-71.56289, -35.30381], [-71.57752, -35.30274], [-71.58078, -35.30355], [-71.58267, -35.3052], [-71.56927, -35.33432], [-71.56998, -35.33728], [-71.57215, -35.33869], [-71.5769, -35.33589], [-71.58092, -35.32945], [-71.58624, -35.31815], [-71.59413, -35.31077], [-71.59741, -35.31028], [-71.57714, -35.29841], [-71.56852, -35.28839], [-71.5571, -35.27728], [-71.51812, -35.22478], [-71.49722, -35.17334], [-71.49458, -35.15891], [-71.49215, -35.12758], [-71.48569, -35.1035], [-71.47406, -35.09675], [-71.47263, -35.09898], [-71.47719, -35.10399], [-71.47589, -35.10598], [-71.45602, -35.10766], [-71.45532, -35.10447], [-71.45919, -35.10091], [-71.4622, -35.09657], [-71.45752, -35.06828], [-71.46266, -35.05322], [-71.46063, -35.05156], [-71.45465, -35.05187], [-71.44204, -35.05928], [-71.43856, -35.05939], [-71.43665, -35.04535], [-71.43114, -35.04679], [-71.42516, -35.04699], [-71.42314, -35.04854], [-71.41955, -35.05531], [-71.41678, -35.05574], [-71.41461, -35.05398], [-71.41305, -35.0444], [-71.41034, -35.043], [-71.40433, -35.04261], [-71.40362, -35.03943], [-71.42123, -35.02557], [-71.39174, -35.00553]], [[-71.43757, -35.12752], [-71.4338, -35.12741], [-71.42717, -35.12591], [-71.42133, -35.12323], [-71.41195, -35.11356], [-71.40224, -35.10585], [-71.40011, -35.09893], [-71.40253, -35.09392], [-71.40327, -35.08885], [-71.40442, -35.08676], [-71.42289, -35.0732], [-71.42579, -35.07253], [-71.43183, -35.07348], [-71.43731, -35.07732], [-71.44631, -35.08791], [-71.45202, -35.11444], [-71.45115, -35.11676], [-71.44305, -35.12539], [-71.43757, -35.12752]]]}, "properties": {"composicio": "Secuencias volcanosedimenta", "epoca": "Cretacico Inferior alto Cret", "era": "MEZOZOICO", "geo": "Kia2", "ha": 18668.9, "m2": 186689020.43, "periodo": "Cretacico"}}, {"type": "Feature", "geometry": {"type": "Polygon", "coordinates": [[[-71.70825, -35.31105], [-71.69657, -35.29846], [-71.69084, -35.28815], [-71.68438, -35.2682], [-71.65422, -35.27651], [-71.65084, -35.27819], [-71.64964, -35.28624], [-71.65236, -35.29462], [-71.67537, -35.32423], [-71.689, -35.32152], [-71.70009, -35.31605], [-71.70825, -35.31105]]]}, "properties": {"composicio": "Rocas intrusivas", "epoca": "Cretacico Inferior alto Cretacico Superior bajo  123", "era": "MEZOZOICO", "geo": "Kiag", "ha": 1900.64, "m2": 19006375.67, "periodo": "Cretacico"}}, {"type": "Feature", "geometry": {"type": "Polygon", "coordinates": [[[-71.92168, -35.12038], [-71.89807, -35.14423], [-71.8904, -35.15297], [-71.88577, -35.15633], [-71.90114, -35.17262], [-71.89732, -35.18216], [-71.89534, -35.1843], [-71.88286, -35.18338], [-71.88995, -35.19343], [-71.89143, -35.19762], [-71.91124, -35.20527], [-71.91113, -35.21112], [-71.90589, -35.22564], [-71.90622, -35.23649], [-71.91109, -35.24734], [-71.92177, -35.26162], [-71.92927, -35.27384], [-71.93763, -35.28397], [-71.9489, -35.29341], [-71.9614, -35.29719], [-71.96729, -35.29743], [-71.9697, -35.30525], [-71.97242, -35.30941], [-71.97641, -35.31232], [-71.98421, -35.31378], [-71.99001, -35.31752], [-71.99122, -35.31686], [-72.01088, -35.30572], [-72.01302, -35.30235], [-72.0132, -35.29955], [-72.00921, -35.29139], [-72.00591, -35.28861], [-71.99056, -35.28227], [-71.9863, -35.28323], [-71.98457, -35.28293], [-71.97181, -35.27362], [-71.96621, -35.26786], [-71.95882, -35.25677], [-71.94606, -35.23316], [-71.93342, -35.20336], [-71.92777, -35.18489], [-71.92474, -35.1173], [-71.92168, -35.12038]]]}, "properties": {"composicio": "Secuencias sedimentarias", "epoca": "Triasico Superior", "era": "MEZOZOICO", "geo": "Tr1m", "ha": 6875.86, "m2": 68758604.04, "periodo": "Triasico"}}, {"type": "Feature", "geometry": {"type": "Polygon", "coordinates": [[[-72.23899, -35.13559], [-72.27521, -35.15746], [-72.28308, -35.16607], [-72.31041, -35.18897], [-72.35133, -35.21096], [-72.35441, -35.21593], [-72.3516, -35.21668], [-72.34056, -35.21695], [-72.33368, -35.21832], [-72.32842, -35.22213], [-72.32665, -35.22575], [-72.32711, -35.22943], [-72.33138, -35.23191], [-72.34222, -35.23403], [-72.34593, -35.2365], [-72.34958, -35.24148], [-72.35237, -35.25275], [-72.35581, -35.26036], [-72.38627, -35.29664], [-72.39671, -35.30739], [-72.40333, -35.31127], [-72.40934, -35.31148], [-72.41126, -35.31046], [-72.40843, -35.26547], [-72.39588, -35.23783], [-72.38273, -35.22207], [-72.31681, -35.17483], [-72.23899, -35.13559]]]}, "properties": {"composicio": "Secuencias sedimentarias", "epoca": "Pleistoceno Holoceno", "era": "CENOZOICO", "geo": "Qe", "ha": 5326.12, "m2": 53261203.1, "periodo": "Cuaternario"}}, {"type": "Feature", "geometry": {"type": "Polygon", "coordinates": [[[-71.6385, -35.1396], [-71.63664, -35.14161], [-71.6315, -35.14477], [-71.63021, -35.14688], [-71.63141, -35.15143], [-71.65767, -35.19782], [-71.69084, -35.28815], [-71.69657, -35.29846], [-71.70825, -35.31105], [-71.71746, -35.30804], [-71.73042, -35.30011], [-71.73582, -35.28594], [-71.73655, -35.27869], [-71.73917, -35.269], [-71.73714, -35.23592], [-71.73397, -35.23133], [-71.72457, -35.22776], [-71.72265, -35.22576], [-71.72579, -35.22153], [-71.72453, -35.21859], [-71.71815, -35.214], [-71.71659, -35.21073], [-71.71092, -35.18972], [-71.71249, -35.1876], [-71.71534, -35.18877], [-71.73023, -35.21254], [-71.7395, -35.2191], [-71.75383, -35.22263], [-71.76031, -35.22275], [-71.7359, -35.17911], [-71.71861, -35.18329], [-71.70874, -35.18479], [-71.66466, -35.17848], [-71.6385, -35.1396]]]}, "properties": {"composicio": "Secuencias volcanosedimenta", "epoca": "Cretacico Inferior  Neocomiano", "era": "MEZOZOICO", "geo": "Ki2m", "ha": 8414.21, "m2": 84142116.07, "periodo": "Cretacico"}}, {"type": "Feature", "geometry": {"type": "Polygon", "coordinates": [[[-72.15983, -35.05725], [-72.15958, -35.05817], [-72.15355, -35.06283], [-72.14676, -35.06381], [-72.14189, -35.06294], [-72.1457, -35.0661], [-72.15054, -35.07271], [-72.15272, -35.07436], [-72.15307, -35.08204], [-72.15766, -35.09265], [-72.15789, -35.09963], [-72.153, -35.10995], [-72.15249, -35.11349], [-72.1551, -35.11491], [-72.16661, -35.11742], [-72.17557, -35.12135], [-72.1798, -35.12475], [-72.18286, -35.13008], [-72.19, -35.13444], [-72.19515, -35.13511], [-72.20317, -35.13261], [-72.2061, -35.13255], [-72.21213, -35.13656], [-72.21468, -35.14027], [-72.21548, -35.1468], [-72.21221, -35.15452], [-72.21106, -35.15576], [-72.20338, -35.15584], [-72.19981, -35.15887], [-72.1988, -35.16491], [-72.20122, -35.16862], [-72.20245, -35.16944], [-72.20538, -35.1695], [-72.20722, -35.16838], [-72.21176, -35.16058], [-72.21418, -35.15913], [-72.21627, -35.15917], [-72.2234, -35.16376], [-72.22631, -35.16473], [-72.22745, -35.16384], [-72.22881, -35.16009], [-72.23035, -35.15988], [-72.23461, -35.16225], [-72.23893, -35.16256], [-72.24148, -35.16111], [-72.24271, -35.15701], [-72.24578, -35.15673], [-72.25967, -35.17528], [-72.26563, -35.1771], [-72.27761, -35.17801], [-72.28175, -35.1798], [-72.28489, -35.18248], [-72.28688, -35.18675], [-72.28744, -35.19191], [-72.28599, -35.19405], [-72.27979, -35.19623], [-72.27679, -35.1987], [-72.27459, -35.20289], [-72.27494, -35.20529], [-72.29635, -35.21472], [-72.29753, -35.21737], [-72.29659, -35.22147], [-72.29678, -35.23017], [-72.29898, -35.23169], [-72.3064, -35.23091], [-72.31206, -35.23353], [-72.31368, -35.23596], [-72.31389, -35.2387], [-72.31117, -35.24106], [-72.32604, -35.24968], [-72.30922, -35.27329], [-72.31032, -35.27411], [-72.31757, -35.27469], [-72.32185, -35.27706], [-72.3215, -35.27969], [-72.3199, -35.28206], [-72.32113, -35.283], [-72.32409, -35.28236], [-72.32504, -35.28341], [-72.32428, -35.29106], [-72.32734, -35.29729], [-72.35099, -35.30217], [-72.35679, -35.29391], [-72.36159, -35.30046], [-72.38627, -35.29664], [-72.35581, -35.26036], [-72.35237, -35.25275], [-72.34958, -35.24148], [-72.34593, -35.2365], [-72.34222, -35.23403], [-72.33138, -35.23191], [-72.32711, -35.22943], [-72.32665, -35.22575], [-72.32842, -35.22213], [-72.33368, -35.21832], [-72.34056, -35.21695], [-72.3516, -35.21668], [-72.35441, -35.21593], [-72.35133, -35.21096], [-72.31041, -35.18897], [-72.28308, -35.16607], [-72.27521, -35.15746], [-72.22475, -35.12995], [-72.20606, -35.10917], [-72.20978, -35.11856], [-72.18686, -35.10612], [-72.16821, -35.08426], [-72.15983, -35.05725]]]}, "properties": {"composicio": "Secuencias sedimentarias", "epoca": "Pleistoceno Holoceno", "era": "CENOZOICO", "geo": "Q1", "ha": 8845.09, "m2": 88450935.28, "periodo": "Cuaternario"}}, {"type": "Feature", "geometry": {"type": "Polygon", "coordinates": [[[-71.63589, -35.16022], [-71.63158, -35.16334], [-71.6306, -35.16624], [-71.63504, -35.1826], [-71.62938, -35.18394], [-71.62526, -35.17685], [-71.62281, -35.17522], [-71.61195, -35.18706], [-71.60902, -35.18726], [-71.60311, -35.18621], [-71.60087, -35.18413], [-71.60136, -35.19144], [-71.60922, -35.20842], [-71.61508, -35.21215], [-71.62083, -35.21203], [-71.64208, -35.20685], [-71.65393, -35.20187], [-71.65767, -35.19782], [-71.63589, -35.16022]]]}, "properties": {"composicio": "Rocas intrusivas", "epoca": "Cretacico Inferior alto Cretacico Superior bajo  123", "era": "MEZOZOICO", "geo": "Kiag", "ha": 1539.38, "m2": 15393801.22, "periodo": "Cretacico"}}, {"type": "Feature", "geometry": {"type": "Polygon", "coordinates": [[[-71.64178, -35.09332], [-71.63336, -35.09688], [-71.61444, -35.10218], [-71.60683, -35.13106], [-71.60068, -35.13638], [-71.59191, -35.14268], [-71.5501, -35.14386], [-71.54659, -35.14329], [-71.53402, -35.13718], [-71.52749, -35.13765], [-71.52644, -35.13927], [-71.53001, -35.14683], [-71.53066, -35.15162], [-71.52333, -35.17032], [-71.52787, -35.17487], [-71.53068, -35.17523], [-71.5365, -35.17424], [-71.5392, -35.17232], [-71.53977, -35.16977], [-71.53815, -35.16501], [-71.53791, -35.16008], [-71.5399, -35.15509], [-71.54202, -35.15273], [-71.54447, -35.1515], [-71.56575, -35.14999], [-71.56613, -35.1635], [-71.56899, -35.16214], [-71.57557, -35.15103], [-71.58061, -35.14856], [-71.58645, -35.14802], [-71.58783, -35.149], [-71.61473, -35.13583], [-71.6192, -35.12888], [-71.62443, -35.1292], [-71.62403, -35.13306], [-71.62064, -35.14129], [-71.61064, -35.15479], [-71.59734, -35.16192], [-71.59777, -35.16265], [-71.5946, -35.16632], [-71.59706, -35.17105], [-71.60194, -35.17375], [-71.60311, -35.18621], [-71.60902, -35.18726], [-71.61195, -35.18706], [-71.61495, -35.18569], [-71.61695, -35.18368], [-71.61995, -35.17658], [-71.62281, -35.17522], [-71.62526, -35.17685], [-71.62938, -35.18394], [-71.63504, -35.1826], [-71.6306, -35.16624], [-71.63158, -35.16334], [-71.63589, -35.16022], [-71.63644, -35.15721], [-71.63141, -35.15143], [-71.63021, -35.14688], [-71.6315, -35.14477], [-71.63664, -35.14161], [-71.6385, -35.1396], [-71.63577, -35.13236], [-71.64085, -35.12783], [-71.6422, -35.12137], [-71.64447, -35.11933], [-71.65317, -35.11755], [-71.68062, -35.11648], [-71.64178, -35.09332]]]}, "properties": {"composicio": "Secuencias sedimentarias", "epoca": "Pleistoceno Holoceno", "era": "CENOZOICO", "geo": "Q1", "ha": 3874.23, "m2": 38742316.31, "periodo": "Cuaternario"}}, {"type": "Feature", "geometry": {"type": "Polygon", "coordinates": [[[-71.73768, -35.0533], [-71.73718, -35.05754], [-71.72992, -35.06846], [-71.72707, -35.07678], [-71.7462, -35.09815], [-71.75203, -35.0976], [-71.7546, -35.09877], [-71.75583, -35.10114], [-71.75342, -35.10305], [-71.74851, -35.10517], [-71.75049, -35.10843], [-71.75567, -35.11169], [-71.75803, -35.11424], [-71.75804, -35.11711], [-71.75604, -35.1189], [-71.757, -35.12139], [-71.75418, -35.12343], [-71.75136, -35.12285], [-71.74466, -35.11448], [-71.74249, -35.11295], [-71.73909, -35.11193], [-71.73143, -35.12332], [-71.73021, -35.12118], [-71.73178, -35.11081], [-71.72944, -35.10585], [-71.72673, -35.10479], [-71.72301, -35.10573], [-71.71597, -35.10987], [-71.70411, -35.10972], [-71.70099, -35.11143], [-71.6997, -35.11364], [-71.7076, -35.14043], [-71.70435, -35.14226], [-71.69912, -35.14095], [-71.69888, -35.13626], [-71.69557, -35.13695], [-71.69546, -35.13466], [-71.69788, -35.13011], [-71.69734, -35.12496], [-71.69288, -35.11675], [-71.69196, -35.11219], [-71.64447, -35.11933], [-71.6422, -35.12137], [-71.64085, -35.12783], [-71.63577, -35.13236], [-71.6385, -35.1396], [-71.66466, -35.17848], [-71.70874, -35.18479], [-71.71861, -35.18329], [-71.7359, -35.17911], [-71.73658, -35.15844], [-71.74727, -35.15005], [-71.75484, -35.14259], [-71.75821, -35.13394], [-71.76416, -35.1248], [-71.76625, -35.10931], [-71.76416, -35.07849], [-71.76119, -35.06784], [-71.75475, -35.06241], [-71.73768, -35.0533]]]}, "properties": {"composicio": "Rocas intrusivas", "epoca": "Cretacico Inferior alto Cretacico Superior bajo  123", "era": "MEZOZOICO", "geo": "Kiag", "ha": 7938.24, "m2": 79382401.19, "periodo": "Cretacico"}}, {"type": "Feature", "geometry": {"type": "Polygon", "coordinates": [[[-71.29522, -35.45593], [-71.29798, -35.45503], [-71.29927, -35.45259], [-71.29916, -35.4503], [-71.29258, -35.43504], [-71.28957, -35.42424], [-71.29332, -35.39283], [-71.28682, -35.38821], [-71.28706, -35.37823], [-71.28531, -35.37359], [-71.27901, -35.36736], [-71.2737, -35.36432], [-71.26976, -35.36376], [-71.26671, -35.36442], [-71.25448, -35.38808], [-71.25413, -35.39267], [-71.25645, -35.39753], [-71.25489, -35.41282], [-71.26971, -35.42474], [-71.27076, -35.42941], [-71.26886, -35.43371], [-71.27783, -35.43698], [-71.29522, -35.45593]]]}, "properties": {"composicio": "Secuencias volcanosedimenta", "epoca": "Oligoceno Mioceno", "era": "CENOZOICO", "geo": "OM2c", "ha": 2291.23, "m2": 22912260.01, "periodo": "Paleogeno"}}, {"type": "Feature", "geometry": {"type": "Polygon", "coordinates": [[[-71.26752, -35.33586], [-71.27305, -35.33454], [-71.27492, -35.33253], [-71.27725, -35.32534], [-71.28154, -35.3212], [-71.28241, -35.31888], [-71.2613, -35.30956], [-71.2552, -35.31389], [-71.25162, -35.31823], [-71.25116, -35.32054], [-71.26752, -35.33586]]]}, "properties": {"composicio": "Secuencias volcanosedimenta", "epoca": "Oligoceno Mioceno", "era": "CENOZOICO", "geo": "OM2c", "ha": 545.5, "m2": 5455025.59, "periodo": "Paleogeno"}}, {"type": "Feature", "geometry": {"type": "Polygon", "coordinates": [[[-71.18793, -35.20245], [-71.18562, -35.1935], [-71.17889, -35.18328], [-71.1744, -35.17975], [-71.16639, -35.17541], [-71.15851, -35.16441], [-71.15365, -35.1618], [-71.15087, -35.16201], [-71.14639, -35.16489], [-71.14264, -35.16867], [-71.13753, -35.18291], [-71.12554, -35.1898], [-71.12065, -35.19625], [-71.11758, -35.20597], [-71.1171, -35.21103], [-71.11866, -35.23424], [-71.10807, -35.26413], [-71.0771, -35.25564], [-71.08039, -35.26006], [-71.08006, -35.26728], [-71.07714, -35.27239], [-71.06167, -35.28304], [-71.05163, -35.29312], [-71.04795, -35.30065], [-71.04684, -35.30537], [-71.04522, -35.32557], [-71.04134, -35.33151], [-71.03627, -35.33482], [-71.02124, -35.33285], [-71.01697, -35.3122], [-71.01345, -35.31124], [-71.00243, -35.31216], [-70.99793, -35.31134], [-70.99143, -35.3046], [-70.97998, -35.3053], [-70.96984, -35.31239], [-70.96056, -35.31544], [-70.95811, -35.31756], [-70.95669, -35.3216], [-70.96004, -35.326], [-70.96092, -35.33205], [-70.96001, -35.33448], [-70.95647, -35.33777], [-70.95226, -35.3374], [-70.94978, -35.33848], [-70.94872, -35.34056], [-70.94883, -35.34435], [-70.94722, -35.34678], [-70.93634, -35.34793], [-70.93137, -35.35032], [-70.92748, -35.35579], [-70.92592, -35.36006], [-70.92673, -35.36707], [-70.94093, -35.36457], [-70.94403, -35.3653], [-70.94618, -35.36686], [-70.94636, -35.36812], [-70.94447, -35.37057], [-70.94452, -35.37228], [-70.94585, -35.37466], [-70.94871, -35.37655], [-70.94918, -35.37803], [-70.9321, -35.38743], [-70.949, -35.39556], [-70.94133, -35.40144], [-70.93755, -35.40598], [-70.93961, -35.40926], [-70.93924, -35.41088], [-70.89203, -35.44391], [-70.87578, -35.46325], [-70.84578, -35.47254], [-70.8442, -35.47613], [-70.84472, -35.47956], [-70.84724, -35.48431], [-70.85116, -35.48331], [-70.85707, -35.4852], [-70.85865, -35.48851], [-70.85138, -35.4904], [-70.84563, -35.48987], [-70.84423, -35.49035], [-70.84215, -35.49219], [-70.84023, -35.49575], [-70.84001, -35.50091], [-70.86363, -35.50747], [-70.86519, -35.52188], [-70.89955, -35.52285], [-70.89889, -35.52606], [-70.89499, -35.52816], [-70.86672, -35.53275], [-70.85687, -35.52963], [-70.84517, -35.53659], [-70.86007, -35.54036], [-70.85217, -35.54843], [-70.86628, -35.55553], [-70.86098, -35.55878], [-70.85623, -35.55996], [-70.85472, -35.56284], [-70.85635, -35.57038], [-70.85538, -35.57153], [-70.85202, -35.57237], [-70.84896, -35.57456], [-70.84538, -35.58032], [-70.84515, -35.58524], [-70.85356, -35.59686], [-70.85877, -35.59818], [-70.86132, -35.60011], [-70.86577, -35.60922], [-70.86623, -35.6122], [-70.86925, -35.61916], [-70.8718, -35.62063], [-70.87967, -35.62216], [-70.88204, -35.62503], [-70.88651, -35.62421], [-70.89162, -35.62224], [-70.90012, -35.61696], [-70.92991, -35.61396], [-70.93264, -35.61548], [-70.93688, -35.62304], [-70.93922, -35.6255], [-70.97141, -35.64648], [-70.96952, -35.64836], [-70.96573, -35.64835], [-70.95625, -35.64347], [-70.94354, -35.63489], [-70.93785, -35.63299], [-70.93532, -35.63305], [-70.93396, -35.63424], [-70.93368, -35.67207], [-70.956, -35.67843], [-70.9714, -35.69048], [-70.97352, -35.69421], [-70.97333, -35.6965], [-70.9713, -35.6984], [-70.96328, -35.69805], [-70.95979, -35.69872], [-70.95679, -35.70087], [-70.95121, -35.71238], [-70.94762, -35.71728], [-70.94173, -35.72124], [-70.93616, -35.72253], [-70.91494, -35.70904], [-70.90265, -35.71786], [-70.87892, -35.70465], [-70.87509, -35.70727], [-70.87213, -35.71068], [-70.87057, -35.71393], [-70.86872, -35.72372], [-70.86432, -35.73347], [-70.85934, -35.73887], [-70.84984, -35.74395], [-70.84766, -35.74584], [-70.84541, -35.74945], [-70.84474, -35.75371], [-70.8506, -35.76662], [-70.8614, -35.77997], [-70.86476, -35.7864], [-70.86609, -35.79519], [-70.86305, -35.80364], [-70.90183, -35.79477], [-70.91101, -35.79556], [-70.92081, -35.7978], [-70.93131, -35.80324], [-70.94503, -35.80147], [-70.95213, -35.803], [-70.95593, -35.803], [-70.96113, -35.79598], [-70.96548, -35.79242], [-70.9755, -35.7895], [-70.98502, -35.78832], [-70.9882, -35.78708], [-70.99022, -35.78473], [-70.99569, -35.77438], [-70.99937, -35.76476], [-71.00651, -35.75034], [-71.00932, -35.73009], [-71.00791, -35.72337], [-71.00778, -35.71729], [-71.00119, -35.71737], [-70.99834, -35.71642], [-70.99601, -35.71454], [-70.99498, -35.71331], [-70.99459, -35.71068], [-70.99596, -35.7064], [-71.00159, -35.70338], [-71.01368, -35.70338], [-71.02138, -35.70258], [-71.02372, -35.70125], [-71.02371, -35.69782], [-70.99675, -35.68496], [-70.99585, -35.6836], [-70.99626, -35.68004], [-70.99983, -35.67787], [-71.00837, -35.67705], [-71.0084, -35.67454], [-70.99426, -35.66565], [-70.98537, -35.66144], [-70.98157, -35.65777], [-70.97122, -35.63091], [-70.96665, -35.62577], [-70.95671, -35.61964], [-70.95303, -35.61561], [-70.96825, -35.57667], [-70.97117, -35.57602], [-70.97426, -35.57594], [-70.9801, -35.57806], [-70.99664, -35.59099], [-71.00581, -35.59543], [-71.04364, -35.60361], [-71.0498, -35.60973], [-71.05318, -35.61662], [-71.05311, -35.62156], [-71.0488, -35.62901], [-71.0496, -35.6314], [-71.06543, -35.6338], [-71.06474, -35.64378], [-71.06541, -35.64618], [-71.06757, -35.6476], [-71.07183, -35.6453], [-71.07547, -35.63866], [-71.07749, -35.63665], [-71.11076, -35.62971], [-71.11242, -35.64846], [-71.1334, -35.64015], [-71.13922, -35.64158], [-71.14167, -35.643], [-71.1449, -35.64921], [-71.14216, -35.65089], [-71.14016, -35.65336], [-71.14082, -35.65563], [-71.15584, -35.65839], [-71.15785, -35.65306], [-71.16063, -35.65251], [-71.16962, -35.65889], [-71.16993, -35.66885], [-71.17294, -35.67667], [-71.17203, -35.6815], [-71.16827, -35.68529], [-71.13807, -35.67611], [-71.11942, -35.68022], [-71.11639, -35.68787], [-71.1165, -35.6905], [-71.11858, -35.69296], [-71.14088, -35.69849], [-71.141, -35.70112], [-71.13986, -35.7039], [-71.13782, -35.70545], [-71.12789, -35.70667], [-71.12561, -35.70785], [-71.135, -35.71161], [-71.15536, -35.71753], [-71.198, -35.71532], [-71.20061, -35.71399], [-71.20469, -35.7079], [-71.22796, -35.7002], [-71.2266, -35.67011], [-71.2488, -35.65143], [-71.25414, -35.64852], [-71.26272, -35.64562], [-71.27, -35.63588], [-71.27288, -35.62524], [-71.27256, -35.60899], [-71.27138, -35.60157], [-71.26714, -35.59461], [-71.26082, -35.59159], [-71.25652, -35.58645], [-71.24361, -35.58971], [-71.24268, -35.58756], [-71.24283, -35.58339], [-71.23661, -35.58896], [-71.22734, -35.59449], [-71.19183, -35.60043], [-71.18811, -35.60369], [-71.17609, -35.619], [-71.17152, -35.62148], [-71.16913, -35.62151], [-71.16668, -35.61857], [-71.16648, -35.61583], [-71.16926, -35.60788], [-71.16865, -35.60549], [-71.16523, -35.60279], [-71.15693, -35.60188], [-71.1466, -35.5978], [-71.11662, -35.60661], [-71.10762, -35.59895], [-71.1036, -35.60142], [-71.09882, -35.60756], [-71.09412, -35.61806], [-71.09231, -35.61866], [-71.08934, -35.61767], [-71.0871, -35.61793], [-71.08013, -35.62708], [-71.07531, -35.63162], [-71.07223, -35.63178], [-71.06979, -35.62941], [-71.06889, -35.62644], [-71.07132, -35.62148], [-71.07129, -35.61987], [-71.06014, -35.60984], [-71.08298, -35.60149], [-71.08851, -35.59751], [-71.09572, -35.5863], [-71.10068, -35.58187], [-71.14474, -35.57606], [-71.18167, -35.54524], [-71.18783, -35.54469], [-71.19627, -35.54639], [-71.20193, -35.54872], [-71.21078, -35.55557], [-71.21629, -35.55789], [-71.22138, -35.55941], [-71.22863, -35.55951], [-71.2298, -35.55725], [-71.22952, -35.55405], [-71.22801, -35.55181], [-71.2226, -35.54991], [-71.22088, -35.54595], [-71.22523, -35.54284], [-71.22668, -35.54084], [-71.2217, -35.52667], [-71.23406, -35.5365], [-71.24144, -35.53856], [-71.25631, -35.53856], [-71.25888, -35.5394], [-71.2601, -35.54154], [-71.25304, -35.54691], [-71.25218, -35.54946], [-71.25414, -35.55558], [-71.27674, -35.55889], [-71.27774, -35.56253], [-71.27643, -35.56452], [-71.27696, -35.56691], [-71.27916, -35.56902], [-71.28447, -35.57149], [-71.28653, -35.57361], [-71.28466, -35.5787], [-71.28552, -35.58234], [-71.29128, -35.58239], [-71.29405, -35.58162], [-71.29796, -35.57806], [-71.29514, -35.56864], [-71.30192, -35.56051], [-71.30353, -35.55577], [-71.30231, -35.55363], [-71.29961, -35.55291], [-71.29235, -35.55669], [-71.28915, -35.55725], [-71.28839, -35.55292], [-71.31017, -35.54146], [-71.30936, -35.5392], [-71.30009, -35.53571], [-71.26585, -35.5354], [-71.27236, -35.51205], [-71.28836, -35.50617], [-71.28763, -35.50252], [-71.27617, -35.49417], [-71.27118, -35.48916], [-71.27091, -35.48322], [-71.27697, -35.47787], [-71.27629, -35.47526], [-71.27356, -35.47374], [-71.27035, -35.47406], [-71.26691, -35.47841], [-71.25784, -35.47927], [-71.25609, -35.48104], [-71.25355, -35.48685], [-71.25122, -35.48807], [-71.24798, -35.48759], [-71.24169, -35.48183], [-71.23908, -35.48306], [-71.23393, -35.48998], [-71.22888, -35.5025], [-71.22716, -35.50462], [-71.21009, -35.5087], [-71.20662, -35.51247], [-71.20019, -35.5224], [-71.19786, -35.52362], [-71.18918, -35.50509], [-71.18415, -35.50868], [-71.18095, -35.50924], [-71.17563, -35.5031], [-71.17283, -35.50318], [-71.17008, -35.5044], [-71.16427, -35.50939], [-71.16117, -35.50903], [-71.15969, -35.50712], [-71.17552, -35.48465], [-71.17361, -35.46695], [-71.18882, -35.47794], [-71.20551, -35.47205], [-71.20322, -35.46158], [-71.20354, -35.45916], [-71.20683, -35.45437], [-71.21183, -35.4502], [-71.21257, -35.448], [-71.19481, -35.44247], [-71.19261, -35.44036], [-71.19251, -35.43795], [-71.19367, -35.43574], [-71.19923, -35.43466], [-71.20811, -35.43611], [-71.21145, -35.43543], [-71.23997, -35.42493], [-71.23838, -35.42062], [-71.23401, -35.41686], [-71.2328, -35.41484], [-71.23803, -35.40666], [-71.23623, -35.40396], [-71.23109, -35.40183], [-71.21922, -35.40241], [-71.21458, -35.39889], [-71.21336, -35.39675], [-71.21343, -35.39194], [-71.21645, -35.3844], [-71.21639, -35.37971], [-71.20864, -35.37879], [-71.2058, -35.37774], [-71.20362, -35.37596], [-71.20032, -35.37102], [-71.19789, -35.36984], [-71.19219, -35.3707], [-71.18412, -35.37506], [-71.18134, -35.37561], [-71.17796, -35.37514], [-71.17579, -35.37348], [-71.17428, -35.37101], [-71.17418, -35.36861], [-71.17549, -35.36662], [-71.17826, -35.36596], [-71.19311, -35.36631], [-71.19771, -35.36274], [-71.19911, -35.3596], [-71.19973, -35.35156], [-71.20822, -35.34718], [-71.21055, -35.34298], [-71.20999, -35.33979], [-71.20062, -35.33675], [-71.19735, -35.33249], [-71.19996, -35.3315], [-71.21213, -35.33136], [-71.21501, -35.33001], [-71.21645, -35.3279], [-71.21891, -35.31717], [-71.21855, -35.31214], [-71.21622, -35.31004], [-71.21338, -35.30909], [-71.20383, -35.31133], [-71.20358, -35.30904], [-71.20734, -35.30538], [-71.20819, -35.3026], [-71.20554, -35.29959], [-71.20244, -35.29911], [-71.20137, -35.29697], [-71.20425, -35.29252], [-71.21322, -35.28664], [-71.2151, -35.28176], [-71.21359, -35.2668], [-71.2079, -35.25506], [-71.20592, -35.24812], [-71.20282, -35.24443], [-71.2, -35.24395], [-71.19585, -35.24476], [-71.19022, -35.2439], [-71.18513, -35.24577], [-71.18112, -35.24991], [-71.17801, -35.25562], [-71.17563, -35.27139], [-71.17403, -35.27636], [-71.15499, -35.30134], [-71.15478, -35.30915], [-71.15545, -35.31176], [-71.17089, -35.34475], [-71.17003, -35.34753], [-71.16745, -35.34921], [-71.13569, -35.33974], [-71.11552, -35.35546], [-71.11322, -35.35404], [-71.11303, -35.34649], [-71.10969, -35.33719], [-71.11, -35.33466], [-71.1155, -35.32601], [-71.1153, -35.32121], [-71.11328, -35.31668], [-71.11096, -35.31481], [-71.10327, -35.3148], [-71.09834, -35.31736], [-71.09113, -35.32536], [-71.08806, -35.32557], [-71.08417, -35.3195], [-71.08122, -35.31935], [-71.07679, -35.3204], [-71.07318, -35.31776], [-71.07478, -35.31255], [-71.07342, -35.31018], [-71.06438, -35.31148], [-71.06166, -35.30996], [-71.06031, -35.30782], [-71.0652, -35.30126], [-71.06723, -35.29639], [-71.06939, -35.29449], [-71.07243, -35.29371], [-71.08025, -35.29337], [-71.08377, -35.28421], [-71.08621, -35.28242], [-71.08898, -35.28165], [-71.09751, -35.28495], [-71.1003, -35.28487], [-71.11408, -35.2706], [-71.12148, -35.27026], [-71.12435, -35.26869], [-71.13248, -35.23715], [-71.13678, -35.23634], [-71.16526, -35.23572], [-71.17187, -35.23357], [-71.17846, -35.22753], [-71.18819, -35.21061], [-71.18793, -35.20245]]]}, "properties": {"composicio": "Secuencias volcanosedimenta", "epoca": "Oligoceno Mioceno", "era": "CENOZOICO", "geo": "OM2c", "ha": 128433.45, "m2": 1284334504.77, "periodo": "Paleogeno"}}, {"type": "Feature", "geometry": {"type": "Polygon", "coordinates": [[[-71.04243, -35.22251], [-71.0274, -35.22264], [-71.02478, -35.22423], [-71.02348, -35.22735], [-71.01763, -35.25989], [-71.0208, -35.26292], [-71.03045, -35.26741], [-71.02255, -35.26963], [-71.01677, -35.27274], [-71.01716, -35.27689], [-71.01625, -35.27897], [-70.99016, -35.29947], [-70.99793, -35.31134], [-71.02014, -35.315], [-71.02104, -35.31727], [-71.02131, -35.32139], [-71.01931, -35.32911], [-71.02124, -35.33285], [-71.02634, -35.33503], [-71.03, -35.33565], [-71.04522, -35.32557], [-71.04684, -35.30537], [-71.04795, -35.30065], [-71.05163, -35.29312], [-71.06167, -35.28304], [-71.07714, -35.27239], [-71.08006, -35.26728], [-71.08039, -35.26006], [-71.0771, -35.25564], [-71.0731, -35.2537], [-71.07029, -35.25332], [-71.06447, -35.25452], [-71.06012, -35.2574], [-71.05709, -35.26173], [-71.05423, -35.26365], [-71.04542, -35.26024], [-71.04251, -35.26078], [-71.05348, -35.25256], [-71.05609, -35.24812], [-71.05651, -35.24479], [-71.05539, -35.23165], [-71.0516, -35.22797], [-71.04698, -35.23097], [-71.04399, -35.22968], [-71.04435, -35.22497], [-71.04243, -35.22251]]]}, "properties": {"composicio": "Rocas intrusivas", "epoca": "Mioceno  18 6 Ma", "era": "CENOZOICO", "geo": "Mg", "ha": 4681.57, "m2": 46815673.69, "periodo": "Neogeno"}}, {"type": "Feature", "geometry": {"type": "Polygon", "coordinates": [[[-71.05838, -35.19683], [-71.04167, -35.21199], [-71.00786, -35.20458], [-71.00307, -35.20466], [-70.98476, -35.20859], [-70.97738, -35.20811], [-70.97181, -35.20639], [-70.96511, -35.20317], [-70.95549, -35.20121], [-70.94776, -35.20133], [-70.94116, -35.20266], [-70.92399, -35.20837], [-70.91086, -35.21371], [-70.90834, -35.21617], [-70.9036, -35.24979], [-70.90658, -35.25126], [-70.91026, -35.2512], [-70.9124, -35.24814], [-70.91261, -35.24119], [-70.91697, -35.22298], [-70.92204, -35.21928], [-70.93044, -35.21612], [-70.95171, -35.21246], [-70.95764, -35.21417], [-70.96809, -35.21975], [-70.97513, -35.22144], [-70.99392, -35.22204], [-70.9994, -35.22013], [-71.00376, -35.21765], [-71.00853, -35.21696], [-71.04243, -35.22251], [-71.07352, -35.20983], [-71.07534, -35.20775], [-71.07844, -35.20018], [-71.05838, -35.19683]]]}, "properties": {"composicio": "Secuencias volcanicas", "epoca": "Pleistoceno", "era": "CENOZOICO", "geo": "Pl3t", "ha": 2479.61, "m2": 24796105.53, "periodo": "Neogeno"}}, {"type": "Feature", "geometry": {"type": "Polygon", "coordinates": [[[-71.05838, -35.19683], [-71.0612, -35.1744], [-71.05926, -35.17148], [-71.05832, -35.16566], [-71.05279, -35.16365], [-71.04496, -35.17192], [-71.03642, -35.17577], [-71.03331, -35.17904], [-71.03378, -35.1851], [-71.03187, -35.19132], [-71.04167, -35.21199], [-71.05838, -35.19683]]]}, "properties": {"composicio": "Rocas intrusivas", "epoca": "Mioceno  18 6 Ma", "era": "CENOZOICO", "geo": "Mg", "ha": 911.75, "m2": 9117523.66, "periodo": "Neogeno"}}, {"type": "Feature", "geometry": {"type": "Polygon", "coordinates": [[[-70.67485, -35.18889], [-70.6768, -35.18843], [-70.67946, -35.18304], [-70.67932, -35.18053], [-70.67681, -35.17697], [-70.64905, -35.16747], [-70.64528, -35.17034], [-70.64402, -35.1739], [-70.64402, -35.17561], [-70.6482, -35.181], [-70.64848, -35.18328], [-70.64555, -35.18443], [-70.63997, -35.18249], [-70.63801, -35.18249], [-70.63131, -35.18558], [-70.62894, -35.18822], [-70.62754, -35.19154], [-70.62781, -35.19452], [-70.63129, -35.19899], [-70.63548, -35.20116], [-70.64159, -35.202], [-70.64483, -35.20322], [-70.64818, -35.20299], [-70.65544, -35.19658], [-70.66675, -35.18912], [-70.67024, -35.18775], [-70.67261, -35.18774], [-70.67485, -35.18889]]]}, "properties": {"composicio": "Rocas intrusivas", "epoca": "Mioceno  18 6 Ma", "era": "CENOZOICO", "geo": "Mg", "ha": 1006.29, "m2": 10062941.67, "periodo": "Neogeno"}}, {"type": "Feature", "geometry": {"type": "Polygon", "coordinates": [[[-70.64034, -36.08928], [-70.63747, -36.09332], [-70.63405, -36.09462], [-70.63056, -36.09364], [-70.62644, -36.09308], [-70.62701, -36.08425], [-70.62573, -36.08147], [-70.62388, -36.08124], [-70.6183, -36.08288], [-70.61755, -36.08367], [-70.61739, -36.09061], [-70.61871, -36.1025], [-70.61618, -36.10293], [-70.61245, -36.09923], [-70.60964, -36.1045], [-70.60547, -36.10748], [-70.60198, -36.10459], [-70.59891, -36.09739], [-70.59543, -36.0953], [-70.59076, -36.09507], [-70.5851, -36.08947], [-70.5791, -36.08759], [-70.56765, -36.08734], [-70.56856, -36.09021], [-70.57044, -36.09196], [-70.58369, -36.09832], [-70.58273, -36.09949], [-70.57694, -36.10162], [-70.57596, -36.10367], [-70.57706, -36.10651], [-70.60174, -36.11002], [-70.60883, -36.11911], [-70.63789, -36.11181], [-70.63822, -36.10953], [-70.63198, -36.10567], [-70.63127, -36.10189], [-70.63287, -36.09869], [-70.63668, -36.09619], [-70.64805, -36.09546], [-70.65553, -36.10199], [-70.65824, -36.10244], [-70.65937, -36.10173], [-70.65947, -36.09981], [-70.65806, -36.09512], [-70.66702, -36.09484], [-70.67325, -36.09224], [-70.6787, -36.08872], [-70.64034, -36.08928]]]}, "properties": {"composicio": "Secuencias volcanicas", "epoca": "Plioceno Pleistoceno", "era": "CENOZOICO", "geo": "PPl3", "ha": 1366.2, "m2": 13662030.79, "periodo": "Neogeno"}}, {"type": "Feature", "geometry": {"type": "Polygon", "coordinates": [[[-70.38886, -35.59893], [-70.40112, -35.62532], [-70.41728, -35.62972], [-70.42274, -35.63735], [-70.41073, -35.64236], [-70.40081, -35.66793], [-70.44693, -35.72779], [-70.47425, -35.74097], [-70.47458, -35.74338], [-70.47196, -35.74548], [-70.46546, -35.7441], [-70.45942, -35.7442], [-70.45656, -35.74815], [-70.45949, -35.75303], [-70.45996, -35.75543], [-70.45775, -35.75707], [-70.4502, -35.7588], [-70.45141, -35.76222], [-70.45751, -35.76475], [-70.47067, -35.75594], [-70.48657, -35.7622], [-70.49928, -35.76416], [-70.51048, -35.76798], [-70.50911, -35.75803], [-70.51558, -35.7578], [-70.53208, -35.75981], [-70.5422, -35.75941], [-70.54508, -35.74515], [-70.57597, -35.73774], [-70.57881, -35.73872], [-70.57972, -35.74145], [-70.5792, -35.74283], [-70.57302, -35.74878], [-70.5717, -35.75225], [-70.57151, -35.75581], [-70.57373, -35.76035], [-70.57337, -35.76288], [-70.57131, -35.76486], [-70.56234, -35.76605], [-70.55774, -35.76762], [-70.57128, -35.78034], [-70.5599, -35.78099], [-70.55802, -35.78423], [-70.55689, -35.78976], [-70.55454, -35.79163], [-70.5471, -35.79244], [-70.54405, -35.79972], [-70.54039, -35.79979], [-70.53459, -35.79863], [-70.53237, -35.79993], [-70.53699, -35.81566], [-70.53315, -35.81996], [-70.52802, -35.82292], [-70.52382, -35.82391], [-70.51818, -35.82366], [-70.51711, -35.82013], [-70.52217, -35.81431], [-70.52208, -35.81041], [-70.51002, -35.80661], [-70.50987, -35.81212], [-70.50771, -35.81571], [-70.50736, -35.81858], [-70.50767, -35.81994], [-70.51199, -35.824], [-70.51294, -35.82823], [-70.50999, -35.83423], [-70.50627, -35.8375], [-70.50141, -35.84022], [-70.48863, -35.8299], [-70.49263, -35.81493], [-70.49103, -35.81278], [-70.48703, -35.81021], [-70.48417, -35.80281], [-70.48076, -35.80137], [-70.47753, -35.80143], [-70.47185, -35.81723], [-70.47266, -35.82134], [-70.47732, -35.82814], [-70.47794, -35.83042], [-70.47728, -35.83204], [-70.47354, -35.83451], [-70.47082, -35.83857], [-70.46664, -35.84047], [-70.46423, -35.83994], [-70.45535, -35.82748], [-70.45278, -35.82591], [-70.44403, -35.82503], [-70.44835, -35.84112], [-70.42776, -35.84559], [-70.41315, -35.83493], [-70.41323, -35.82026], [-70.39952, -35.81785], [-70.39522, -35.80852], [-70.39481, -35.8028], [-70.39648, -35.79601], [-70.39637, -35.79131], [-70.39158, -35.78497], [-70.38848, -35.7786], [-70.3845, -35.77762], [-70.36616, -35.79819], [-70.36052, -35.80045], [-70.35939, -35.80183], [-70.35432, -35.80363], [-70.34227, -35.79923], [-70.32302, -35.81791], [-70.32719, -35.82273], [-70.33641, -35.83054], [-70.3368, -35.83153], [-70.3765, -35.84534], [-70.38224, -35.8643], [-70.38365, -35.86257], [-70.38964, -35.85938], [-70.39499, -35.85964], [-70.40145, -35.86469], [-70.40514, -35.86613], [-70.41526, -35.86504], [-70.42346, -35.86651], [-70.43195, -35.86225], [-70.43601, -35.86104], [-70.44051, -35.86096], [-70.44464, -35.86295], [-70.44916, -35.86918], [-70.45187, -35.87097], [-70.46781, -35.87162], [-70.48139, -35.88572], [-70.48634, -35.88667], [-70.48769, -35.88423], [-70.48508, -35.88096], [-70.48459, -35.87845], [-70.48809, -35.87759], [-70.49208, -35.87912], [-70.50073, -35.88734], [-70.50146, -35.88847], [-70.5008, -35.89044], [-70.49927, -35.89103], [-70.49023, -35.89027], [-70.4823, -35.90576], [-70.47738, -35.9063], [-70.47265, -35.90295], [-70.47001, -35.89886], [-70.46845, -35.89236], [-70.46557, -35.88977], [-70.4619, -35.8896], [-70.45969, -35.89136], [-70.458, -35.89161], [-70.45403, -35.89053], [-70.44632, -35.88619], [-70.43968, -35.88527], [-70.43491, -35.88615], [-70.43184, -35.88735], [-70.42991, -35.88921], [-70.43019, -35.89517], [-70.44266, -35.9039], [-70.44057, -35.9052], [-70.43467, -35.90587], [-70.43203, -35.90729], [-70.43055, -35.91052], [-70.42969, -35.91581], [-70.42734, -35.91779], [-70.42352, -35.91705], [-70.42153, -35.9144], [-70.40845, -35.9175], [-70.41381, -35.9179], [-70.41772, -35.92196], [-70.43156, -35.92346], [-70.44517, -35.93251], [-70.44532, -35.93881], [-70.44465, -35.94043], [-70.43901, -35.94648], [-70.44628, -35.94153], [-70.45261, -35.9391], [-70.46867, -35.93776], [-70.47262, -35.93877], [-70.47376, -35.93991], [-70.45534, -35.94699], [-70.4545, -35.94814], [-70.45411, -35.95364], [-70.45172, -35.95445], [-70.44493, -35.94945], [-70.44281, -35.949], [-70.43901, -35.94993], [-70.4362, -35.952], [-70.44303, -35.96159], [-70.43799, -35.96734], [-70.43828, -35.96871], [-70.43985, -35.96995], [-70.44672, -35.9643], [-70.45518, -35.95988], [-70.46354, -35.95672], [-70.46941, -35.95499], [-70.48447, -35.95399], [-70.49955, -35.95846], [-70.51754, -35.96528], [-70.52646, -35.97081], [-70.53314, -35.98046], [-70.5437, -35.96427], [-70.56127, -35.96258], [-70.5544, -36.01138], [-70.56283, -36.01294], [-70.56805, -36.01265], [-70.56339, -36.00674], [-70.56263, -36.00335], [-70.5614, -35.99696], [-70.5634, -35.99014], [-70.58087, -35.98168], [-70.5685, -35.97901], [-70.56742, -35.97652], [-70.56926, -35.9728], [-70.57601, -35.96457], [-70.57999, -35.95764], [-70.58746, -35.95001], [-70.59459, -35.94822], [-70.59872, -35.94915], [-70.59862, -35.94617], [-70.60032, -35.94148], [-70.60652, -35.933], [-70.63232, -35.91466], [-70.6322, -35.89037], [-70.61562, -35.86518], [-70.61562, -35.86266], [-70.61802, -35.85544], [-70.62619, -35.84628], [-70.63309, -35.84044], [-70.63408, -35.83562], [-70.62496, -35.81764], [-70.62258, -35.80653], [-70.62203, -35.79748], [-70.62358, -35.79221], [-70.63414, -35.78064], [-70.63526, -35.77513], [-70.63513, -35.76987], [-70.63177, -35.76012], [-70.62279, -35.74466], [-70.62322, -35.73836], [-70.62434, -35.73596], [-70.62842, -35.73263], [-70.63151, -35.73286], [-70.63853, -35.7356], [-70.64303, -35.73514], [-70.64556, -35.73354], [-70.64908, -35.72792], [-70.65133, -35.7262], [-70.6547, -35.72563], [-70.65905, -35.72929], [-70.66074, -35.72964], [-70.66228, -35.72895], [-70.66552, -35.7254], [-70.67128, -35.7231], [-70.67086, -35.72161], [-70.66706, -35.71863], [-70.65429, -35.71142], [-70.65499, -35.70719], [-70.66455, -35.701], [-70.64701, -35.68497], [-70.67251, -35.68739], [-70.67392, -35.67293], [-70.62732, -35.66455], [-70.62512, -35.65881], [-70.61835, -35.6524], [-70.60407, -35.64314], [-70.60102, -35.6393], [-70.59991, -35.63415], [-70.59844, -35.63167], [-70.58356, -35.62631], [-70.5797, -35.62363], [-70.57709, -35.62024], [-70.57403, -35.61032], [-70.56932, -35.6073], [-70.56793, -35.60791], [-70.56592, -35.61161], [-70.56615, -35.62066], [-70.55082, -35.61978], [-70.52383, -35.62148], [-70.52139, -35.63673], [-70.5169, -35.63975], [-70.51234, -35.63869], [-70.50533, -35.62839], [-70.49953, -35.6241], [-70.49583, -35.62783], [-70.49429, -35.62809], [-70.46094, -35.62056], [-70.45908, -35.62275], [-70.45846, -35.63004], [-70.4602, -35.63671], [-70.46229, -35.64], [-70.46445, -35.64696], [-70.46201, -35.64956], [-70.46021, -35.64959], [-70.45135, -35.64547], [-70.44767, -35.6411], [-70.43724, -35.62503], [-70.4315, -35.61922], [-70.41713, -35.60909], [-70.41009, -35.60549], [-70.38886, -35.59893]], [[-70.47199, -35.73471], [-70.46886, -35.7335], [-70.46311, -35.72821], [-70.45794, -35.72967], [-70.45667, -35.72935], [-70.44684, -35.71806], [-70.46352, -35.71583], [-70.4663, -35.72048], [-70.47157, -35.72314], [-70.47593, -35.72914], [-70.476, -35.73201], [-70.47367, -35.73468], [-70.47199, -35.73471]], [[-70.49152, -35.74011], [-70.48982, -35.73968], [-70.48822, -35.73753], [-70.48812, -35.72733], [-70.4909, -35.72018], [-70.49729, -35.7172], [-70.49721, -35.71377], [-70.48009, -35.71497], [-70.47879, -35.71374], [-70.47881, -35.70846], [-70.49816, -35.69507], [-70.50267, -35.69568], [-70.50666, -35.69768], [-70.51117, -35.69817], [-70.52336, -35.71401], [-70.52905, -35.71678], [-70.53809, -35.71822], [-70.54351, -35.72133], [-70.54413, -35.72396], [-70.54222, -35.72629], [-70.53024, -35.72512], [-70.51873, -35.7259], [-70.51542, -35.72835], [-70.51316, -35.73367], [-70.51043, -35.73693], [-70.50762, -35.73709], [-70.50332, -35.73383], [-70.49152, -35.74011]], [[-70.51142, -35.86951], [-70.50403, -35.86678], [-70.49094, -35.86711], [-70.48636, -35.86432], [-70.4833, -35.86002], [-70.48232, -35.85453], [-70.48496, -35.84693], [-70.48906, -35.84215], [-70.49564, -35.84032], [-70.49877, -35.84154], [-70.50108, -35.8439], [-70.50306, -35.85017], [-70.50466, -35.85209], [-70.50796, -35.85478], [-70.51495, -35.85856], [-70.51671, -35.8614], [-70.51727, -35.86666], [-70.51451, -35.86923], [-70.51142, -35.86951]]]}, "properties": {"composicio": "Secuencias volcanosedimenta", "epoca": "Oligoceno Mioceno", "era": "CENOZOICO", "geo": "OM2c", "ha": 59865.02, "m2": 598650217.48, "periodo": "Paleogeno"}}, {"type": "Feature", "geometry": {"type": "Polygon", "coordinates": [[[-70.66447, -35.54198], [-70.65437, -35.53105], [-70.65035, -35.53285], [-70.6501, -35.534], [-70.6522, -35.53923], [-70.65155, -35.5412], [-70.6492, -35.54238], [-70.64275, -35.54261], [-70.63999, -35.5445], [-70.64655, -35.57555], [-70.63275, -35.59552], [-70.63299, -35.59941], [-70.63725, -35.60655], [-70.66475, -35.6276], [-70.67329, -35.6052], [-70.67106, -35.59504], [-70.66244, -35.57686], [-70.65985, -35.56912], [-70.66077, -35.55569], [-70.66447, -35.54198]]]}, "properties": {"composicio": "Secuencias volcanicas", "epoca": "Plioceno Pleistoceno", "era": "CENOZOICO", "geo": "PPl3", "ha": 2097.15, "m2": 20971486.14, "periodo": "Neogeno"}}, {"type": "Feature", "geometry": {"type": "Polygon", "coordinates": [[[-70.40384, -35.5645], [-70.40199, -35.56715], [-70.39122, -35.59176], [-70.38886, -35.59893], [-70.41009, -35.60549], [-70.41713, -35.60909], [-70.4315, -35.61922], [-70.43724, -35.62503], [-70.44767, -35.6411], [-70.45135, -35.64547], [-70.46021, -35.64959], [-70.46201, -35.64956], [-70.46445, -35.64696], [-70.46229, -35.64], [-70.4602, -35.63671], [-70.45846, -35.63004], [-70.45908, -35.62275], [-70.46094, -35.62056], [-70.49429, -35.62809], [-70.49583, -35.62783], [-70.49953, -35.6241], [-70.50533, -35.62839], [-70.51234, -35.63869], [-70.5169, -35.63975], [-70.52139, -35.63673], [-70.52383, -35.62148], [-70.55082, -35.61978], [-70.56615, -35.62066], [-70.56592, -35.61161], [-70.56793, -35.60791], [-70.56932, -35.6073], [-70.57403, -35.61032], [-70.57709, -35.62024], [-70.5797, -35.62363], [-70.58356, -35.62631], [-70.59844, -35.63167], [-70.59991, -35.63415], [-70.60102, -35.6393], [-70.60407, -35.64314], [-70.61835, -35.6524], [-70.62512, -35.65881], [-70.62732, -35.66455], [-70.6476, -35.66923], [-70.66756, -35.67039], [-70.66977, -35.66618], [-70.6705, -35.66216], [-70.66783, -35.65203], [-70.65732, -35.6432], [-70.65407, -35.63669], [-70.65074, -35.63407], [-70.64546, -35.63093], [-70.63302, -35.62771], [-70.62055, -35.61786], [-70.61421, -35.61143], [-70.61018, -35.60189], [-70.60862, -35.59033], [-70.60448, -35.57666], [-70.59913, -35.57056], [-70.58939, -35.56271], [-70.5816, -35.55286], [-70.55237, -35.59752], [-70.50207, -35.60721], [-70.42288, -35.59242], [-70.41854, -35.5894], [-70.41507, -35.58493], [-70.40384, -35.5645]]]}, "properties": {"composicio": "Secuencias volcanicas", "epoca": "Pleistoceno", "era": "CENOZOICO", "geo": "Pl3t", "ha": 9437.8, "m2": 94377956.49, "periodo": "Neogeno"}}, {"type": "Feature", "geometry": {"type": "Polygon", "coordinates": [[[-70.64109, -36.07397], [-70.63967, -36.07529], [-70.63562, -36.07561], [-70.63662, -36.07686], [-70.63603, -36.08164], [-70.63056, -36.09364], [-70.63405, -36.09462], [-70.63747, -36.09332], [-70.64034, -36.08928], [-70.64118, -36.08631], [-70.64536, -36.08313], [-70.65884, -36.08437], [-70.66276, -36.08366], [-70.66354, -36.0824], [-70.64109, -36.07397]]]}, "properties": {"composicio": "Secuencias volcanicas", "epoca": "Cuaternario", "era": "CENOZOICO", "geo": "Q3i", "ha": 266.56, "m2": 2665565.65, "periodo": "Cuaternario"}}, {"type": "Feature", "geometry": {"type": "Polygon", "coordinates": [[[-70.65371, -36.1809], [-70.65108, -36.17967], [-70.63584, -36.17786], [-70.62186, -36.16979], [-70.6218, -36.17345], [-70.62782, -36.17865], [-70.62841, -36.17994], [-70.62815, -36.18098], [-70.62313, -36.18234], [-70.62284, -36.18462], [-70.62952, -36.1924], [-70.65719, -36.20285], [-70.65371, -36.1809]]]}, "properties": {"composicio": "Secuencias sedimentarias", "epoca": "Pleistoceno Holoceno", "era": "CENOZOICO", "geo": "Q1", "ha": 545.44, "m2": 5454437.21, "periodo": "Cuaternario"}}, {"type": "Feature", "geometry": {"type": "Polygon", "coordinates": [[[-70.62473, -35.57835], [-70.62461, -35.5355], [-70.62304, -35.53437], [-70.6175, -35.537], [-70.61606, -35.53576], [-70.61879, -35.53285], [-70.61884, -35.52918], [-70.61811, -35.52816], [-70.61486, -35.52707], [-70.60786, -35.52766], [-70.60098, -35.52732], [-70.5957, -35.52914], [-70.59703, -35.55948], [-70.60835, -35.57441], [-70.61861, -35.5847], [-70.62114, -35.58071], [-70.62473, -35.57835]]]}, "properties": {"composicio": "Secuencias volcanicas", "epoca": "Plioceno Pleistoceno", "era": "CENOZOICO", "geo": "PPl3", "ha": 1271.37, "m2": 12713737.01, "periodo": "Neogeno"}}, {"type": "Feature", "geometry": {"type": "Polygon", "coordinates": [[[-70.61611, -36.13938], [-70.61476, -36.1402], [-70.61336, -36.14008], [-70.60496, -36.13783], [-70.56791, -36.11249], [-70.56263, -36.12075], [-70.56658, -36.12333], [-70.57082, -36.12483], [-70.57199, -36.1271], [-70.57105, -36.1277], [-70.56387, -36.12765], [-70.55746, -36.12992], [-70.555, -36.13489], [-70.57174, -36.13249], [-70.58195, -36.14258], [-70.57205, -36.16559], [-70.57422, -36.17439], [-70.57786, -36.17162], [-70.58684, -36.17104], [-70.59037, -36.16934], [-70.59269, -36.1652], [-70.59331, -36.15787], [-70.59508, -36.15611], [-70.60581, -36.16292], [-70.60847, -36.16363], [-70.61324, -36.16342], [-70.61768, -36.16235], [-70.62282, -36.15981], [-70.62336, -36.14534], [-70.61611, -36.13938]]]}, "properties": {"composicio": "Secuencias volcanicas", "epoca": "Mioceno Plioceno", "era": "CENOZOICO", "geo": "MP3", "ha": 1707.03, "m2": 17070311.21, "periodo": "Neogeno"}}, {"type": "Feature", "geometry": {"type": "Polygon", "coordinates": [[[-70.59831, -35.24415], [-70.58979, -35.24464], [-70.58642, -35.24379], [-70.58146, -35.24125], [-70.57444, -35.23426], [-70.57164, -35.23386], [-70.56872, -35.23471], [-70.56767, -35.23748], [-70.58598, -35.24872], [-70.59543, -35.27412], [-70.60252, -35.27812], [-70.60876, -35.25956], [-70.60267, -35.24522], [-70.60153, -35.24433], [-70.59831, -35.24415]]]}, "properties": {"composicio": "S I", "epoca": "S I", "era": "S I", "geo": "S I", "ha": 577.85, "m2": 5778526.56, "periodo": "S I"}}, {"type": "Feature", "geometry": {"type": "Polygon", "coordinates": [[[-70.57357, -36.00203], [-70.58232, -36.00182], [-70.58903, -36.00027], [-70.6054, -36.00055], [-70.60788, -35.99877], [-70.60763, -35.99602], [-70.60558, -35.99389], [-70.60271, -35.9926], [-70.60233, -35.98997], [-70.60424, -35.98821], [-70.60843, -35.98707], [-70.60875, -35.98419], [-70.5871, -35.98233], [-70.58558, -35.98707], [-70.58353, -35.98884], [-70.57876, -35.98964], [-70.58013, -35.99225], [-70.58428, -35.99374], [-70.58215, -35.99735], [-70.56748, -35.9936], [-70.57357, -36.00203]]]}, "properties": {"composicio": "Rocas intrusivas", "epoca": "Mioceno  18 6 Ma", "era": "CENOZOICO", "geo": "Mg", "ha": 505.86, "m2": 5058644.03, "periodo": "Neogeno"}}, {"type": "Feature", "geometry": {"type": "Polygon", "coordinates": [[[-70.56805, -36.01265], [-70.56456, -36.02041], [-70.5663, -36.02303], [-70.58635, -36.03342], [-70.58568, -36.03526], [-70.58602, -36.0388], [-70.59469, -36.04259], [-70.60025, -36.04124], [-70.59391, -36.02153], [-70.5937, -36.0173], [-70.59544, -36.01201], [-70.59711, -36.01096], [-70.56805, -36.01265]]]}, "properties": {"composicio": "Secuencias volcanicas", "epoca": "Cuaternario", "era": "CENOZOICO", "geo": "Q3i", "ha": 682.46, "m2": 6824558.96, "periodo": "Cuaternario"}}, {"type": "Feature", "geometry": {"type": "Polygon", "coordinates": [[[-70.57828, -35.18974], [-70.5935, -35.18079], [-70.59642, -35.17515], [-70.59768, -35.16783], [-70.59714, -35.16627], [-70.58693, -35.17628], [-70.56318, -35.18711], [-70.56005, -35.18618], [-70.55592, -35.18151], [-70.55587, -35.17893], [-70.55859, -35.17265], [-70.55711, -35.1676], [-70.5494, -35.16879], [-70.54349, -35.16945], [-70.54121, -35.16794], [-70.53965, -35.16403], [-70.53867, -35.16437], [-70.54204, -35.19458], [-70.54461, -35.19574], [-70.54901, -35.19537], [-70.55199, -35.19654], [-70.56044, -35.18938], [-70.5619, -35.18888], [-70.56956, -35.19031], [-70.57828, -35.18974]]]}, "properties": {"composicio": "S I", "epoca": "S I", "era": "S I", "geo": "S I", "ha": 793.82, "m2": 7938183.21, "periodo": "S I"}}, {"type": "Feature", "geometry": {"type": "Polygon", "coordinates": [[[-70.56805, -36.01265], [-70.56283, -36.01294], [-70.5544, -36.01138], [-70.5553, -36.01434], [-70.55494, -36.01847], [-70.53952, -36.0325], [-70.53102, -36.03638], [-70.53223, -36.04021], [-70.56058, -36.034], [-70.56073, -36.04218], [-70.56239, -36.04493], [-70.5691, -36.04726], [-70.57586, -36.04672], [-70.57936, -36.04518], [-70.58602, -36.0388], [-70.58568, -36.03526], [-70.58635, -36.03342], [-70.5663, -36.02303], [-70.56456, -36.02041], [-70.56805, -36.01265]]]}, "properties": {"composicio": "Secuencias volcanicas", "epoca": "Plioceno Pleistoceno", "era": "CENOZOICO", "geo": "PPl3", "ha": 841.13, "m2": 8411342.46, "periodo": "Neogeno"}}, {"type": "Feature", "geometry": {"type": "Polygon", "coordinates": [[[-70.53497, -36.0607], [-70.51426, -36.05335], [-70.51618, -36.05695], [-70.51398, -36.06223], [-70.52326, -36.06195], [-70.51877, -36.06569], [-70.51939, -36.06668], [-70.5213, -36.0672], [-70.52293, -36.06938], [-70.52709, -36.06756], [-70.5321, -36.06806], [-70.5333, -36.07198], [-70.53963, -36.07383], [-70.54439, -36.07136], [-70.55059, -36.07129], [-70.5507, -36.07781], [-70.5544, -36.07948], [-70.55933, -36.0793], [-70.56186, -36.07836], [-70.56463, -36.07558], [-70.56493, -36.06791], [-70.56591, -36.06732], [-70.5812, -36.07069], [-70.58481, -36.06709], [-70.58581, -36.0593], [-70.5828, -36.05681], [-70.57499, -36.05348], [-70.57244, -36.05305], [-70.56892, -36.05355], [-70.56631, -36.0577], [-70.55551, -36.05291], [-70.54578, -36.05337], [-70.53894, -36.05758], [-70.53911, -36.05952], [-70.53497, -36.0607]]]}, "properties": {"composicio": "Secuencias volcanicas", "epoca": "Cuaternario", "era": "CENOZOICO", "geo": "Q3i", "ha": 1082.49, "m2": 10824933.22, "periodo": "Cuaternario"}}, {"type": "Feature", "geometry": {"type": "Polygon", "coordinates": [[[-70.57601, -35.96457], [-70.56926, -35.9728], [-70.56742, -35.97652], [-70.57956, -35.98069], [-70.58382, -35.97749], [-70.58429, -35.97495], [-70.58281, -35.96926], [-70.58103, -35.96678], [-70.57601, -35.96457]]]}, "properties": {"composicio": "Secuencias sedimentarias", "epoca": "Pleistoceno Holoceno", "era": "CENOZOICO", "geo": "Q1", "ha": 182.69, "m2": 1826924.29, "periodo": "Cuaternario"}}, {"type": "Feature", "geometry": {"type": "Polygon", "coordinates": [[[-70.4502, -35.7588], [-70.43862, -35.75681], [-70.41643, -35.77134], [-70.41432, -35.7792], [-70.42094, -35.79062], [-70.43176, -35.80408], [-70.44204, -35.82277], [-70.44403, -35.82503], [-70.45278, -35.82591], [-70.45535, -35.82748], [-70.46423, -35.83994], [-70.46664, -35.84047], [-70.47794, -35.83042], [-70.47732, -35.82814], [-70.47266, -35.82134], [-70.47185, -35.81723], [-70.47753, -35.80143], [-70.48076, -35.80137], [-70.48417, -35.80281], [-70.48703, -35.81021], [-70.49103, -35.81278], [-70.49263, -35.81493], [-70.48863, -35.8299], [-70.50141, -35.84022], [-70.50627, -35.8375], [-70.50999, -35.83423], [-70.51294, -35.82823], [-70.51199, -35.824], [-70.50767, -35.81994], [-70.50736, -35.81858], [-70.50771, -35.81571], [-70.50987, -35.81212], [-70.51002, -35.80661], [-70.52208, -35.81041], [-70.52217, -35.81431], [-70.51711, -35.82013], [-70.51818, -35.82366], [-70.52382, -35.82391], [-70.52802, -35.82292], [-70.53315, -35.81996], [-70.53699, -35.81566], [-70.53237, -35.79993], [-70.53459, -35.79863], [-70.54039, -35.79979], [-70.54405, -35.79972], [-70.5471, -35.79244], [-70.55454, -35.79163], [-70.55689, -35.78976], [-70.55802, -35.78423], [-70.5599, -35.78099], [-70.56455, -35.78102], [-70.56896, -35.78289], [-70.5705, -35.78276], [-70.57128, -35.78034], [-70.5695, -35.77658], [-70.5607, -35.77342], [-70.55808, -35.76979], [-70.55774, -35.76762], [-70.56234, -35.76605], [-70.57131, -35.76486], [-70.57337, -35.76288], [-70.57373, -35.76035], [-70.57151, -35.75581], [-70.5717, -35.75225], [-70.57302, -35.74878], [-70.5792, -35.74283], [-70.57972, -35.74145], [-70.57881, -35.73872], [-70.57597, -35.73774], [-70.57274, -35.73779], [-70.54508, -35.74515], [-70.5422, -35.75941], [-70.53208, -35.75981], [-70.51558, -35.7578], [-70.50911, -35.75803], [-70.51048, -35.76798], [-70.49928, -35.76416], [-70.48657, -35.7622], [-70.47067, -35.75594], [-70.45751, -35.76475], [-70.45141, -35.76222], [-70.4502, -35.7588]], [[-70.50917, -35.79471], [-70.50331, -35.79125], [-70.49404, -35.79165], [-70.4929, -35.79109], [-70.4898, -35.78541], [-70.51499, -35.77983], [-70.51365, -35.79394], [-70.50917, -35.79471]]]}, "properties": {"composicio": "Secuencias volcanicas", "epoca": "Cuaternario", "era": "CENOZOICO", "geo": "Q3i", "ha": 8282.34, "m2": 82823387.27, "periodo": "Cuaternario"}}, {"type": "Feature", "geometry": {"type": "Polygon", "coordinates": [[[-70.53102, -36.03638], [-70.51421, -36.02314], [-70.50933, -36.02417], [-70.5084, -36.02526], [-70.50776, -36.03037], [-70.50324, -36.03857], [-70.48338, -36.02422], [-70.47898, -36.02748], [-70.4762, -36.03165], [-70.47198, -36.03296], [-70.4707, -36.03201], [-70.46872, -36.02748], [-70.46419, -36.02094], [-70.46479, -36.01686], [-70.46854, -36.0126], [-70.44908, -36.00593], [-70.46408, -36.04243], [-70.4636, -36.05732], [-70.47065, -36.06581], [-70.48103, -36.08928], [-70.47713, -36.09264], [-70.47053, -36.09478], [-70.46788, -36.09698], [-70.46935, -36.10052], [-70.4735, -36.10413], [-70.47321, -36.10476], [-70.47707, -36.10672], [-70.48093, -36.11011], [-70.48288, -36.10803], [-70.48319, -36.10116], [-70.48651, -36.09643], [-70.50605, -36.10043], [-70.5062, -36.09196], [-70.50796, -36.08736], [-70.5117, -36.0832], [-70.51505, -36.08098], [-70.53833, -36.08036], [-70.53967, -36.07646], [-70.53963, -36.07383], [-70.5333, -36.07198], [-70.5321, -36.06806], [-70.52709, -36.06756], [-70.52293, -36.06938], [-70.5213, -36.0672], [-70.51939, -36.06668], [-70.51877, -36.06569], [-70.52326, -36.06195], [-70.51398, -36.06223], [-70.51618, -36.05695], [-70.51426, -36.05335], [-70.53497, -36.0607], [-70.54289, -36.04894], [-70.56005, -36.0481], [-70.56239, -36.04493], [-70.56073, -36.04218], [-70.56058, -36.034], [-70.54057, -36.03961], [-70.53957, -36.03828], [-70.53674, -36.03752], [-70.53223, -36.04021], [-70.53102, -36.03638]]]}, "properties": {"composicio": "S I", "epoca": "S I", "era": "S I", "geo": "S I", "ha": 4542.11, "m2": 45421077.06, "periodo": "S I"}}, {"type": "Feature", "geometry": {"type": "Polygon", "coordinates": [[[-70.43575, -35.92762], [-70.40845, -35.9175], [-70.36677, -35.92529], [-70.39239, -35.95023], [-70.41237, -35.9576], [-70.423, -35.96977], [-70.41811, -35.97747], [-70.3898, -35.98151], [-70.38091, -35.98816], [-70.38473, -36.00009], [-70.37096, -36.03911], [-70.39211, -36.05195], [-70.40663, -36.05299], [-70.41464, -36.06203], [-70.41068, -36.06956], [-70.44044, -36.07394], [-70.4399, -36.07612], [-70.43263, -36.08009], [-70.43096, -36.08194], [-70.42914, -36.09215], [-70.42121, -36.09535], [-70.41485, -36.11042], [-70.41978, -36.12341], [-70.41906, -36.14848], [-70.42457, -36.15544], [-70.44345, -36.1332], [-70.44537, -36.12928], [-70.44626, -36.12286], [-70.44915, -36.11803], [-70.45378, -36.11603], [-70.45993, -36.11172], [-70.46522, -36.10576], [-70.46362, -36.10413], [-70.46157, -36.09934], [-70.46259, -36.09235], [-70.46454, -36.09084], [-70.47174, -36.09042], [-70.47637, -36.08887], [-70.45426, -36.07378], [-70.44449, -36.07172], [-70.4391, -36.06972], [-70.43367, -36.06509], [-70.42993, -36.06021], [-70.42885, -36.05404], [-70.4058, -36.0409], [-70.40515, -36.0345], [-70.40087, -36.03122], [-70.40112, -36.0277], [-70.39895, -36.0302], [-70.40453, -36.03641], [-70.39968, -36.03918], [-70.39778, -36.03909], [-70.39551, -36.03832], [-70.38644, -36.03032], [-70.38789, -36.02461], [-70.38959, -36.02266], [-70.39753, -36.01878], [-70.40314, -36.01704], [-70.43205, -36.02287], [-70.44202, -36.03856], [-70.43803, -36.04524], [-70.43766, -36.04913], [-70.44441, -36.06634], [-70.44555, -36.06656], [-70.45105, -36.06649], [-70.45835, -36.05486], [-70.4543, -36.04872], [-70.45282, -36.04427], [-70.45421, -36.04266], [-70.45757, -36.04124], [-70.45375, -36.01146], [-70.44907, -36.00665], [-70.44908, -36.00593], [-70.46854, -36.0126], [-70.46479, -36.01686], [-70.46419, -36.02094], [-70.46872, -36.02748], [-70.4707, -36.03201], [-70.47198, -36.03296], [-70.4762, -36.03165], [-70.47898, -36.02748], [-70.48338, -36.02422], [-70.50324, -36.03857], [-70.50776, -36.03037], [-70.5084, -36.02526], [-70.50933, -36.02417], [-70.52206, -36.02755], [-70.53492, -35.99631], [-70.54095, -35.99357], [-70.54924, -35.99256], [-70.55278, -35.99293], [-70.5558, -35.99434], [-70.55699, -35.99624], [-70.55939, -35.98462], [-70.55917, -35.97466], [-70.56198, -35.96657], [-70.56201, -35.96359], [-70.56127, -35.96258], [-70.5437, -35.96427], [-70.53314, -35.98046], [-70.52646, -35.97081], [-70.51754, -35.96528], [-70.49955, -35.95846], [-70.48447, -35.95399], [-70.46941, -35.95499], [-70.46354, -35.95672], [-70.45518, -35.95988], [-70.44672, -35.9643], [-70.43985, -35.96995], [-70.43828, -35.96871], [-70.43799, -35.96734], [-70.44303, -35.96159], [-70.4362, -35.952], [-70.43901, -35.94993], [-70.44281, -35.949], [-70.44493, -35.94945], [-70.45172, -35.95445], [-70.45411, -35.95364], [-70.4545, -35.94814], [-70.45534, -35.94699], [-70.47376, -35.93991], [-70.47262, -35.93877], [-70.46867, -35.93776], [-70.45261, -35.9391], [-70.44628, -35.94153], [-70.43901, -35.94648], [-70.4347, -35.94885], [-70.42526, -35.949], [-70.41775, -35.94764], [-70.41562, -35.94687], [-70.41474, -35.94539], [-70.41455, -35.9431], [-70.41608, -35.94239], [-70.42866, -35.94367], [-70.43231, -35.94304], [-70.4348, -35.94105], [-70.43542, -35.93772], [-70.42953, -35.93277], [-70.4293, -35.92923], [-70.43054, -35.92806], [-70.43575, -35.92762]]]}, "properties": {"composicio": "Secuencias volcanicas", "epoca": "Plioceno Pleistoceno", "era": "CENOZOICO", "geo": "PPl3", "ha": 15412.46, "m2": 154124567.22, "periodo": "Neogeno"}}, {"type": "Feature", "geometry": {"type": "Polygon", "coordinates": [[[-70.5544, -36.01138], [-70.5558, -35.99434], [-70.53492, -35.99631], [-70.53161, -36.00044], [-70.53139, -36.00971], [-70.52314, -36.02251], [-70.52206, -36.02755], [-70.52492, -36.0342], [-70.53102, -36.03638], [-70.53952, -36.0325], [-70.55494, -36.01847], [-70.5553, -36.01434], [-70.5544, -36.01138]]]}, "properties": {"composicio": "Secuencias volcanicas", "epoca": "Cuaternario", "era": "CENOZOICO", "geo": "Q3i", "ha": 975.79, "m2": 9757888.89, "periodo": "Cuaternario"}}, {"type": "Feature", "geometry": {"type": "Polygon", "coordinates": [[[-70.53635, -36.08016], [-70.53421, -36.07915], [-70.52236, -36.07895], [-70.51505, -36.08098], [-70.5117, -36.0832], [-70.50796, -36.08736], [-70.5062, -36.09196], [-70.50605, -36.10043], [-70.50521, -36.10068], [-70.51199, -36.10975], [-70.51883, -36.11379], [-70.52155, -36.11661], [-70.52259, -36.11947], [-70.52266, -36.12393], [-70.5254, -36.12722], [-70.54633, -36.13807], [-70.54871, -36.13701], [-70.55024, -36.13539], [-70.55059, -36.13092], [-70.53996, -36.11113], [-70.54924, -36.09214], [-70.54619, -36.08668], [-70.54289, -36.08305], [-70.53635, -36.08016]]]}, "properties": {"composicio": "Secuencias volcanicas", "epoca": "Cuaternario", "era": "CENOZOICO", "geo": "Q3i", "ha": 1668.52, "m2": 16685179.97, "periodo": "Cuaternario"}}, {"type": "Feature", "geometry": {"type": "Polygon", "coordinates": [[[-70.49152, -35.74011], [-70.50332, -35.73383], [-70.50762, -35.73709], [-70.51043, -35.73693], [-70.51316, -35.73367], [-70.51542, -35.72835], [-70.51873, -35.7259], [-70.53024, -35.72512], [-70.54222, -35.72629], [-70.54413, -35.72396], [-70.54351, -35.72133], [-70.53809, -35.71822], [-70.52905, -35.71678], [-70.52336, -35.71401], [-70.51117, -35.69817], [-70.50666, -35.69768], [-70.50267, -35.69568], [-70.49816, -35.69507], [-70.47881, -35.70846], [-70.47879, -35.71374], [-70.48009, -35.71497], [-70.49721, -35.71377], [-70.49729, -35.7172], [-70.4909, -35.72018], [-70.48812, -35.72733], [-70.48822, -35.73753], [-70.48982, -35.73968], [-70.49152, -35.74011]]]}, "properties": {"composicio": "Secuencias volcanicas", "epoca": "Plioceno Pleistoceno", "era": "CENOZOICO", "geo": "PPl3", "ha": 1386.71, "m2": 13867056.83, "periodo": "Neogeno"}}, {"type": "Feature", "geometry": {"type": "Polygon", "coordinates": [[[-70.47323, -35.56387], [-70.47787, -35.58149], [-70.48027, -35.58202], [-70.48334, -35.5814], [-70.48781, -35.57433], [-70.49609, -35.57454], [-70.50358, -35.57681], [-70.51129, -35.57634], [-70.51419, -35.57423], [-70.51649, -35.57075], [-70.51999, -35.55911], [-70.52342, -35.55607], [-70.5276, -35.55474], [-70.52785, -35.55347], [-70.5274, -35.55211], [-70.52439, -35.54963], [-70.5179, -35.54815], [-70.51631, -35.54622], [-70.51607, -35.5421], [-70.51519, -35.54074], [-70.50016, -35.54546], [-70.49815, -35.54355], [-70.49943, -35.53849], [-70.49693, -35.53395], [-70.48569, -35.53895], [-70.46579, -35.5277], [-70.46336, -35.53176], [-70.46447, -35.53701], [-70.48821, -35.55633], [-70.48774, -35.55989], [-70.48443, -35.56246], [-70.47323, -35.56387]]]}, "properties": {"composicio": "Secuencias volcanicas", "epoca": "Cuaternario", "era": "CENOZOICO", "geo": "Q3i", "ha": 1672.38, "m2": 16723817.97, "periodo": "Cuaternario"}}, {"type": "Feature", "geometry": {"type": "Polygon", "coordinates": [[[-70.5264, -36.14423], [-70.51991, -36.13701], [-70.51636, -36.13625], [-70.51589, -36.14186], [-70.51682, -36.14701], [-70.51585, -36.14805], [-70.5119, -36.14855], [-70.50424, -36.14624], [-70.50185, -36.14695], [-70.50426, -36.15654], [-70.50402, -36.15894], [-70.50263, -36.16079], [-70.50023, -36.16082], [-70.49509, -36.15687], [-70.49268, -36.15668], [-70.47709, -36.17202], [-70.49369, -36.17276], [-70.50423, -36.16465], [-70.50901, -36.15375], [-70.5264, -36.14423]]]}, "properties": {"composicio": "Secuencias volcanicas", "epoca": "Plioceno Pleistoceno", "era": "CENOZOICO", "geo": "PPl3", "ha": 472.68, "m2": 4726788.0, "periodo": "Neogeno"}}, {"type": "Feature", "geometry": {"type": "Polygon", "coordinates": [[[-70.51142, -35.86951], [-70.51451, -35.86923], [-70.51727, -35.86666], [-70.51671, -35.8614], [-70.51495, -35.85856], [-70.50796, -35.85478], [-70.50466, -35.85209], [-70.50306, -35.85017], [-70.50108, -35.8439], [-70.49877, -35.84154], [-70.49564, -35.84032], [-70.48906, -35.84215], [-70.48496, -35.84693], [-70.48232, -35.85453], [-70.4833, -35.86002], [-70.48636, -35.86432], [-70.49094, -35.86711], [-70.50403, -35.86678], [-70.51142, -35.86951]]]}, "properties": {"composicio": "Secuencias volcanicas", "epoca": "Plioceno Pleistoceno", "era": "CENOZOICO", "geo": "PPl3", "ha": 626.72, "m2": 6267180.29, "periodo": "Neogeno"}}, {"type": "Feature", "geometry": {"type": "Polygon", "coordinates": [[[-70.50917, -35.79471], [-70.51365, -35.79394], [-70.51499, -35.77983], [-70.4898, -35.78541], [-70.4929, -35.79109], [-70.49404, -35.79165], [-70.50331, -35.79125], [-70.50917, -35.79471]]]}, "properties": {"composicio": "Secuencias sedimentarias", "epoca": "Pleistoceno Holoceno", "era": "CENOZOICO", "geo": "Q1", "ha": 212.3, "m2": 2122990.34, "periodo": "Cuaternario"}}, {"type": "Feature", "geometry": {"type": "Polygon", "coordinates": [[[-70.38224, -35.8643], [-70.38835, -35.86822], [-70.4143, -35.8679], [-70.42111, -35.87437], [-70.42352, -35.91705], [-70.42734, -35.91779], [-70.42969, -35.91581], [-70.43055, -35.91052], [-70.43203, -35.90729], [-70.43467, -35.90587], [-70.44057, -35.9052], [-70.44266, -35.9039], [-70.43019, -35.89517], [-70.42991, -35.88921], [-70.43184, -35.88735], [-70.43491, -35.88615], [-70.46557, -35.88977], [-70.47738, -35.9063], [-70.4823, -35.90576], [-70.48367, -35.90436], [-70.48596, -35.90009], [-70.48817, -35.89213], [-70.49023, -35.89027], [-70.49927, -35.89103], [-70.5008, -35.89044], [-70.50146, -35.88847], [-70.50073, -35.88734], [-70.49208, -35.87912], [-70.48809, -35.87759], [-70.48459, -35.87845], [-70.48508, -35.88096], [-70.48769, -35.88423], [-70.48634, -35.88667], [-70.48139, -35.88572], [-70.46781, -35.87162], [-70.45187, -35.87097], [-70.44916, -35.86918], [-70.44464, -35.86295], [-70.44051, -35.86096], [-70.43601, -35.86104], [-70.43195, -35.86225], [-70.42346, -35.86651], [-70.41526, -35.86504], [-70.40514, -35.86613], [-70.40145, -35.86469], [-70.39499, -35.85964], [-70.38964, -35.85938], [-70.38365, -35.86257], [-70.38224, -35.8643]]]}, "properties": {"composicio": "Secuencias volcanicas", "epoca": "Plioceno Pleistoceno", "era": "CENOZOICO", "geo": "PPl3", "ha": 2008.64, "m2": 20086373.25, "periodo": "Neogeno"}}, {"type": "Feature", "geometry": {"type": "Polygon", "coordinates": [[[-70.41742, -35.52633], [-70.41772, -35.52323], [-70.41381, -35.51768], [-70.41843, -35.49927], [-70.43864, -35.49411], [-70.45189, -35.47577], [-70.483, -35.44971], [-70.48476, -35.44677], [-70.48936, -35.42278], [-70.48664, -35.42043], [-70.48154, -35.41779], [-70.46374, -35.41164], [-70.44988, -35.41164], [-70.44444, -35.41253], [-70.43981, -35.4146], [-70.44777, -35.4278], [-70.43245, -35.4371], [-70.44331, -35.44831], [-70.44395, -35.46147], [-70.4207, -35.48524], [-70.39605, -35.49066], [-70.39012, -35.50576], [-70.36981, -35.51789], [-70.36981, -35.51789], [-70.37038, -35.52059], [-70.3744, -35.52188], [-70.40398, -35.52406], [-70.40975, -35.53634], [-70.40975, -35.53634], [-70.41742, -35.52633]]]}, "properties": {"composicio": "Secuencias volcanicas", "epoca": "Pleistoceno", "era": "CENOZOICO", "geo": "Pl3t", "ha": 4033.46, "m2": 40334588.82, "periodo": "Neogeno"}}, {"type": "Feature", "geometry": {"type": "Polygon", "coordinates": [[[-70.47321, -36.10476], [-70.44915, -36.11803], [-70.44626, -36.12286], [-70.44537, -36.12928], [-70.44345, -36.1332], [-70.42457, -36.15544], [-70.45031, -36.17117], [-70.47709, -36.17202], [-70.48024, -36.16494], [-70.48424, -36.15906], [-70.48693, -36.15021], [-70.48185, -36.14146], [-70.4764, -36.13592], [-70.47127, -36.13334], [-70.46987, -36.13393], [-70.46588, -36.14061], [-70.4591, -36.14092], [-70.4581, -36.14013], [-70.45721, -36.13705], [-70.47543, -36.11944], [-70.48013, -36.11321], [-70.48093, -36.11011], [-70.47707, -36.10672], [-70.47321, -36.10476]]]}, "properties": {"composicio": "Secuencias volcanicas", "epoca": "Cuaternario", "era": "CENOZOICO", "geo": "Q3i", "ha": 2353.94, "m2": 23539362.87, "periodo": "Cuaternario"}}, {"type": "Feature", "geometry": {"type": "Polygon", "coordinates": [[[-70.44411, -36.0652], [-70.443, -36.06625], [-70.44145, -36.06637], [-70.43367, -36.06509], [-70.47637, -36.08887], [-70.47174, -36.09042], [-70.46454, -36.09084], [-70.46259, -36.09235], [-70.46157, -36.09934], [-70.46362, -36.10413], [-70.46522, -36.10576], [-70.46688, -36.10489], [-70.47321, -36.10476], [-70.4735, -36.10413], [-70.46935, -36.10052], [-70.46788, -36.09698], [-70.47053, -36.09478], [-70.47713, -36.09264], [-70.48103, -36.08928], [-70.47065, -36.06581], [-70.4636, -36.05732], [-70.46408, -36.04243], [-70.46099, -36.03445], [-70.45713, -36.03071], [-70.45397, -36.03636], [-70.45471, -36.03864], [-70.45757, -36.04124], [-70.45421, -36.04266], [-70.45282, -36.04427], [-70.4543, -36.04872], [-70.45835, -36.05486], [-70.45357, -36.06521], [-70.44411, -36.0652]]]}, "properties": {"composicio": "Secuencias sedimentarias", "epoca": "Pleistoceno Holoceno", "era": "CENOZOICO", "geo": "Q1", "ha": 901.95, "m2": 9019456.35, "periodo": "Cuaternario"}}, {"type": "Feature", "geometry": {"type": "Polygon", "coordinates": [[[-70.4274, -35.5163], [-70.42131, -35.52063], [-70.41742, -35.52633], [-70.40975, -35.53634], [-70.41006, -35.55668], [-70.40384, -35.5645], [-70.41507, -35.58493], [-70.41854, -35.5894], [-70.42288, -35.59242], [-70.42987, -35.59437], [-70.46891, -35.59942], [-70.47787, -35.58149], [-70.47323, -35.56387], [-70.45991, -35.56379], [-70.45972, -35.55566], [-70.45794, -35.55145], [-70.43767, -35.53654], [-70.4274, -35.5163]]]}, "properties": {"composicio": "Rocas metamorficas", "epoca": "Devonico Carbonifero", "era": "PALEOZOICO", "geo": "DC4", "ha": 3537.05, "m2": 35370520.38, "periodo": ""}}, {"type": "Feature", "geometry": {"type": "Polygon", "coordinates": [[[-70.47199, -35.73471], [-70.47367, -35.73468], [-70.476, -35.73201], [-70.47593, -35.72914], [-70.47157, -35.72314], [-70.4663, -35.72048], [-70.46352, -35.71583], [-70.44684, -35.71806], [-70.45667, -35.72935], [-70.45794, -35.72967], [-70.46311, -35.72821], [-70.46886, -35.7335], [-70.47199, -35.73471]]]}, "properties": {"composicio": "Secuencias volcanicas", "epoca": "Plioceno Pleistoceno", "era": "CENOZOICO", "geo": "PPl3", "ha": 293.87, "m2": 2938735.77, "periodo": "Neogeno"}}, {"type": "Feature", "geometry": {"type": "Polygon", "coordinates": [[[-70.42786, -35.70587], [-70.42598, -35.70969], [-70.4268, -35.71437], [-70.43044, -35.71969], [-70.44323, -35.73164], [-70.44569, -35.74065], [-70.44419, -35.74251], [-70.43851, -35.74638], [-70.43706, -35.7503], [-70.43862, -35.75681], [-70.4502, -35.7588], [-70.45775, -35.75707], [-70.45942, -35.7442], [-70.46546, -35.7441], [-70.47196, -35.74548], [-70.47458, -35.74338], [-70.47425, -35.74097], [-70.47179, -35.73838], [-70.4674, -35.73708], [-70.4589, -35.73593], [-70.45067, -35.73105], [-70.44693, -35.72779], [-70.4328, -35.70671], [-70.42926, -35.70562], [-70.42786, -35.70587]]]}, "properties": {"composicio": "Secuencias sedimentarias", "epoca": "Pleistoceno Holoceno", "era": "CENOZOICO", "geo": "Q1", "ha": 792.7, "m2": 7926964.17, "periodo": "Cuaternario"}}, {"type": "Feature", "geometry": {"type": "Polygon", "coordinates": [[[-70.42786, -35.70587], [-70.42358, -35.69712], [-70.41937, -35.69134], [-70.41337, -35.68035], [-70.40498, -35.67481], [-70.39866, -35.68944], [-70.39277, -35.68896], [-70.39024, -35.69032], [-70.38823, -35.69672], [-70.3854, -35.69968], [-70.36395, -35.75518], [-70.36842, -35.75795], [-70.37511, -35.76392], [-70.37959, -35.77963], [-70.38204, -35.77928], [-70.3845, -35.77762], [-70.38848, -35.7786], [-70.39158, -35.78497], [-70.39637, -35.79131], [-70.39648, -35.79601], [-70.39481, -35.8028], [-70.39522, -35.80852], [-70.39952, -35.81785], [-70.41323, -35.82026], [-70.41315, -35.83493], [-70.43114, -35.84587], [-70.44872, -35.83893], [-70.41432, -35.7792], [-70.41643, -35.77134], [-70.43862, -35.75681], [-70.43706, -35.7503], [-70.43851, -35.74638], [-70.44419, -35.74251], [-70.44569, -35.74065], [-70.44323, -35.73164], [-70.43044, -35.71969], [-70.4268, -35.71437], [-70.42598, -35.70969], [-70.42786, -35.70587]]]}, "properties": {"composicio": "Secuencias volcanicas", "epoca": "Plioceno Pleistoceno", "era": "CENOZOICO", "geo": "PPl3", "ha": 7119.58, "m2": 71195769.04, "periodo": "Neogeno"}}, {"type": "Feature", "geometry": {"type": "Polygon", "coordinates": [[[-70.43901, -35.94648], [-70.44465, -35.94043], [-70.44532, -35.93881], [-70.44517, -35.93251], [-70.44214, -35.92969], [-70.43575, -35.92762], [-70.43054, -35.92806], [-70.4293, -35.92923], [-70.42953, -35.93277], [-70.43542, -35.93772], [-70.4348, -35.94105], [-70.43231, -35.94304], [-70.42866, -35.94367], [-70.41608, -35.94239], [-70.41455, -35.9431], [-70.42526, -35.949], [-70.4347, -35.94885], [-70.43901, -35.94648]]]}, "properties": {"composicio": "Secuencias sedimentarias", "epoca": "Pleistoceno Holoceno", "era": "CENOZOICO", "geo": "Q1", "ha": 308.99, "m2": 3089906.31, "periodo": "Cuaternario"}}, {"type": "Feature", "geometry": {"type": "Polygon", "coordinates": [[[-70.40548, -36.0199], [-70.40483, -36.02066], [-70.40018, -36.02265], [-70.39948, -36.02405], [-70.4058, -36.0409], [-70.42885, -36.05404], [-70.42993, -36.06021], [-70.43367, -36.06509], [-70.44145, -36.06637], [-70.443, -36.06625], [-70.44411, -36.0652], [-70.44416, -36.0589], [-70.44327, -36.05582], [-70.43811, -36.0505], [-70.43766, -36.04913], [-70.43803, -36.04524], [-70.44202, -36.03856], [-70.43205, -36.02287], [-70.42468, -36.02009], [-70.41677, -36.01938], [-70.41322, -36.01758], [-70.4087, -36.0174], [-70.40548, -36.0199]]]}, "properties": {"composicio": "Secuencias volcanicas", "epoca": "Cuaternario", "era": "CENOZOICO", "geo": "Q3i", "ha": 1171.38, "m2": 11713775.98, "periodo": "Cuaternario"}}, {"type": "Feature", "geometry": {"type": "Polygon", "coordinates": [[[-70.41068, -36.06956], [-70.42121, -36.09535], [-70.42121, -36.09535], [-70.42914, -36.09215], [-70.43096, -36.08194], [-70.43263, -36.08009], [-70.4399, -36.07612], [-70.44044, -36.07394], [-70.41068, -36.06956]]]}, "properties": {"composicio": "Secuencias volcanicas", "epoca": "Cuaternario", "era": "CENOZOICO", "geo": "Q3i", "ha": 403.31, "m2": 4033118.9, "periodo": "Cuaternario"}}, {"type": "Feature", "geometry": {"type": "Polygon", "coordinates": [[[-70.40483, -36.02066], [-70.40548, -36.0199], [-70.40543, -36.01835], [-70.40314, -36.01704], [-70.39753, -36.01878], [-70.38959, -36.02266], [-70.38789, -36.02461], [-70.38644, -36.03032], [-70.39551, -36.03832], [-70.39778, -36.03909], [-70.39968, -36.03918], [-70.40453, -36.03641], [-70.39895, -36.0302], [-70.40112, -36.0277], [-70.40047, -36.0262], [-70.40098, -36.0237], [-70.39948, -36.02405], [-70.39682, -36.02547], [-70.39525, -36.02519], [-70.39837, -36.02113], [-70.40483, -36.02066]]]}, "properties": {"composicio": "S I", "epoca": "S I", "era": "S I", "geo": "S I", "ha": 221.44, "m2": 2214365.42, "periodo": "S I"}}, {"type": "Feature", "geometry": {"type": "Polygon", "coordinates": [[[-70.39948, -36.02405], [-70.40018, -36.02265], [-70.40483, -36.02066], [-70.39837, -36.02113], [-70.39525, -36.02519], [-70.39682, -36.02547], [-70.39948, -36.02405]]]}, "properties": {"composicio": "Secuencias volcanicas", "epoca": "Plioceno Pleistoceno", "era": "CENOZOICO", "geo": "PPl3", "ha": 15.38, "m2": 153798.76, "periodo": "Neogeno"}}, {"type": "Feature", "geometry": {"type": "Polygon", "coordinates": [[[-71.66734, -36.36359], [-71.67041, -36.35078], [-71.67513, -36.31943], [-71.69372, -36.2987], [-71.71926, -36.25594], [-71.73226, -36.24158], [-71.7588, -36.22847], [-71.76976, -36.21103], [-71.79452, -36.20264], [-71.81758, -36.20053], [-71.83848, -36.19223], [-71.84375, -36.17804], [-71.8745, -36.17575], [-71.90338, -36.17505], [-71.91861, -36.16999], [-71.94883, -36.15363], [-71.96784, -36.14691], [-71.98661, -36.13394], [-72.00243, -36.11644], [-72.04405, -36.10781], [-72.06924, -36.10716], [-72.09541, -36.09934], [-72.1275, -36.07879], [-72.14935, -36.04516], [-72.15351, -36.04307], [-72.1719, -36.02571], [-72.1764, -36.01227], [-72.17827, -36.00348], [-72.18021, -36.00058], [-72.18412, -35.99786], [-72.19442, -35.99437], [-72.19603, -35.99025], [-72.19011, -35.98306], [-72.18199, -35.97866], [-72.17503, -35.97336], [-72.14912, -35.98011], [-72.14479, -35.97877], [-72.14015, -35.97331], [-72.13599, -35.97094], [-72.13416, -35.97101], [-72.12987, -35.97322], [-72.12371, -35.9722], [-72.12083, -35.96916], [-72.12087, -35.96767], [-72.12411, -35.9627], [-72.12786, -35.9598], [-72.12861, -35.95833], [-72.12792, -35.95282], [-72.1287, -35.95009], [-72.14407, -35.95896], [-72.15324, -35.95329], [-72.15632, -35.95381], [-72.15944, -35.95798], [-72.16238, -35.95838], [-72.1653, -35.94563], [-72.16392, -35.94479], [-72.15635, -35.94351], [-72.14677, -35.9391], [-72.14642, -35.93658], [-72.14987, -35.93413], [-72.15036, -35.93197], [-72.14969, -35.93081], [-72.14637, -35.92892], [-72.1434, -35.9292], [-72.1411, -35.93568], [-72.13839, -35.93665], [-72.1332, -35.93599], [-72.13058, -35.934], [-72.13145, -35.92863], [-72.10759, -35.93012], [-72.10652, -35.92814], [-72.10692, -35.92415], [-72.10896, -35.92213], [-72.11397, -35.91925], [-72.11363, -35.91192], [-72.12386, -35.89931], [-72.12065, -35.89843], [-72.11272, -35.89978], [-72.10359, -35.9036], [-72.09761, -35.90074], [-72.09138, -35.90154], [-72.08935, -35.89875], [-72.1067, -35.87918], [-72.11319, -35.87404], [-72.11508, -35.87705], [-72.11647, -35.87765], [-72.11775, -35.87722], [-72.12259, -35.87045], [-72.12762, -35.867], [-72.12827, -35.86415], [-72.12489, -35.85928], [-72.12534, -35.85334], [-72.14426, -35.84157], [-72.14472, -35.84044], [-72.14315, -35.83629], [-72.14289, -35.83034], [-72.14643, -35.82972], [-72.1476, -35.82825], [-72.13899, -35.80898], [-72.15563, -35.79774], [-72.13843, -35.79913], [-72.13585, -35.79577], [-72.13611, -35.79176], [-72.13432, -35.79035], [-72.12723, -35.79721], [-72.12383, -35.79805], [-72.11766, -35.79725], [-72.10368, -35.78943], [-72.09334, -35.78203], [-72.08952, -35.77818], [-72.09117, -35.77466], [-72.09067, -35.77247], [-72.08709, -35.76989], [-72.08041, -35.76735], [-72.07993, -35.7646], [-72.08144, -35.76108], [-72.09017, -35.75576], [-72.09021, -35.75416], [-72.09195, -35.75259], [-72.08773, -35.74278], [-72.08947, -35.74099], [-72.09517, -35.73835], [-72.09633, -35.73712], [-72.09574, -35.73298], [-72.09119, -35.73016], [-72.0825, -35.72918], [-72.07879, -35.72636], [-72.075, -35.72629], [-72.06915, -35.72927], [-72.06609, -35.72806], [-72.06615, -35.70655], [-72.06249, -35.70202], [-72.04929, -35.69695], [-72.04405, -35.69364], [-72.03178, -35.65747], [-72.03236, -35.64741], [-72.0288, -35.64425], [-72.02681, -35.64031], [-72.03117, -35.63525], [-72.03074, -35.63113], [-72.02816, -35.62798], [-72.02418, -35.62492], [-72.02259, -35.62134], [-72.021, -35.61305], [-72.02272, -35.6078], [-72.02181, -35.60053], [-72.01604, -35.59267], [-72.02346, -35.58389], [-72.02644, -35.58303], [-72.04238, -35.58451], [-72.04857, -35.5835], [-72.05371, -35.58051], [-72.05944, -35.57182], [-72.05951, -35.56942], [-72.04071, -35.55607], [-72.03918, -35.55558], [-72.03102, -35.55687], [-72.02672, -35.5554], [-72.01688, -35.54401], [-72.00866, -35.54526], [-72.00123, -35.5448], [-71.99491, -35.546], [-71.97483, -35.55432], [-71.96813, -35.56281], [-71.97307, -35.57571], [-71.97699, -35.57822], [-71.98274, -35.5786], [-72.00138, -35.58282], [-71.99545, -35.60762], [-71.99594, -35.62062], [-72.01222, -35.66795], [-71.98206, -35.66348], [-71.97128, -35.66532], [-71.96837, -35.67268], [-71.96371, -35.70196], [-71.96365, -35.74656], [-71.94524, -35.74415], [-71.94352, -35.74615], [-71.94284, -35.74905], [-71.94003, -35.74903], [-71.92313, -35.73029], [-71.91837, -35.73078], [-71.91241, -35.72972], [-71.90672, -35.73109], [-71.90958, -35.73193], [-71.91137, -35.73645], [-71.91931, -35.73764], [-71.9251, -35.75382], [-71.92411, -35.75638], [-71.92241, -35.75874], [-71.91742, -35.76271], [-71.90027, -35.76803], [-71.88907, -35.77417], [-71.88691, -35.7786], [-71.88705, -35.78124], [-71.8898, -35.78262], [-71.89318, -35.78261], [-71.89575, -35.78344], [-71.89686, -35.78581], [-71.89631, -35.78858], [-71.87395, -35.80903], [-71.87673, -35.80923], [-71.8928, -35.80177], [-71.90118, -35.80066], [-71.90376, -35.8016], [-71.90527, -35.80361], [-71.90571, -35.80646], [-71.87743, -35.83282], [-71.87517, -35.8431], [-71.86927, -35.84343], [-71.85455, -35.83915], [-71.84856, -35.8404], [-71.83903, -35.84648], [-71.83009, -35.8476], [-71.82176, -35.84446], [-71.81738, -35.84141], [-71.81757, -35.83968], [-71.83261, -35.81817], [-71.83243, -35.81473], [-71.83037, -35.81034], [-71.82527, -35.80697], [-71.82166, -35.79999], [-71.81981, -35.79893], [-71.79829, -35.79968], [-71.79585, -35.79862], [-71.79215, -35.7952], [-71.79826, -35.77879], [-71.77937, -35.77751], [-71.76554, -35.78774], [-71.74979, -35.80131], [-71.74018, -35.81638], [-71.72713, -35.8497], [-71.726, -35.87615], [-71.7046, -35.90305], [-71.68161, -35.9432], [-71.66171, -35.9552], [-71.64824, -35.97696], [-71.62838, -35.98896], [-71.61044, -35.99762], [-71.60893, -36.00347], [-71.61334, -36.00879], [-71.62913, -36.01333], [-71.64725, -36.01586], [-71.67496, -36.0172], [-71.69185, -36.01877], [-71.71592, -36.0192], [-71.76254, -36.0113], [-71.77099, -36.01209], [-71.77597, -36.01685], [-71.77751, -36.02659], [-71.77662, -36.0354], [-71.76033, -36.05141], [-71.75257, -36.07015], [-71.74659, -36.07126], [-71.74201, -36.07821], [-71.74239, -36.08895], [-71.73785, -36.09687], [-71.6925, -36.10864], [-71.69297, -36.12231], [-71.6713, -36.15797], [-71.66802, -36.16781], [-71.66832, -36.1766], [-71.67685, -36.17934], [-71.6918, -36.19366], [-71.69213, -36.20342], [-71.69869, -36.2189], [-71.69006, -36.24841], [-71.67851, -36.26333], [-71.67428, -36.281], [-71.66392, -36.29857], [-71.66247, -36.30649], [-71.6573, -36.31324], [-71.62714, -36.32647], [-71.62189, -36.32601], [-71.60933, -36.30688], [-71.6033, -36.31015], [-71.59562, -36.31374], [-71.58904, -36.32063], [-71.59201, -36.32549], [-71.59431, -36.3267], [-71.61295, -36.32975], [-71.615, -36.33668], [-71.60696, -36.35184], [-71.62124, -36.36515], [-71.61904, -36.37207], [-71.6138, -36.37653], [-71.60456, -36.38027], [-71.59918, -36.38026], [-71.59331, -36.3781], [-71.5872, -36.37743], [-71.57816, -36.38288], [-71.56987, -36.38512], [-71.56163, -36.38437], [-71.55188, -36.38022], [-71.53994, -36.37886], [-71.53788, -36.38085], [-71.5358, -36.38741], [-71.53135, -36.39014], [-71.52226, -36.39398], [-71.51881, -36.39725], [-71.51831, -36.39945], [-71.51996, -36.40742], [-71.55347, -36.41017], [-71.55243, -36.4325], [-71.5602, -36.41255], [-71.56156, -36.43918], [-71.56384, -36.43959], [-71.56606, -36.43795], [-71.56984, -36.42676], [-71.58427, -36.42613], [-71.59571, -36.43905], [-71.58709, -36.44449], [-71.58187, -36.45009], [-71.58023, -36.45195], [-71.57437, -36.46455], [-71.57777, -36.4647], [-71.58567, -36.45859], [-71.59191, -36.4588], [-71.59321, -36.45958], [-71.59328, -36.46185], [-71.59941, -36.46827], [-71.59393, -36.47776], [-71.60071, -36.487], [-71.60598, -36.48322], [-71.6092, -36.48178], [-71.61176, -36.48196], [-71.61928, -36.49141], [-71.65149, -36.47619], [-71.66062, -36.46037], [-71.66288, -36.41345], [-71.66214, -36.39159], [-71.66734, -36.36359]], [[-72.04323, -35.73316], [-72.04123, -35.73913], [-72.03473, -35.7443], [-72.02809, -35.74583], [-72.02195, -35.74598], [-72.0135, -35.74392], [-72.01223, -35.73986], [-72.01417, -35.73207], [-72.01793, -35.72834], [-72.02285, -35.72549], [-72.02785, -35.7249], [-72.03628, -35.72651], [-72.04142, -35.72957], [-72.04323, -35.73316]], [[-71.97057, -35.82196], [-71.96726, -35.8207], [-71.96341, -35.81706], [-71.96048, -35.81763], [-71.95761, -35.81922], [-71.94782, -35.81763], [-71.93936, -35.80947], [-71.93048, -35.81174], [-71.92787, -35.81046], [-71.92745, -35.80773], [-71.92845, -35.80552], [-71.93061, -35.80371], [-71.93571, -35.80181], [-71.94157, -35.80091], [-71.94315, -35.79889], [-71.93464, -35.78201], [-71.94013, -35.76657], [-71.93532, -35.76078], [-71.93544, -35.75791], [-71.939, -35.75355], [-71.94163, -35.75264], [-71.95443, -35.75286], [-71.95734, -35.7547], [-71.95874, -35.75705], [-71.96152, -35.75649], [-71.9631, -35.7546], [-71.96644, -35.75391], [-71.97267, -35.75987], [-71.97558, -35.76434], [-71.97335, -35.7878], [-71.98608, -35.7918], [-71.98636, -35.79431], [-71.9845, -35.79886], [-71.98581, -35.80476], [-71.97615, -35.82117], [-71.97057, -35.82196]], [[-72.10207, -35.83951], [-72.08759, -35.8408], [-72.07373, -35.84389], [-72.07024, -35.84033], [-72.06946, -35.83444], [-72.07321, -35.83025], [-72.08688, -35.82261], [-72.09468, -35.82196], [-72.10086, -35.82271], [-72.10991, -35.82566], [-72.11346, -35.83057], [-72.11414, -35.83374], [-72.1087, -35.83753], [-72.10207, -35.83951]], [[-71.90274, -35.92671], [-71.90175, -35.917], [-71.89987, -35.9137], [-71.89029, -35.91266], [-71.88801, -35.91096], [-71.88757, -35.9096], [-71.88921, -35.90637], [-71.89466, -35.90414], [-71.89179, -35.90038], [-71.89175, -35.89741], [-71.89739, -35.88899], [-71.93957, -35.85914], [-71.9494, -35.85887], [-71.95013, -35.84592], [-71.95356, -35.84296], [-71.9553, -35.8422], [-71.95753, -35.84286], [-71.96278, -35.85317], [-71.9701, -35.84795], [-71.98461, -35.83427], [-71.9931, -35.83658], [-71.99413, -35.84051], [-71.98958, -35.8489], [-71.98134, -35.85307], [-71.97888, -35.85817], [-71.97324, -35.86118], [-71.96512, -35.87449], [-71.96478, -35.87976], [-71.96395, -35.8808], [-71.9465, -35.88008], [-71.94739, -35.88339], [-71.95181, -35.88712], [-71.95157, -35.88975], [-71.9495, -35.89207], [-71.93997, -35.89504], [-71.93762, -35.89736], [-71.93766, -35.90022], [-71.9388, -35.90124], [-71.96124, -35.90682], [-71.96804, -35.91134], [-71.96818, -35.91493], [-71.96072, -35.91655], [-71.94159, -35.91378], [-71.93616, -35.91032], [-71.92621, -35.90596], [-71.9215, -35.90177], [-71.92258, -35.91676], [-71.9192, -35.91691], [-71.91764, -35.9159], [-71.9173, -35.91224], [-71.9069, -35.91316], [-71.90468, -35.91536], [-71.90743, -35.92002], [-71.90819, -35.92402], [-71.9064, -35.92656], [-71.90274, -35.92671]], [[-71.64286, -36.37159], [-71.64291, -36.3715], [-71.64679, -36.37041], [-71.64286, -36.37159]], [[-71.65091, -36.36922], [-71.65116, -36.36913], [-71.65091, -36.36922], [-71.65091, -36.36922]], [[-71.65551, -36.36748], [-71.65859, -36.36632], [-71.65881, -36.36623], [-71.6586, -36.36631], [-71.6585, -36.36635], [-71.65551, -36.36748]], [[-71.65934, -36.36603], [-71.66027, -36.36568], [-71.66031, -36.36567], [-71.65934, -36.36603]], [[-71.63027, -36.37345], [-71.63067, -36.37335], [-71.63201, -36.37308], [-71.63172, -36.37314], [-71.63072, -36.37334], [-71.63027, -36.37345]], [[-71.63421, -36.37264], [-71.63841, -36.3718], [-71.63615, -36.37227], [-71.63421, -36.37264]], [[-71.5466, -36.40609], [-71.54746, -36.40522], [-71.54662, -36.40609], [-71.5466, -36.40609]], [[-71.54746, -36.40522], [-71.5482, -36.40346], [-71.54748, -36.40519], [-71.54746, -36.40522]], [[-71.57146, -36.40376], [-71.57378, -36.40298], [-71.57378, -36.40298], [-71.57298, -36.40325], [-71.57227, -36.40349], [-71.57205, -36.40358], [-71.57196, -36.40361], [-71.57146, -36.40376]], [[-71.57487, -36.40228], [-71.57539, -36.40189], [-71.57539, -36.40189], [-71.57487, -36.40228]], [[-71.57411, -36.40285], [-71.57437, -36.40265], [-71.57411, -36.40285], [-71.57411, -36.40285]], [[-71.57561, -36.40149], [-71.57684, -36.39841], [-71.57711, -36.39804], [-71.57561, -36.40149]], [[-71.5772, -36.39791], [-71.57759, -36.39737], [-71.5778, -36.39728], [-71.57759, -36.39737], [-71.5772, -36.39791]], [[-71.57878, -36.39684], [-71.57884, -36.39668], [-71.57878, -36.39684], [-71.57878, -36.39684]], [[-71.58061, -36.39342], [-71.58086, -36.3932], [-71.58164, -36.39279], [-71.58095, -36.39315], [-71.58061, -36.39342]], [[-71.58232, -36.39243], [-71.58256, -36.3923], [-71.58377, -36.39194], [-71.58365, -36.39197], [-71.58269, -36.39227], [-71.58232, -36.39243]], [[-71.58947, -36.39017], [-71.59231, -36.38894], [-71.58947, -36.39017], [-71.58947, -36.39017]], [[-71.59513, -36.38752], [-71.59704, -36.38645], [-71.59593, -36.38707], [-71.59513, -36.38752]], [[-71.5982, -36.3856], [-71.59937, -36.38467], [-71.59909, -36.38492], [-71.5982, -36.38559], [-71.5982, -36.3856]], [[-71.59954, -36.38469], [-71.59963, -36.38472], [-71.59963, -36.38474], [-71.59954, -36.38469]], [[-71.60114, -36.38531], [-71.60271, -36.38592], [-71.6026, -36.38589], [-71.60114, -36.38531]], [[-71.60555, -36.38507], [-71.60632, -36.38453], [-71.60612, -36.38467], [-71.60555, -36.38507], [-71.60555, -36.38507]], [[-71.60867, -36.38218], [-71.60949, -36.38072], [-71.60989, -36.38061], [-71.61065, -36.38079], [-71.61025, -36.3807], [-71.60987, -36.38064], [-71.60982, -36.38063], [-71.60948, -36.38075], [-71.60867, -36.38218], [-71.60867, -36.38218]], [[-71.61074, -36.38079], [-71.61327, -36.37943], [-71.61317, -36.37948], [-71.61074, -36.38079]], [[-71.61359, -36.37926], [-71.61604, -36.37794], [-71.61635, -36.37782], [-71.61359, -36.37926]], [[-71.62219, -36.37568], [-71.62334, -36.37526], [-71.62336, -36.37525], [-71.62334, -36.37526], [-71.62219, -36.37568]]]}, "properties": {"composicio": "Secuencias volcanicas", "epoca": "Pleistoceno", "era": "CENOZOICO", "geo": "Pl3t", "ha": 187490.56, "m2": 1874905570.37, "periodo": "Neogeno"}}, {"type": "Feature", "geometry": {"type": "Polygon", "coordinates": [[[-72.69448, -36.42677], [-72.68901, -36.42658], [-72.67509, -36.42268], [-72.66872, -36.42258], [-72.66456, -36.42468], [-72.66336, -36.42718], [-72.66337, -36.43199], [-72.66466, -36.43659], [-72.66684, -36.43961], [-72.67392, -36.44521], [-72.68401, -36.44904], [-72.68537, -36.44431], [-72.68277, -36.43434], [-72.68507, -36.43055], [-72.69448, -36.42677]]]}, "properties": {"composicio": "Secuencias sedimentarias", "epoca": "Pleistoceno Holoceno", "era": "CENOZOICO", "geo": "Q1", "ha": 445.11, "m2": 4451124.33, "periodo": "Cuaternario"}}, {"type": "Feature", "geometry": {"type": "Polygon", "coordinates": [[[-72.28043, -35.42365], [-72.27728, -35.42502], [-72.27, -35.42488], [-72.26139, -35.42245], [-72.25155, -35.41826], [-72.24738, -35.41738], [-72.2443, -35.41744], [-72.23537, -35.4214], [-72.232, -35.42145], [-72.2207, -35.41507], [-72.21292, -35.41275], [-72.20982, -35.41314], [-72.20656, -35.41457], [-72.19682, -35.42286], [-72.19327, -35.42451], [-72.18318, -35.42467], [-72.17483, -35.4228], [-72.17021, -35.42272], [-72.16512, -35.4248], [-72.15679, -35.4322], [-72.15071, -35.43415], [-72.11605, -35.43647], [-72.10162, -35.44661], [-72.08037, -35.43075], [-72.07703, -35.42976], [-72.06543, -35.42896], [-72.06534, -35.43227], [-72.06719, -35.44079], [-72.07078, -35.4522], [-72.07752, -35.46653], [-72.09227, -35.48956], [-72.10207, -35.52393], [-72.1078, -35.52977], [-72.13188, -35.5459], [-72.13733, -35.55127], [-72.17035, -35.5995], [-72.19394, -35.6092], [-72.19739, -35.60595], [-72.2058, -35.60152], [-72.2368, -35.6021], [-72.24642, -35.60467], [-72.25099, -35.60693], [-72.25157, -35.61129], [-72.24104, -35.6112], [-72.2544, -35.62609], [-72.25423, -35.63239], [-72.25324, -35.63797], [-72.24845, -35.64864], [-72.24844, -35.65459], [-72.25063, -35.66184], [-72.25007, -35.66675], [-72.24833, -35.66877], [-72.24665, -35.66886], [-72.23802, -35.66584], [-72.2364, -35.66856], [-72.23151, -35.6727], [-72.224, -35.67509], [-72.21953, -35.68325], [-72.21901, -35.68678], [-72.22031, -35.69082], [-72.22395, -35.69637], [-72.24767, -35.71294], [-72.27027, -35.7138], [-72.2916, -35.70949], [-72.30005, -35.70895], [-72.31928, -35.70952], [-72.32557, -35.71089], [-72.33267, -35.71365], [-72.31275, -35.7443], [-72.30853, -35.74457], [-72.30596, -35.744], [-72.29315, -35.73595], [-72.2902, -35.73589], [-72.2872, -35.73767], [-72.29169, -35.76978], [-72.30337, -35.78029], [-72.31371, -35.79351], [-72.31702, -35.80124], [-72.32159, -35.82008], [-72.33626, -35.82434], [-72.37039, -35.85948], [-72.38691, -35.86824], [-72.39182, -35.87427], [-72.39852, -35.88743], [-72.40649, -35.88961], [-72.40787, -35.89067], [-72.41048, -35.89346], [-72.41352, -35.90083], [-72.41544, -35.90293], [-72.4181, -35.90366], [-72.42838, -35.90406], [-72.43453, -35.90622], [-72.42887, -35.92363], [-72.43424, -35.93459], [-72.44818, -35.95518], [-72.45163, -35.95936], [-72.4547, -35.9617], [-72.47106, -35.96735], [-72.48925, -35.98023], [-72.49161, -35.98302], [-72.50128, -35.99977], [-72.50287, -36.00673], [-72.50664, -36.01339], [-72.51312, -36.05973], [-72.5295, -36.07867], [-72.53174, -36.08398], [-72.5321, -36.09108], [-72.54171, -36.09537], [-72.54233, -36.10843], [-72.55234, -36.11341], [-72.5599, -36.12041], [-72.56617, -36.13357], [-72.56937, -36.14518], [-72.56852, -36.15009], [-72.56659, -36.15372], [-72.56357, -36.15561], [-72.55445, -36.15866], [-72.54528, -36.1633], [-72.55299, -36.17511], [-72.61866, -36.25122], [-72.62522, -36.25441], [-72.63194, -36.25659], [-72.64588, -36.25866], [-72.65308, -36.25878], [-72.668, -36.25571], [-72.67591, -36.25596], [-72.67769, -36.25828], [-72.67799, -36.26275], [-72.6975, -36.26788], [-72.70363, -36.27142], [-72.70803, -36.27584], [-72.70727, -36.30982], [-72.70318, -36.32004], [-72.69696, -36.32532], [-72.69095, -36.32786], [-72.68824, -36.33388], [-72.69237, -36.33817], [-72.70077, -36.34175], [-72.70773, -36.34599], [-72.7216, -36.36166], [-72.71171, -36.38244], [-72.71131, -36.3869], [-72.71535, -36.39486], [-72.72172, -36.40023], [-72.72715, -36.40353], [-72.72797, -36.40491], [-72.73205, -36.4004], [-72.73492, -36.39908], [-72.79278, -36.39004], [-72.80807, -36.38433], [-72.81549, -36.37621], [-72.81877, -36.37523], [-72.825, -36.37545], [-72.83298, -36.379], [-72.83638, -36.37883], [-72.8454, -36.3745], [-72.85627, -36.35995], [-72.84635, -36.35345], [-72.84307, -36.34895], [-72.83595, -36.33361], [-72.82596, -36.32568], [-72.82322, -36.32209], [-72.82253, -36.30406], [-72.80838, -36.2937], [-72.80464, -36.27946], [-72.79423, -36.26625], [-72.79303, -36.26359], [-72.79384, -36.25937], [-72.80505, -36.24078], [-72.8094, -36.23066], [-72.81045, -36.21157], [-72.8083, -36.20135], [-72.80384, -36.19361], [-72.804, -36.17599], [-72.80285, -36.17127], [-72.79941, -36.16756], [-72.78949, -36.16339], [-72.78814, -36.16097], [-72.79479, -36.13796], [-72.79521, -36.13282], [-72.79371, -36.13074], [-72.78285, -36.12472], [-72.80167, -36.10591], [-72.81024, -36.08035], [-72.77134, -36.06709], [-72.77166, -36.06572], [-72.7764, -36.06225], [-72.77902, -36.05896], [-72.77436, -36.04825], [-72.76271, -36.04074], [-72.7608, -36.03842], [-72.76101, -36.03568], [-72.76466, -36.0307], [-72.76516, -36.02773], [-72.75475, -36.00643], [-72.75486, -35.99293], [-72.75582, -35.98264], [-72.75798, -35.97741], [-72.76284, -35.97118], [-72.763, -35.96854], [-72.75949, -35.96529], [-72.75782, -35.96161], [-72.75528, -35.96043], [-72.74757, -35.96811], [-72.73474, -35.94491], [-72.70611, -35.9539], [-72.70262, -35.95236], [-72.70232, -35.94618], [-72.70137, -35.94468], [-72.6886, -35.94231], [-72.68934, -35.93398], [-72.68615, -35.93152], [-72.67095, -35.93692], [-72.66762, -35.93458], [-72.66245, -35.92593], [-72.65841, -35.92335], [-72.63227, -35.92009], [-72.63488, -35.89107], [-72.62961, -35.88756], [-72.62973, -35.88195], [-72.62571, -35.87937], [-72.61632, -35.87694], [-72.61118, -35.87377], [-72.60996, -35.87181], [-72.6111, -35.86508], [-72.61071, -35.86359], [-72.60919, -35.8623], [-72.60612, -35.86099], [-72.60034, -35.86137], [-72.59404, -35.85966], [-72.61908, -35.89198], [-72.61425, -35.9323], [-72.59294, -35.9338], [-72.58443, -35.93722], [-72.57714, -35.9426], [-72.56683, -35.94485], [-72.55979, -35.94507], [-72.55452, -35.94145], [-72.54596, -35.93319], [-72.53939, -35.93092], [-72.53026, -35.9302], [-72.52707, -35.92763], [-72.5245, -35.92245], [-72.52505, -35.90322], [-72.52272, -35.89427], [-72.5001, -35.88005], [-72.49653, -35.876], [-72.49155, -35.86653], [-72.4873, -35.86189], [-72.38596, -35.81386], [-72.38779, -35.81389], [-72.37579, -35.79333], [-72.35363, -35.74814], [-72.36407, -35.7377], [-72.36206, -35.73236], [-72.35597, -35.72668], [-72.35611, -35.72371], [-72.35997, -35.71912], [-72.36254, -35.7121], [-72.3651, -35.71149], [-72.37365, -35.71243], [-72.37901, -35.71225], [-72.38118, -35.71093], [-72.38357, -35.70779], [-72.38485, -35.70749], [-72.38635, -35.70856], [-72.38896, -35.71333], [-72.39175, -35.714], [-72.39769, -35.71337], [-72.40226, -35.71178], [-72.40673, -35.7063], [-72.40977, -35.70659], [-72.40606, -35.70322], [-72.40253, -35.69824], [-72.40241, -35.68038], [-72.40545, -35.67701], [-72.41204, -35.67196], [-72.43358, -35.65848], [-72.4391, -35.65113], [-72.43891, -35.64747], [-72.43632, -35.64411], [-72.4316, -35.64197], [-72.39922, -35.63971], [-72.39423, -35.63723], [-72.39373, -35.63481], [-72.42316, -35.6257], [-72.44566, -35.61279], [-72.44025, -35.60554], [-72.31817, -35.48176], [-72.28043, -35.42365]], [[-72.52486, -36.07282], [-72.52486, -36.07282], [-72.52488, -36.0728], [-72.52486, -36.07282]], [[-72.59151, -36.07241], [-72.59151, -36.07239], [-72.59151, -36.07241], [-72.59151, -36.07241]], [[-72.59152, -36.07136], [-72.59152, -36.07128], [-72.59152, -36.07128], [-72.59152, -36.07136]], [[-72.59098, -36.06987], [-72.59092, -36.06978], [-72.59097, -36.06984], [-72.59098, -36.06987]], [[-72.58817, -36.06659], [-72.58817, -36.06659], [-72.58817, -36.06659], [-72.58817, -36.06659]], [[-72.52491, -36.07277], [-72.52494, -36.07275], [-72.52496, -36.07273], [-72.52491, -36.07277]], [[-72.52496, -36.07273], [-72.52499, -36.07271], [-72.525, -36.07269], [-72.52496, -36.07273]], [[-72.52503, -36.07267], [-72.52506, -36.07264], [-72.52582, -36.07198], [-72.52583, -36.07198], [-72.52508, -36.07262], [-72.52503, -36.07267]], [[-72.52585, -36.07196], [-72.52896, -36.07017], [-72.529, -36.07016], [-72.52585, -36.07196]], [[-72.53316, -36.06925], [-72.53578, -36.06977], [-72.53578, -36.06976], [-72.53316, -36.06925]], [[-72.53625, -36.06996], [-72.53817, -36.07082], [-72.53818, -36.07083], [-72.53626, -36.06996], [-72.53625, -36.06996]], [[-72.53904, -36.07196], [-72.53905, -36.07197], [-72.53907, -36.07201], [-72.53904, -36.07196]], [[-72.58944, -36.07441], [-72.58948, -36.07439], [-72.58979, -36.07431], [-72.58944, -36.07441]], [[-72.5902, -36.07418], [-72.59021, -36.07417], [-72.59068, -36.07381], [-72.5902, -36.07418]], [[-72.64357, -36.01677], [-72.64399, -36.01654], [-72.64537, -36.0163], [-72.64426, -36.01649], [-72.64399, -36.01654], [-72.64396, -36.01655], [-72.64357, -36.01677]], [[-72.59271, -36.06489], [-72.59271, -36.06489], [-72.59265, -36.06395], [-72.59272, -36.06487], [-72.59271, -36.06489]], [[-72.60157, -36.0596], [-72.60158, -36.05956], [-72.60175, -36.05897], [-72.60157, -36.0596]], [[-72.60321, -36.0566], [-72.60342, -36.05647], [-72.60498, -36.05606], [-72.60342, -36.05647], [-72.60321, -36.0566]], [[-72.60803, -36.05577], [-72.6097, -36.05522], [-72.60965, -36.05525], [-72.60803, -36.05577]], [[-72.61445, -36.05257], [-72.61583, -36.0531], [-72.61752, -36.05454], [-72.61445, -36.05257]], [[-72.61845, -36.05505], [-72.61959, -36.05428], [-72.61959, -36.05428], [-72.61889, -36.05475], [-72.61845, -36.05505]], [[-72.6226, -36.04475], [-72.62259, -36.04473], [-72.62244, -36.04209], [-72.6226, -36.04475]], [[-72.62111, -36.04028], [-72.62093, -36.04003], [-72.62, -36.03772], [-72.62092, -36.04002], [-72.62111, -36.04028]], [[-72.61975, -36.03709], [-72.61975, -36.03709], [-72.61996, -36.03556], [-72.61975, -36.03709]], [[-72.62389, -36.03446], [-72.62483, -36.03257], [-72.62607, -36.03225], [-72.62483, -36.03258], [-72.62389, -36.03446]], [[-72.63348, -36.03122], [-72.63349, -36.03122], [-72.63349, -36.03122], [-72.63348, -36.03122]], [[-72.6336, -36.03087], [-72.6336, -36.03087], [-72.6336, -36.03087], [-72.6336, -36.03087]], [[-72.62974, -36.02869], [-72.62974, -36.02869], [-72.62973, -36.02863], [-72.62974, -36.02868], [-72.62974, -36.02869]], [[-72.62953, -36.02723], [-72.62953, -36.02722], [-72.62957, -36.02719], [-72.62953, -36.02723]], [[-72.63137, -36.0257], [-72.63305, -36.02431], [-72.63305, -36.02431], [-72.63137, -36.0257]], [[-72.64035, -36.01984], [-72.64042, -36.01976], [-72.64035, -36.01984], [-72.64035, -36.01984]], [[-72.69307, -36.02106], [-72.69327, -36.02123], [-72.69325, -36.02121], [-72.69307, -36.02106]], [[-72.69204, -36.0202], [-72.69235, -36.02046], [-72.69223, -36.02036], [-72.69204, -36.0202]], [[-72.69092, -36.01926], [-72.69173, -36.01994], [-72.69133, -36.01961], [-72.69092, -36.01926]], [[-72.69357, -36.02148], [-72.69562, -36.02201], [-72.69357, -36.02148], [-72.69357, -36.02148]], [[-72.69609, -36.022], [-72.69764, -36.02157], [-72.69768, -36.02156], [-72.69764, -36.02157], [-72.69609, -36.022]], [[-72.69807, -36.02125], [-72.69957, -36.01997], [-72.70029, -36.01936], [-72.70051, -36.01918], [-72.69807, -36.02125]], [[-72.70529, -36.01899], [-72.70529, -36.01899], [-72.70561, -36.01952], [-72.70529, -36.01899]], [[-72.70595, -36.02009], [-72.7093, -36.02292], [-72.70801, -36.02263], [-72.70715, -36.0221], [-72.70595, -36.02009]], [[-72.64728, -36.0206], [-72.64902, -36.02533], [-72.6473, -36.0207], [-72.64728, -36.0206]], [[-72.65223, -36.03662], [-72.65223, -36.03662], [-72.65224, -36.03663], [-72.65223, -36.03662]], [[-72.65599, -36.04557], [-72.65624, -36.04501], [-72.65624, -36.04502], [-72.65599, -36.04557]], [[-72.6565, -36.04445], [-72.6565, -36.04444], [-72.6565, -36.04445], [-72.6565, -36.04445]], [[-72.66868, -36.03003], [-72.66868, -36.03003], [-72.66868, -36.03003], [-72.66868, -36.03003]], [[-72.67078, -36.0295], [-72.67285, -36.02897], [-72.67376, -36.02875], [-72.67078, -36.0295]], [[-72.67376, -36.02875], [-72.67384, -36.02873], [-72.67384, -36.02873], [-72.67376, -36.02875]], [[-72.67428, -36.02853], [-72.67474, -36.02832], [-72.67504, -36.02818], [-72.67637, -36.0269], [-72.67506, -36.02818], [-72.67428, -36.02853]], [[-72.67639, -36.02688], [-72.67651, -36.02675], [-72.67749, -36.02503], [-72.67796, -36.02425], [-72.67648, -36.02679], [-72.67639, -36.02688]], [[-72.67992, -36.02167], [-72.67993, -36.02167], [-72.67993, -36.02167], [-72.67992, -36.02167]], [[-72.68341, -36.01981], [-72.68356, -36.01973], [-72.68386, -36.01958], [-72.68341, -36.01981]], [[-72.72034, -36.02306], [-72.72066, -36.02238], [-72.72037, -36.02299], [-72.72034, -36.02306], [-72.72034, -36.02306]], [[-72.72044, -36.01993], [-72.72039, -36.01965], [-72.72076, -36.01887], [-72.72039, -36.01965], [-72.7204, -36.01974], [-72.72044, -36.01993]], [[-72.72077, -36.01886], [-72.72077, -36.01886], [-72.72207, -36.01854], [-72.72147, -36.01869], [-72.72104, -36.01879], [-72.72077, -36.01886]], [[-72.72569, -36.01763], [-72.72663, -36.0174], [-72.72642, -36.01745], [-72.72581, -36.0176], [-72.72569, -36.01763]], [[-72.72988, -36.01652], [-72.72993, -36.0165], [-72.72989, -36.01652], [-72.72988, -36.01652]], [[-72.7346, -36.01271], [-72.73463, -36.01268], [-72.7366, -36.0115], [-72.7346, -36.01271]], [[-72.73306, -36.01405], [-72.7346, -36.01271], [-72.73427, -36.01302], [-72.73306, -36.01405]], [[-72.73121, -36.01564], [-72.73218, -36.0148], [-72.73196, -36.01499], [-72.73121, -36.01564]], [[-72.7373, -36.01108], [-72.73766, -36.01087], [-72.74012, -36.01023], [-72.73763, -36.01089], [-72.7373, -36.01108]], [[-72.74655, -36.00786], [-72.74662, -36.00783], [-72.74822, -36.00746], [-72.74655, -36.00786]], [[-72.74257, -36.00957], [-72.74358, -36.00914], [-72.74303, -36.00938], [-72.74257, -36.00957], [-72.74257, -36.00957]], [[-72.5838, -36.07776], [-72.58227, -36.07624], [-72.58223, -36.0762], [-72.58224, -36.0762], [-72.5838, -36.07776]], [[-72.5838, -36.07776], [-72.58508, -36.07564], [-72.58789, -36.07483], [-72.58507, -36.07565], [-72.58412, -36.07723], [-72.5838, -36.07776]], [[-72.6461, -36.01622], [-72.64623, -36.0167], [-72.64727, -36.02058], [-72.6461, -36.01622]], [[-72.6461, -36.01622], [-72.64608, -36.01618], [-72.64608, -36.01618], [-72.6461, -36.01622]]]}, "properties": {"composicio": "Rocas metamorficas", "epoca": "Silurico? Carbonifero", "era": "PALEOZOICO", "geo": "Pz4b", "ha": 177171.59, "m2": 1771715878.05, "periodo": ""}}, {"type": "Feature", "geometry": {"type": "Polygon", "coordinates": [[[-72.49748, -36.21731], [-72.48485, -36.24128], [-72.47619, -36.24741], [-72.47251, -36.25238], [-72.47113, -36.25602], [-72.48529, -36.28374], [-72.48477, -36.29186], [-72.48089, -36.29899], [-72.48187, -36.31355], [-72.47956, -36.32003], [-72.47609, -36.32271], [-72.47311, -36.323], [-72.46933, -36.32156], [-72.46055, -36.31257], [-72.45222, -36.29308], [-72.45098, -36.24912], [-72.44669, -36.24629], [-72.42991, -36.24568], [-72.42686, -36.25245], [-72.42647, -36.2561], [-72.42792, -36.26436], [-72.45004, -36.30449], [-72.45222, -36.31208], [-72.45202, -36.32353], [-72.42475, -36.35059], [-72.41334, -36.35369], [-72.40769, -36.35793], [-72.40578, -36.3603], [-72.40158, -36.37257], [-72.40145, -36.37681], [-72.40269, -36.38279], [-72.40472, -36.38579], [-72.40708, -36.38733], [-72.41285, -36.38835], [-72.41527, -36.38805], [-72.41714, -36.38706], [-72.42234, -36.37869], [-72.42467, -36.37656], [-72.4281, -36.37571], [-72.44125, -36.37607], [-72.44742, -36.37321], [-72.45066, -36.36904], [-72.45844, -36.35499], [-72.46283, -36.35016], [-72.46814, -36.34751], [-72.48754, -36.34203], [-72.49086, -36.3398], [-72.49441, -36.33449], [-72.49465, -36.25382], [-72.49642, -36.24664], [-72.50126, -36.23551], [-72.50185, -36.22992], [-72.50092, -36.22304], [-72.49748, -36.21731]]]}, "properties": {"composicio": "Rocas intrusivas", "epoca": "Jurasico Inferior  202 178 Ma", "era": "MEZOZOICO", "geo": "Jig", "ha": 5491.27, "m2": 54912645.55, "periodo": "Jurasico"}}, {"type": "Feature", "geometry": {"type": "Polygon", "coordinates": [[[-71.86243, -35.5167], [-71.85683, -35.5198], [-71.84904, -35.52245], [-71.83759, -35.52245], [-71.8373, -35.52822], [-71.83504, -35.53059], [-71.82284, -35.53859], [-71.82254, -35.54629], [-71.81826, -35.5541], [-71.82038, -35.55852], [-71.82299, -35.56014], [-71.8258, -35.56039], [-71.83209, -35.55191], [-71.83776, -35.55044], [-71.84034, -35.55149], [-71.8412, -35.55708], [-71.8402, -35.56204], [-71.84075, -35.56454], [-71.85373, -35.56866], [-71.85373, -35.57142], [-71.85058, -35.57818], [-71.8593, -35.57855], [-71.86085, -35.58125], [-71.86099, -35.58663], [-71.85762, -35.58916], [-71.85038, -35.58506], [-71.84732, -35.58552], [-71.83832, -35.59306], [-71.83405, -35.59184], [-71.83212, -35.58985], [-71.82976, -35.58512], [-71.81764, -35.58416], [-71.82153, -35.58862], [-71.81894, -35.58998], [-71.81364, -35.58799], [-71.8109, -35.58924], [-71.81599, -35.5981], [-71.79972, -35.59548], [-71.79832, -35.60091], [-71.79553, -35.60125], [-71.78056, -35.59949], [-71.7787, -35.60139], [-71.77952, -35.60365], [-71.78346, -35.60397], [-71.78636, -35.6057], [-71.78535, -35.60779], [-71.78259, -35.60881], [-71.78272, -35.61122], [-71.78847, -35.61113], [-71.79473, -35.60746], [-71.79754, -35.60759], [-71.79919, -35.6096], [-71.79602, -35.61338], [-71.79725, -35.61539], [-71.80291, -35.61359], [-71.80359, -35.61598], [-71.78054, -35.63421], [-71.78206, -35.63921], [-71.77557, -35.64666], [-71.7771, -35.64901], [-71.78625, -35.64685], [-71.78928, -35.64835], [-71.78995, -35.65314], [-71.78754, -35.66354], [-71.78367, -35.66746], [-71.78204, -35.67669], [-71.77583, -35.67874], [-71.77364, -35.6771], [-71.76574, -35.66569], [-71.76241, -35.65549], [-71.75891, -35.6531], [-71.75272, -35.65285], [-71.75012, -35.65146], [-71.7489, -35.64943], [-71.74848, -35.6467], [-71.7711, -35.62538], [-71.7711, -35.61988], [-71.76781, -35.61598], [-71.75298, -35.61147], [-71.75065, -35.60994], [-71.74969, -35.60757], [-71.75948, -35.60149], [-71.75838, -35.59924], [-71.75385, -35.59573], [-71.76462, -35.58148], [-71.76312, -35.57958], [-71.75862, -35.57665], [-71.75752, -35.57494], [-71.75271, -35.5754], [-71.73068, -35.57157], [-71.7174, -35.57133], [-71.70738, -35.56938], [-71.68923, -35.5622], [-71.59471, -35.5941], [-71.54964, -35.61729], [-71.5331, -35.61926], [-71.52048, -35.61898], [-71.49914, -35.61617], [-71.47834, -35.60901], [-71.47106, -35.6097], [-71.4612, -35.61316], [-71.45205, -35.61768], [-71.44153, -35.62115], [-71.43225, -35.62188], [-71.42023, -35.61942], [-71.41032, -35.62124], [-71.39862, -35.6296], [-71.39345, -35.63459], [-71.39023, -35.63959], [-71.39508, -35.66743], [-71.3929, -35.66887], [-71.37855, -35.66842], [-71.37471, -35.67048], [-71.37244, -35.67308], [-71.37107, -35.67678], [-71.37147, -35.6793], [-71.37466, -35.68149], [-71.37905, -35.68215], [-71.38367, -35.68487], [-71.38532, -35.68722], [-71.38628, -35.69269], [-71.3739, -35.69549], [-71.36445, -35.71917], [-71.36556, -35.72177], [-71.36959, -35.7237], [-71.39607, -35.72767], [-71.3989, -35.74318], [-71.38807, -35.75819], [-71.38347, -35.75925], [-71.3782, -35.7577], [-71.37341, -35.75763], [-71.36318, -35.77662], [-71.38363, -35.76864], [-71.38802, -35.76931], [-71.39048, -35.77072], [-71.39401, -35.77094], [-71.40172, -35.76737], [-71.40788, -35.76672], [-71.43238, -35.77316], [-71.43403, -35.7754], [-71.43576, -35.77924], [-71.4366, -35.78505], [-71.43544, -35.78727], [-71.43078, -35.78994], [-71.42986, -35.79134], [-71.4302, -35.79557], [-71.43339, -35.80051], [-71.43382, -35.80359], [-71.43265, -35.8057], [-71.42746, -35.80896], [-71.4298, -35.81106], [-71.43952, -35.8112], [-71.44268, -35.81248], [-71.44243, -35.81615], [-71.44054, -35.8208], [-71.44528, -35.82282], [-71.44591, -35.82429], [-71.44501, -35.82593], [-71.43931, -35.83058], [-71.44388, -35.8349], [-71.42786, -35.84436], [-71.46055, -35.84777], [-71.44337, -35.87148], [-71.4457, -35.87323], [-71.44982, -35.8739], [-71.45194, -35.87693], [-71.45247, -35.891], [-71.45391, -35.9007], [-71.45342, -35.90518], [-71.44928, -35.90991], [-71.44049, -35.9114], [-71.42636, -35.91408], [-71.41823, -35.91801], [-71.42616, -35.92463], [-71.43129, -35.92595], [-71.43453, -35.92584], [-71.4408, -35.92427], [-71.44894, -35.92343], [-71.45226, -35.92218], [-71.46148, -35.91742], [-71.47444, -35.9084], [-71.47887, -35.90688], [-71.49314, -35.90768], [-71.496, -35.90838], [-71.49579, -35.91274], [-71.49313, -35.91604], [-71.47247, -35.93207], [-71.47441, -35.93419], [-71.47709, -35.93421], [-71.47999, -35.93309], [-71.49363, -35.92358], [-71.49546, -35.92639], [-71.49577, -35.9328], [-71.49387, -35.94582], [-71.47967, -35.97905], [-71.47555, -35.98136], [-71.46435, -35.98345], [-71.45869, -35.98615], [-71.45587, -35.9891], [-71.45219, -36.00056], [-71.44885, -36.00333], [-71.42569, -36.00819], [-71.42118, -36.00827], [-71.41619, -36.00596], [-71.38627, -35.9722], [-71.37791, -35.96868], [-71.3728, -35.96793], [-71.35288, -35.96741], [-71.34672, -35.96829], [-71.34578, -35.96947], [-71.34587, -35.97141], [-71.35021, -35.97357], [-71.36645, -35.97375], [-71.37557, -35.97563], [-71.37817, -35.97693], [-71.38365, -35.98113], [-71.3857, -35.98573], [-71.39512, -35.99897], [-71.41571, -36.00929], [-71.41906, -36.01323], [-71.39869, -36.03136], [-71.39855, -36.04693], [-71.39526, -36.06084], [-71.39148, -36.07213], [-71.38649, -36.08069], [-71.38492, -36.08518], [-71.38548, -36.09021], [-71.39176, -36.10314], [-71.39109, -36.10968], [-71.36402, -36.14761], [-71.35594, -36.15165], [-71.345, -36.15461], [-71.3186, -36.15487], [-71.30592, -36.15053], [-71.30099, -36.15107], [-71.29273, -36.15386], [-71.28264, -36.15118], [-71.27203, -36.15069], [-71.26891, -36.14994], [-71.25063, -36.14226], [-71.24189, -36.13704], [-71.2321, -36.12955], [-71.23069, -36.12969], [-71.23029, -36.13061], [-71.23032, -36.13725], [-71.26069, -36.15444], [-71.29223, -36.16177], [-71.31143, -36.17229], [-71.32529, -36.17797], [-71.34802, -36.17767], [-71.35541, -36.17913], [-71.35756, -36.18034], [-71.35618, -36.18678], [-71.36741, -36.19458], [-71.36849, -36.19799], [-71.36697, -36.19951], [-71.37655, -36.1983], [-71.3813, -36.19615], [-71.40269, -36.16724], [-71.40579, -36.15151], [-71.41179, -36.13365], [-71.41317, -36.11692], [-71.4121, -36.09348], [-71.42373, -36.07506], [-71.42167, -36.06709], [-71.42211, -36.06238], [-71.44999, -36.02123], [-71.45732, -36.01688], [-71.46869, -36.01292], [-71.48288, -36.00332], [-71.4932, -35.96458], [-71.49942, -35.95359], [-71.50347, -35.95277], [-71.52384, -35.98616], [-71.52508, -35.99412], [-71.52319, -36.00333], [-71.51482, -36.01466], [-71.52924, -36.02078], [-71.51579, -36.03879], [-71.51928, -36.04226], [-71.51932, -36.04364], [-71.51494, -36.04842], [-71.51364, -36.052], [-71.51759, -36.05237], [-71.52123, -36.05138], [-71.52297, -36.05306], [-71.52304, -36.05523], [-71.49889, -36.07414], [-71.50294, -36.07761], [-71.50711, -36.08017], [-71.50728, -36.08119], [-71.50452, -36.08834], [-71.50489, -36.09154], [-71.50719, -36.09275], [-71.50987, -36.09292], [-71.51219, -36.09013], [-71.51433, -36.08128], [-71.51751, -36.07412], [-71.53066, -36.06035], [-71.53375, -36.05994], [-71.53933, -36.06258], [-71.53971, -36.06611], [-71.53637, -36.07259], [-71.53451, -36.08613], [-71.53344, -36.08822], [-71.52669, -36.09373], [-71.52182, -36.10596], [-71.5195, -36.10864], [-71.51741, -36.10959], [-71.50855, -36.10599], [-71.50805, -36.10807], [-71.5082, -36.11333], [-71.49995, -36.12116], [-71.51736, -36.12756], [-71.51852, -36.13361], [-71.52692, -36.14099], [-71.52875, -36.14564], [-71.52762, -36.15528], [-71.52771, -36.1634], [-71.52215, -36.18091], [-71.52221, -36.188], [-71.52617, -36.18803], [-71.53292, -36.18218], [-71.53532, -36.18213], [-71.54226, -36.20224], [-71.52905, -36.22414], [-71.52454, -36.22446], [-71.50629, -36.2238], [-71.4941, -36.21775], [-71.48192, -36.207], [-71.47807, -36.20582], [-71.47558, -36.20759], [-71.47176, -36.21247], [-71.46912, -36.21401], [-71.46658, -36.21406], [-71.45392, -36.21122], [-71.45031, -36.20831], [-71.43878, -36.19538], [-71.43209, -36.18407], [-71.42957, -36.18423], [-71.41581, -36.18209], [-71.41172, -36.18229], [-71.40795, -36.18419], [-71.40801, -36.18614], [-71.41121, -36.18962], [-71.42191, -36.19343], [-71.42412, -36.19658], [-71.42422, -36.20013], [-71.4129, -36.20469], [-71.41335, -36.20572], [-71.41794, -36.20814], [-71.41701, -36.21011], [-71.41477, -36.21096], [-71.40516, -36.21092], [-71.40848, -36.22378], [-71.37292, -36.21576], [-71.36672, -36.21108], [-71.36347, -36.20599], [-71.35264, -36.21306], [-71.35079, -36.2282], [-71.34593, -36.23687], [-71.34369, -36.23783], [-71.3328, -36.23769], [-71.33155, -36.23829], [-71.33117, -36.2399], [-71.3341, -36.24384], [-71.33462, -36.2475], [-71.33327, -36.24992], [-71.33092, -36.25192], [-71.32533, -36.25442], [-71.3173, -36.25561], [-71.30992, -36.24921], [-71.30649, -36.2479], [-71.30415, -36.25562], [-71.30062, -36.25591], [-71.29906, -36.25571], [-71.25204, -36.2418], [-71.25139, -36.24376], [-71.25272, -36.24625], [-71.28982, -36.26182], [-71.30585, -36.27423], [-71.30662, -36.28177], [-71.30359, -36.28492], [-71.29697, -36.28596], [-71.29502, -36.28714], [-71.29229, -36.29097], [-71.28709, -36.30285], [-71.28562, -36.33252], [-71.28192, -36.33682], [-71.27466, -36.34084], [-71.27193, -36.34444], [-71.27197, -36.34605], [-71.28153, -36.34885], [-71.28847, -36.37527], [-71.29151, -36.37773], [-71.29263, -36.37737], [-71.29395, -36.37379], [-71.2939, -36.36658], [-71.28958, -36.35351], [-71.28925, -36.34092], [-71.29972, -36.31475], [-71.30397, -36.2991], [-71.30852, -36.29456], [-71.31121, -36.28947], [-71.32137, -36.28848], [-71.33789, -36.27707], [-71.33911, -36.27498], [-71.34087, -36.26694], [-71.34437, -36.26035], [-71.35689, -36.24764], [-71.38877, -36.23183], [-71.4165, -36.24308], [-71.41686, -36.24593], [-71.41248, -36.26639], [-71.41268, -36.27371], [-71.41332, -36.2761], [-71.41609, -36.27914], [-71.42798, -36.24915], [-71.46949, -36.22705], [-71.47665, -36.22531], [-71.48401, -36.22573], [-71.48707, -36.22876], [-71.48816, -36.24236], [-71.49093, -36.24527], [-71.49637, -36.24768], [-71.52153, -36.24237], [-71.53143, -36.24275], [-71.54384, -36.24649], [-71.55516, -36.2466], [-71.55634, -36.2483], [-71.55654, -36.25516], [-71.55729, -36.25652], [-71.55843, -36.25695], [-71.56278, -36.25572], [-71.56554, -36.2583], [-71.56733, -36.27085], [-71.571, -36.27569], [-71.56997, -36.27915], [-71.56859, -36.28009], [-71.56504, -36.27982], [-71.55946, -36.27742], [-71.55665, -36.27804], [-71.55623, -36.28309], [-71.55803, -36.28671], [-71.56074, -36.28735], [-71.56856, -36.28398], [-71.57238, -36.2839], [-71.57758, -36.28757], [-71.57531, -36.29689], [-71.57615, -36.30145], [-71.57703, -36.30235], [-71.58333, -36.30004], [-71.58487, -36.30424], [-71.58678, -36.30649], [-71.59774, -36.30409], [-71.602, -36.30457], [-71.60316, -36.30547], [-71.60381, -36.30831], [-71.6033, -36.31015], [-71.62586, -36.29377], [-71.63054, -36.2939], [-71.63232, -36.29661], [-71.63476, -36.29793], [-71.63713, -36.29685], [-71.63945, -36.29394], [-71.64236, -36.29193], [-71.65157, -36.29242], [-71.65613, -36.29358], [-71.66392, -36.29857], [-71.67428, -36.281], [-71.67851, -36.26333], [-71.69006, -36.24841], [-71.69869, -36.2189], [-71.69213, -36.20342], [-71.6918, -36.19366], [-71.67685, -36.17934], [-71.66832, -36.1766], [-71.66802, -36.16781], [-71.6713, -36.15797], [-71.69297, -36.12231], [-71.6925, -36.10864], [-71.73785, -36.09687], [-71.74239, -36.08895], [-71.74201, -36.07821], [-71.74659, -36.07126], [-71.75257, -36.07015], [-71.76033, -36.05141], [-71.77662, -36.0354], [-71.77751, -36.02659], [-71.77597, -36.01685], [-71.77099, -36.01209], [-71.76254, -36.0113], [-71.71592, -36.0192], [-71.69185, -36.01877], [-71.67496, -36.0172], [-71.64725, -36.01586], [-71.62913, -36.01333], [-71.61334, -36.00879], [-71.60893, -36.00347], [-71.61044, -35.99762], [-71.62838, -35.98896], [-71.64824, -35.97696], [-71.66171, -35.9552], [-71.68161, -35.9432], [-71.7046, -35.90305], [-71.726, -35.87615], [-71.72713, -35.8497], [-71.74018, -35.81638], [-71.74979, -35.80131], [-71.76554, -35.78774], [-71.77937, -35.77751], [-71.79826, -35.77879], [-71.79724, -35.77404], [-71.80218, -35.7718], [-71.83286, -35.78021], [-71.84084, -35.79013], [-71.857, -35.78187], [-71.86682, -35.78942], [-71.87117, -35.77333], [-71.8687, -35.77193], [-71.86719, -35.76981], [-71.86817, -35.76725], [-71.87428, -35.76576], [-71.87513, -35.76321], [-71.87342, -35.76007], [-71.8737, -35.75753], [-71.8832, -35.76166], [-71.88434, -35.75669], [-71.88711, -35.7559], [-71.88281, -35.73049], [-71.88539, -35.7288], [-71.88816, -35.72812], [-71.89628, -35.73276], [-71.90181, -35.7337], [-71.92313, -35.73029], [-71.9099, -35.72722], [-71.91787, -35.71351], [-71.91417, -35.71251], [-71.91099, -35.70837], [-71.90718, -35.70794], [-71.90195, -35.71009], [-71.88181, -35.69603], [-71.83676, -35.69147], [-71.82709, -35.68655], [-71.82307, -35.69035], [-71.82033, -35.6916], [-71.81466, -35.68802], [-71.81161, -35.6887], [-71.80931, -35.69039], [-71.80623, -35.69073], [-71.80361, -35.68899], [-71.80307, -35.68672], [-71.79976, -35.68511], [-71.79429, -35.68806], [-71.79147, -35.68782], [-71.79149, -35.68552], [-71.79916, -35.67631], [-71.80243, -35.67448], [-71.80836, -35.67495], [-71.81007, -35.67271], [-71.81035, -35.67007], [-71.81223, -35.66839], [-71.81516, -35.66806], [-71.82369, -35.66993], [-71.8293, -35.66985], [-71.83221, -35.66917], [-71.83917, -35.66524], [-71.84224, -35.66491], [-71.84978, -35.66945], [-71.85288, -35.66957], [-71.85411, -35.66631], [-71.84143, -35.66013], [-71.83105, -35.64434], [-71.84933, -35.64757], [-71.82316, -35.62238], [-71.82674, -35.61847], [-71.82578, -35.61622], [-71.8265, -35.61377], [-71.82935, -35.61196], [-71.83864, -35.61254], [-71.84051, -35.61075], [-71.83732, -35.60606], [-71.83916, -35.6037], [-71.84911, -35.59818], [-71.85471, -35.59786], [-71.86015, -35.59996], [-71.86193, -35.60184], [-71.86421, -35.60772], [-71.86713, -35.60715], [-71.87209, -35.59905], [-71.87518, -35.59383], [-71.87274, -35.59136], [-71.87124, -35.58683], [-71.86447, -35.58077], [-71.86334, -35.57806], [-71.86533, -35.57592], [-71.86813, -35.57583], [-71.88616, -35.58251], [-71.88855, -35.58517], [-71.88884, -35.58792], [-71.88394, -35.59177], [-71.88326, -35.59419], [-71.88633, -35.60141], [-71.89187, -35.60018], [-71.8947, -35.5979], [-71.89613, -35.5959], [-71.89737, -35.59108], [-71.89971, -35.58923], [-71.91526, -35.58626], [-71.91656, -35.58426], [-71.91558, -35.58177], [-71.91082, -35.57932], [-71.89472, -35.57935], [-71.89056, -35.57558], [-71.88889, -35.57038], [-71.88682, -35.5685], [-71.88371, -35.56792], [-71.88054, -35.56907], [-71.87546, -35.57373], [-71.87218, -35.57281], [-71.87025, -35.57082], [-71.86243, -35.5167]], [[-71.65746, -35.77688], [-71.63071, -35.7567], [-71.62878, -35.7491], [-71.62976, -35.74619], [-71.63607, -35.743], [-71.63766, -35.72999], [-71.63671, -35.72784], [-71.63016, -35.72325], [-71.63325, -35.71776], [-71.62804, -35.71186], [-71.62653, -35.70423], [-71.62781, -35.70167], [-71.64182, -35.70922], [-71.64953, -35.73118], [-71.66119, -35.73675], [-71.65865, -35.73924], [-71.65576, -35.74049], [-71.65557, -35.74507], [-71.6575, -35.74994], [-71.65623, -35.7525], [-71.65301, -35.75284], [-71.64705, -35.75179], [-71.64502, -35.75335], [-71.64444, -35.75577], [-71.66052, -35.7652], [-71.66194, -35.77375], [-71.66066, -35.7762], [-71.65746, -35.77688]], [[-71.5436, -35.98192], [-71.53742, -35.98202], [-71.53426, -35.98086], [-71.52873, -35.97508], [-71.52316, -35.96575], [-71.52223, -35.95868], [-71.52511, -35.95148], [-71.53321, -35.94742], [-71.5419, -35.94645], [-71.54516, -35.94691], [-71.55938, -35.95801], [-71.5563, -35.97461], [-71.54996, -35.97988], [-71.5436, -35.98192]]]}, "properties": {"composicio": "Secuencias sedimentarias", "epoca": "Pleistoceno Holoceno", "era": "CENOZOICO", "geo": "Q1", "ha": 206674.56, "m2": 2066745569.75, "periodo": "Cuaternario"}}, {"type": "Feature", "geometry": {"type": "Polygon", "coordinates": [[[-72.20644, -36.21636], [-72.20225, -36.21591], [-72.19962, -36.21426], [-72.2, -36.21129], [-72.20892, -36.20208], [-72.20564, -36.19869], [-72.19863, -36.19707], [-72.19868, -36.19569], [-72.21556, -36.17589], [-72.21621, -36.16915], [-72.21502, -36.16649], [-72.21148, -36.16265], [-72.20102, -36.15865], [-72.19511, -36.1583], [-72.19184, -36.15881], [-72.18059, -36.17036], [-72.15201, -36.15558], [-72.1453, -36.15795], [-72.13837, -36.15815], [-72.13152, -36.1564], [-72.12512, -36.15364], [-72.12061, -36.15332], [-72.11462, -36.15524], [-72.11196, -36.15896], [-72.11328, -36.16162], [-72.12312, -36.17087], [-72.12646, -36.17255], [-72.1367, -36.17437], [-72.13831, -36.1768], [-72.13944, -36.18106], [-72.14229, -36.18433], [-72.14659, -36.18672], [-72.156, -36.18829], [-72.15732, -36.19083], [-72.15809, -36.1975], [-72.15985, -36.19982], [-72.16414, -36.20232], [-72.17285, -36.20386], [-72.17517, -36.20621], [-72.17564, -36.20908], [-72.17395, -36.21329], [-72.16988, -36.21652], [-72.16241, -36.22038], [-72.16034, -36.22308], [-72.1856, -36.24523], [-72.18622, -36.25199], [-72.182, -36.26415], [-72.18171, -36.27286], [-72.18984, -36.27932], [-72.2001, -36.28114], [-72.20778, -36.28404], [-72.21259, -36.28826], [-72.21813, -36.29604], [-72.2238, -36.29982], [-72.24999, -36.30769], [-72.24678, -36.3107], [-72.25343, -36.31485], [-72.2571, -36.31961], [-72.2615, -36.33664], [-72.26439, -36.34333], [-72.26903, -36.34881], [-72.27443, -36.35234], [-72.30788, -36.35942], [-72.32382, -36.35654], [-72.32709, -36.35156], [-72.3272, -36.34814], [-72.31413, -36.33639], [-72.3204, -36.30355], [-72.29776, -36.30402], [-72.29558, -36.30145], [-72.29559, -36.29677], [-72.29405, -36.29192], [-72.29241, -36.28995], [-72.2852, -36.28545], [-72.28248, -36.28208], [-72.28341, -36.2797], [-72.28932, -36.27615], [-72.29504, -36.26963], [-72.29568, -36.26713], [-72.2953, -36.26128], [-72.29235, -36.25642], [-72.27397, -36.26097], [-72.26814, -36.25764], [-72.26242, -36.25112], [-72.25932, -36.2506], [-72.25404, -36.25232], [-72.25097, -36.25123], [-72.24387, -36.23906], [-72.24077, -36.239], [-72.23305, -36.24148], [-72.23137, -36.24122], [-72.20768, -36.23113], [-72.20839, -36.22657], [-72.21398, -36.22417], [-72.21965, -36.21947], [-72.2322, -36.21984], [-72.23651, -36.21786], [-72.23668, -36.21672], [-72.2358, -36.21339], [-72.23443, -36.21232], [-72.20644, -36.21636]], [[-72.16901, -36.23204], [-72.16902, -36.23204], [-72.17506, -36.23007], [-72.16901, -36.23204]], [[-72.18304, -36.22779], [-72.18304, -36.22779], [-72.18304, -36.22779], [-72.18304, -36.22779]], [[-72.18367, -36.22743], [-72.18462, -36.22673], [-72.18462, -36.22673], [-72.18369, -36.22742], [-72.18367, -36.22743]], [[-72.18484, -36.2257], [-72.18485, -36.22568], [-72.18485, -36.22568], [-72.18484, -36.2257]], [[-72.18467, -36.22291], [-72.18467, -36.2229], [-72.18467, -36.22291], [-72.18467, -36.22291]], [[-72.18504, -36.22235], [-72.18512, -36.22224], [-72.18513, -36.22224], [-72.18512, -36.22224], [-72.18504, -36.22235]], [[-72.1932, -36.21874], [-72.19363, -36.21847], [-72.19597, -36.21786], [-72.19363, -36.21847], [-72.1933, -36.21868], [-72.1932, -36.21874]], [[-72.27854, -36.26256], [-72.27855, -36.26256], [-72.27855, -36.26257], [-72.27854, -36.26256]], [[-72.27859, -36.26259], [-72.2786, -36.26258], [-72.27859, -36.26259], [-72.27859, -36.26259]], [[-72.27992, -36.26135], [-72.28109, -36.25958], [-72.28109, -36.25957], [-72.27995, -36.26132], [-72.27992, -36.26135]], [[-72.28459, -36.25892], [-72.28646, -36.25826], [-72.28639, -36.25832], [-72.28459, -36.25892]], [[-72.22093, -36.21448], [-72.22093, -36.21448], [-72.22093, -36.21448], [-72.22093, -36.21448]]]}, "properties": {"composicio": "Secuencias sedimentarias", "epoca": "Triasico Superior", "era": "MEZOZOICO", "geo": "Tr1m", "ha": 13281.72, "m2": 132817216.84, "periodo": "Triasico"}}, {"type": "Feature", "geometry": {"type": "Polygon", "coordinates": [[[-71.66392, -36.29857], [-71.65613, -36.29358], [-71.65157, -36.29242], [-71.64236, -36.29193], [-71.63945, -36.29394], [-71.63713, -36.29685], [-71.63476, -36.29793], [-71.63232, -36.29661], [-71.63054, -36.2939], [-71.62586, -36.29377], [-71.60933, -36.30688], [-71.62189, -36.32601], [-71.62714, -36.32647], [-71.6573, -36.31324], [-71.66247, -36.30649], [-71.66392, -36.29857]]]}, "properties": {"composicio": "Secuencias volcanosedimenta", "epoca": "Oligoceno Mioceno", "era": "CENOZOICO", "geo": "OM2c", "ha": 1191.58, "m2": 11915834.38, "periodo": "Paleogeno"}}, {"type": "Feature", "geometry": {"type": "Polygon", "coordinates": [[[-72.33559, -36.1839], [-72.32311, -36.17206], [-72.31855, -36.16888], [-72.31383, -36.1665], [-72.27313, -36.16351], [-72.26905, -36.15885], [-72.26647, -36.15124], [-72.2629, -36.14797], [-72.25573, -36.14714], [-72.24609, -36.14866], [-72.23975, -36.14819], [-72.23801, -36.1454], [-72.23866, -36.13821], [-72.23648, -36.13587], [-72.20713, -36.12738], [-72.20348, -36.12661], [-72.20023, -36.12701], [-72.19945, -36.13352], [-72.20228, -36.13758], [-72.20725, -36.14077], [-72.22385, -36.14684], [-72.2305, -36.15052], [-72.23267, -36.15342], [-72.23104, -36.16014], [-72.23407, -36.16661], [-72.25941, -36.18635], [-72.25772, -36.20829], [-72.25848, -36.21093], [-72.26161, -36.21466], [-72.26729, -36.21809], [-72.30902, -36.22075], [-72.32744, -36.22776], [-72.33871, -36.23347], [-72.34527, -36.23589], [-72.35439, -36.23812], [-72.37183, -36.24041], [-72.38838, -36.24462], [-72.45098, -36.24912], [-72.45222, -36.29308], [-72.46055, -36.31257], [-72.46933, -36.32156], [-72.47311, -36.323], [-72.47609, -36.32271], [-72.47956, -36.32003], [-72.48187, -36.31355], [-72.48089, -36.29899], [-72.48477, -36.29186], [-72.48529, -36.28374], [-72.47113, -36.25602], [-72.47251, -36.25238], [-72.47619, -36.24741], [-72.48485, -36.24128], [-72.49748, -36.21731], [-72.4948, -36.20999], [-72.49365, -36.20959], [-72.48903, -36.2092], [-72.47657, -36.21046], [-72.47352, -36.20857], [-72.47166, -36.20442], [-72.49891, -36.18523], [-72.50191, -36.17899], [-72.502, -36.16629], [-72.50481, -36.16189], [-72.54528, -36.1633], [-72.55445, -36.15866], [-72.56357, -36.15561], [-72.56659, -36.15372], [-72.56852, -36.15009], [-72.56937, -36.14518], [-72.56617, -36.13357], [-72.5599, -36.12041], [-72.55234, -36.11341], [-72.54233, -36.10843], [-72.54171, -36.09537], [-72.53983, -36.09224], [-72.5372, -36.09048], [-72.53495, -36.08998], [-72.51166, -36.11051], [-72.48746, -36.11808], [-72.48414, -36.12065], [-72.47641, -36.12909], [-72.46836, -36.13421], [-72.44692, -36.13392], [-72.43455, -36.14181], [-72.43087, -36.14232], [-72.4179, -36.14173], [-72.41463, -36.14258], [-72.40804, -36.16913], [-72.38157, -36.16702], [-72.38032, -36.17099], [-72.38073, -36.18073], [-72.38006, -36.18392], [-72.37624, -36.18889], [-72.36899, -36.19504], [-72.3628, -36.19892], [-72.35939, -36.19954], [-72.35488, -36.19923], [-72.33559, -36.1839]], [[-72.33787, -36.20504], [-72.33787, -36.20504], [-72.33661, -36.19948], [-72.33641, -36.19558], [-72.33662, -36.19954], [-72.33787, -36.20504]], [[-72.38097, -36.16976], [-72.38181, -36.16992], [-72.38183, -36.16996], [-72.38097, -36.16976]], [[-72.38446, -36.17204], [-72.38512, -36.17232], [-72.38516, -36.17238], [-72.38516, -36.17238], [-72.38446, -36.17204]], [[-72.38584, -36.17337], [-72.38628, -36.17363], [-72.38584, -36.17337], [-72.38584, -36.17337]], [[-72.39968, -36.17427], [-72.40022, -36.17447], [-72.40116, -36.17581], [-72.40023, -36.17449], [-72.39968, -36.17427]], [[-72.40521, -36.17507], [-72.40705, -36.17381], [-72.4085, -36.17351], [-72.40792, -36.17366], [-72.40712, -36.1738], [-72.40521, -36.17507]], [[-72.41425, -36.17125], [-72.41429, -36.1712], [-72.41507, -36.17098], [-72.41425, -36.17125]], [[-72.41825, -36.17026], [-72.41945, -36.16948], [-72.42054, -36.16922], [-72.41945, -36.16948], [-72.41825, -36.17026]], [[-72.42176, -36.16332], [-72.42176, -36.16332], [-72.42176, -36.16332], [-72.42176, -36.16332]], [[-72.42378, -36.16095], [-72.42523, -36.15771], [-72.42523, -36.15771], [-72.42378, -36.16095]], [[-72.42542, -36.15757], [-72.42583, -36.15726], [-72.42693, -36.15701], [-72.42582, -36.15727], [-72.42542, -36.15757]], [[-72.38705, -36.24284], [-72.38705, -36.24284], [-72.38813, -36.24233], [-72.38758, -36.24259], [-72.38705, -36.24284]], [[-72.38818, -36.2423], [-72.38883, -36.242], [-72.38883, -36.242], [-72.38818, -36.2423]], [[-72.38933, -36.24146], [-72.38936, -36.24143], [-72.38973, -36.23837], [-72.38933, -36.24146]], [[-72.39188, -36.23568], [-72.39194, -36.23563], [-72.39194, -36.23563], [-72.39194, -36.23563], [-72.39188, -36.23568]], [[-72.39174, -36.23581], [-72.39186, -36.2357], [-72.39178, -36.23578], [-72.39174, -36.23581]], [[-72.39114, -36.23367], [-72.39114, -36.23367], [-72.39202, -36.23309], [-72.39114, -36.23367]], [[-72.39274, -36.23309], [-72.39362, -36.2329], [-72.39365, -36.23286], [-72.39362, -36.2329], [-72.39274, -36.23309]], [[-72.39436, -36.23209], [-72.39461, -36.23182], [-72.39461, -36.23182], [-72.39436, -36.23209]], [[-72.39465, -36.23181], [-72.39547, -36.23152], [-72.39553, -36.23151], [-72.39465, -36.23181]], [[-72.39789, -36.23145], [-72.4, -36.23066], [-72.40089, -36.22851], [-72.40089, -36.22851], [-72.39996, -36.23075], [-72.39789, -36.23145]], [[-72.40412, -36.22781], [-72.40574, -36.22624], [-72.40426, -36.22776], [-72.40412, -36.22781]], [[-72.40804, -36.22501], [-72.40894, -36.22484], [-72.41067, -36.22363], [-72.41227, -36.22033], [-72.40804, -36.22501]], [[-72.41227, -36.22033], [-72.41257, -36.21339], [-72.41257, -36.21342], [-72.41233, -36.22018], [-72.41227, -36.22033]], [[-72.4122, -36.20918], [-72.41172, -36.208], [-72.41053, -36.20769], [-72.41171, -36.20797], [-72.4122, -36.20915], [-72.4122, -36.20918]], [[-72.50057, -36.14277], [-72.50063, -36.14128], [-72.50063, -36.14128], [-72.50057, -36.14277]], [[-72.49825, -36.1389], [-72.49741, -36.13824], [-72.49741, -36.13823], [-72.49825, -36.1389]], [[-72.49377, -36.13618], [-72.49221, -36.13554], [-72.49195, -36.1347], [-72.4922, -36.13552], [-72.49377, -36.13618]], [[-72.49185, -36.13438], [-72.49183, -36.13433], [-72.49341, -36.13239], [-72.49185, -36.13438]], [[-72.49449, -36.13103], [-72.49437, -36.12987], [-72.49437, -36.12987], [-72.49449, -36.13103], [-72.49449, -36.13103]], [[-72.49299, -36.12886], [-72.49252, -36.12869], [-72.49056, -36.12797], [-72.49051, -36.12795], [-72.49299, -36.12886], [-72.49299, -36.12886]], [[-72.4885, -36.12613], [-72.48848, -36.12611], [-72.48819, -36.12395], [-72.49019, -36.12114], [-72.4882, -36.12399], [-72.4885, -36.12613]], [[-72.43104, -36.15642], [-72.43105, -36.1564], [-72.43189, -36.15609], [-72.43104, -36.15642]], [[-72.45175, -36.14964], [-72.45179, -36.14962], [-72.45281, -36.14942], [-72.45175, -36.14964]], [[-72.46859, -36.14744], [-72.46943, -36.14766], [-72.46945, -36.14767], [-72.46859, -36.14744]], [[-72.47294, -36.15125], [-72.47295, -36.15126], [-72.47295, -36.15126], [-72.47294, -36.15125]], [[-72.48179, -36.14989], [-72.4819, -36.14982], [-72.48625, -36.14811], [-72.48625, -36.14811], [-72.48512, -36.14858], [-72.48179, -36.14989]], [[-72.48748, -36.14707], [-72.48755, -36.14702], [-72.48903, -36.1465], [-72.48754, -36.14702], [-72.48748, -36.14707]], [[-72.44929, -36.15102], [-72.45007, -36.15066], [-72.4498, -36.15083], [-72.44929, -36.15102]], [[-72.44929, -36.15102], [-72.44827, -36.1514], [-72.44788, -36.15154], [-72.44929, -36.15102]]]}, "properties": {"composicio": "Secuencias sedimentarias", "epoca": "Triasico Superior", "era": "MEZOZOICO", "geo": "Tr1m", "ha": 24809.68, "m2": 248096842.65, "periodo": "Triasico"}}, {"type": "Feature", "geometry": {"type": "Polygon", "coordinates": [[[-72.82227, -36.30322], [-72.80974, -36.27368], [-72.8236, -36.19463], [-72.81989, -36.17881], [-72.81465, -36.17833], [-72.80991, -36.16917], [-72.80467, -36.14122], [-72.81483, -36.09208], [-72.81039, -36.08433], [-72.80734, -36.0878], [-72.80449, -36.10034], [-72.80167, -36.10591], [-72.78285, -36.12472], [-72.79371, -36.13074], [-72.79521, -36.13282], [-72.79479, -36.13796], [-72.78814, -36.16097], [-72.78949, -36.16339], [-72.79941, -36.16756], [-72.80285, -36.17127], [-72.804, -36.17599], [-72.80384, -36.19361], [-72.8083, -36.20135], [-72.81045, -36.21157], [-72.8094, -36.23066], [-72.80505, -36.24078], [-72.79384, -36.25937], [-72.79303, -36.26359], [-72.79423, -36.26625], [-72.80464, -36.27946], [-72.80838, -36.2937], [-72.82227, -36.30322]]]}, "properties": {"composicio": "Secuencias sedimentarias", "epoca": "Pleistoceno Holoceno", "era": "CENOZOICO", "geo": "Qm", "ha": 2553.33, "m2": 25533296.25, "periodo": "Cuaternario"}}, {"type": "Feature", "geometry": {"type": "Polygon", "coordinates": [[[-72.11926, -36.25986], [-72.12227, -36.25867], [-72.12315, -36.25754], [-72.12247, -36.25272], [-72.10705, -36.24484], [-72.10198, -36.24462], [-72.09396, -36.24776], [-72.09161, -36.25011], [-72.11926, -36.25986]]]}, "properties": {"composicio": "Rocas intrusivas", "epoca": "Carbonifero Permico  328-235 Ma", "era": "PALEOZOICO", "geo": "CPg", "ha": 267.86, "m2": 2678639.73, "periodo": ""}}, {"type": "Feature", "geometry": {"type": "Polygon", "coordinates": [[[-72.15137, -36.24545], [-72.1432, -36.24562], [-72.13414, -36.25458], [-72.13591, -36.25655], [-72.13928, -36.25709], [-72.14226, -36.25658], [-72.14658, -36.25427], [-72.15144, -36.25277], [-72.15421, -36.25009], [-72.15499, -36.24792], [-72.15137, -36.24545]], [[-72.15105, -36.24756], [-72.15147, -36.24732], [-72.15147, -36.24733], [-72.15105, -36.24756]], [[-72.15152, -36.24677], [-72.15152, -36.24675], [-72.15158, -36.24605], [-72.15148, -36.24577], [-72.15158, -36.24604], [-72.15152, -36.24677]]]}, "properties": {"composicio": "Rocas intrusivas", "epoca": "Carbonifero Permico  328-235 Ma", "era": "PALEOZOICO", "geo": "CPg", "ha": 154.37, "m2": 1543712.09, "periodo": ""}}, {"type": "Feature", "geometry": {"type": "Polygon", "coordinates": [[[-71.50294, -36.07761], [-71.49889, -36.07414], [-71.50008, -36.07126], [-71.50969, -36.06684], [-71.52129, -36.05814], [-71.52304, -36.05523], [-71.52297, -36.05306], [-71.52123, -36.05138], [-71.51759, -36.05237], [-71.51364, -36.052], [-71.51494, -36.04842], [-71.51932, -36.04364], [-71.51928, -36.04226], [-71.51579, -36.03879], [-71.52924, -36.02078], [-71.51482, -36.01466], [-71.52319, -36.00333], [-71.52508, -35.99412], [-71.52384, -35.98616], [-71.50347, -35.95277], [-71.49942, -35.95359], [-71.4932, -35.96458], [-71.4904, -35.97836], [-71.49057, -35.98395], [-71.48938, -35.98906], [-71.48734, -35.99564], [-71.48288, -36.00332], [-71.48039, -36.00837], [-71.48541, -36.03139], [-71.48016, -36.03526], [-71.475, -36.03743], [-71.46987, -36.03032], [-71.46289, -36.04282], [-71.46327, -36.04659], [-71.46711, -36.05762], [-71.47063, -36.05743], [-71.47691, -36.05502], [-71.4775, -36.05581], [-71.47596, -36.06133], [-71.47612, -36.06693], [-71.47488, -36.07314], [-71.45901, -36.07059], [-71.45626, -36.07294], [-71.45577, -36.0758], [-71.45583, -36.07809], [-71.45866, -36.08307], [-71.45857, -36.0849], [-71.45479, -36.08624], [-71.44503, -36.06492], [-71.43319, -36.06514], [-71.43394, -36.07189], [-71.43654, -36.07939], [-71.43611, -36.08408], [-71.43449, -36.08664], [-71.42852, -36.09041], [-71.42646, -36.09732], [-71.45134, -36.11926], [-71.43996, -36.12612], [-71.43632, -36.14245], [-71.43519, -36.16272], [-71.43209, -36.18407], [-71.43878, -36.19538], [-71.45031, -36.20831], [-71.45392, -36.21122], [-71.46658, -36.21406], [-71.46912, -36.21401], [-71.47176, -36.21247], [-71.47558, -36.20759], [-71.47807, -36.20582], [-71.48192, -36.207], [-71.4941, -36.21775], [-71.50629, -36.2238], [-71.52454, -36.22446], [-71.52905, -36.22414], [-71.53084, -36.22238], [-71.53105, -36.21518], [-71.52828, -36.21225], [-71.5244, -36.20993], [-71.51945, -36.20969], [-71.51819, -36.21028], [-71.51372, -36.21701], [-71.5123, -36.21178], [-71.51333, -36.20328], [-71.49947, -36.20791], [-71.499, -36.20609], [-71.4998, -36.20459], [-71.50568, -36.19772], [-71.50861, -36.1964], [-71.513, -36.19688], [-71.51411, -36.19629], [-71.51648, -36.18526], [-71.51558, -36.17852], [-71.51239, -36.17572], [-71.50464, -36.18606], [-71.49272, -36.18436], [-71.49126, -36.18279], [-71.49094, -36.18142], [-71.49203, -36.18003], [-71.50001, -36.17242], [-71.50011, -36.17117], [-71.49791, -36.16835], [-71.49765, -36.16412], [-71.50321, -36.16104], [-71.50458, -36.1594], [-71.50498, -36.15848], [-71.50268, -36.15246], [-71.50181, -36.15145], [-71.49911, -36.1507], [-71.4983, -36.15233], [-71.4984, -36.15575], [-71.49683, -36.15498], [-71.49373, -36.15046], [-71.49115, -36.14903], [-71.47931, -36.14973], [-71.47602, -36.1483], [-71.49692, -36.12866], [-71.4942, -36.12734], [-71.47511, -36.12624], [-71.46867, -36.12293], [-71.48025, -36.11331], [-71.48141, -36.09933], [-71.49169, -36.09352], [-71.49329, -36.09051], [-71.49425, -36.08431], [-71.49519, -36.08292], [-71.50294, -36.07761]]]}, "properties": {"composicio": "Secuencias volcanosedimenta", "epoca": "Oligoceno Mioceno", "era": "CENOZOICO", "geo": "OM2c", "ha": 12679.15, "m2": 126791474.19, "periodo": "Paleogeno"}}, {"type": "Feature", "geometry": {"type": "Polygon", "coordinates": [[[-71.50294, -36.07761], [-71.49519, -36.08292], [-71.49425, -36.08431], [-71.49329, -36.09051], [-71.49169, -36.09352], [-71.48141, -36.09933], [-71.48025, -36.11331], [-71.46867, -36.12293], [-71.47511, -36.12624], [-71.4942, -36.12734], [-71.49692, -36.12866], [-71.47602, -36.1483], [-71.47931, -36.14973], [-71.49115, -36.14903], [-71.49373, -36.15046], [-71.49683, -36.15498], [-71.4984, -36.15575], [-71.4983, -36.15233], [-71.49911, -36.1507], [-71.50181, -36.15145], [-71.50268, -36.15246], [-71.50498, -36.15848], [-71.50458, -36.1594], [-71.50321, -36.16104], [-71.49765, -36.16412], [-71.49791, -36.16835], [-71.50011, -36.17117], [-71.50001, -36.17242], [-71.49203, -36.18003], [-71.49094, -36.18142], [-71.49126, -36.18279], [-71.49272, -36.18436], [-71.50464, -36.18606], [-71.51239, -36.17572], [-71.51558, -36.17852], [-71.51648, -36.18526], [-71.51411, -36.19629], [-71.513, -36.19688], [-71.50861, -36.1964], [-71.50568, -36.19772], [-71.4998, -36.20459], [-71.499, -36.20609], [-71.49947, -36.20791], [-71.51333, -36.20328], [-71.5123, -36.21178], [-71.51372, -36.21701], [-71.51819, -36.21028], [-71.51945, -36.20969], [-71.5244, -36.20993], [-71.52828, -36.21225], [-71.53105, -36.21518], [-71.53084, -36.22238], [-71.53715, -36.21093], [-71.54071, -36.20719], [-71.54226, -36.20224], [-71.53532, -36.18213], [-71.53292, -36.18218], [-71.52617, -36.18803], [-71.52221, -36.188], [-71.52875, -36.14564], [-71.52692, -36.14099], [-71.51852, -36.13361], [-71.51736, -36.12756], [-71.50402, -36.12519], [-71.49995, -36.12116], [-71.49973, -36.11842], [-71.50219, -36.11539], [-71.5064, -36.11463], [-71.5082, -36.11333], [-71.50805, -36.10807], [-71.50855, -36.10599], [-71.50952, -36.1054], [-71.51335, -36.1059], [-71.51613, -36.10928], [-71.51741, -36.10959], [-71.5195, -36.10864], [-71.52182, -36.10596], [-71.52669, -36.09373], [-71.53344, -36.08822], [-71.53451, -36.08613], [-71.53637, -36.07259], [-71.53971, -36.06611], [-71.53933, -36.06258], [-71.53375, -36.05994], [-71.53066, -36.06035], [-71.51751, -36.07412], [-71.51433, -36.08128], [-71.51219, -36.09013], [-71.50987, -36.09292], [-71.50719, -36.09275], [-71.50489, -36.09154], [-71.50452, -36.08834], [-71.50728, -36.08119], [-71.50711, -36.08017], [-71.50294, -36.07761]]]}, "properties": {"composicio": "Secuencias sedimentarias", "epoca": "Pleistoceno Holoceno", "era": "CENOZOICO", "geo": "Q1g", "ha": 4398.68, "m2": 43986798.6, "periodo": "Cuaternario"}}, {"type": "Feature", "geometry": {"type": "Polygon", "coordinates": [[[-72.49365, -36.20959], [-72.52445, -36.19554], [-72.53593, -36.1843], [-72.54224, -36.17103], [-72.54547, -36.16673], [-72.54528, -36.1633], [-72.50481, -36.16189], [-72.502, -36.16629], [-72.50191, -36.17899], [-72.49891, -36.18523], [-72.47166, -36.20442], [-72.47352, -36.20857], [-72.47657, -36.21046], [-72.48903, -36.2092], [-72.49365, -36.20959]]]}, "properties": {"composicio": "Rocas intrusivas", "epoca": "Jurasico Inferior  202 178 Ma", "era": "MEZOZOICO", "geo": "Jig", "ha": 1699.85, "m2": 16998452.22, "periodo": "Jurasico"}}, {"type": "Feature", "geometry": {"type": "Polygon", "coordinates": [[[-72.06543, -35.42896], [-72.06222, -35.42844], [-72.05861, -35.43348], [-72.05519, -35.43437], [-72.05807, -35.45103], [-72.06379, -35.46626], [-72.06478, -35.47109], [-72.06587, -35.49638], [-72.06306, -35.49645], [-72.06129, -35.49458], [-72.05219, -35.47978], [-72.03915, -35.44848], [-72.01548, -35.44705], [-71.99638, -35.45386], [-72.01688, -35.54401], [-72.02672, -35.5554], [-72.03102, -35.55687], [-72.03918, -35.55558], [-72.04071, -35.55607], [-72.05951, -35.56942], [-72.05944, -35.57182], [-72.05371, -35.58051], [-72.04857, -35.5835], [-72.04238, -35.58451], [-72.02644, -35.58303], [-72.02346, -35.58389], [-72.01604, -35.59267], [-72.02181, -35.60053], [-72.02272, -35.6078], [-72.021, -35.61305], [-72.02259, -35.62134], [-72.02418, -35.62492], [-72.02816, -35.62798], [-72.03074, -35.63113], [-72.03117, -35.63525], [-72.02681, -35.64031], [-72.0288, -35.64425], [-72.03236, -35.64741], [-72.03178, -35.65747], [-72.04405, -35.69364], [-72.04929, -35.69695], [-72.06249, -35.70202], [-72.06615, -35.70655], [-72.06609, -35.72806], [-72.06915, -35.72927], [-72.075, -35.72629], [-72.07879, -35.72636], [-72.0825, -35.72918], [-72.09119, -35.73016], [-72.09574, -35.73298], [-72.09633, -35.73712], [-72.09517, -35.73835], [-72.08947, -35.74099], [-72.08773, -35.74278], [-72.09195, -35.75259], [-72.07993, -35.7646], [-72.08041, -35.76735], [-72.08709, -35.76989], [-72.09067, -35.77247], [-72.09117, -35.77466], [-72.08952, -35.77818], [-72.09334, -35.78203], [-72.10368, -35.78943], [-72.11766, -35.79725], [-72.12383, -35.79805], [-72.12723, -35.79721], [-72.13432, -35.79035], [-72.13611, -35.79176], [-72.13585, -35.79577], [-72.13843, -35.79913], [-72.15563, -35.79774], [-72.13899, -35.80898], [-72.1476, -35.82825], [-72.14643, -35.82972], [-72.14289, -35.83034], [-72.14315, -35.83629], [-72.14472, -35.84044], [-72.14426, -35.84157], [-72.12534, -35.85334], [-72.12489, -35.85928], [-72.12827, -35.86415], [-72.12762, -35.867], [-72.12259, -35.87045], [-72.11775, -35.87722], [-72.11647, -35.87765], [-72.11508, -35.87705], [-72.11319, -35.87404], [-72.08986, -35.8959], [-72.08935, -35.89875], [-72.09138, -35.90154], [-72.09761, -35.90074], [-72.10359, -35.9036], [-72.11272, -35.89978], [-72.12065, -35.89843], [-72.12386, -35.89931], [-72.11363, -35.91192], [-72.11397, -35.91925], [-72.10896, -35.92213], [-72.10692, -35.92415], [-72.10652, -35.92814], [-72.10759, -35.93012], [-72.13145, -35.92863], [-72.13058, -35.934], [-72.1332, -35.93599], [-72.13839, -35.93665], [-72.1411, -35.93568], [-72.1434, -35.9292], [-72.14637, -35.92892], [-72.14969, -35.93081], [-72.15036, -35.93197], [-72.14987, -35.93413], [-72.14642, -35.93658], [-72.14677, -35.9391], [-72.15635, -35.94351], [-72.16392, -35.94479], [-72.1653, -35.94563], [-72.16238, -35.95838], [-72.15944, -35.95798], [-72.15632, -35.95381], [-72.15324, -35.95329], [-72.14407, -35.95896], [-72.1287, -35.95009], [-72.12792, -35.95282], [-72.12861, -35.95833], [-72.12083, -35.96916], [-72.13599, -35.97094], [-72.14015, -35.97331], [-72.14479, -35.97877], [-72.14912, -35.98011], [-72.17158, -35.97604], [-72.17425, -35.9618], [-72.18757, -35.95508], [-72.18808, -35.95234], [-72.18641, -35.9459], [-72.18942, -35.94504], [-72.19434, -35.94103], [-72.19719, -35.93982], [-72.21184, -35.94032], [-72.22447, -35.93781], [-72.22654, -35.93911], [-72.22771, -35.94279], [-72.22611, -35.95432], [-72.22802, -35.95687], [-72.23092, -35.95886], [-72.23103, -35.96002], [-72.22397, -35.96022], [-72.21836, -35.96412], [-72.2179, -35.96538], [-72.24099, -35.96717], [-72.24285, -35.96091], [-72.24611, -35.96052], [-72.24932, -35.96161], [-72.24973, -35.98267], [-72.25339, -35.98285], [-72.25968, -35.97976], [-72.26776, -35.97246], [-72.28184, -35.97203], [-72.28853, -35.96906], [-72.29671, -35.95811], [-72.30072, -35.95566], [-72.3065, -35.95497], [-72.30769, -35.9527], [-72.30558, -35.94796], [-72.31087, -35.94497], [-72.31136, -35.94269], [-72.30667, -35.9394], [-72.30615, -35.93803], [-72.30675, -35.93666], [-72.31059, -35.93524], [-72.32375, -35.93273], [-72.32689, -35.93106], [-72.32786, -35.92673], [-72.32702, -35.92191], [-72.3235, -35.91705], [-72.31943, -35.9164], [-72.31499, -35.91918], [-72.31359, -35.91892], [-72.29904, -35.91066], [-72.29967, -35.90827], [-72.30813, -35.90293], [-72.31017, -35.90033], [-72.30964, -35.89392], [-72.30207, -35.88268], [-72.30267, -35.88121], [-72.30638, -35.87921], [-72.30343, -35.8739], [-72.30379, -35.87104], [-72.30612, -35.868], [-72.31317, -35.8624], [-72.31741, -35.86168], [-72.3172, -35.86442], [-72.3117, -35.86981], [-72.31072, -35.88547], [-72.31644, -35.88751], [-72.31781, -35.88868], [-72.31915, -35.89133], [-72.31943, -35.89649], [-72.32343, -35.89942], [-72.33034, -35.90893], [-72.33476, -35.91221], [-72.34534, -35.91639], [-72.35039, -35.91694], [-72.35465, -35.91576], [-72.35839, -35.91307], [-72.36463, -35.91147], [-72.36638, -35.90932], [-72.36858, -35.90124], [-72.37184, -35.89511], [-72.37515, -35.89276], [-72.37966, -35.89262], [-72.37009, -35.92746], [-72.36739, -35.92833], [-72.36136, -35.92731], [-72.35892, -35.92887], [-72.35727, -35.93228], [-72.35756, -35.93675], [-72.36072, -35.94412], [-72.36103, -35.94802], [-72.35924, -35.95142], [-72.35126, -35.9546], [-72.34763, -35.9582], [-72.3472, -35.96311], [-72.35046, -35.96729], [-72.34894, -35.97104], [-72.34921, -35.97619], [-72.38163, -35.98945], [-72.38228, -35.99209], [-72.37926, -35.99478], [-72.37708, -35.99864], [-72.37767, -36.00338], [-72.38505, -36.02026], [-72.43954, -36.0404], [-72.46642, -36.01298], [-72.47875, -36.00565], [-72.48087, -36.00546], [-72.48225, -36.00641], [-72.4821, -36.01144], [-72.47536, -36.02527], [-72.47169, -36.03505], [-72.46936, -36.03776], [-72.46331, -36.04222], [-72.45974, -36.04868], [-72.45919, -36.05267], [-72.46828, -36.06978], [-72.46762, -36.07285], [-72.46501, -36.07544], [-72.44343, -36.066], [-72.43998, -36.06845], [-72.42992, -36.08428], [-72.42484, -36.08911], [-72.42313, -36.08976], [-72.41679, -36.08941], [-72.40936, -36.06936], [-72.40686, -36.06817], [-72.40291, -36.06809], [-72.40031, -36.07034], [-72.39881, -36.07786], [-72.39677, -36.07999], [-72.39491, -36.08099], [-72.38262, -36.08155], [-72.38076, -36.08255], [-72.37564, -36.08852], [-72.37278, -36.08972], [-72.36661, -36.08857], [-72.35906, -36.08202], [-72.35168, -36.0789], [-72.3415, -36.08889], [-72.32793, -36.08095], [-72.32411, -36.08133], [-72.32024, -36.08354], [-72.31537, -36.09043], [-72.31416, -36.09751], [-72.31623, -36.10349], [-72.32265, -36.11025], [-72.32792, -36.11311], [-72.35768, -36.113], [-72.35532, -36.11662], [-72.34832, -36.11923], [-72.34558, -36.12111], [-72.34408, -36.12429], [-72.34356, -36.13195], [-72.34248, -36.13468], [-72.3275, -36.1535], [-72.30821, -36.15209], [-72.30329, -36.15587], [-72.2985, -36.16521], [-72.30274, -36.16456], [-72.30935, -36.16538], [-72.31383, -36.1665], [-72.31855, -36.16888], [-72.32311, -36.17206], [-72.33559, -36.1839], [-72.33471, -36.17682], [-72.33496, -36.17501], [-72.335, -36.17499], [-72.33474, -36.17699], [-72.33559, -36.1839], [-72.34355, -36.19145], [-72.34933, -36.19603], [-72.35488, -36.19923], [-72.35939, -36.19954], [-72.3628, -36.19892], [-72.36899, -36.19504], [-72.37624, -36.18889], [-72.38006, -36.18392], [-72.38073, -36.18073], [-72.38032, -36.17099], [-72.38157, -36.16702], [-72.40804, -36.16913], [-72.41463, -36.14258], [-72.4179, -36.14173], [-72.43087, -36.14232], [-72.43455, -36.14181], [-72.44692, -36.13392], [-72.46836, -36.13421], [-72.47641, -36.12909], [-72.48414, -36.12065], [-72.48746, -36.11808], [-72.51166, -36.11051], [-72.51627, -36.10693], [-72.5253, -36.09713], [-72.5321, -36.09108], [-72.53174, -36.08398], [-72.5295, -36.07867], [-72.51009, -36.05234], [-72.51158, -36.04349], [-72.51002, -36.0271], [-72.50664, -36.01339], [-72.48925, -35.98023], [-72.47106, -35.96735], [-72.4547, -35.9617], [-72.45163, -35.95936], [-72.44818, -35.95518], [-72.43424, -35.93459], [-72.42887, -35.92363], [-72.43453, -35.90622], [-72.42838, -35.90406], [-72.4181, -35.90366], [-72.41544, -35.90293], [-72.41352, -35.90083], [-72.41048, -35.89346], [-72.40787, -35.89067], [-72.40649, -35.88961], [-72.39852, -35.88743], [-72.39182, -35.87427], [-72.38691, -35.86824], [-72.37039, -35.85948], [-72.33626, -35.82434], [-72.32159, -35.82008], [-72.31702, -35.80124], [-72.31371, -35.79351], [-72.30337, -35.78029], [-72.29169, -35.76978], [-72.2872, -35.73767], [-72.2902, -35.73589], [-72.29315, -35.73595], [-72.30596, -35.744], [-72.30853, -35.74457], [-72.31275, -35.7443], [-72.33267, -35.71365], [-72.32557, -35.71089], [-72.31928, -35.70952], [-72.30005, -35.70895], [-72.2916, -35.70949], [-72.27027, -35.7138], [-72.24767, -35.71294], [-72.24403, -35.71219], [-72.22031, -35.69082], [-72.21901, -35.68678], [-72.21953, -35.68325], [-72.224, -35.67509], [-72.20312, -35.67356], [-72.19344, -35.67807], [-72.19049, -35.67802], [-72.18482, -35.67495], [-72.18118, -35.67465], [-72.17359, -35.67977], [-72.17036, -35.67971], [-72.16912, -35.67865], [-72.16924, -35.67442], [-72.17301, -35.66511], [-72.17531, -35.66321], [-72.17871, -35.66236], [-72.19135, -35.66225], [-72.19503, -35.6614], [-72.19957, -35.65461], [-72.2027, -35.65285], [-72.20411, -35.65287], [-72.20784, -35.65523], [-72.21634, -35.66271], [-72.22264, -35.66328], [-72.22971, -35.66181], [-72.2335, -35.66188], [-72.23802, -35.66584], [-72.24665, -35.66886], [-72.24833, -35.66877], [-72.2544, -35.62609], [-72.24104, -35.6112], [-72.2303, -35.60896], [-72.21852, -35.60851], [-72.21415, -35.60901], [-72.1953, -35.6209], [-72.18994, -35.62194], [-72.18701, -35.62109], [-72.18579, -35.61969], [-72.18543, -35.61717], [-72.19181, -35.60872], [-72.17929, -35.60584], [-72.17487, -35.60335], [-72.17035, -35.5995], [-72.13733, -35.55127], [-72.13188, -35.5459], [-72.1078, -35.52977], [-72.10207, -35.52393], [-72.09227, -35.48956], [-72.07752, -35.46653], [-72.07078, -35.4522], [-72.06719, -35.44079], [-72.06534, -35.43227], [-72.06543, -35.42896]], [[-72.20699, -35.7697], [-72.20356, -35.75807], [-72.20841, -35.75673], [-72.20888, -35.75494], [-72.21252, -35.7523], [-72.2112, -35.75119], [-72.20776, -35.75252], [-72.20776, -35.7506], [-72.22965, -35.74074], [-72.22637, -35.745], [-72.22673, -35.74944], [-72.20699, -35.7697]], [[-72.33633, -36.1743], [-72.33642, -36.17425], [-72.33781, -36.17395], [-72.33633, -36.1743]], [[-72.3451, -36.17272], [-72.34586, -36.17226], [-72.34574, -36.17234], [-72.3451, -36.17272]], [[-72.34482, -36.17289], [-72.3451, -36.17272], [-72.34489, -36.17286], [-72.34482, -36.17289]], [[-72.35171, -36.16752], [-72.35564, -36.16205], [-72.35563, -36.16207], [-72.35171, -36.16752]], [[-72.35747, -36.15877], [-72.35814, -36.15751], [-72.35842, -36.15751], [-72.35872, -36.15751], [-72.35815, -36.15751], [-72.35812, -36.15755], [-72.35747, -36.15877]], [[-72.36041, -36.15793], [-72.36083, -36.15803], [-72.36091, -36.15808], [-72.36041, -36.15793]], [[-72.36096, -36.15811], [-72.37094, -36.16369], [-72.37096, -36.16371], [-72.36096, -36.15811]], [[-72.37096, -36.16371], [-72.37159, -36.16472], [-72.3716, -36.16475], [-72.3716, -36.16473], [-72.37096, -36.16371]], [[-72.49086, -36.11649], [-72.49096, -36.11579], [-72.49256, -36.11018], [-72.49086, -36.11649]], [[-72.4922, -36.10793], [-72.49219, -36.10789], [-72.49264, -36.10679], [-72.4922, -36.10793]], [[-72.49264, -36.10679], [-72.49266, -36.10675], [-72.49383, -36.10544], [-72.49389, -36.1054], [-72.49264, -36.10679]], [[-72.49725, -36.09527], [-72.49722, -36.09524], [-72.49674, -36.09414], [-72.49725, -36.09527]], [[-72.49674, -36.09414], [-72.49673, -36.09411], [-72.49767, -36.09092], [-72.50055, -36.08676], [-72.49766, -36.09095], [-72.49674, -36.09414]], [[-72.50057, -36.08556], [-72.49976, -36.08493], [-72.50057, -36.08556], [-72.50057, -36.08556]], [[-72.49357, -36.08603], [-72.49237, -36.08577], [-72.49236, -36.08577], [-72.49357, -36.08603]], [[-72.49231, -36.08572], [-72.49194, -36.08544], [-72.49186, -36.08537], [-72.49202, -36.08549], [-72.49231, -36.08572]], [[-72.49181, -36.08534], [-72.4918, -36.08533], [-72.49175, -36.08529], [-72.49181, -36.08534]], [[-72.49172, -36.08527], [-72.4917, -36.08525], [-72.49159, -36.08517], [-72.49159, -36.08517], [-72.49158, -36.08516], [-72.49154, -36.08513], [-72.49153, -36.08512], [-72.49172, -36.08527]], [[-72.49099, -36.08471], [-72.49099, -36.08471], [-72.49025, -36.08373], [-72.49095, -36.08467], [-72.49099, -36.08471]], [[-72.48982, -36.08215], [-72.48974, -36.08172], [-72.48974, -36.08172], [-72.48982, -36.08215]], [[-72.48693, -36.07987], [-72.48693, -36.07987], [-72.48686, -36.07763], [-72.48693, -36.07987]], [[-72.48871, -36.07521], [-72.49084, -36.0743], [-72.48987, -36.07472], [-72.48871, -36.07521]], [[-72.50055, -36.07258], [-72.50128, -36.07278], [-72.50128, -36.07278], [-72.50127, -36.07278], [-72.50055, -36.07258]], [[-72.50276, -36.07392], [-72.50281, -36.07395], [-72.50286, -36.074], [-72.50276, -36.07392]], [[-72.5019, -36.07326], [-72.50216, -36.07346], [-72.5021, -36.07341], [-72.5019, -36.07326]], [[-72.50135, -36.07284], [-72.50188, -36.07325], [-72.50139, -36.07287], [-72.50135, -36.07284]], [[-72.50465, -36.07572], [-72.50592, -36.07617], [-72.50465, -36.07572], [-72.50465, -36.07572]], [[-72.50799, -36.07669], [-72.50799, -36.07669], [-72.50804, -36.07674], [-72.50799, -36.07669]], [[-72.51063, -36.07941], [-72.51284, -36.08043], [-72.51063, -36.07941], [-72.51063, -36.07941]]]}, "properties": {"composicio": "Rocas intrusivas", "epoca": "Carbonifero Permico  328-235 Ma", "era": "PALEOZOICO", "geo": "CPg", "ha": 119212.45, "m2": 1192124508.83, "periodo": ""}}, {"type": "Feature", "geometry": {"type": "Polygon", "coordinates": [[[-72.81396, -36.17427], [-72.81389, -36.17418], [-72.81377, -36.1741], [-72.81339, -36.17416], [-72.81334, -36.17428], [-72.81349, -36.17453], [-72.81395, -36.17435], [-72.81396, -36.17427]]]}, "properties": {"composicio": "Secuencias sedimentarias", "epoca": "Pleistoceno Holoceno", "era": "CENOZOICO", "geo": "Qm", "ha": 0.17, "m2": 1738.6, "periodo": "Cuaternario"}}, {"type": "Feature", "geometry": {"type": "Polygon", "coordinates": [[[-72.81037, -36.16217], [-72.81028, -36.16157], [-72.81012, -36.16155], [-72.80991, -36.16165], [-72.80971, -36.16189], [-72.8097, -36.16212], [-72.80992, -36.16226], [-72.81016, -36.16225], [-72.81035, -36.16219], [-72.81037, -36.16217]]]}, "properties": {"composicio": "Secuencias sedimentarias", "epoca": "Pleistoceno Holoceno", "era": "CENOZOICO", "geo": "Qm", "ha": 0.36, "m2": 3607.38, "periodo": "Cuaternario"}}, {"type": "Feature", "geometry": {"type": "Polygon", "coordinates": [[[-72.8091, -36.15327], [-72.80901, -36.15264], [-72.80892, -36.15259], [-72.80862, -36.15255], [-72.80843, -36.15262], [-72.80829, -36.15279], [-72.80828, -36.15295], [-72.80836, -36.15305], [-72.80865, -36.15322], [-72.80884, -36.15327], [-72.8091, -36.15327]]]}, "properties": {"composicio": "Secuencias sedimentarias", "epoca": "Pleistoceno Holoceno", "era": "CENOZOICO", "geo": "Qm", "ha": 0.45, "m2": 4469.19, "periodo": "Cuaternario"}}, {"type": "Feature", "geometry": {"type": "Polygon", "coordinates": [[[-72.8088, -36.12955], [-72.80861, -36.12932], [-72.80824, -36.12942], [-72.80813, -36.12959], [-72.80811, -36.12973], [-72.8082, -36.12987], [-72.80845, -36.12995], [-72.80867, -36.12984], [-72.80881, -36.12968], [-72.8088, -36.12955]]]}, "properties": {"composicio": "Secuencias sedimentarias", "epoca": "Pleistoceno Holoceno", "era": "CENOZOICO", "geo": "Qm", "ha": 0.31, "m2": 3098.94, "periodo": "Cuaternario"}}, {"type": "Feature", "geometry": {"type": "Polygon", "coordinates": [[[-72.21364, -36.05117], [-72.19346, -36.04218], [-72.19111, -36.04215], [-72.16456, -36.0711], [-72.15718, -36.07667], [-72.14417, -36.08446], [-72.14545, -36.08604], [-72.15145, -36.08777], [-72.18387, -36.07962], [-72.18829, -36.08246], [-72.18947, -36.08523], [-72.18366, -36.1033], [-72.19951, -36.10579], [-72.2015, -36.07963], [-72.20396, -36.07762], [-72.2097, -36.07876], [-72.21338, -36.07827], [-72.21572, -36.0758], [-72.21697, -36.07192], [-72.21759, -36.06176], [-72.21335, -36.05332], [-72.21364, -36.05117]]]}, "properties": {"composicio": "Secuencias sedimentarias", "epoca": "Triasico Superior", "era": "MEZOZOICO", "geo": "Tr1m", "ha": 1994.01, "m2": 19940061.6, "periodo": "Triasico"}}, {"type": "Feature", "geometry": {"type": "Polygon", "coordinates": [[[-72.81384, -36.08976], [-72.81344, -36.08933], [-72.81343, -36.08936], [-72.81344, -36.08952], [-72.81369, -36.08973], [-72.81383, -36.08977], [-72.81384, -36.08976]]]}, "properties": {"composicio": "Secuencias sedimentarias", "epoca": "Pleistoceno Holoceno", "era": "CENOZOICO", "geo": "Qm", "ha": 0.05, "m2": 501.91, "periodo": "Cuaternario"}}, {"type": "Feature", "geometry": {"type": "Polygon", "coordinates": [[[-72.18521, -36.0474], [-72.18177, -36.04491], [-72.17594, -36.04239], [-72.14935, -36.04516], [-72.1275, -36.07879], [-72.14417, -36.08446], [-72.15718, -36.07667], [-72.16456, -36.0711], [-72.17271, -36.06327], [-72.18521, -36.0474]]]}, "properties": {"composicio": "Rocas intrusivas", "epoca": "Jurasico Inferior  202 178 Ma", "era": "MEZOZOICO", "geo": "Jig", "ha": 1304.34, "m2": 13043402.99, "periodo": "Jurasico"}}, {"type": "Feature", "geometry": {"type": "Polygon", "coordinates": [[[-72.71195, -35.92953], [-72.73474, -35.94491], [-72.74757, -35.96811], [-72.75528, -35.96043], [-72.75782, -35.96161], [-72.75949, -35.96529], [-72.763, -35.96854], [-72.75486, -35.99293], [-72.75475, -36.00643], [-72.75578, -36.01345], [-72.76516, -36.02773], [-72.76466, -36.0307], [-72.76101, -36.03568], [-72.7608, -36.03842], [-72.76271, -36.04074], [-72.77436, -36.04825], [-72.77902, -36.05896], [-72.7764, -36.06225], [-72.77166, -36.06572], [-72.77134, -36.06709], [-72.7933, -36.07287], [-72.7868, -36.04805], [-72.7785, -36.0375], [-72.7812, -36.016], [-72.77656, -36.00999], [-72.7876, -35.97676], [-72.77447, -35.96342], [-72.75598, -35.95758], [-72.74048, -35.94347], [-72.71195, -35.92953]], [[-72.7659, -36.00636], [-72.7659, -36.00636], [-72.76592, -36.00639], [-72.7659, -36.00636]], [[-72.76833, -36.01017], [-72.76934, -36.01118], [-72.76934, -36.01118], [-72.76834, -36.01018], [-72.76833, -36.01017]]]}, "properties": {"composicio": "Secuencias sedimentarias", "epoca": "Pleistoceno Holoceno", "era": "CENOZOICO", "geo": "Qm", "ha": 2518.01, "m2": 25180121.11, "periodo": "Cuaternario"}}, {"type": "Feature", "geometry": {"type": "Polygon", "coordinates": [[[-72.18521, -36.0474], [-72.18959, -36.04291], [-72.19111, -36.04215], [-72.19346, -36.04218], [-72.21364, -36.05117], [-72.23387, -36.05081], [-72.22028, -36.03531], [-72.22089, -36.03383], [-72.22345, -36.03297], [-72.23266, -36.03602], [-72.2341, -36.03491], [-72.23349, -36.03203], [-72.22048, -36.02032], [-72.21709, -36.02059], [-72.20794, -36.02464], [-72.20444, -36.02411], [-72.19916, -36.02182], [-72.19564, -36.02175], [-72.19107, -36.02361], [-72.18942, -36.02678], [-72.19256, -36.03405], [-72.19186, -36.03804], [-72.18829, -36.03957], [-72.18596, -36.04181], [-72.18521, -36.0474]]]}, "properties": {"composicio": "Rocas intrusivas", "epoca": "Jurasico Inferior  202 178 Ma", "era": "MEZOZOICO", "geo": "Jig", "ha": 986.71, "m2": 9867139.22, "periodo": "Jurasico"}}, {"type": "Feature", "geometry": {"type": "Polygon", "coordinates": [[[-72.19442, -35.99437], [-72.18412, -35.99786], [-72.18021, -36.00058], [-72.17827, -36.00348], [-72.19019, -36.01125], [-72.19597, -36.01398], [-72.20952, -36.01591], [-72.22006, -36.01333], [-72.24261, -36.00984], [-72.27695, -36.01697], [-72.31057, -36.00683], [-72.32122, -36.00711], [-72.33211, -36.01314], [-72.34058, -36.01233], [-72.3475, -36.00811], [-72.35526, -36.00732], [-72.36318, -36.00997], [-72.36665, -36.00815], [-72.3708, -36.00573], [-72.37303, -35.99982], [-72.36621, -35.98782], [-72.34163, -35.98956], [-72.34018, -35.98645], [-72.34299, -35.98146], [-72.34334, -35.97449], [-72.34214, -35.9723], [-72.33765, -35.97164], [-72.33465, -35.97342], [-72.33173, -35.97691], [-72.32874, -35.978], [-72.32498, -35.97679], [-72.31949, -35.97224], [-72.31401, -35.97226], [-72.31131, -35.97335], [-72.30595, -35.97898], [-72.30051, -35.98266], [-72.29503, -35.98302], [-72.28384, -35.98111], [-72.27829, -35.98364], [-72.27208, -35.98971], [-72.26839, -35.99079], [-72.26045, -35.98767], [-72.253, -35.98696], [-72.21945, -35.99595], [-72.2121, -35.99604], [-72.19561, -35.99399], [-72.19442, -35.99437]]]}, "properties": {"composicio": "Rocas intrusivas", "epoca": "Carbonifero Permico  328-235 Ma", "era": "PALEOZOICO", "geo": "CPg", "ha": 4741.08, "m2": 47410792.19, "periodo": ""}}, {"type": "Feature", "geometry": {"type": "Polygon", "coordinates": [[[-71.5436, -35.98192], [-71.54996, -35.97988], [-71.5563, -35.97461], [-71.55938, -35.95801], [-71.54516, -35.94691], [-71.5419, -35.94645], [-71.53321, -35.94742], [-71.52511, -35.95148], [-71.52223, -35.95868], [-71.52316, -35.96575], [-71.52873, -35.97508], [-71.53426, -35.98086], [-71.53742, -35.98202], [-71.5436, -35.98192]]]}, "properties": {"composicio": "Secuencias volcanosedimenta", "epoca": "Oligoceno Mioceno", "era": "CENOZOICO", "geo": "OM2c", "ha": 987.66, "m2": 9876565.68, "periodo": "Paleogeno"}}, {"type": "Feature", "geometry": {"type": "Polygon", "coordinates": [[[-72.58257, -35.81602], [-72.58222, -35.8231], [-72.58329, -35.83765], [-72.58502, -35.84157], [-72.59252, -35.84602], [-72.59458, -35.84835], [-72.59518, -35.859], [-72.59404, -35.85966], [-72.60034, -35.86137], [-72.60612, -35.86099], [-72.60919, -35.8623], [-72.61118, -35.87377], [-72.61632, -35.87694], [-72.62571, -35.87937], [-72.62973, -35.88195], [-72.62961, -35.88756], [-72.63488, -35.89107], [-72.63227, -35.92009], [-72.65841, -35.92335], [-72.66245, -35.92593], [-72.66762, -35.93458], [-72.67095, -35.93692], [-72.68615, -35.93152], [-72.68934, -35.93398], [-72.6886, -35.94231], [-72.70137, -35.94468], [-72.70232, -35.94618], [-72.70262, -35.95236], [-72.70611, -35.9539], [-72.71104, -35.95397], [-72.71995, -35.95191], [-72.72422, -35.94947], [-72.72726, -35.94561], [-72.7311, -35.94395], [-72.70418, -35.92481], [-72.6695, -35.91904], [-72.66712, -35.90551], [-72.66771, -35.90426], [-72.67215, -35.90077], [-72.67289, -35.89907], [-72.67292, -35.8977], [-72.67085, -35.89594], [-72.64244, -35.90595], [-72.64734, -35.88209], [-72.64572, -35.87875], [-72.64004, -35.87478], [-72.6391, -35.87248], [-72.64518, -35.86536], [-72.64525, -35.86205], [-72.6443, -35.86031], [-72.62515, -35.85396], [-72.62563, -35.85145], [-72.62867, -35.84795], [-72.6287, -35.84658], [-72.62611, -35.84288], [-72.61578, -35.83254], [-72.61174, -35.83099], [-72.60708, -35.83161], [-72.59477, -35.81956], [-72.58257, -35.81602]]]}, "properties": {"composicio": "Secuencias sedimentarias", "epoca": "Pleistoceno Holoceno", "era": "CENOZOICO", "geo": "Q1", "ha": 4089.46, "m2": 40894574.66, "periodo": "Cuaternario"}}, {"type": "Feature", "geometry": {"type": "Polygon", "coordinates": [[[-72.51531, -35.77659], [-72.51058, -35.7753], [-72.50201, -35.76921], [-72.49727, -35.7673], [-72.49179, -35.76733], [-72.48422, -35.7719], [-72.47931, -35.77136], [-72.47353, -35.76028], [-72.46065, -35.76385], [-72.45602, -35.75759], [-72.45568, -35.75426], [-72.45701, -35.75177], [-72.46056, -35.75011], [-72.47212, -35.74916], [-72.47495, -35.74818], [-72.47582, -35.74716], [-72.4731, -35.74311], [-72.46027, -35.73329], [-72.45693, -35.73175], [-72.44239, -35.72865], [-72.44002, -35.72758], [-72.43879, -35.72642], [-72.43708, -35.72148], [-72.43431, -35.71982], [-72.42771, -35.71972], [-72.42117, -35.7172], [-72.40847, -35.70795], [-72.40977, -35.70659], [-72.40673, -35.7063], [-72.40226, -35.71178], [-72.39769, -35.71337], [-72.39175, -35.714], [-72.38896, -35.71333], [-72.38635, -35.70856], [-72.38485, -35.70749], [-72.38357, -35.70779], [-72.38118, -35.71093], [-72.37901, -35.71225], [-72.37365, -35.71243], [-72.3651, -35.71149], [-72.36254, -35.7121], [-72.35997, -35.71912], [-72.35611, -35.72371], [-72.35597, -35.72668], [-72.36206, -35.73236], [-72.36407, -35.7377], [-72.35363, -35.74814], [-72.37579, -35.79333], [-72.38779, -35.81389], [-72.38596, -35.81386], [-72.4873, -35.86189], [-72.49155, -35.86653], [-72.49653, -35.876], [-72.5001, -35.88005], [-72.52272, -35.89427], [-72.52505, -35.90322], [-72.5245, -35.92245], [-72.52707, -35.92763], [-72.53026, -35.9302], [-72.53939, -35.93092], [-72.54596, -35.93319], [-72.55452, -35.94145], [-72.55979, -35.94507], [-72.56683, -35.94485], [-72.57714, -35.9426], [-72.58443, -35.93722], [-72.59294, -35.9338], [-72.61265, -35.93445], [-72.61908, -35.89198], [-72.59404, -35.85966], [-72.58908, -35.86085], [-72.58262, -35.86041], [-72.54675, -35.84716], [-72.52367, -35.82986], [-72.5267, -35.81515], [-72.5238, -35.81316], [-72.51706, -35.81259], [-72.51635, -35.8072], [-72.51232, -35.8052], [-72.49949, -35.80601], [-72.49927, -35.80361], [-72.50215, -35.80091], [-72.5153, -35.79826], [-72.5176, -35.79624], [-72.51871, -35.791], [-72.52334, -35.78535], [-72.5216, -35.782], [-72.51531, -35.77659]]]}, "properties": {"composicio": "Rocas intrusivas", "epoca": "Carbonifero Permico  328-235 Ma", "era": "PALEOZOICO", "geo": "CPg", "ha": 24230.11, "m2": 242301102.13, "periodo": ""}}, {"type": "Feature", "geometry": {"type": "Polygon", "coordinates": [[[-72.59477, -35.81956], [-72.62611, -35.84288], [-72.62515, -35.85396], [-72.6443, -35.86031], [-72.64525, -35.86205], [-72.64518, -35.86536], [-72.6391, -35.87248], [-72.64004, -35.87478], [-72.64572, -35.87875], [-72.64734, -35.88209], [-72.64244, -35.90595], [-72.67085, -35.89594], [-72.67292, -35.8977], [-72.67289, -35.89907], [-72.67215, -35.90077], [-72.66771, -35.90426], [-72.66712, -35.90551], [-72.6695, -35.91904], [-72.68866, -35.91944], [-72.70967, -35.92772], [-72.69022, -35.90857], [-72.68059, -35.8807], [-72.67097, -35.87758], [-72.6671, -35.88355], [-72.66955, -35.87673], [-72.67204, -35.87604], [-72.67203, -35.87601], [-72.6635, -35.87136], [-72.65526, -35.85662], [-72.65277, -35.85007], [-72.65104, -35.84836], [-72.63827, -35.84652], [-72.62084, -35.83117], [-72.59477, -35.81956]]]}, "properties": {"composicio": "Secuencias sedimentarias", "epoca": "Pleistoceno Holoceno", "era": "CENOZOICO", "geo": "Qm", "ha": 2264.26, "m2": 22642592.23, "periodo": "Cuaternario"}}, {"type": "Feature", "geometry": {"type": "Polygon", "coordinates": [[[-71.90274, -35.92671], [-71.9064, -35.92656], [-71.90819, -35.92402], [-71.90743, -35.92002], [-71.90468, -35.91536], [-71.9069, -35.91316], [-71.9173, -35.91224], [-71.91764, -35.9159], [-71.9192, -35.91691], [-71.92258, -35.91676], [-71.9215, -35.90177], [-71.92621, -35.90596], [-71.93616, -35.91032], [-71.94159, -35.91378], [-71.96072, -35.91655], [-71.96818, -35.91493], [-71.96804, -35.91134], [-71.96124, -35.90682], [-71.9388, -35.90124], [-71.93766, -35.90022], [-71.93762, -35.89736], [-71.93997, -35.89504], [-71.9495, -35.89207], [-71.95157, -35.88975], [-71.95181, -35.88712], [-71.94739, -35.88339], [-71.9465, -35.88008], [-71.96395, -35.8808], [-71.96478, -35.87976], [-71.96512, -35.87449], [-71.97324, -35.86118], [-71.97888, -35.85817], [-71.98134, -35.85307], [-71.98958, -35.8489], [-71.99413, -35.84051], [-71.9931, -35.83658], [-71.98461, -35.83427], [-71.9701, -35.84795], [-71.96278, -35.85317], [-71.95753, -35.84286], [-71.9553, -35.8422], [-71.95356, -35.84296], [-71.95013, -35.84592], [-71.9494, -35.85887], [-71.93957, -35.85914], [-71.89739, -35.88899], [-71.89175, -35.89741], [-71.89179, -35.90038], [-71.89466, -35.90414], [-71.88921, -35.90637], [-71.88757, -35.9096], [-71.88801, -35.91096], [-71.89029, -35.91266], [-71.89987, -35.9137], [-71.90175, -35.917], [-71.90274, -35.92671]]]}, "properties": {"composicio": "Secuencias sedimentarias", "epoca": "Triasico Superior", "era": "MEZOZOICO", "geo": "Tr1m", "ha": 3388.37, "m2": 33883665.19, "periodo": "Triasico"}}, {"type": "Feature", "geometry": {"type": "Polygon", "coordinates": [[[-72.53397, -35.77978], [-72.52293, -35.77472], [-72.51531, -35.77659], [-72.5216, -35.782], [-72.52334, -35.78535], [-72.51871, -35.791], [-72.5176, -35.79624], [-72.5153, -35.79826], [-72.50215, -35.80091], [-72.49927, -35.80361], [-72.49949, -35.80601], [-72.51232, -35.8052], [-72.51635, -35.8072], [-72.51706, -35.81259], [-72.5238, -35.81316], [-72.5267, -35.81515], [-72.52367, -35.82986], [-72.54675, -35.84716], [-72.58262, -35.86041], [-72.58908, -35.86085], [-72.59404, -35.85966], [-72.59518, -35.859], [-72.59458, -35.84835], [-72.59252, -35.84602], [-72.58502, -35.84157], [-72.58329, -35.83765], [-72.58222, -35.8231], [-72.58257, -35.81602], [-72.57397, -35.80639], [-72.55673, -35.80191], [-72.55578, -35.80108], [-72.55548, -35.795], [-72.55194, -35.79204], [-72.54573, -35.79221], [-72.53929, -35.79111], [-72.53792, -35.79026], [-72.53575, -35.78814], [-72.53382, -35.78384], [-72.53397, -35.77978]]]}, "properties": {"composicio": "Rocas metamorficas", "epoca": "Paleozoico Triasico", "era": "PALEOZOICO", "geo": "PzTr4", "ha": 3516.16, "m2": 35161578.99, "periodo": ""}}, {"type": "Feature", "geometry": {"type": "Polygon", "coordinates": [[[-71.88353, -35.82602], [-71.83261, -35.81817], [-71.81738, -35.84141], [-71.82176, -35.84446], [-71.83009, -35.8476], [-71.83903, -35.84648], [-71.84856, -35.8404], [-71.85455, -35.83915], [-71.86927, -35.84343], [-71.87517, -35.8431], [-71.88353, -35.82602]]]}, "properties": {"composicio": "Rocas intrusivas", "epoca": "Jurasico Inferior  202 178 Ma", "era": "MEZOZOICO", "geo": "Jig", "ha": 1178.25, "m2": 11782527.6, "periodo": "Jurasico"}}, {"type": "Feature", "geometry": {"type": "Polygon", "coordinates": [[[-72.10207, -35.83951], [-72.1087, -35.83753], [-72.11414, -35.83374], [-72.11346, -35.83057], [-72.10991, -35.82566], [-72.10086, -35.82271], [-72.09468, -35.82196], [-72.08688, -35.82261], [-72.07321, -35.83025], [-72.06946, -35.83444], [-72.07024, -35.84033], [-72.07373, -35.84389], [-72.08759, -35.8408], [-72.10207, -35.83951]]]}, "properties": {"composicio": "Rocas intrusivas", "epoca": "Carbonifero Permico  328-235 Ma", "era": "PALEOZOICO", "geo": "CPg", "ha": 661.21, "m2": 6612105.21, "periodo": ""}}, {"type": "Feature", "geometry": {"type": "Polygon", "coordinates": [[[-71.8416, -35.7899], [-71.83286, -35.78021], [-71.81809, -35.78632], [-71.81784, -35.78965], [-71.81981, -35.79893], [-71.83452, -35.81985], [-71.88353, -35.82602], [-71.90571, -35.80646], [-71.90527, -35.80361], [-71.90376, -35.8016], [-71.90118, -35.80066], [-71.87175, -35.81049], [-71.86434, -35.81127], [-71.85614, -35.81086], [-71.8448, -35.80568], [-71.84052, -35.80033], [-71.84027, -35.79337], [-71.8416, -35.7899]]]}, "properties": {"composicio": "Secuencias sedimentarias", "epoca": "Triasico Superior", "era": "MEZOZOICO", "geo": "Tr1m", "ha": 1618.7, "m2": 16187012.87, "periodo": "Triasico"}}, {"type": "Feature", "geometry": {"type": "Polygon", "coordinates": [[[-71.97057, -35.82196], [-71.97615, -35.82117], [-71.98581, -35.80476], [-71.9845, -35.79886], [-71.98636, -35.79431], [-71.98608, -35.7918], [-71.97335, -35.7878], [-71.97558, -35.76434], [-71.97267, -35.75987], [-71.96644, -35.75391], [-71.9631, -35.7546], [-71.96152, -35.75649], [-71.95874, -35.75705], [-71.95734, -35.7547], [-71.95443, -35.75286], [-71.94163, -35.75264], [-71.939, -35.75355], [-71.93544, -35.75791], [-71.93532, -35.76078], [-71.94013, -35.76657], [-71.93464, -35.78201], [-71.94315, -35.79889], [-71.94157, -35.80091], [-71.93571, -35.80181], [-71.93061, -35.80371], [-71.92845, -35.80552], [-71.92745, -35.80773], [-71.92787, -35.81046], [-71.93048, -35.81174], [-71.93936, -35.80947], [-71.94782, -35.81763], [-71.95761, -35.81922], [-71.96048, -35.81763], [-71.96341, -35.81706], [-71.96726, -35.8207], [-71.97057, -35.82196]]]}, "properties": {"composicio": "Secuencias sedimentarias", "epoca": "Triasico Superior", "era": "MEZOZOICO", "geo": "Tr1m", "ha": 2648.9, "m2": 26489042.61, "periodo": "Triasico"}}, {"type": "Feature", "geometry": {"type": "Polygon", "coordinates": [[[-71.90672, -35.73109], [-71.88281, -35.73049], [-71.88711, -35.7559], [-71.88434, -35.75669], [-71.8832, -35.76166], [-71.8737, -35.75753], [-71.87342, -35.76007], [-71.87513, -35.76321], [-71.87428, -35.76576], [-71.86817, -35.76725], [-71.86719, -35.76981], [-71.8687, -35.77193], [-71.87117, -35.77333], [-71.86682, -35.78942], [-71.857, -35.78187], [-71.84444, -35.78645], [-71.84389, -35.78922], [-71.8416, -35.7899], [-71.84027, -35.79337], [-71.84052, -35.80033], [-71.8448, -35.80568], [-71.85614, -35.81086], [-71.86434, -35.81127], [-71.87175, -35.81049], [-71.89631, -35.78858], [-71.89686, -35.78581], [-71.89575, -35.78344], [-71.89318, -35.78261], [-71.8898, -35.78262], [-71.88705, -35.78124], [-71.88691, -35.7786], [-71.88907, -35.77417], [-71.90027, -35.76803], [-71.91742, -35.76271], [-71.92241, -35.75874], [-71.92411, -35.75638], [-71.9251, -35.75382], [-71.92482, -35.74867], [-71.91891, -35.74339], [-71.92005, -35.74106], [-71.91931, -35.73764], [-71.91137, -35.73645], [-71.90958, -35.73193], [-71.90672, -35.73109]]]}, "properties": {"composicio": "Rocas intrusivas", "epoca": "Jurasico Inferior  202 178 Ma", "era": "MEZOZOICO", "geo": "Jig", "ha": 2765.94, "m2": 27659361.54, "periodo": "Jurasico"}}, {"type": "Feature", "geometry": {"type": "Polygon", "coordinates": [[[-72.5868, -35.64032], [-72.57351, -35.63874], [-72.56518, -35.64067], [-72.55776, -35.64548], [-72.55325, -35.65262], [-72.54892, -35.65736], [-72.54547, -35.67287], [-72.55222, -35.67858], [-72.55251, -35.68419], [-72.54563, -35.69609], [-72.54497, -35.70055], [-72.54667, -35.70595], [-72.54673, -35.70904], [-72.53989, -35.73113], [-72.54331, -35.7353], [-72.55027, -35.73804], [-72.55705, -35.74296], [-72.55815, -35.74412], [-72.55878, -35.7471], [-72.5587, -35.75088], [-72.54569, -35.77173], [-72.53981, -35.77667], [-72.53397, -35.77978], [-72.53382, -35.78384], [-72.53575, -35.78814], [-72.53792, -35.79026], [-72.53929, -35.79111], [-72.54573, -35.79221], [-72.55194, -35.79204], [-72.55548, -35.795], [-72.55578, -35.80108], [-72.55673, -35.80191], [-72.56501, -35.80283], [-72.57036, -35.80653], [-72.57315, -35.80718], [-72.56408, -35.77326], [-72.56606, -35.76077], [-72.55763, -35.77299], [-72.60095, -35.66788], [-72.60065, -35.66622], [-72.59798, -35.67021], [-72.5957, -35.67212], [-72.59588, -35.67023], [-72.60071, -35.6613], [-72.60148, -35.65642], [-72.59771, -35.65256], [-72.59514, -35.64462], [-72.58868, -35.64315], [-72.5868, -35.64032]]]}, "properties": {"composicio": "Secuencias sedimentarias", "epoca": "Pleistoceno Holoceno", "era": "CENOZOICO", "geo": "Qm", "ha": 5191.59, "m2": 51915857.91, "periodo": "Cuaternario"}}, {"type": "Feature", "geometry": {"type": "Polygon", "coordinates": [[[-71.82418, -35.78087], [-71.81895, -35.7751], [-71.81458, -35.77228], [-71.81144, -35.77135], [-71.80218, -35.7718], [-71.79724, -35.77404], [-71.79826, -35.77879], [-71.79825, -35.78272], [-71.79667, -35.78472], [-71.79419, -35.78584], [-71.79195, -35.78867], [-71.79123, -35.79099], [-71.79215, -35.7952], [-71.79585, -35.79862], [-71.79829, -35.79968], [-71.81981, -35.79893], [-71.81784, -35.78965], [-71.81809, -35.78632], [-71.82019, -35.78264], [-71.82418, -35.78087]]]}, "properties": {"composicio": "Secuencias volcanosedimenta", "epoca": "Cretacico Inferior  Neocomiano", "era": "MEZOZOICO", "geo": "Ki2m", "ha": 660.4, "m2": 6604044.34, "periodo": "Cretacico"}}, {"type": "Feature", "geometry": {"type": "Polygon", "coordinates": [[[-72.60692, -35.57025], [-72.60348, -35.5734], [-72.59927, -35.57356], [-72.58831, -35.56825], [-72.58356, -35.56738], [-72.58031, -35.56824], [-72.57517, -35.57195], [-72.57152, -35.57246], [-72.56488, -35.56801], [-72.5614, -35.56681], [-72.55818, -35.56675], [-72.5485, -35.57256], [-72.54485, -35.57273], [-72.53619, -35.571], [-72.51147, -35.57827], [-72.50278, -35.56589], [-72.49986, -35.56481], [-72.49243, -35.5647], [-72.48198, -35.57345], [-72.479, -35.57478], [-72.46887, -35.57564], [-72.45937, -35.574], [-72.45796, -35.57432], [-72.45623, -35.57636], [-72.4559, -35.58436], [-72.45273, -35.59323], [-72.44811, -35.59865], [-72.4414, -35.60323], [-72.44025, -35.60554], [-72.44566, -35.61279], [-72.44629, -35.61578], [-72.43617, -35.61607], [-72.4329, -35.61784], [-72.42316, -35.6257], [-72.39373, -35.63481], [-72.39423, -35.63723], [-72.39922, -35.63971], [-72.4316, -35.64197], [-72.43632, -35.64411], [-72.43891, -35.64747], [-72.4391, -35.65113], [-72.43358, -35.65848], [-72.41204, -35.67196], [-72.40545, -35.67701], [-72.40241, -35.68038], [-72.40253, -35.69824], [-72.42117, -35.7172], [-72.42771, -35.71972], [-72.43431, -35.71982], [-72.43708, -35.72148], [-72.43879, -35.72642], [-72.44002, -35.72758], [-72.44239, -35.72865], [-72.45693, -35.73175], [-72.46027, -35.73329], [-72.4731, -35.74311], [-72.47582, -35.74716], [-72.47495, -35.74818], [-72.47212, -35.74916], [-72.46056, -35.75011], [-72.45701, -35.75177], [-72.45568, -35.75426], [-72.45602, -35.75759], [-72.46065, -35.76385], [-72.47353, -35.76028], [-72.47931, -35.77136], [-72.48422, -35.7719], [-72.49179, -35.76733], [-72.49727, -35.7673], [-72.50201, -35.76921], [-72.51058, -35.7753], [-72.51531, -35.77659], [-72.52293, -35.77472], [-72.53397, -35.77978], [-72.53981, -35.77667], [-72.54569, -35.77173], [-72.5587, -35.75088], [-72.55878, -35.7471], [-72.55815, -35.74412], [-72.53989, -35.73113], [-72.53974, -35.72564], [-72.54156, -35.71983], [-72.54264, -35.71211], [-72.51991, -35.66651], [-72.51939, -35.66479], [-72.52034, -35.66023], [-72.52337, -35.65684], [-72.53375, -35.65128], [-72.53564, -35.64891], [-72.53719, -35.64241], [-72.54224, -35.63654], [-72.54694, -35.63386], [-72.55638, -35.63241], [-72.56064, -35.63019], [-72.60275, -35.58735], [-72.60569, -35.58156], [-72.60516, -35.57354], [-72.60692, -35.57025]]]}, "properties": {"composicio": "Secuencias sedimentarias", "epoca": "Cretacico Superior", "era": "MEZOZOICO", "geo": "Ks1m", "ha": 23845.02, "m2": 238450215.16, "periodo": "Cretacico"}}, {"type": "Feature", "geometry": {"type": "Polygon", "coordinates": [[[-71.65746, -35.77688], [-71.66066, -35.7762], [-71.66194, -35.77375], [-71.66052, -35.7652], [-71.64444, -35.75577], [-71.64502, -35.75335], [-71.64705, -35.75179], [-71.65301, -35.75284], [-71.65623, -35.7525], [-71.6575, -35.74994], [-71.65557, -35.74507], [-71.65576, -35.74049], [-71.65865, -35.73924], [-71.66119, -35.73675], [-71.64953, -35.73118], [-71.64182, -35.70922], [-71.62781, -35.70167], [-71.62653, -35.70423], [-71.62804, -35.71186], [-71.63325, -35.71776], [-71.63016, -35.72325], [-71.63671, -35.72784], [-71.63766, -35.72999], [-71.63607, -35.743], [-71.62976, -35.74619], [-71.62878, -35.7491], [-71.63071, -35.7567], [-71.65746, -35.77688]]]}, "properties": {"composicio": "Secuencias volcanosedimenta", "epoca": "Oligoceno Mioceno", "era": "CENOZOICO", "geo": "OM2c", "ha": 1208.04, "m2": 12080391.89, "periodo": "Paleogeno"}}, {"type": "Feature", "geometry": {"type": "Polygon", "coordinates": [[[-72.20699, -35.7697], [-72.22673, -35.74944], [-72.22637, -35.745], [-72.22965, -35.74074], [-72.20776, -35.7506], [-72.20776, -35.75252], [-72.2112, -35.75119], [-72.21252, -35.7523], [-72.20888, -35.75494], [-72.20841, -35.75673], [-72.20356, -35.75807], [-72.20699, -35.7697]]]}, "properties": {"composicio": "S I", "epoca": "S I", "era": "S I", "geo": "S I", "ha": 238.64, "m2": 2386379.88, "periodo": "S I"}}, {"type": "Feature", "geometry": {"type": "Polygon", "coordinates": [[[-71.91911, -35.71553], [-71.9099, -35.72722], [-71.91474, -35.72842], [-71.91766, -35.72785], [-71.92064, -35.72843], [-71.94003, -35.74903], [-71.94284, -35.74905], [-71.94352, -35.74615], [-71.94524, -35.74415], [-71.94798, -35.74531], [-71.9498, -35.74776], [-71.95302, -35.74753], [-71.93837, -35.69867], [-71.91911, -35.71553]]]}, "properties": {"composicio": "Secuencias sedimentarias", "epoca": "Triasico Superior", "era": "MEZOZOICO", "geo": "Tr1m", "ha": 1025.0, "m2": 10249978.52, "periodo": "Triasico"}}, {"type": "Feature", "geometry": {"type": "Polygon", "coordinates": [[[-71.99638, -35.45386], [-71.99107, -35.45565], [-71.98354, -35.46132], [-71.96572, -35.46336], [-71.96242, -35.49569], [-71.95949, -35.49602], [-71.95704, -35.49474], [-71.95415, -35.49049], [-71.95838, -35.48059], [-71.95579, -35.47931], [-71.95453, -35.47672], [-71.95986, -35.47423], [-71.95923, -35.47036], [-71.9338, -35.46901], [-71.92357, -35.47947], [-71.91466, -35.51992], [-71.90826, -35.52209], [-71.904, -35.52219], [-71.89847, -35.52059], [-71.8962, -35.51691], [-71.89051, -35.48544], [-71.8769, -35.48965], [-71.87277, -35.49369], [-71.86243, -35.5167], [-71.87025, -35.57082], [-71.87218, -35.57281], [-71.87546, -35.57373], [-71.88054, -35.56907], [-71.88371, -35.56792], [-71.88682, -35.5685], [-71.88889, -35.57038], [-71.89056, -35.57558], [-71.89472, -35.57935], [-71.89846, -35.56916], [-71.90113, -35.56521], [-71.90409, -35.56338], [-71.90907, -35.56344], [-71.91371, -35.56615], [-71.92653, -35.58563], [-71.92776, -35.58966], [-71.91346, -35.60097], [-71.90677, -35.60149], [-71.89957, -35.59989], [-71.89737, -35.59108], [-71.89613, -35.5959], [-71.8947, -35.5979], [-71.89187, -35.60018], [-71.88633, -35.60141], [-71.88326, -35.59419], [-71.88394, -35.59177], [-71.88884, -35.58792], [-71.88855, -35.58517], [-71.88616, -35.58251], [-71.86813, -35.57583], [-71.86533, -35.57592], [-71.86334, -35.57806], [-71.86447, -35.58077], [-71.87124, -35.58683], [-71.87274, -35.59136], [-71.87518, -35.59383], [-71.87209, -35.59905], [-71.86713, -35.60715], [-71.86421, -35.60772], [-71.86193, -35.60184], [-71.86015, -35.59996], [-71.85471, -35.59786], [-71.84911, -35.59818], [-71.83916, -35.6037], [-71.83732, -35.60606], [-71.84051, -35.61075], [-71.83864, -35.61254], [-71.82935, -35.61196], [-71.8265, -35.61377], [-71.82578, -35.61622], [-71.82674, -35.61847], [-71.82316, -35.62238], [-71.84933, -35.64757], [-71.83105, -35.64434], [-71.84143, -35.66013], [-71.85411, -35.66631], [-71.85288, -35.66957], [-71.85594, -35.68033], [-71.8591, -35.68546], [-71.87178, -35.69413], [-71.87618, -35.69577], [-71.88181, -35.69603], [-71.90195, -35.71009], [-71.90718, -35.70794], [-71.91099, -35.70837], [-71.91417, -35.71251], [-71.91787, -35.71351], [-71.91911, -35.71553], [-71.93837, -35.69867], [-71.95664, -35.74693], [-71.96031, -35.74726], [-71.96365, -35.74656], [-71.96436, -35.74413], [-71.96371, -35.70196], [-71.96837, -35.67268], [-71.97128, -35.66532], [-71.98206, -35.66348], [-72.01222, -35.66795], [-71.99594, -35.62062], [-71.99545, -35.60762], [-72.00138, -35.58282], [-71.98274, -35.5786], [-71.97699, -35.57822], [-71.97307, -35.57571], [-71.96813, -35.56281], [-71.97483, -35.55432], [-71.99491, -35.546], [-72.00123, -35.5448], [-72.00866, -35.54526], [-72.01688, -35.54401], [-71.99638, -35.45386]]]}, "properties": {"composicio": "Rocas intrusivas", "epoca": "Jurasico Inferior  202 178 Ma", "era": "MEZOZOICO", "geo": "Jig", "ha": 29844.47, "m2": 298444741.68, "periodo": "Jurasico"}}, {"type": "Feature", "geometry": {"type": "Polygon", "coordinates": [[[-72.04323, -35.73316], [-72.04142, -35.72957], [-72.03628, -35.72651], [-72.02785, -35.7249], [-72.02285, -35.72549], [-72.01793, -35.72834], [-72.01417, -35.73207], [-72.01223, -35.73986], [-72.0135, -35.74392], [-72.02195, -35.74598], [-72.02809, -35.74583], [-72.03473, -35.7443], [-72.04123, -35.73913], [-72.04323, -35.73316]]]}, "properties": {"composicio": "Rocas intrusivas", "epoca": "Carbonifero Permico  328-235 Ma", "era": "PALEOZOICO", "geo": "CPg", "ha": 500.69, "m2": 5006875.38, "periodo": ""}}, {"type": "Feature", "geometry": {"type": "Polygon", "coordinates": [[[-72.62082, -35.56175], [-72.61916, -35.56242], [-72.61299, -35.56233], [-72.61016, -35.56331], [-72.60275, -35.58735], [-72.56294, -35.62806], [-72.54224, -35.63654], [-72.53719, -35.64241], [-72.53564, -35.64891], [-72.53375, -35.65128], [-72.52337, -35.65684], [-72.52034, -35.66023], [-72.51939, -35.66479], [-72.51991, -35.66651], [-72.54264, -35.71211], [-72.55251, -35.68419], [-72.55222, -35.67858], [-72.54547, -35.67287], [-72.54568, -35.66978], [-72.55776, -35.64548], [-72.56518, -35.64067], [-72.57351, -35.63874], [-72.5868, -35.64032], [-72.58463, -35.63461], [-72.58661, -35.6359], [-72.58887, -35.64016], [-72.59048, -35.63957], [-72.59012, -35.62446], [-72.59213, -35.62243], [-72.59957, -35.62278], [-72.60127, -35.62189], [-72.60164, -35.61777], [-72.60251, -35.61687], [-72.60572, -35.6176], [-72.609, -35.62143], [-72.61245, -35.624], [-72.61469, -35.62449], [-72.61726, -35.62235], [-72.61733, -35.6195], [-72.61426, -35.61224], [-72.61377, -35.60892], [-72.61539, -35.60585], [-72.62123, -35.60182], [-72.62514, -35.59638], [-72.62082, -35.56175]]]}, "properties": {"composicio": "Secuencias sedimentarias", "epoca": "Pleistoceno Holoceno", "era": "CENOZOICO", "geo": "Q1", "ha": 3694.78, "m2": 36947747.76, "periodo": "Cuaternario"}}, {"type": "Feature", "geometry": {"type": "Polygon", "coordinates": [[[-71.87178, -35.69413], [-71.8591, -35.68546], [-71.85594, -35.68033], [-71.85288, -35.66957], [-71.84978, -35.66945], [-71.84224, -35.66491], [-71.83917, -35.66524], [-71.83221, -35.66917], [-71.8293, -35.66985], [-71.82369, -35.66993], [-71.81516, -35.66806], [-71.81223, -35.66839], [-71.79149, -35.68552], [-71.79147, -35.68782], [-71.79429, -35.68806], [-71.79976, -35.68511], [-71.80307, -35.68672], [-71.80361, -35.68899], [-71.80623, -35.69073], [-71.80931, -35.69039], [-71.81161, -35.6887], [-71.81466, -35.68802], [-71.82033, -35.6916], [-71.82307, -35.69035], [-71.82709, -35.68655], [-71.83676, -35.69147], [-71.87178, -35.69413]]]}, "properties": {"composicio": "Secuencias volcanosedimenta", "epoca": "Cretacico Inferior  Neocomiano", "era": "MEZOZOICO", "geo": "Ki2m", "ha": 1289.97, "m2": 12899749.22, "periodo": "Cretacico"}}, {"type": "Feature", "geometry": {"type": "Polygon", "coordinates": [[[-72.224, -35.67509], [-72.23151, -35.6727], [-72.2364, -35.66856], [-72.23802, -35.66584], [-72.2335, -35.66188], [-72.22971, -35.66181], [-72.22264, -35.66328], [-72.21634, -35.66271], [-72.20784, -35.65523], [-72.20411, -35.65287], [-72.2027, -35.65285], [-72.19957, -35.65461], [-72.19503, -35.6614], [-72.19135, -35.66225], [-72.17871, -35.66236], [-72.17531, -35.66321], [-72.17301, -35.66511], [-72.16924, -35.67442], [-72.16912, -35.67865], [-72.17036, -35.67971], [-72.17359, -35.67977], [-72.18118, -35.67465], [-72.18482, -35.67495], [-72.19049, -35.67802], [-72.19344, -35.67807], [-72.20312, -35.67356], [-72.224, -35.67509]]]}, "properties": {"composicio": "Secuencias sedimentarias", "epoca": "Pleistoceno Holoceno", "era": "CENOZOICO", "geo": "Q1", "ha": 974.24, "m2": 9742414.22, "periodo": "Cuaternario"}}, {"type": "Feature", "geometry": {"type": "Polygon", "coordinates": [[[-71.81826, -35.5541], [-71.82254, -35.54629], [-71.82284, -35.53859], [-71.83504, -35.53059], [-71.8373, -35.52822], [-71.83759, -35.52245], [-71.83692, -35.52101], [-71.83448, -35.51984], [-71.82858, -35.5196], [-71.81348, -35.523], [-71.80502, -35.53018], [-71.80212, -35.53108], [-71.79252, -35.52982], [-71.78717, -35.53208], [-71.78574, -35.53419], [-71.78683, -35.54183], [-71.78497, -35.54637], [-71.78323, -35.54815], [-71.77455, -35.55098], [-71.77141, -35.55534], [-71.77045, -35.56122], [-71.76821, -35.56404], [-71.75992, -35.5664], [-71.75805, -35.5683], [-71.75752, -35.57494], [-71.76477, -35.58434], [-71.76363, -35.58679], [-71.75804, -35.58985], [-71.75385, -35.59573], [-71.75838, -35.59924], [-71.75948, -35.60149], [-71.74969, -35.60757], [-71.75065, -35.60994], [-71.75298, -35.61147], [-71.76781, -35.61598], [-71.7711, -35.61988], [-71.7711, -35.62538], [-71.76756, -35.6302], [-71.7526, -35.63956], [-71.7492, -35.64438], [-71.74848, -35.6467], [-71.7489, -35.64943], [-71.76241, -35.65549], [-71.76574, -35.66569], [-71.77364, -35.6771], [-71.77583, -35.67874], [-71.78204, -35.67669], [-71.78367, -35.66746], [-71.78754, -35.66354], [-71.78995, -35.65314], [-71.78928, -35.64835], [-71.78625, -35.64685], [-71.7771, -35.64901], [-71.77557, -35.64666], [-71.78206, -35.63921], [-71.78054, -35.63421], [-71.80359, -35.61598], [-71.80291, -35.61359], [-71.79725, -35.61539], [-71.79602, -35.61338], [-71.79919, -35.6096], [-71.79754, -35.60759], [-71.79473, -35.60746], [-71.78847, -35.61113], [-71.78272, -35.61122], [-71.78259, -35.60881], [-71.78535, -35.60779], [-71.78636, -35.6057], [-71.78346, -35.60397], [-71.77952, -35.60365], [-71.7787, -35.60139], [-71.78056, -35.59949], [-71.79553, -35.60125], [-71.79832, -35.60091], [-71.79972, -35.59548], [-71.80242, -35.59607], [-71.80706, -35.599], [-71.80988, -35.59924], [-71.81599, -35.5981], [-71.81816, -35.59654], [-71.81691, -35.59418], [-71.81174, -35.59184], [-71.8109, -35.58924], [-71.81364, -35.58799], [-71.81894, -35.58998], [-71.82153, -35.58862], [-71.81764, -35.58416], [-71.81583, -35.57554], [-71.81694, -35.55802], [-71.81826, -35.5541]]]}, "properties": {"composicio": "Secuencias volcanosedimenta", "epoca": "Cretacico Inferior  Neocomiano", "era": "MEZOZOICO", "geo": "Ki2m", "ha": 5733.32, "m2": 57333184.47, "periodo": "Cretacico"}}, {"type": "Feature", "geometry": {"type": "Polygon", "coordinates": [[[-70.95222, -36.12383], [-70.94951, -36.13241], [-70.94771, -36.13427], [-70.94646, -36.13509], [-70.94023, -36.13439], [-70.93685, -36.13478], [-70.93408, -36.13723], [-70.93499, -36.1403], [-70.95151, -36.14415], [-70.96107, -36.12939], [-70.9684, -36.12342], [-70.96919, -36.12111], [-70.96783, -36.11781], [-70.96513, -36.11694], [-70.96261, -36.11802], [-70.95726, -36.12395], [-70.95222, -36.12383]]]}, "properties": {"composicio": "Secuencias volcanicas", "epoca": "Plioceno Pleistoceno", "era": "CENOZOICO", "geo": "PPl3", "ha": 335.12, "m2": 3351243.52, "periodo": "Neogeno"}}, {"type": "Feature", "geometry": {"type": "Polygon", "coordinates": [[[-70.95777, -36.17486], [-70.95968, -36.17174], [-70.96467, -36.1672], [-70.97359, -36.16168], [-70.98591, -36.15702], [-70.9948, -36.15642], [-70.99568, -36.15172], [-70.99366, -36.14351], [-70.99137, -36.14183], [-70.98755, -36.14143], [-70.98323, -36.14425], [-70.97983, -36.15002], [-70.97585, -36.14894], [-70.97317, -36.1491], [-70.96989, -36.15418], [-70.96753, -36.15582], [-70.94395, -36.16271], [-70.94555, -36.16509], [-70.94898, -36.16676], [-70.94266, -36.17521], [-70.94508, -36.17597], [-70.95777, -36.17486]]]}, "properties": {"composicio": "Secuencias volcanicas", "epoca": "Plioceno Pleistoceno", "era": "CENOZOICO", "geo": "PPl3", "ha": 645.27, "m2": 6452695.25, "periodo": "Neogeno"}}, {"type": "Feature", "geometry": {"type": "Polygon", "coordinates": [[[-70.92231, -36.12752], [-70.909, -36.10648], [-70.90528, -36.10379], [-70.90258, -36.10443], [-70.90236, -36.10601], [-70.89846, -36.10835], [-70.90498, -36.15026], [-70.91922, -36.15554], [-70.92215, -36.15412], [-70.92254, -36.15236], [-70.92157, -36.13993], [-70.92231, -36.12752]]]}, "properties": {"composicio": "Secuencias volcanicas", "epoca": "Plioceno Pleistoceno", "era": "CENOZOICO", "geo": "PPl3", "ha": 799.26, "m2": 7992634.28, "periodo": "Neogeno"}}, {"type": "Feature", "geometry": {"type": "Polygon", "coordinates": [[[-70.87213, -36.07074], [-70.88665, -36.09056], [-70.88905, -36.09052], [-70.8962, -36.08824], [-70.90276, -36.09134], [-70.90199, -36.09537], [-70.90258, -36.10443], [-70.90528, -36.10379], [-70.909, -36.10648], [-70.92231, -36.12752], [-70.91676, -36.09972], [-70.93139, -36.05772], [-70.90324, -36.08092], [-70.87213, -36.07074]]]}, "properties": {"composicio": "Secuencias sedimentarias", "epoca": "Pleistoceno Holoceno", "era": "CENOZOICO", "geo": "Q1", "ha": 1069.55, "m2": 10695448.07, "periodo": "Cuaternario"}}, {"type": "Feature", "geometry": {"type": "Polygon", "coordinates": [[[-70.97802, -35.98574], [-70.98003, -35.99956], [-70.97704, -36.00334], [-70.97421, -36.01598], [-70.97062, -36.01934], [-70.95742, -36.01605], [-70.94772, -36.02313], [-70.93869, -36.02293], [-70.92519, -36.02485], [-70.92066, -36.02366], [-70.91579, -36.02042], [-70.91447, -36.01792], [-70.92941, -36.01071], [-70.92767, -36.00845], [-70.91874, -36.00629], [-70.91423, -36.00659], [-70.89746, -36.0271], [-70.89089, -36.02308], [-70.89001, -36.02791], [-70.89129, -36.03544], [-70.89046, -36.03614], [-70.88428, -36.03715], [-70.88279, -36.04025], [-70.88347, -36.06635], [-70.88099, -36.06912], [-70.87789, -36.06963], [-70.87066, -36.06756], [-70.86606, -36.06506], [-70.89959, -36.08155], [-70.90324, -36.08092], [-70.90897, -36.07809], [-70.92413, -36.06115], [-70.93012, -36.05774], [-70.93139, -36.05772], [-70.93204, -36.06149], [-70.92626, -36.06856], [-70.92544, -36.07624], [-70.9198, -36.08331], [-70.91888, -36.08618], [-70.91863, -36.09466], [-70.91676, -36.09972], [-70.92065, -36.10984], [-70.92088, -36.11431], [-70.92314, -36.12102], [-70.92231, -36.12752], [-70.92157, -36.13993], [-70.92254, -36.15236], [-70.92554, -36.15395], [-70.92943, -36.15767], [-70.93033, -36.16017], [-70.93052, -36.16899], [-70.93188, -36.17297], [-70.94203, -36.19158], [-70.92226, -36.21889], [-70.92109, -36.22349], [-70.92138, -36.23035], [-70.91963, -36.24125], [-70.94006, -36.29038], [-70.92894, -36.32067], [-70.91928, -36.33076], [-70.91312, -36.34114], [-70.91173, -36.34872], [-70.91271, -36.35467], [-70.92195, -36.36322], [-70.92444, -36.36707], [-70.92352, -36.37029], [-70.9167, -36.37577], [-70.91221, -36.37756], [-70.91134, -36.37689], [-70.90538, -36.36301], [-70.86705, -36.37904], [-70.86429, -36.37565], [-70.85736, -36.36225], [-70.87613, -36.36585], [-70.88405, -36.3654], [-70.88995, -36.36325], [-70.89244, -36.36058], [-70.89488, -36.35505], [-70.89802, -36.33623], [-70.91536, -36.31683], [-70.91349, -36.29182], [-70.91454, -36.28768], [-70.91878, -36.28121], [-70.91946, -36.2733], [-70.91777, -36.25364], [-70.90952, -36.25125], [-70.9086, -36.19449], [-70.90915, -36.19368], [-70.91309, -36.19294], [-70.9153, -36.1905], [-70.92326, -36.15982], [-70.91922, -36.15554], [-70.90498, -36.15026], [-70.90239, -36.14801], [-70.90434, -36.13333], [-70.90382, -36.12876], [-70.9026, -36.12443], [-70.89792, -36.11637], [-70.89669, -36.11159], [-70.89846, -36.10835], [-70.90236, -36.10601], [-70.90258, -36.10443], [-70.90199, -36.09537], [-70.90276, -36.09134], [-70.8962, -36.08824], [-70.88905, -36.09052], [-70.88665, -36.09056], [-70.87356, -36.07601], [-70.86726, -36.08112], [-70.843, -36.12337], [-70.84229, -36.13676], [-70.83637, -36.14441], [-70.83646, -36.18377], [-70.80407, -36.18218], [-70.80036, -36.18017], [-70.79688, -36.17575], [-70.79018, -36.17254], [-70.77928, -36.18631], [-70.77898, -36.19237], [-70.81924, -36.21996], [-70.82002, -36.22395], [-70.81868, -36.22763], [-70.81891, -36.23176], [-70.82068, -36.23573], [-70.82373, -36.23958], [-70.82604, -36.24882], [-70.82934, -36.25129], [-70.83822, -36.25361], [-70.84359, -36.2604], [-70.84629, -36.26757], [-70.82014, -36.28203], [-70.8187, -36.28777], [-70.81929, -36.30265], [-70.82264, -36.31427], [-70.82859, -36.32105], [-70.82868, -36.33215], [-70.83224, -36.34], [-70.83302, -36.35006], [-70.81343, -36.37507], [-70.81004, -36.38267], [-70.81016, -36.38805], [-70.81136, -36.39158], [-70.83512, -36.38963], [-70.84856, -36.40877], [-70.85477, -36.40765], [-70.85728, -36.4059], [-70.86136, -36.39771], [-70.86441, -36.39458], [-70.88662, -36.39646], [-70.89579, -36.41745], [-70.89563, -36.42959], [-70.89964, -36.44418], [-70.89863, -36.45003], [-70.89126, -36.45644], [-70.8908, -36.46171], [-70.89142, -36.46422], [-70.91804, -36.46885], [-70.93305, -36.48063], [-70.94187, -36.48176], [-70.95049, -36.48643], [-70.9532, -36.48742], [-70.98995, -36.47563], [-70.99269, -36.47157], [-70.99267, -36.47054], [-70.97404, -36.46809], [-70.97638, -36.4652], [-70.97876, -36.4639], [-70.99174, -36.46071], [-70.9957, -36.46065], [-70.99971, -36.4623], [-71.00722, -36.46825], [-71.01408, -36.47054], [-71.02033, -36.4709], [-71.02938, -36.46961], [-71.04825, -36.45832], [-71.05336, -36.45239], [-71.05441, -36.44894], [-71.05418, -36.44516], [-71.0488, -36.4456], [-71.03914, -36.45068], [-71.02759, -36.45373], [-71.02319, -36.4538], [-71.01835, -36.45285], [-71.01604, -36.45094], [-71.02101, -36.44525], [-71.03218, -36.43809], [-71.03453, -36.43553], [-71.03542, -36.43117], [-71.03353, -36.42936], [-71.0311, -36.4285], [-71.02658, -36.42914], [-71.01959, -36.43314], [-71.00968, -36.43971], [-70.99557, -36.45623], [-70.96073, -36.45989], [-70.92793, -36.44468], [-70.91989, -36.42714], [-70.92917, -36.4197], [-70.9439, -36.44379], [-70.96166, -36.45362], [-70.98166, -36.45308], [-70.98608, -36.45128], [-70.96608, -36.44865], [-70.95952, -36.4468], [-70.95306, -36.44347], [-70.94857, -36.43919], [-70.94593, -36.43512], [-70.94523, -36.42906], [-70.94632, -36.42732], [-71.00758, -36.42247], [-71.01908, -36.41724], [-71.02252, -36.41284], [-71.02298, -36.40848], [-71.02139, -36.40714], [-71.01643, -36.40721], [-70.97605, -36.41976], [-70.97218, -36.41777], [-70.9717, -36.41525], [-70.97899, -36.41181], [-70.98632, -36.4101], [-70.9937, -36.40472], [-70.99659, -36.40067], [-70.99651, -36.39712], [-70.99533, -36.39531], [-70.9687, -36.40786], [-70.96669, -36.40698], [-70.96551, -36.40482], [-70.96791, -36.38578], [-70.94948, -36.40381], [-70.9449, -36.40171], [-70.94598, -36.39322], [-70.93818, -36.39289], [-70.93819, -36.38705], [-70.93371, -36.38288], [-70.93324, -36.38083], [-70.93405, -36.37898], [-70.93958, -36.37294], [-70.93917, -36.36746], [-70.93692, -36.36188], [-70.93758, -36.35947], [-70.97059, -36.36033], [-70.94917, -36.33949], [-70.95114, -36.32642], [-70.96234, -36.32715], [-70.965, -36.32574], [-70.96797, -36.32603], [-71.00456, -36.35327], [-71.00813, -36.35459], [-71.01421, -36.35437], [-70.99125, -36.32887], [-70.98961, -36.32501], [-70.99018, -36.31927], [-70.98957, -36.317], [-70.95556, -36.26693], [-70.95394, -36.25917], [-70.95447, -36.25755], [-70.96286, -36.25935], [-70.97121, -36.2594], [-70.9723, -36.23186], [-70.95777, -36.17486], [-70.94508, -36.17597], [-70.94266, -36.17521], [-70.94222, -36.17429], [-70.94245, -36.172], [-70.94831, -36.16871], [-70.94898, -36.16676], [-70.94555, -36.16509], [-70.94395, -36.16271], [-70.9569, -36.15827], [-70.95566, -36.15566], [-70.95437, -36.14825], [-70.93408, -36.13723], [-70.94951, -36.13241], [-70.96747, -36.10146], [-70.98107, -36.10365], [-70.99987, -36.09225], [-71.0027, -36.09255], [-71.00385, -36.09356], [-71.00612, -36.10062], [-71.00425, -36.10546], [-70.99985, -36.11033], [-70.99905, -36.11241], [-71.00059, -36.11822], [-71.01725, -36.11223], [-71.03378, -36.11277], [-71.03373, -36.11048], [-71.02237, -36.10139], [-71.01843, -36.09562], [-71.01098, -36.05888], [-71.01604, -36.05835], [-71.02303, -36.0556], [-71.02866, -36.04853], [-71.02915, -36.04554], [-71.00476, -36.02659], [-71.00582, -36.02382], [-71.00829, -36.02082], [-71.01275, -36.01834], [-71.02975, -36.01544], [-71.03771, -36.01222], [-71.04143, -36.00849], [-71.04625, -35.99352], [-71.04614, -35.99077], [-71.04174, -35.98643], [-71.03736, -35.97854], [-71.03283, -35.97776], [-71.02427, -35.98178], [-71.02105, -35.98199], [-71.01218, -35.96173], [-71.00954, -35.96238], [-71.00724, -35.96462], [-71.00222, -35.97565], [-70.97802, -35.98574]], [[-70.87634, -36.27429], [-70.86778, -36.25714], [-70.90254, -36.24884], [-70.89258, -36.25951], [-70.89117, -36.25976], [-70.88733, -36.25868], [-70.88451, -36.25918], [-70.87828, -36.27232], [-70.87634, -36.27429]]]}, "properties": {"composicio": "Secuencias volcanicas", "epoca": "Mioceno Inferior Medio", "era": "CENOZOICO", "geo": "M3i", "ha": 55491.7, "m2": 554917031.5, "periodo": "Neogeno"}}, {"type": "Feature", "geometry": {"type": "Polygon", "coordinates": [[[-70.92254, -36.15236], [-70.9153, -36.1905], [-70.91309, -36.19294], [-70.90915, -36.19368], [-70.9086, -36.19449], [-70.90952, -36.25125], [-70.91777, -36.25364], [-70.91536, -36.31683], [-70.92319, -36.31667], [-70.92894, -36.32067], [-70.94006, -36.29038], [-70.91963, -36.24125], [-70.92138, -36.23035], [-70.92109, -36.22349], [-70.94203, -36.19158], [-70.93188, -36.17297], [-70.93052, -36.16899], [-70.93033, -36.16017], [-70.92943, -36.15767], [-70.92554, -36.15395], [-70.92254, -36.15236]]]}, "properties": {"composicio": "Secuencias sedimentarias", "epoca": "Pleistoceno Holoceno", "era": "CENOZOICO", "geo": "Q1", "ha": 2681.06, "m2": 26810570.95, "periodo": "Cuaternario"}}, {"type": "Feature", "geometry": {"type": "Polygon", "coordinates": [[[-71.03314, -36.27099], [-71.03575, -36.26653], [-71.03581, -36.25817], [-71.01871, -36.24805], [-70.97855, -36.25885], [-70.95394, -36.25917], [-70.95556, -36.26693], [-70.9591, -36.27259], [-70.96298, -36.27463], [-70.96129, -36.26822], [-70.96479, -36.26645], [-70.97479, -36.26481], [-70.98922, -36.26458], [-70.99581, -36.26219], [-71.00586, -36.25665], [-71.01289, -36.25493], [-71.01927, -36.25529], [-71.02801, -36.26029], [-71.03208, -36.26492], [-71.03314, -36.27099]]]}, "properties": {"composicio": "Secuencias sedimentarias", "epoca": "Pleistoceno Holoceno", "era": "CENOZOICO", "geo": "Q1", "ha": 606.25, "m2": 6062454.16, "periodo": "Cuaternario"}}, {"type": "Feature", "geometry": {"type": "Polygon", "coordinates": [[[-70.87634, -36.27429], [-70.87828, -36.27232], [-70.88451, -36.25918], [-70.88733, -36.25868], [-70.89117, -36.25976], [-70.89258, -36.25951], [-70.90254, -36.24884], [-70.86778, -36.25714], [-70.87634, -36.27429]]]}, "properties": {"composicio": "Secuencias sedimentarias", "epoca": "Pleistoceno Holoceno", "era": "CENOZOICO", "geo": "Q1", "ha": 291.61, "m2": 2916134.25, "periodo": "Cuaternario"}}, {"type": "Feature", "geometry": {"type": "Polygon", "coordinates": [[[-71.03314, -36.27099], [-71.03208, -36.26492], [-71.02801, -36.26029], [-71.01927, -36.25529], [-71.01289, -36.25493], [-71.00586, -36.25665], [-70.99581, -36.26219], [-70.98922, -36.26458], [-70.97479, -36.26481], [-70.96479, -36.26645], [-70.96129, -36.26822], [-70.99018, -36.31927], [-70.99157, -36.31799], [-70.99942, -36.32084], [-71.00624, -36.32211], [-71.01261, -36.32189], [-71.0181, -36.32065], [-71.02354, -36.31714], [-71.03441, -36.30425], [-71.04065, -36.29855], [-71.04267, -36.29416], [-71.04222, -36.2873], [-71.03314, -36.27099]], [[-71.00876, -36.3025], [-71.00572, -36.29957], [-70.99974, -36.29772], [-70.99855, -36.29556], [-71.00732, -36.28306], [-71.01049, -36.2853], [-71.01316, -36.29098], [-71.01684, -36.29069], [-71.01181, -36.27532], [-71.01897, -36.27898], [-71.02128, -36.28124], [-71.02308, -36.28567], [-71.02205, -36.29576], [-71.02253, -36.29815], [-71.01881, -36.2965], [-71.01527, -36.29656], [-71.01241, -36.30141], [-71.00876, -36.3025]]]}, "properties": {"composicio": "Secuencias volcanicas", "epoca": "Plioceno Pleistoceno", "era": "CENOZOICO", "geo": "PPl3", "ha": 3266.61, "m2": 32666090.29, "periodo": "Neogeno"}}, {"type": "Feature", "geometry": {"type": "Polygon", "coordinates": [[[-71.00876, -36.3025], [-71.01241, -36.30141], [-71.01527, -36.29656], [-71.01881, -36.2965], [-71.02253, -36.29815], [-71.02205, -36.29576], [-71.02308, -36.28567], [-71.02128, -36.28124], [-71.01897, -36.27898], [-71.01181, -36.27532], [-71.01684, -36.29069], [-71.01316, -36.29098], [-71.01049, -36.2853], [-71.00732, -36.28306], [-70.99855, -36.29556], [-70.99974, -36.29772], [-71.00572, -36.29957], [-71.00876, -36.3025]]]}, "properties": {"composicio": "Secuencias sedimentarias", "epoca": "Pleistoceno Holoceno", "era": "CENOZOICO", "geo": "Q1", "ha": 332.78, "m2": 3327760.99, "periodo": "Cuaternario"}}, {"type": "Feature", "geometry": {"type": "Polygon", "coordinates": [[[-71.08321, -36.24117], [-71.09324, -36.24077], [-71.0977, -36.23784], [-71.10056, -36.23333], [-71.10389, -36.23053], [-71.11562, -36.23651], [-71.11839, -36.23406], [-71.11982, -36.22877], [-71.11887, -36.22432], [-71.11608, -36.22048], [-71.10895, -36.2175], [-71.0863, -36.22224], [-71.08018, -36.22016], [-71.07351, -36.21991], [-71.07343, -36.2276], [-71.06817, -36.23261], [-71.06924, -36.23614], [-71.07056, -36.23795], [-71.07371, -36.23973], [-71.08321, -36.24117]]]}, "properties": {"composicio": "Rocas intrusivas", "epoca": "Mioceno Inferior Medio  22-16 Ma", "era": "CENOZOICO", "geo": "Mimg", "ha": 854.88, "m2": 8548769.71, "periodo": "Neogeno"}}, {"type": "Feature", "geometry": {"type": "Polygon", "coordinates": [[[-71.13267, -36.18985], [-71.12821, -36.19556], [-71.11972, -36.20073], [-71.11866, -36.20384], [-71.12097, -36.20598], [-71.1244, -36.20752], [-71.12529, -36.20922], [-71.12247, -36.2214], [-71.12594, -36.22443], [-71.13568, -36.22987], [-71.13069, -36.21062], [-71.13968, -36.20222], [-71.14101, -36.199], [-71.14094, -36.19591], [-71.13558, -36.19051], [-71.13267, -36.18985]]]}, "properties": {"composicio": "Secuencias sedimentarias", "epoca": "Pleistoceno Holoceno", "era": "CENOZOICO", "geo": "Q1", "ha": 417.65, "m2": 4176487.45, "periodo": "Cuaternario"}}, {"type": "Feature", "geometry": {"type": "Polygon", "coordinates": [[[-70.92894, -36.32067], [-70.92319, -36.31667], [-70.91536, -36.31683], [-70.91383, -36.32077], [-70.90426, -36.32788], [-70.90577, -36.3372], [-70.90833, -36.34017], [-70.91312, -36.34114], [-70.91928, -36.33076], [-70.92894, -36.32067]]]}, "properties": {"composicio": "Secuencias volcanicas", "epoca": "Plioceno Pleistoceno", "era": "CENOZOICO", "geo": "PPl3", "ha": 311.61, "m2": 3116063.2, "periodo": "Neogeno"}}, {"type": "Feature", "geometry": {"type": "Polygon", "coordinates": [[[-71.10883, -36.28642], [-71.10946, -36.28298], [-71.10771, -36.28106], [-71.10387, -36.28021], [-71.09314, -36.28108], [-71.0904, -36.27873], [-71.08975, -36.2753], [-71.09387, -36.27019], [-71.10255, -36.26673], [-71.11273, -36.26072], [-71.1164, -36.26043], [-71.12386, -36.26453], [-71.12766, -36.26413], [-71.12916, -36.26147], [-71.12919, -36.25736], [-71.12468, -36.25182], [-71.12154, -36.25073], [-71.10995, -36.25093], [-71.10014, -36.25452], [-71.09326, -36.24514], [-71.06154, -36.25505], [-71.05813, -36.26026], [-71.04983, -36.26795], [-71.04835, -36.27106], [-71.04832, -36.27588], [-71.05295, -36.28622], [-71.05336, -36.29181], [-71.05062, -36.3373], [-71.05351, -36.33988], [-71.05623, -36.34087], [-71.06168, -36.33814], [-71.07016, -36.33171], [-71.0711, -36.3294], [-71.07136, -36.32825], [-71.06796, -36.32236], [-71.06908, -36.31582], [-71.05856, -36.30809], [-71.05892, -36.30523], [-71.0626, -36.29933], [-71.06624, -36.29801], [-71.07233, -36.29219], [-71.075, -36.29157], [-71.09496, -36.30359], [-71.09909, -36.28728], [-71.10883, -36.28642]]]}, "properties": {"composicio": "Rocas intrusivas", "epoca": "Mioceno Inferior Medio  22-16 Ma", "era": "CENOZOICO", "geo": "Mimg", "ha": 3028.64, "m2": 30286390.95, "periodo": "Neogeno"}}, {"type": "Feature", "geometry": {"type": "Polygon", "coordinates": [[[-71.1302, -36.17509], [-71.12758, -36.17508], [-71.12648, -36.17613], [-71.12599, -36.17934], [-71.12684, -36.18528], [-71.14094, -36.19591], [-71.14101, -36.199], [-71.13968, -36.20222], [-71.13069, -36.21062], [-71.13589, -36.23869], [-71.15652, -36.23799], [-71.157, -36.23466], [-71.15909, -36.23337], [-71.16403, -36.23293], [-71.16418, -36.22756], [-71.163, -36.22316], [-71.16149, -36.22177], [-71.15509, -36.22599], [-71.15169, -36.21987], [-71.14811, -36.21765], [-71.14763, -36.21559], [-71.14968, -36.2127], [-71.15028, -36.20811], [-71.15443, -36.20449], [-71.15753, -36.19826], [-71.16128, -36.20128], [-71.16884, -36.20424], [-71.18475, -36.2019], [-71.18881, -36.20058], [-71.19047, -36.19883], [-71.1904, -36.1962], [-71.18802, -36.19133], [-71.18673, -36.19055], [-71.18122, -36.19052], [-71.1749, -36.1864], [-71.17698, -36.18476], [-71.18259, -36.18318], [-71.18396, -36.18132], [-71.18447, -36.17342], [-71.182, -36.1706], [-71.1786, -36.17008], [-71.17666, -36.1716], [-71.17244, -36.17821], [-71.16937, -36.17986], [-71.16299, -36.17882], [-71.15728, -36.18236], [-71.15497, -36.18033], [-71.15392, -36.1775], [-71.15165, -36.17718], [-71.15028, -36.17904], [-71.14888, -36.18536], [-71.1451, -36.18691], [-71.1302, -36.17509]]]}, "properties": {"composicio": "Secuencias volcanicas", "epoca": "Cuaternario", "era": "CENOZOICO", "geo": "Q3i", "ha": 1921.88, "m2": 19218811.37, "periodo": "Cuaternario"}}, {"type": "Feature", "geometry": {"type": "Polygon", "coordinates": [[[-71.163, -36.22316], [-71.16671, -36.22111], [-71.16691, -36.21789], [-71.16146, -36.21478], [-71.16043, -36.21309], [-71.16083, -36.21205], [-71.16571, -36.20933], [-71.16884, -36.20424], [-71.16128, -36.20128], [-71.15753, -36.19826], [-71.14763, -36.21559], [-71.14811, -36.21765], [-71.15169, -36.21987], [-71.15509, -36.22599], [-71.15622, -36.22597], [-71.15741, -36.22253], [-71.15907, -36.22112], [-71.16149, -36.22177], [-71.163, -36.22316]]]}, "properties": {"composicio": "S I", "epoca": "S I", "era": "S I", "geo": "S I", "ha": 308.1, "m2": 3081012.36, "periodo": "S I"}}, {"type": "Feature", "geometry": {"type": "Polygon", "coordinates": [[[-71.05351, -36.33988], [-71.05062, -36.3373], [-71.0481, -36.33269], [-71.04486, -36.33315], [-71.04265, -36.3356], [-71.0389, -36.3447], [-71.0331, -36.35075], [-71.02651, -36.35372], [-71.02116, -36.35494], [-71.02104, -36.35597], [-71.02835, -36.35952], [-71.03271, -36.35842], [-71.0395, -36.3519], [-71.05351, -36.33988]]]}, "properties": {"composicio": "Secuencias sedimentarias", "epoca": "Pleistoceno Holoceno", "era": "CENOZOICO", "geo": "Q1", "ha": 244.46, "m2": 2444602.68, "periodo": "Cuaternario"}}, {"type": "Feature", "geometry": {"type": "Polygon", "coordinates": [[[-70.74674, -36.1396], [-70.75397, -36.13332], [-70.75472, -36.12862], [-70.74395, -36.11869], [-70.73458, -36.13141], [-70.73605, -36.13448], [-70.74167, -36.14024], [-70.74674, -36.1396]]]}, "properties": {"composicio": "Secuencias volcanicas", "epoca": "Plioceno Pleistoceno", "era": "CENOZOICO", "geo": "PPl3", "ha": 303.36, "m2": 3033635.85, "periodo": "Neogeno"}}, {"type": "Feature", "geometry": {"type": "Polygon", "coordinates": [[[-70.91312, -36.34114], [-70.90833, -36.34017], [-70.90577, -36.3372], [-70.90426, -36.32788], [-70.88995, -36.36325], [-70.88405, -36.3654], [-70.87613, -36.36585], [-70.87058, -36.36491], [-70.86215, -36.36103], [-70.85791, -36.36132], [-70.85736, -36.36225], [-70.86429, -36.37565], [-70.86705, -36.37904], [-70.86819, -36.37914], [-70.90538, -36.36301], [-70.91134, -36.37689], [-70.91221, -36.37756], [-70.9167, -36.37577], [-70.92352, -36.37029], [-70.92444, -36.36707], [-70.92195, -36.36322], [-70.91271, -36.35467], [-70.91173, -36.34872], [-70.91312, -36.34114]]]}, "properties": {"composicio": "Secuencias sedimentarias", "epoca": "Pleistoceno Holoceno", "era": "CENOZOICO", "geo": "Q1", "ha": 1025.51, "m2": 10255067.36, "periodo": "Cuaternario"}}, {"type": "Feature", "geometry": {"type": "Polygon", "coordinates": [[[-71.1302, -36.17509], [-71.1451, -36.18691], [-71.14888, -36.18536], [-71.15028, -36.17904], [-71.15165, -36.17718], [-71.15392, -36.1775], [-71.15497, -36.18033], [-71.15728, -36.18236], [-71.16299, -36.17882], [-71.16937, -36.17986], [-71.17244, -36.17821], [-71.17666, -36.1716], [-71.1786, -36.17008], [-71.182, -36.1706], [-71.18447, -36.17342], [-71.18396, -36.18132], [-71.18259, -36.18318], [-71.17698, -36.18476], [-71.1749, -36.1864], [-71.18122, -36.19052], [-71.18673, -36.19055], [-71.18802, -36.19133], [-71.1904, -36.1962], [-71.19047, -36.19883], [-71.18881, -36.20058], [-71.18475, -36.2019], [-71.16884, -36.20424], [-71.16571, -36.20933], [-71.16083, -36.21205], [-71.16043, -36.21309], [-71.16146, -36.21478], [-71.16691, -36.21789], [-71.16403, -36.23293], [-71.15909, -36.23337], [-71.157, -36.23466], [-71.16026, -36.24674], [-71.192, -36.24378], [-71.19507, -36.24201], [-71.19613, -36.23902], [-71.19581, -36.23776], [-71.1895, -36.2341], [-71.18859, -36.2316], [-71.19052, -36.22961], [-71.19347, -36.22877], [-71.20259, -36.23169], [-71.21108, -36.23188], [-71.21877, -36.22855], [-71.22085, -36.22691], [-71.22192, -36.2246], [-71.21605, -36.2215], [-71.21484, -36.21866], [-71.21395, -36.17736], [-71.1982, -36.16894], [-71.1976, -36.16746], [-71.19987, -36.16193], [-71.19657, -36.15993], [-71.18861, -36.15778], [-71.17996, -36.15655], [-71.16848, -36.16053], [-71.16698, -36.16271], [-71.16641, -36.16858], [-71.16381, -36.17205], [-71.14636, -36.17465], [-71.14426, -36.16953], [-71.14105, -36.17107], [-71.13944, -36.17488], [-71.13095, -36.17434], [-71.1302, -36.17509]]]}, "properties": {"composicio": "Secuencias volcanicas", "epoca": "Plioceno Pleistoceno", "era": "CENOZOICO", "geo": "PPl3", "ha": 3676.04, "m2": 36760395.35, "periodo": "Neogeno"}}, {"type": "Feature", "geometry": {"type": "Polygon", "coordinates": [[[-70.82563, -36.04509], [-70.81672, -36.0371], [-70.81161, -36.03534], [-70.80894, -36.03561], [-70.80826, -36.03699], [-70.80897, -36.05186], [-70.80829, -36.05313], [-70.79165, -36.06024], [-70.78537, -36.05643], [-70.77656, -36.04614], [-70.76962, -36.02266], [-70.76582, -36.02281], [-70.76464, -36.02766], [-70.76419, -36.04545], [-70.76255, -36.04814], [-70.7587, -36.05024], [-70.7009, -36.02804], [-70.69001, -36.02511], [-70.68788, -36.02513], [-70.68709, -36.02814], [-70.68956, -36.03121], [-70.69547, -36.03294], [-70.70002, -36.03567], [-70.70977, -36.0353], [-70.72453, -36.03914], [-70.74772, -36.0549], [-70.75781, -36.05504], [-70.76602, -36.05761], [-70.76886, -36.05907], [-70.77778, -36.06693], [-70.78294, -36.06648], [-70.77737, -36.07738], [-70.78612, -36.07506], [-70.79145, -36.07215], [-70.80375, -36.0614], [-70.81385, -36.05501], [-70.82563, -36.04509]]]}, "properties": {"composicio": "Secuencias sedimentarias", "epoca": "Pleistoceno Holoceno", "era": "CENOZOICO", "geo": "Q1", "ha": 1404.73, "m2": 14047301.46, "periodo": "Cuaternario"}}, {"type": "Feature", "geometry": {"type": "Polygon", "coordinates": [[[-71.37257, -35.61696], [-71.37206, -35.61326], [-71.37061, -35.61228], [-71.36339, -35.62008], [-71.36027, -35.61937], [-71.35818, -35.61668], [-71.35985, -35.6133], [-71.36825, -35.60972], [-71.37008, -35.60691], [-71.36936, -35.60327], [-71.36131, -35.60834], [-71.35802, -35.60707], [-71.35582, -35.60507], [-71.35808, -35.59939], [-71.35375, -35.59356], [-71.35062, -35.59274], [-71.34456, -35.59522], [-71.34101, -35.59442], [-71.351, -35.57668], [-71.34962, -35.57398], [-71.34698, -35.57303], [-71.34186, -35.57319], [-71.32501, -35.58839], [-71.32192, -35.59445], [-71.32186, -35.60235], [-71.31925, -35.60679], [-71.31584, -35.60896], [-71.30981, -35.60915], [-71.30677, -35.61016], [-71.29816, -35.61856], [-71.27938, -35.64733], [-71.2795, -35.65008], [-71.28211, -35.65493], [-71.28124, -35.65982], [-71.28741, -35.66403], [-71.28796, -35.66675], [-71.28992, -35.66789], [-71.29217, -35.66761], [-71.29631, -35.66509], [-71.30289, -35.67237], [-71.32204, -35.67084], [-71.32414, -35.66906], [-71.32562, -35.6638], [-71.32737, -35.66191], [-71.35023, -35.67795], [-71.34341, -35.68814], [-71.34629, -35.69038], [-71.34783, -35.6957], [-71.35379, -35.69582], [-71.34965, -35.69741], [-71.34643, -35.70045], [-71.34411, -35.70102], [-71.33696, -35.68837], [-71.32932, -35.6907], [-71.33015, -35.69403], [-71.33688, -35.70171], [-71.33744, -35.70336], [-71.33639, -35.70485], [-71.33183, -35.70576], [-71.3293, -35.71011], [-71.32601, -35.6974], [-71.32412, -35.69889], [-71.32601, -35.70382], [-71.32532, -35.70578], [-71.32362, -35.7069], [-71.31962, -35.70645], [-71.31717, -35.70816], [-71.31935, -35.70061], [-71.29298, -35.69526], [-71.32139, -35.68881], [-71.29741, -35.68056], [-71.28702, -35.69417], [-71.26393, -35.69792], [-71.24916, -35.71943], [-71.23682, -35.71747], [-71.20177, -35.73076], [-71.17715, -35.727], [-71.16711, -35.72778], [-71.15493, -35.7275], [-71.15135, -35.72737], [-71.14646, -35.73154], [-71.16432, -35.7565], [-71.1634, -35.76099], [-71.16056, -35.76692], [-71.16151, -35.77251], [-71.16513, -35.77813], [-71.16525, -35.78076], [-71.16129, -35.79005], [-71.16186, -35.79977], [-71.16502, -35.80437], [-71.17534, -35.81186], [-71.17756, -35.81432], [-71.17866, -35.8168], [-71.17911, -35.83031], [-71.18211, -35.83458], [-71.19045, -35.84166], [-71.19278, -35.84652], [-71.19268, -35.85397], [-71.18979, -35.86483], [-71.19, -35.87273], [-71.19306, -35.88147], [-71.2008, -35.89407], [-71.20122, -35.89704], [-71.20087, -35.90186], [-71.19475, -35.91018], [-71.1942, -35.91386], [-71.19677, -35.91779], [-71.20602, -35.926], [-71.20807, -35.93109], [-71.20784, -35.93545], [-71.20335, -35.94258], [-71.20054, -35.95274], [-71.211, -35.9789], [-71.21097, -35.99987], [-71.20824, -36.01564], [-71.19804, -36.03688], [-71.2009, -36.05571], [-71.18986, -36.07123], [-71.18496, -36.07281], [-71.17823, -36.08013], [-71.17447, -36.08215], [-71.16089, -36.06922], [-71.1593, -36.06192], [-71.16145, -36.05753], [-71.16166, -36.05456], [-71.15469, -36.04597], [-71.15289, -36.04143], [-71.15281, -36.03823], [-71.15839, -36.03013], [-71.15819, -36.02749], [-71.15325, -36.02151], [-71.14156, -36.01587], [-71.14128, -36.01027], [-71.14266, -36.00333], [-71.13941, -35.99761], [-71.11954, -35.97819], [-71.11719, -35.9746], [-71.1158, -35.97063], [-71.11575, -35.96501], [-71.11742, -35.96038], [-71.12367, -35.95435], [-71.12671, -35.949], [-71.12054, -35.93199], [-71.12756, -35.92136], [-71.13035, -35.90729], [-71.13287, -35.90034], [-71.13678, -35.89622], [-71.14229, -35.8933], [-71.14453, -35.88968], [-71.14474, -35.88807], [-71.13928, -35.8825], [-71.13789, -35.87957], [-71.13864, -35.87736], [-71.14434, -35.87238], [-71.14658, -35.86876], [-71.14734, -35.8637], [-71.15279, -35.84669], [-71.15129, -35.83837], [-71.12807, -35.83207], [-71.12275, -35.82637], [-71.08085, -35.82085], [-71.08338, -35.83716], [-71.07328, -35.84789], [-71.08428, -35.87461], [-71.08085, -35.87998], [-71.0795, -35.88139], [-71.07408, -35.88305], [-71.06492, -35.88308], [-71.05747, -35.88009], [-71.04886, -35.88321], [-71.04825, -35.89205], [-71.0467, -35.89209], [-71.04068, -35.88952], [-71.03805, -35.89074], [-71.03703, -35.89317], [-71.03763, -35.90393], [-71.0345, -35.90677], [-71.02972, -35.90691], [-71.02726, -35.90549], [-71.02855, -35.88597], [-71.0217, -35.88399], [-71.03843, -35.85967], [-71.03637, -35.85778], [-71.0256, -35.85282], [-71.02248, -35.8489], [-71.02271, -35.84431], [-71.02591, -35.83677], [-71.02421, -35.82651], [-71.02481, -35.82396], [-71.02871, -35.81972], [-71.03222, -35.81275], [-71.04677, -35.81084], [-71.03957, -35.77369], [-71.02538, -35.79094], [-71.02523, -35.79404], [-71.02658, -35.79927], [-71.0259, -35.80319], [-71.02387, -35.80509], [-71.01944, -35.80681], [-71.01836, -35.80799], [-71.01811, -35.81533], [-71.01501, -35.81875], [-71.0101, -35.81912], [-71.00251, -35.81612], [-70.99868, -35.81211], [-70.99582, -35.80439], [-70.99503, -35.80568], [-70.98943, -35.8063], [-70.98658, -35.8089], [-70.97496, -35.84773], [-70.97233, -35.84563], [-70.96704, -35.82653], [-70.96122, -35.81867], [-70.94426, -35.82041], [-70.91191, -35.80046], [-70.88134, -35.81368], [-70.85974, -35.81221], [-70.85406, -35.81466], [-70.84762, -35.81896], [-70.84435, -35.81825], [-70.84172, -35.81579], [-70.83708, -35.81604], [-70.83365, -35.8182], [-70.82914, -35.82508], [-70.82558, -35.8277], [-70.81315, -35.82321], [-70.80231, -35.82317], [-70.79834, -35.82247], [-70.83385, -35.80902], [-70.83347, -35.80663], [-70.82881, -35.80251], [-70.80796, -35.79138], [-70.80518, -35.78527], [-70.80045, -35.77944], [-70.79991, -35.77292], [-70.79492, -35.77466], [-70.78656, -35.78027], [-70.78135, -35.78752], [-70.77621, -35.80725], [-70.77629, -35.81297], [-70.77324, -35.81776], [-70.71956, -35.82777], [-70.7125, -35.83094], [-70.70789, -35.83541], [-70.70616, -35.83832], [-70.70532, -35.84201], [-70.70736, -35.85124], [-70.71999, -35.86833], [-70.73523, -35.88363], [-70.73634, -35.89048], [-70.73566, -35.89485], [-70.73285, -35.89871], [-70.72872, -35.90122], [-70.71885, -35.9048], [-70.71533, -35.90845], [-70.71029, -35.91672], [-70.7469, -35.9412], [-70.75379, -35.95179], [-70.75567, -35.95299], [-70.75892, -35.95313], [-70.76126, -35.9517], [-70.76231, -35.94961], [-70.76206, -35.94308], [-70.75238, -35.92615], [-70.75202, -35.92055], [-70.77579, -35.89046], [-70.78069, -35.88942], [-70.78367, -35.89014], [-70.78484, -35.89114], [-70.8075, -35.91895], [-70.81083, -35.91759], [-70.81531, -35.91324], [-70.82019, -35.91196], [-70.83063, -35.91225], [-70.8453, -35.91586], [-70.85477, -35.91664], [-70.89865, -35.88975], [-70.91276, -35.87309], [-70.91472, -35.87258], [-70.91615, -35.87311], [-70.91854, -35.87648], [-70.92281, -35.89825], [-70.92325, -35.92242], [-70.92472, -35.93063], [-70.92772, -35.93502], [-70.93448, -35.93815], [-70.93598, -35.94017], [-70.93668, -35.94668], [-70.93517, -35.95429], [-70.93574, -35.95782], [-70.93828, -35.96119], [-70.94285, -35.96232], [-70.94562, -35.96431], [-70.94487, -35.96994], [-70.9477, -35.9733], [-70.93872, -35.9852], [-70.94188, -35.99117], [-70.94917, -35.99346], [-70.96612, -35.99284], [-70.99377, -35.97613], [-70.99873, -35.97644], [-71.00222, -35.97565], [-71.00724, -35.96462], [-71.00954, -35.96238], [-71.01218, -35.96173], [-71.02105, -35.98199], [-71.02427, -35.98178], [-71.03283, -35.97776], [-71.03736, -35.97854], [-71.04174, -35.98643], [-71.04614, -35.99077], [-71.04625, -35.99352], [-71.04143, -36.00849], [-71.03771, -36.01222], [-71.02975, -36.01544], [-71.01275, -36.01834], [-71.00829, -36.02082], [-71.00582, -36.02382], [-71.00476, -36.02659], [-71.02915, -36.04554], [-71.02866, -36.04853], [-71.02303, -36.0556], [-71.01604, -36.05835], [-71.01098, -36.05888], [-71.01843, -36.09562], [-71.02237, -36.10139], [-71.03373, -36.11048], [-71.03378, -36.11277], [-71.01725, -36.11223], [-71.00059, -36.11822], [-70.99905, -36.11241], [-70.99985, -36.11033], [-71.00425, -36.10546], [-71.00612, -36.10062], [-71.00385, -36.09356], [-71.0027, -36.09255], [-70.99987, -36.09225], [-70.98107, -36.10365], [-70.96747, -36.10146], [-70.96547, -36.10675], [-70.96526, -36.11019], [-70.95637, -36.11674], [-70.95294, -36.12148], [-70.95222, -36.12383], [-70.95726, -36.12395], [-70.96261, -36.11802], [-70.96513, -36.11694], [-70.96783, -36.11781], [-70.96919, -36.12111], [-70.9684, -36.12342], [-70.96107, -36.12939], [-70.95151, -36.14415], [-70.95437, -36.14825], [-70.95566, -36.15566], [-70.9569, -36.15827], [-70.96753, -36.15582], [-70.96989, -36.15418], [-70.97317, -36.1491], [-70.97585, -36.14894], [-70.97983, -36.15002], [-70.98323, -36.14425], [-70.98755, -36.14143], [-70.99137, -36.14183], [-70.99366, -36.14351], [-70.99568, -36.15172], [-70.9948, -36.15642], [-70.98591, -36.15702], [-70.97359, -36.16168], [-70.96467, -36.1672], [-70.95968, -36.17174], [-70.95777, -36.17486], [-70.9723, -36.23186], [-70.97121, -36.2594], [-71.01871, -36.24805], [-71.03581, -36.25817], [-71.03575, -36.26653], [-71.03314, -36.27099], [-71.03298, -36.27326], [-71.03536, -36.27814], [-71.03942, -36.28231], [-71.04222, -36.2873], [-71.04267, -36.29416], [-71.04065, -36.29855], [-71.03441, -36.30425], [-71.02354, -36.31714], [-71.0181, -36.32065], [-70.99018, -36.31927], [-70.98961, -36.32501], [-70.99125, -36.32887], [-71.01421, -36.35437], [-71.02116, -36.35494], [-71.02651, -36.35372], [-71.0331, -36.35075], [-71.0481, -36.33269], [-71.0485, -36.32565], [-71.05064, -36.32024], [-71.05326, -36.31745], [-71.04983, -36.26795], [-71.05813, -36.26026], [-71.06154, -36.25505], [-71.09326, -36.24514], [-71.09872, -36.25421], [-71.10014, -36.25452], [-71.10995, -36.25093], [-71.12154, -36.25073], [-71.12468, -36.25182], [-71.12919, -36.25736], [-71.12916, -36.26147], [-71.12766, -36.26413], [-71.12386, -36.26453], [-71.1164, -36.26043], [-71.11273, -36.26072], [-71.10255, -36.26673], [-71.09387, -36.27019], [-71.08975, -36.2753], [-71.0904, -36.27873], [-71.09314, -36.28108], [-71.10387, -36.28021], [-71.10771, -36.28106], [-71.10946, -36.28298], [-71.10883, -36.28642], [-71.10736, -36.28746], [-71.11387, -36.29364], [-71.11989, -36.29664], [-71.12357, -36.30264], [-71.12767, -36.30268], [-71.12893, -36.30198], [-71.12898, -36.29808], [-71.12313, -36.29051], [-71.12247, -36.28641], [-71.15225, -36.28361], [-71.14811, -36.27636], [-71.14919, -36.27417], [-71.15363, -36.27054], [-71.15347, -36.26963], [-71.14408, -36.26155], [-71.1426, -36.25883], [-71.14378, -36.25503], [-71.14686, -36.25395], [-71.1637, -36.25435], [-71.1677, -36.25576], [-71.16987, -36.25801], [-71.16722, -36.26539], [-71.1672, -36.27031], [-71.17603, -36.26683], [-71.17786, -36.2723], [-71.17798, -36.2771], [-71.17945, -36.27948], [-71.18087, -36.27945], [-71.18484, -36.27447], [-71.19656, -36.28467], [-71.21671, -36.27608], [-71.21846, -36.27799], [-71.2197, -36.28266], [-71.22188, -36.2848], [-71.23475, -36.28457], [-71.23849, -36.28725], [-71.24286, -36.2921], [-71.25847, -36.2957], [-71.25914, -36.29443], [-71.259, -36.28894], [-71.26023, -36.28732], [-71.26203, -36.28591], [-71.27018, -36.28382], [-71.27167, -36.28127], [-71.27035, -36.27958], [-71.26287, -36.27479], [-71.26008, -36.27095], [-71.26839, -36.25414], [-71.26171, -36.2493], [-71.25272, -36.24625], [-71.25139, -36.24376], [-71.25204, -36.2418], [-71.30415, -36.25562], [-71.3062, -36.25295], [-71.30629, -36.25077], [-71.30453, -36.24852], [-71.29883, -36.24667], [-71.29495, -36.24446], [-71.29409, -36.23863], [-71.29503, -36.23678], [-71.3036, -36.22907], [-71.30435, -36.2254], [-71.30325, -36.22119], [-71.30345, -36.21797], [-71.31434, -36.20232], [-71.32148, -36.19979], [-71.32516, -36.19995], [-71.34276, -36.20798], [-71.3454, -36.1958], [-71.36263, -36.19044], [-71.36176, -36.18965], [-71.35706, -36.18814], [-71.35618, -36.18678], [-71.35756, -36.18034], [-71.35541, -36.17913], [-71.34802, -36.17767], [-71.32529, -36.17797], [-71.31143, -36.17229], [-71.29223, -36.16177], [-71.26069, -36.15444], [-71.2522, -36.1483], [-71.24581, -36.14669], [-71.23439, -36.14209], [-71.23069, -36.12969], [-71.26891, -36.14994], [-71.27203, -36.15069], [-71.28264, -36.15118], [-71.29273, -36.15386], [-71.30099, -36.15107], [-71.30592, -36.15053], [-71.3186, -36.15487], [-71.345, -36.15461], [-71.35594, -36.15165], [-71.36402, -36.14761], [-71.39109, -36.10968], [-71.39176, -36.10314], [-71.38548, -36.09021], [-71.38492, -36.08518], [-71.38649, -36.08069], [-71.39148, -36.07213], [-71.39526, -36.06084], [-71.39855, -36.04693], [-71.39869, -36.03136], [-71.41906, -36.01323], [-71.41571, -36.00929], [-71.39512, -35.99897], [-71.3857, -35.98573], [-71.38365, -35.98113], [-71.37817, -35.97693], [-71.37557, -35.97563], [-71.36645, -35.97375], [-71.35021, -35.97357], [-71.34587, -35.97141], [-71.34578, -35.96947], [-71.34672, -35.96829], [-71.35288, -35.96741], [-71.3728, -35.96793], [-71.37791, -35.96868], [-71.38627, -35.9722], [-71.42118, -36.00827], [-71.44885, -36.00333], [-71.45219, -36.00056], [-71.45587, -35.9891], [-71.45869, -35.98615], [-71.48359, -35.97526], [-71.49387, -35.94582], [-71.49577, -35.9328], [-71.49546, -35.92639], [-71.49363, -35.92358], [-71.49039, -35.9237], [-71.48777, -35.9247], [-71.48419, -35.92951], [-71.47999, -35.93309], [-71.47709, -35.93421], [-71.47441, -35.93419], [-71.47247, -35.93207], [-71.49313, -35.91604], [-71.49579, -35.91274], [-71.496, -35.90838], [-71.49314, -35.90768], [-71.47887, -35.90688], [-71.44894, -35.92343], [-71.42616, -35.92463], [-71.41823, -35.91801], [-71.42636, -35.91408], [-71.44049, -35.9114], [-71.44529, -35.90602], [-71.44673, -35.9007], [-71.44651, -35.89613], [-71.44528, -35.89399], [-71.43891, -35.89327], [-71.43753, -35.89103], [-71.43717, -35.88646], [-71.43467, -35.88413], [-71.42772, -35.88607], [-71.42413, -35.88481], [-71.4162, -35.86891], [-71.41346, -35.8675], [-71.4057, -35.86741], [-71.40482, -35.86366], [-71.40337, -35.86268], [-71.39818, -35.86307], [-71.39374, -35.86458], [-71.38851, -35.86429], [-71.38583, -35.86117], [-71.38269, -35.85416], [-71.3704, -35.84733], [-71.36295, -35.8447], [-71.34191, -35.84032], [-71.32661, -35.84137], [-71.31492, -35.83818], [-71.28032, -35.84534], [-71.28169, -35.84128], [-71.28604, -35.83794], [-71.32711, -35.82761], [-71.36549, -35.82652], [-71.37219, -35.82825], [-71.38067, -35.83497], [-71.40114, -35.83628], [-71.40641, -35.8314], [-71.4144, -35.82771], [-71.41503, -35.8262], [-71.41452, -35.81831], [-71.41576, -35.81483], [-71.43382, -35.80359], [-71.43339, -35.80051], [-71.4302, -35.79557], [-71.42986, -35.79134], [-71.43078, -35.78994], [-71.43544, -35.78727], [-71.4366, -35.78505], [-71.43576, -35.77924], [-71.43403, -35.7754], [-71.43238, -35.77316], [-71.42745, -35.77011], [-71.38363, -35.76864], [-71.36318, -35.77662], [-71.37341, -35.75763], [-71.3782, -35.7577], [-71.38347, -35.75925], [-71.38807, -35.75819], [-71.3989, -35.74318], [-71.39607, -35.72767], [-71.36959, -35.7237], [-71.36556, -35.72177], [-71.36445, -35.71917], [-71.3739, -35.69549], [-71.38628, -35.69269], [-71.38532, -35.68722], [-71.38367, -35.68487], [-71.37905, -35.68215], [-71.37466, -35.68149], [-71.37147, -35.6793], [-71.37107, -35.67678], [-71.37244, -35.67308], [-71.37471, -35.67048], [-71.37855, -35.66842], [-71.3929, -35.66887], [-71.39508, -35.66743], [-71.39023, -35.63959], [-71.38798, -35.63843], [-71.38532, -35.63874], [-71.38271, -35.64009], [-71.37203, -35.64902], [-71.37173, -35.65167], [-71.37444, -35.65548], [-71.37407, -35.65663], [-71.37298, -35.65736], [-71.36693, -35.65709], [-71.35986, -35.65927], [-71.35043, -35.66816], [-71.35417, -35.64867], [-71.35678, -35.64125], [-71.37257, -35.61696]], [[-71.27593, -35.89762], [-71.25251, -35.86246], [-71.20933, -35.8577], [-71.23198, -35.85095], [-71.26635, -35.85711], [-71.26846, -35.86014], [-71.26906, -35.87663], [-71.27244, -35.88271], [-71.28021, -35.89244], [-71.28088, -35.89471], [-71.2801, -35.89622], [-71.27593, -35.89762]], [[-71.21875, -36.12866], [-71.21606, -36.12823], [-71.21233, -36.12484], [-71.2095, -36.1243], [-71.20757, -36.12731], [-71.20488, -36.12734], [-71.19678, -36.11576], [-71.19988, -36.11515], [-71.21375, -36.11682], [-71.21875, -36.12866]], [[-71.13267, -36.18985], [-71.12787, -36.18698], [-71.12684, -36.18528], [-71.12599, -36.17934], [-71.12648, -36.17613], [-71.12758, -36.17508], [-71.1302, -36.17509], [-71.13095, -36.17434], [-71.13944, -36.17488], [-71.14105, -36.17107], [-71.14426, -36.16953], [-71.14636, -36.17465], [-71.16381, -36.17205], [-71.16641, -36.16858], [-71.16698, -36.16271], [-71.16848, -36.16053], [-71.17996, -36.15655], [-71.18861, -36.15778], [-71.19657, -36.15993], [-71.19987, -36.16193], [-71.1976, -36.16746], [-71.1982, -36.16894], [-71.21395, -36.17736], [-71.21484, -36.21866], [-71.21605, -36.2215], [-71.22192, -36.2246], [-71.22085, -36.22691], [-71.21877, -36.22855], [-71.21108, -36.23188], [-71.20259, -36.23169], [-71.19347, -36.22877], [-71.19052, -36.22961], [-71.18859, -36.2316], [-71.1895, -36.2341], [-71.19581, -36.23776], [-71.19613, -36.23902], [-71.19507, -36.24201], [-71.192, -36.24378], [-71.17605, -36.24486], [-71.16751, -36.24799], [-71.1644, -36.24803], [-71.15137, -36.23556], [-71.13735, -36.24037], [-71.13568, -36.22987], [-71.12594, -36.22443], [-71.12247, -36.2214], [-71.12159, -36.21981], [-71.12166, -36.21696], [-71.12492, -36.21152], [-71.12529, -36.20922], [-71.1244, -36.20752], [-71.12097, -36.20598], [-71.11866, -36.20384], [-71.11972, -36.20073], [-71.12821, -36.19556], [-71.13267, -36.18985]], [[-71.24633, -36.21741], [-71.24407, -36.20052], [-71.24516, -36.19935], [-71.24813, -36.19907], [-71.2496, -36.19607], [-71.2464, -36.19224], [-71.24371, -36.19217], [-71.2412, -36.19336], [-71.23539, -36.19289], [-71.23296, -36.19156], [-71.23106, -36.18908], [-71.23086, -36.18679], [-71.25381, -36.18352], [-71.25624, -36.18497], [-71.25663, -36.18896], [-71.26167, -36.19265], [-71.26184, -36.19928], [-71.26378, -36.20326], [-71.26278, -36.2083], [-71.24633, -36.21741]], [[-71.08321, -36.24117], [-71.07371, -36.23973], [-71.07056, -36.23795], [-71.06924, -36.23614], [-71.06817, -36.23261], [-71.07343, -36.2276], [-71.07351, -36.21991], [-71.08018, -36.22016], [-71.0863, -36.22224], [-71.10895, -36.2175], [-71.11608, -36.22048], [-71.11887, -36.22432], [-71.11982, -36.22877], [-71.11839, -36.23406], [-71.11562, -36.23651], [-71.10389, -36.23053], [-71.10056, -36.23333], [-71.0977, -36.23784], [-71.09324, -36.24077], [-71.08321, -36.24117]]]}, "properties": {"composicio": "Secuencias volcanosedimenta", "epoca": "Oligoceno Mioceno", "era": "CENOZOICO", "geo": "OM2c", "ha": 216866.91, "m2": 2168669128.23, "periodo": "Paleogeno"}}, {"type": "Feature", "geometry": {"type": "Polygon", "coordinates": [[[-71.0395, -36.3519], [-71.03271, -36.35842], [-71.02835, -36.35952], [-71.03989, -36.36266], [-71.05482, -36.36527], [-71.05992, -36.3653], [-71.06835, -36.3623], [-71.07223, -36.35903], [-71.07509, -36.35395], [-71.0756, -36.35165], [-71.0395, -36.3519]]]}, "properties": {"composicio": "Secuencias volcanosedimenta", "epoca": "Oligoceno Mioceno", "era": "CENOZOICO", "geo": "OM2c", "ha": 486.96, "m2": 4869612.39, "periodo": "Paleogeno"}}, {"type": "Feature", "geometry": {"type": "Polygon", "coordinates": [[[-70.77737, -36.07738], [-70.78294, -36.06648], [-70.77778, -36.06693], [-70.76376, -36.0713], [-70.73775, -36.07459], [-70.71025, -36.08504], [-70.684, -36.08363], [-70.71565, -36.09173], [-70.72052, -36.09043], [-70.72735, -36.08577], [-70.73296, -36.08381], [-70.7394, -36.0827], [-70.75927, -36.08358], [-70.7697, -36.08284], [-70.77145, -36.08229], [-70.77737, -36.07738]]]}, "properties": {"composicio": "Secuencias volcanicas", "epoca": "Cuaternario", "era": "CENOZOICO", "geo": "Q3i", "ha": 812.21, "m2": 8122081.31, "periodo": "Cuaternario"}}, {"type": "Feature", "geometry": {"type": "Polygon", "coordinates": [[[-71.21875, -36.12866], [-71.21375, -36.11682], [-71.19988, -36.11515], [-71.19678, -36.11576], [-71.20488, -36.12734], [-71.20757, -36.12731], [-71.2095, -36.1243], [-71.21233, -36.12484], [-71.21606, -36.12823], [-71.21875, -36.12866]]]}, "properties": {"composicio": "Rocas intrusivas", "epoca": "Mioceno Inferior Medio  22-16 Ma", "era": "CENOZOICO", "geo": "Mimg", "ha": 168.26, "m2": 1682581.47, "periodo": "Neogeno"}}, {"type": "Feature", "geometry": {"type": "Polygon", "coordinates": [[[-70.71029, -35.91672], [-70.70375, -35.92651], [-70.7106, -35.93596], [-70.71611, -35.93994], [-70.7236, -35.94043], [-70.72482, -35.94292], [-70.72339, -35.94605], [-70.72418, -35.9481], [-70.73517, -35.95159], [-70.73798, -35.95862], [-70.74948, -35.96416], [-70.75051, -35.96906], [-70.74936, -35.97586], [-70.74598, -35.97949], [-70.74325, -35.97831], [-70.73966, -35.97301], [-70.73765, -35.97204], [-70.73117, -35.97232], [-70.72956, -35.96721], [-70.72165, -35.96329], [-70.71878, -35.9581], [-70.71525, -35.95818], [-70.7097, -35.96051], [-70.69681, -35.95535], [-70.69682, -35.9519], [-70.69885, -35.94957], [-70.69611, -35.94803], [-70.6917, -35.947], [-70.68628, -35.92296], [-70.67278, -35.89786], [-70.67417, -35.88992], [-70.67765, -35.88112], [-70.67782, -35.87825], [-70.67559, -35.87522], [-70.67416, -35.87468], [-70.64439, -35.89997], [-70.64304, -35.90528], [-70.64414, -35.90835], [-70.64661, -35.91012], [-70.64947, -35.9152], [-70.65151, -35.91686], [-70.65504, -35.91711], [-70.66568, -35.91134], [-70.66863, -35.91104], [-70.67177, -35.9121], [-70.67377, -35.91652], [-70.67149, -35.916], [-70.66863, -35.9186], [-70.67067, -35.93528], [-70.66943, -35.93989], [-70.66665, -35.94466], [-70.66261, -35.94981], [-70.65838, -35.95358], [-70.65169, -35.96338], [-70.64862, -35.96437], [-70.64366, -35.9637], [-70.6423, -35.96488], [-70.64128, -35.96789], [-70.64053, -35.99179], [-70.63857, -35.99695], [-70.63415, -35.99938], [-70.63048, -35.9998], [-70.62578, -35.99865], [-70.62223, -35.99405], [-70.62309, -35.97935], [-70.6283, -35.96764], [-70.62871, -35.96352], [-70.60617, -35.96775], [-70.6025, -35.96395], [-70.59807, -35.95366], [-70.59872, -35.94915], [-70.59459, -35.94822], [-70.58746, -35.95001], [-70.57999, -35.95764], [-70.57601, -35.96457], [-70.58103, -35.96678], [-70.58281, -35.96926], [-70.58429, -35.97495], [-70.58382, -35.97749], [-70.57956, -35.98069], [-70.58087, -35.98168], [-70.58039, -35.9841], [-70.57693, -35.98579], [-70.56778, -35.98625], [-70.5634, -35.99014], [-70.5614, -35.99696], [-70.56263, -36.00335], [-70.56339, -36.00674], [-70.56805, -36.01265], [-70.59711, -36.01096], [-70.59544, -36.01201], [-70.5937, -36.0173], [-70.59391, -36.02153], [-70.60138, -36.0377], [-70.60025, -36.04124], [-70.59469, -36.04259], [-70.5976, -36.04748], [-70.60161, -36.07258], [-70.60313, -36.0752], [-70.60868, -36.07836], [-70.61024, -36.07733], [-70.61076, -36.07469], [-70.60636, -36.06558], [-70.60514, -36.06076], [-70.6056, -36.05499], [-70.60787, -36.05295], [-70.62308, -36.07106], [-70.63029, -36.07518], [-70.63562, -36.07561], [-70.63967, -36.07529], [-70.64109, -36.07397], [-70.64111, -36.06898], [-70.642, -36.06785], [-70.64461, -36.06703], [-70.65067, -36.06764], [-70.65186, -36.06717], [-70.65205, -36.06332], [-70.65053, -36.05542], [-70.68018, -36.05276], [-70.68232, -36.05201], [-70.68586, -36.04862], [-70.68796, -36.04789], [-70.69153, -36.04831], [-70.69303, -36.05137], [-70.68955, -36.05924], [-70.68835, -36.06599], [-70.6885, -36.07414], [-70.69112, -36.07789], [-70.69444, -36.07908], [-70.70296, -36.0785], [-70.71533, -36.07548], [-70.72424, -36.06911], [-70.73691, -36.06542], [-70.74458, -36.06399], [-70.75017, -36.05999], [-70.75013, -36.05766], [-70.72453, -36.03914], [-70.68956, -36.03121], [-70.68709, -36.02814], [-70.68788, -36.02513], [-70.7587, -36.05024], [-70.76255, -36.04814], [-70.76419, -36.04545], [-70.76464, -36.02766], [-70.76582, -36.02281], [-70.76962, -36.02266], [-70.77656, -36.04614], [-70.78537, -36.05643], [-70.79165, -36.06024], [-70.79561, -36.06064], [-70.80066, -36.05953], [-70.80678, -36.0551], [-70.81161, -36.03534], [-70.83722, -36.05363], [-70.88099, -36.06912], [-70.88347, -36.06635], [-70.88279, -36.04025], [-70.88428, -36.03715], [-70.89046, -36.03614], [-70.89129, -36.03544], [-70.89001, -36.02791], [-70.89089, -36.02308], [-70.89746, -36.0271], [-70.91131, -36.00812], [-70.92941, -36.01071], [-70.91513, -36.01573], [-70.91447, -36.01792], [-70.91579, -36.02042], [-70.92066, -36.02366], [-70.92519, -36.02485], [-70.93869, -36.02293], [-70.94772, -36.02313], [-70.95742, -36.01605], [-70.97062, -36.01934], [-70.97421, -36.01598], [-70.97704, -36.00334], [-70.98003, -35.99956], [-70.97802, -35.98574], [-70.97223, -35.98786], [-70.96612, -35.99284], [-70.94917, -35.99346], [-70.94188, -35.99117], [-70.93872, -35.9852], [-70.9477, -35.9733], [-70.94487, -35.96994], [-70.94562, -35.96431], [-70.94285, -35.96232], [-70.93828, -35.96119], [-70.93574, -35.95782], [-70.93517, -35.95429], [-70.93668, -35.94668], [-70.93598, -35.94017], [-70.93448, -35.93815], [-70.92772, -35.93502], [-70.92472, -35.93063], [-70.92325, -35.92242], [-70.92281, -35.89825], [-70.91854, -35.87648], [-70.91615, -35.87311], [-70.91472, -35.87258], [-70.91276, -35.87309], [-70.89865, -35.88975], [-70.85477, -35.91664], [-70.8453, -35.91586], [-70.83063, -35.91225], [-70.82019, -35.91196], [-70.81531, -35.91324], [-70.81083, -35.91759], [-70.8075, -35.91895], [-70.78484, -35.89114], [-70.78367, -35.89014], [-70.78069, -35.88942], [-70.77579, -35.89046], [-70.75202, -35.92055], [-70.75238, -35.92615], [-70.76206, -35.94308], [-70.76231, -35.94961], [-70.76126, -35.9517], [-70.75892, -35.95313], [-70.71029, -35.91672]], [[-70.57357, -36.00203], [-70.56748, -35.9936], [-70.58215, -35.99735], [-70.58428, -35.99374], [-70.58013, -35.99225], [-70.57876, -35.98964], [-70.58353, -35.98884], [-70.58558, -35.98707], [-70.5871, -35.98233], [-70.60875, -35.98419], [-70.60843, -35.98707], [-70.60424, -35.98821], [-70.60233, -35.98997], [-70.60271, -35.9926], [-70.60558, -35.99389], [-70.60763, -35.99602], [-70.60788, -35.99877], [-70.6054, -36.00055], [-70.58903, -36.00027], [-70.58232, -36.00182], [-70.57357, -36.00203]]]}, "properties": {"composicio": "Secuencias volcanicas", "epoca": "Plioceno Pleistoceno", "era": "CENOZOICO", "geo": "PPl3", "ha": 45393.11, "m2": 453931095.18, "periodo": "Neogeno"}}, {"type": "Feature", "geometry": {"type": "Polygon", "coordinates": [[[-70.75713, -36.27589], [-70.75018, -36.26751], [-70.74357, -36.26257], [-70.72281, -36.26742], [-70.72517, -36.27266], [-70.7322, -36.27619], [-70.73761, -36.27995], [-70.73944, -36.27898], [-70.74003, -36.27534], [-70.74203, -36.2744], [-70.75263, -36.27715], [-70.75713, -36.27589]]]}, "properties": {"composicio": "Secuencias sedimentarias", "epoca": "Jurasico Medio Superior", "era": "MEZOZOICO", "geo": "Js1m", "ha": 356.55, "m2": 3565506.86, "periodo": "Jurasico"}}, {"type": "Feature", "geometry": {"type": "Polygon", "coordinates": [[[-70.75713, -36.27589], [-70.75263, -36.27715], [-70.74203, -36.2744], [-70.74003, -36.27534], [-70.73944, -36.27898], [-70.73761, -36.27995], [-70.74098, -36.2823], [-70.75074, -36.30235], [-70.7554, -36.3072], [-70.75945, -36.30714], [-70.76236, -36.30136], [-70.76229, -36.29808], [-70.76082, -36.28396], [-70.75713, -36.27589]]]}, "properties": {"composicio": "Secuencias sedimentarias", "epoca": "Triasico Superior", "era": "MEZOZOICO", "geo": "Tr1c", "ha": 474.54, "m2": 4745388.29, "periodo": "Triasico"}}, {"type": "Feature", "geometry": {"type": "Polygon", "coordinates": [[[-70.70197, -36.10012], [-70.69295, -36.10401], [-70.68917, -36.11108], [-70.68921, -36.12036], [-70.68095, -36.12492], [-70.67036, -36.1325], [-70.6664, -36.13988], [-70.66957, -36.1406], [-70.672, -36.14243], [-70.67223, -36.15127], [-70.67584, -36.15305], [-70.68105, -36.15353], [-70.69487, -36.14545], [-70.70406, -36.15027], [-70.70812, -36.15055], [-70.71355, -36.14657], [-70.71374, -36.14155], [-70.71561, -36.13772], [-70.71988, -36.13755], [-70.72603, -36.13934], [-70.73249, -36.16163], [-70.72967, -36.16308], [-70.72543, -36.16267], [-70.71898, -36.15554], [-70.7117, -36.15542], [-70.70665, -36.15733], [-70.70289, -36.16385], [-70.69884, -36.1643], [-70.69113, -36.16025], [-70.68826, -36.16042], [-70.68328, -36.16232], [-70.67737, -36.16344], [-70.64713, -36.15006], [-70.62853, -36.17116], [-70.63271, -36.17624], [-70.63584, -36.17786], [-70.68284, -36.18762], [-70.69176, -36.19778], [-70.69547, -36.20828], [-70.73449, -36.24559], [-70.74289, -36.24926], [-70.75933, -36.25092], [-70.76648, -36.25014], [-70.77605, -36.24643], [-70.77054, -36.2092], [-70.77203, -36.20564], [-70.77547, -36.20112], [-70.77571, -36.19883], [-70.77424, -36.19588], [-70.76353, -36.18263], [-70.75814, -36.17413], [-70.74674, -36.1396], [-70.74167, -36.14024], [-70.73605, -36.13448], [-70.73458, -36.13141], [-70.74395, -36.11869], [-70.74093, -36.101], [-70.72782, -36.09431], [-70.7142, -36.0985], [-70.70197, -36.10012]]]}, "properties": {"composicio": "Secuencias volcanicas", "epoca": "Mioceno Plioceno", "era": "CENOZOICO", "geo": "MP3", "ha": 10399.99, "m2": 103999896.9, "periodo": "Neogeno"}}, {"type": "Feature", "geometry": {"type": "Polygon", "coordinates": [[[-70.73449, -36.24559], [-70.72981, -36.24172], [-70.71955, -36.25033], [-70.71384, -36.2471], [-70.70699, -36.24123], [-70.69866, -36.23654], [-70.70085, -36.23956], [-70.70131, -36.2473], [-70.7022, -36.24819], [-70.71133, -36.2508], [-70.72205, -36.25714], [-70.72869, -36.25886], [-70.73104, -36.25857], [-70.73478, -36.25397], [-70.73529, -36.24876], [-70.73449, -36.24559]]]}, "properties": {"composicio": "Rocas intrusivas", "epoca": "Mioceno Inferior Medio  22-16 Ma", "era": "CENOZOICO", "geo": "Mimg", "ha": 311.37, "m2": 3113676.08, "periodo": "Neogeno"}}, {"type": "Feature", "geometry": {"type": "Polygon", "coordinates": [[[-70.70197, -36.10012], [-70.70313, -36.09437], [-70.7014, -36.09331], [-70.69371, -36.09464], [-70.6889, -36.09661], [-70.68786, -36.10051], [-70.69295, -36.10401], [-70.70197, -36.10012]]]}, "properties": {"composicio": "Secuencias volcanicas", "epoca": "Plioceno Pleistoceno", "era": "CENOZOICO", "geo": "PPl3", "ha": 106.35, "m2": 1063515.39, "periodo": "Neogeno"}}, {"type": "Feature", "geometry": {"type": "Polygon", "coordinates": [[[-70.71056, -36.25913], [-70.70382, -36.25873], [-70.70253, -36.25977], [-70.70282, -36.26808], [-70.7016, -36.26895], [-70.7076, -36.27479], [-70.71024, -36.27459], [-70.71187, -36.27323], [-70.71316, -36.27031], [-70.7133, -36.26218], [-70.7125, -36.26052], [-70.71056, -36.25913]]]}, "properties": {"composicio": "Rocas intrusivas", "epoca": "Mioceno Inferior Medio  22-16 Ma", "era": "CENOZOICO", "geo": "Mimg", "ha": 152.92, "m2": 1529158.39, "periodo": "Neogeno"}}, {"type": "Feature", "geometry": {"type": "Polygon", "coordinates": [[[-71.14646, -35.73154], [-71.0933, -35.71104], [-71.08577, -35.71253], [-71.07829, -35.71193], [-71.07611, -35.7167], [-71.0746, -35.72752], [-71.07148, -35.73024], [-71.05893, -35.7227], [-71.03699, -35.72597], [-71.03424, -35.72742], [-71.02533, -35.73639], [-71.02055, -35.74295], [-71.01839, -35.74851], [-71.01625, -35.75797], [-71.01149, -35.7651], [-71.01132, -35.76785], [-71.01302, -35.77491], [-71.0126, -35.78157], [-70.99582, -35.80439], [-70.99868, -35.81211], [-71.00251, -35.81612], [-71.0101, -35.81912], [-71.01501, -35.81875], [-71.01811, -35.81533], [-71.01836, -35.80799], [-71.01944, -35.80681], [-71.02387, -35.80509], [-71.0259, -35.80319], [-71.02658, -35.79927], [-71.02523, -35.79404], [-71.02538, -35.79094], [-71.03155, -35.78355], [-71.03406, -35.77648], [-71.03743, -35.77306], [-71.03957, -35.77369], [-71.04251, -35.7767], [-71.04677, -35.81084], [-71.03222, -35.81275], [-71.02871, -35.81972], [-71.02481, -35.82396], [-71.02421, -35.82651], [-71.02591, -35.83677], [-71.02271, -35.84431], [-71.02248, -35.8489], [-71.0256, -35.85282], [-71.03637, -35.85778], [-71.03843, -35.85967], [-71.0217, -35.88399], [-71.02855, -35.88597], [-71.02859, -35.89021], [-71.02625, -35.8983], [-71.02646, -35.90311], [-71.02726, -35.90549], [-71.02972, -35.90691], [-71.0345, -35.90677], [-71.03763, -35.90393], [-71.03703, -35.89317], [-71.03805, -35.89074], [-71.04948, -35.8911], [-71.05042, -35.88993], [-71.04794, -35.88461], [-71.04886, -35.88321], [-71.05747, -35.88009], [-71.06492, -35.88308], [-71.07408, -35.88305], [-71.0795, -35.88139], [-71.08085, -35.87998], [-71.08428, -35.87461], [-71.07328, -35.84789], [-71.08338, -35.83716], [-71.08085, -35.82085], [-71.10415, -35.82444], [-71.10121, -35.81659], [-71.10272, -35.81241], [-71.11598, -35.80332], [-71.12067, -35.80443], [-71.12779, -35.8095], [-71.12645, -35.82077], [-71.1311, -35.82075], [-71.13634, -35.81841], [-71.14097, -35.81793], [-71.14781, -35.81979], [-71.14986, -35.82157], [-71.15279, -35.84669], [-71.14734, -35.8637], [-71.14658, -35.86876], [-71.14434, -35.87238], [-71.13864, -35.87736], [-71.13789, -35.87957], [-71.13928, -35.8825], [-71.14474, -35.88807], [-71.14453, -35.88968], [-71.14229, -35.8933], [-71.13678, -35.89622], [-71.13287, -35.90034], [-71.13035, -35.90729], [-71.12756, -35.92136], [-71.12054, -35.93199], [-71.12671, -35.949], [-71.12367, -35.95435], [-71.11742, -35.96038], [-71.11575, -35.96501], [-71.1158, -35.97063], [-71.11719, -35.9746], [-71.11954, -35.97819], [-71.13941, -35.99761], [-71.14266, -36.00333], [-71.14128, -36.01027], [-71.14156, -36.01587], [-71.15325, -36.02151], [-71.15819, -36.02749], [-71.15839, -36.03013], [-71.15281, -36.03823], [-71.15289, -36.04143], [-71.15469, -36.04597], [-71.16166, -36.05456], [-71.16145, -36.05753], [-71.1593, -36.06192], [-71.16089, -36.06922], [-71.16363, -36.07169], [-71.16864, -36.08019], [-71.17208, -36.08242], [-71.18986, -36.07123], [-71.2009, -36.05571], [-71.19804, -36.03688], [-71.20824, -36.01564], [-71.21097, -35.99987], [-71.211, -35.9789], [-71.20054, -35.95274], [-71.20335, -35.94258], [-71.20784, -35.93545], [-71.20807, -35.93109], [-71.20602, -35.926], [-71.19677, -35.91779], [-71.1942, -35.91386], [-71.19475, -35.91018], [-71.20087, -35.90186], [-71.20122, -35.89704], [-71.2008, -35.89407], [-71.19306, -35.88147], [-71.19, -35.87273], [-71.18979, -35.86483], [-71.19268, -35.85397], [-71.19278, -35.84652], [-71.19045, -35.84166], [-71.18211, -35.83458], [-71.17911, -35.83031], [-71.17866, -35.8168], [-71.17756, -35.81432], [-71.17534, -35.81186], [-71.16502, -35.80437], [-71.16186, -35.79977], [-71.16129, -35.79005], [-71.16525, -35.78076], [-71.16513, -35.77813], [-71.16151, -35.77251], [-71.16056, -35.76692], [-71.1634, -35.76099], [-71.16432, -35.7565], [-71.14646, -35.73154]]]}, "properties": {"composicio": "Rocas intrusivas", "epoca": "Mioceno  18 6 Ma", "era": "CENOZOICO", "geo": "Mg", "ha": 32294.29, "m2": 322942940.15, "periodo": "Neogeno"}}, {"type": "Feature", "geometry": {"type": "Polygon", "coordinates": [[[-70.65371, -36.1809], [-70.65719, -36.20285], [-70.64431, -36.19629], [-70.63561, -36.19453], [-70.63479, -36.1956], [-70.62957, -36.19803], [-70.62938, -36.2003], [-70.63038, -36.2023], [-70.64199, -36.207], [-70.65875, -36.22209], [-70.69866, -36.23654], [-70.70699, -36.24123], [-70.71384, -36.2471], [-70.71955, -36.25033], [-70.72981, -36.24172], [-70.70873, -36.21687], [-70.69547, -36.20828], [-70.69176, -36.19778], [-70.68284, -36.18762], [-70.6779, -36.18473], [-70.65773, -36.18097], [-70.65371, -36.1809]]]}, "properties": {"composicio": "Secuencias sedimentarias", "epoca": "Jurasico Medio Superior", "era": "MEZOZOICO", "geo": "Js1m", "ha": 2676.88, "m2": 26768788.02, "periodo": "Jurasico"}}, {"type": "Feature", "geometry": {"type": "Polygon", "coordinates": [[[-71.24633, -36.21741], [-71.26278, -36.2083], [-71.26378, -36.20326], [-71.26184, -36.19928], [-71.26167, -36.19265], [-71.25663, -36.18896], [-71.25624, -36.18497], [-71.25381, -36.18352], [-71.23086, -36.18679], [-71.23106, -36.18908], [-71.23296, -36.19156], [-71.23539, -36.19289], [-71.2412, -36.19336], [-71.24371, -36.19217], [-71.2464, -36.19224], [-71.2496, -36.19607], [-71.24813, -36.19907], [-71.24516, -36.19935], [-71.24407, -36.20052], [-71.24633, -36.21741]]]}, "properties": {"composicio": "Rocas intrusivas", "epoca": "Mioceno Inferior Medio  22-16 Ma", "era": "CENOZOICO", "geo": "Mimg", "ha": 527.27, "m2": 5272692.49, "periodo": "Neogeno"}}, {"type": "Feature", "geometry": {"type": "Polygon", "coordinates": [[[-71.25847, -36.2957], [-71.24286, -36.2921], [-71.23849, -36.28725], [-71.23475, -36.28457], [-71.22188, -36.2848], [-71.2197, -36.28266], [-71.21846, -36.27799], [-71.21671, -36.27608], [-71.19656, -36.28467], [-71.18484, -36.27447], [-71.18087, -36.27945], [-71.17945, -36.27948], [-71.17798, -36.2771], [-71.17786, -36.2723], [-71.17603, -36.26683], [-71.1672, -36.27031], [-71.16722, -36.26539], [-71.16987, -36.25801], [-71.1677, -36.25576], [-71.1637, -36.25435], [-71.14686, -36.25395], [-71.14378, -36.25503], [-71.1426, -36.25883], [-71.14408, -36.26155], [-71.15347, -36.26963], [-71.15363, -36.27054], [-71.14919, -36.27417], [-71.14811, -36.27636], [-71.15225, -36.28361], [-71.12247, -36.28641], [-71.12767, -36.30268], [-71.10883, -36.28642], [-71.09909, -36.28728], [-71.09496, -36.30359], [-71.075, -36.29157], [-71.07233, -36.29219], [-71.06624, -36.29801], [-71.0626, -36.29933], [-71.05892, -36.30523], [-71.05856, -36.30809], [-71.06908, -36.31582], [-71.07016, -36.33171], [-71.0395, -36.3519], [-71.07256, -36.34918], [-71.075, -36.35051], [-71.0756, -36.35165], [-71.07509, -36.35395], [-71.07223, -36.35903], [-71.06835, -36.3623], [-71.05992, -36.3653], [-71.05482, -36.36527], [-71.00813, -36.35459], [-70.96797, -36.32603], [-70.95002, -36.327], [-70.95031, -36.33352], [-70.94855, -36.33744], [-70.94917, -36.33949], [-70.97059, -36.36033], [-70.93758, -36.35947], [-70.93692, -36.36188], [-70.93917, -36.36746], [-70.93958, -36.37294], [-70.93405, -36.37898], [-70.93324, -36.38083], [-70.93371, -36.38288], [-70.93819, -36.38705], [-70.93818, -36.39289], [-70.94598, -36.39322], [-70.9449, -36.40171], [-70.94948, -36.40381], [-70.95217, -36.404], [-70.96933, -36.38588], [-70.96992, -36.38701], [-70.96636, -36.39851], [-70.96551, -36.40482], [-70.96669, -36.40698], [-70.9687, -36.40786], [-70.97124, -36.40736], [-70.97739, -36.4036], [-70.98335, -36.3979], [-70.99165, -36.39548], [-70.99533, -36.39531], [-70.99651, -36.39712], [-70.99659, -36.40067], [-70.9937, -36.40472], [-70.98632, -36.4101], [-70.97899, -36.41181], [-70.9717, -36.41525], [-70.97218, -36.41777], [-70.97605, -36.41976], [-71.02298, -36.40848], [-71.02252, -36.41284], [-71.01908, -36.41724], [-71.00758, -36.42247], [-70.94632, -36.42732], [-70.94523, -36.42906], [-70.94593, -36.43512], [-70.94857, -36.43919], [-70.95306, -36.44347], [-70.95952, -36.4468], [-70.96608, -36.44865], [-70.98608, -36.45128], [-70.98886, -36.45197], [-70.99686, -36.45113], [-71.0311, -36.4285], [-71.03353, -36.42936], [-71.03542, -36.43117], [-71.03453, -36.43553], [-71.03218, -36.43809], [-71.02101, -36.44525], [-71.01604, -36.45094], [-71.01835, -36.45285], [-71.02319, -36.4538], [-71.02759, -36.45373], [-71.03914, -36.45068], [-71.0488, -36.4456], [-71.05418, -36.44516], [-71.05441, -36.44894], [-71.05336, -36.45239], [-71.04825, -36.45832], [-71.02938, -36.46961], [-71.02033, -36.4709], [-71.01408, -36.47054], [-70.99174, -36.46071], [-70.97876, -36.4639], [-70.97638, -36.4652], [-70.97404, -36.46809], [-70.99267, -36.47054], [-70.99269, -36.47157], [-70.98995, -36.47563], [-70.98085, -36.48069], [-70.96825, -36.48157], [-70.9559, -36.48737], [-70.9532, -36.48742], [-70.92721, -36.47543], [-70.93123, -36.48669], [-70.96428, -36.50334], [-70.975, -36.50149], [-70.9783, -36.49342], [-71.00401, -36.4856], [-71.01648, -36.47553], [-71.01782, -36.47408], [-71.02145, -36.47152], [-71.03517, -36.47195], [-71.03552, -36.50264], [-71.03733, -36.51123], [-71.04787, -36.52145], [-71.04271, -36.54048], [-71.04693, -36.53983], [-71.05201, -36.53275], [-71.05951, -36.51409], [-71.05973, -36.49955], [-71.05799, -36.49775], [-71.04471, -36.49419], [-71.04269, -36.49285], [-71.04101, -36.48784], [-71.0421, -36.4797], [-71.04202, -36.47032], [-71.05997, -36.46224], [-71.0616, -36.45901], [-71.06028, -36.45136], [-71.06094, -36.44952], [-71.07467, -36.44838], [-71.06433, -36.43127], [-71.0743, -36.38612], [-71.07826, -36.38571], [-71.08309, -36.38643], [-71.08638, -36.38168], [-71.08933, -36.38083], [-71.09285, -36.38592], [-71.09782, -36.38619], [-71.10073, -36.38373], [-71.10289, -36.37946], [-71.108, -36.37972], [-71.1122, -36.36626], [-71.11332, -36.36555], [-71.11573, -36.36563], [-71.1209, -36.36863], [-71.12473, -36.36914], [-71.1199, -36.35697], [-71.11952, -36.35285], [-71.12181, -36.34835], [-71.12493, -36.3483], [-71.13999, -36.35628], [-71.14113, -36.3566], [-71.14224, -36.35567], [-71.1443, -36.35277], [-71.14452, -36.35037], [-71.14359, -36.34741], [-71.14056, -36.34482], [-71.1403, -36.34014], [-71.14331, -36.33608], [-71.14444, -36.33595], [-71.15807, -36.36009], [-71.17108, -36.34258], [-71.16465, -36.37405], [-71.16756, -36.37709], [-71.17084, -36.37783], [-71.17622, -36.37785], [-71.17722, -36.37246], [-71.17833, -36.37164], [-71.18341, -36.3711], [-71.19122, -36.36638], [-71.23139, -36.36989], [-71.26081, -36.34716], [-71.26493, -36.34228], [-71.2672, -36.33721], [-71.26685, -36.33546], [-71.2624, -36.33202], [-71.25984, -36.33185], [-71.25024, -36.33809], [-71.24463, -36.34002], [-71.23012, -36.33742], [-71.21203, -36.33831], [-71.20144, -36.33392], [-71.19625, -36.33035], [-71.18349, -36.31822], [-71.18161, -36.31138], [-71.20585, -36.31817], [-71.20786, -36.3195], [-71.20924, -36.32348], [-71.21053, -36.32414], [-71.21449, -36.32408], [-71.21877, -36.31976], [-71.22004, -36.31963], [-71.22361, -36.32094], [-71.22769, -36.32544], [-71.22939, -36.32542], [-71.24141, -36.31982], [-71.24455, -36.32091], [-71.25349, -36.32692], [-71.25763, -36.32822], [-71.28703, -36.31266], [-71.28852, -36.30854], [-71.28709, -36.30285], [-71.2758, -36.30363], [-71.27196, -36.30289], [-71.26121, -36.29794], [-71.25847, -36.2957]], [[-71.04037, -36.47168], [-71.04039, -36.47166], [-71.04115, -36.47121], [-71.04037, -36.47168]], [[-71.05584, -36.46294], [-71.05624, -36.46186], [-71.05585, -36.46293], [-71.05584, -36.46294]], [[-71.05729, -36.45897], [-71.0577, -36.45704], [-71.05732, -36.4589], [-71.05729, -36.45897]], [[-71.0577, -36.45702], [-71.05807, -36.45521], [-71.05807, -36.45295], [-71.05807, -36.45524], [-71.0577, -36.45702]], [[-71.05897, -36.44891], [-71.05921, -36.44425], [-71.05926, -36.44383], [-71.05897, -36.4489], [-71.05897, -36.44891]], [[-71.05963, -36.44165], [-71.06015, -36.43862], [-71.06015, -36.43863], [-71.05963, -36.44165]], [[-71.05901, -36.43151], [-71.05927, -36.4287], [-71.05871, -36.4264], [-71.05928, -36.42872], [-71.05901, -36.43151]], [[-71.05922, -36.41897], [-71.05923, -36.41894], [-71.05923, -36.41894], [-71.05922, -36.41897]], [[-71.06191, -36.41565], [-71.06194, -36.41561], [-71.06195, -36.4156], [-71.06191, -36.41565]], [[-71.06198, -36.41556], [-71.06217, -36.41489], [-71.06199, -36.41555], [-71.06198, -36.41556]], [[-71.0625, -36.41368], [-71.0627, -36.40998], [-71.06271, -36.41294], [-71.0625, -36.41368]], [[-71.06269, -36.40721], [-71.06167, -36.40162], [-71.06269, -36.40718], [-71.06269, -36.40721]], [[-71.06697, -36.38613], [-71.06698, -36.38613], [-71.06698, -36.38613], [-71.06697, -36.38613]], [[-71.08221, -36.3774], [-71.08694, -36.37479], [-71.08221, -36.3774]], [[-71.08045, -36.37837], [-71.08173, -36.37767], [-71.08154, -36.37777], [-71.08063, -36.37827], [-71.08045, -36.37837]]]}, "properties": {"composicio": "Secuencias volcanicas", "epoca": "Plioceno Pleistoceno", "era": "CENOZOICO", "geo": "PPl3", "ha": 28813.82, "m2": 288138231.54, "periodo": "Neogeno"}}, {"type": "Feature", "geometry": {"type": "Polygon", "coordinates": [[[-70.99686, -36.45113], [-70.96166, -36.45362], [-70.94127, -36.4411], [-70.92917, -36.4197], [-70.92808, -36.41968], [-70.92314, -36.42391], [-70.91987, -36.42442], [-70.92793, -36.44468], [-70.95418, -36.45855], [-70.97827, -36.45943], [-70.99557, -36.45623], [-70.99887, -36.45289], [-70.99686, -36.45113]]]}, "properties": {"composicio": "S I", "epoca": "S I", "era": "S I", "geo": "S I", "ha": 691.79, "m2": 6917918.34, "periodo": "S I"}}, {"type": "Feature", "geometry": {"type": "Polygon", "coordinates": [[[-70.8909, -36.40742], [-70.88808, -36.46539], [-70.89295, -36.4696], [-70.90222, -36.47295], [-70.92396, -36.4731], [-70.89142, -36.46422], [-70.8908, -36.46171], [-70.89126, -36.45644], [-70.89863, -36.45003], [-70.89964, -36.44418], [-70.8909, -36.40742]]]}, "properties": {"composicio": "Secuencias volcanicas", "epoca": "Plioceno Pleistoceno", "era": "CENOZOICO", "geo": "PPl3", "ha": 524.11, "m2": 5241084.75, "periodo": "Neogeno"}}, {"type": "Feature", "geometry": {"type": "Polygon", "coordinates": [[[-70.59469, -36.04259], [-70.58602, -36.0388], [-70.57936, -36.04518], [-70.57586, -36.04672], [-70.54975, -36.04699], [-70.54289, -36.04894], [-70.53899, -36.05455], [-70.53649, -36.05638], [-70.53641, -36.05987], [-70.53497, -36.0607], [-70.53911, -36.05952], [-70.53894, -36.05758], [-70.54578, -36.05337], [-70.55551, -36.05291], [-70.5606, -36.05342], [-70.56259, -36.05477], [-70.56391, -36.05762], [-70.56631, -36.0577], [-70.56892, -36.05355], [-70.57244, -36.05305], [-70.57499, -36.05348], [-70.5828, -36.05681], [-70.58581, -36.0593], [-70.58481, -36.06709], [-70.5812, -36.07069], [-70.57798, -36.07221], [-70.57558, -36.07201], [-70.56846, -36.06798], [-70.56591, -36.06732], [-70.56493, -36.06791], [-70.56463, -36.07558], [-70.56186, -36.07836], [-70.55933, -36.0793], [-70.5544, -36.07948], [-70.5507, -36.07781], [-70.55059, -36.07129], [-70.54439, -36.07136], [-70.53635, -36.08016], [-70.54289, -36.08305], [-70.54619, -36.08668], [-70.54924, -36.09214], [-70.53996, -36.11113], [-70.55059, -36.13092], [-70.55024, -36.13539], [-70.54871, -36.13701], [-70.54633, -36.13807], [-70.54266, -36.138], [-70.5254, -36.12722], [-70.52266, -36.12393], [-70.52259, -36.11947], [-70.52155, -36.11661], [-70.51883, -36.11379], [-70.51199, -36.10975], [-70.50521, -36.10068], [-70.49756, -36.0995], [-70.49017, -36.09604], [-70.4581, -36.14013], [-70.4591, -36.14092], [-70.46588, -36.14061], [-70.46987, -36.13393], [-70.47127, -36.13334], [-70.4764, -36.13592], [-70.48185, -36.14146], [-70.48693, -36.15021], [-70.48424, -36.15906], [-70.48024, -36.16494], [-70.49268, -36.15668], [-70.49509, -36.15687], [-70.50023, -36.16082], [-70.50263, -36.16079], [-70.50402, -36.15894], [-70.50426, -36.15654], [-70.50185, -36.14695], [-70.50424, -36.14624], [-70.5119, -36.14855], [-70.51585, -36.14805], [-70.51682, -36.14701], [-70.51589, -36.14186], [-70.51636, -36.13625], [-70.51991, -36.13701], [-70.5264, -36.14423], [-70.55502, -36.13693], [-70.555, -36.13489], [-70.55746, -36.12992], [-70.56387, -36.12765], [-70.57105, -36.1277], [-70.57199, -36.1271], [-70.57082, -36.12483], [-70.56658, -36.12333], [-70.56263, -36.12075], [-70.56791, -36.11249], [-70.60496, -36.13783], [-70.61336, -36.14008], [-70.61476, -36.1402], [-70.6189, -36.13475], [-70.64436, -36.1441], [-70.6503, -36.14138], [-70.65021, -36.13517], [-70.65147, -36.13236], [-70.65792, -36.12581], [-70.66162, -36.12437], [-70.66274, -36.12487], [-70.6636, -36.12708], [-70.6639, -36.1383], [-70.6664, -36.13988], [-70.67036, -36.1325], [-70.68095, -36.12492], [-70.68921, -36.12036], [-70.68917, -36.11108], [-70.69295, -36.10401], [-70.68786, -36.10051], [-70.6889, -36.09661], [-70.69371, -36.09464], [-70.7014, -36.09331], [-70.70313, -36.09437], [-70.70197, -36.10012], [-70.73618, -36.09603], [-70.73918, -36.09827], [-70.74093, -36.101], [-70.74395, -36.11869], [-70.75472, -36.12862], [-70.75397, -36.13332], [-70.74674, -36.1396], [-70.75814, -36.17413], [-70.76353, -36.18263], [-70.77424, -36.19588], [-70.77571, -36.19883], [-70.77547, -36.20112], [-70.77203, -36.20564], [-70.77054, -36.2092], [-70.77605, -36.24643], [-70.76648, -36.25014], [-70.75933, -36.25092], [-70.74289, -36.24926], [-70.73449, -36.24559], [-70.73529, -36.24876], [-70.73478, -36.25397], [-70.73104, -36.25857], [-70.72869, -36.25886], [-70.72205, -36.25714], [-70.71133, -36.2508], [-70.7022, -36.24819], [-70.70131, -36.2473], [-70.70085, -36.23956], [-70.69866, -36.23654], [-70.65875, -36.22209], [-70.64199, -36.207], [-70.63038, -36.2023], [-70.62938, -36.2003], [-70.62957, -36.19803], [-70.63479, -36.1956], [-70.63561, -36.19453], [-70.63173, -36.19388], [-70.62952, -36.1924], [-70.62284, -36.18462], [-70.61239, -36.18056], [-70.60795, -36.18145], [-70.60713, -36.18318], [-70.61239, -36.20111], [-70.61812, -36.20353], [-70.6295, -36.20535], [-70.63766, -36.20797], [-70.64308, -36.21174], [-70.64635, -36.21548], [-70.64691, -36.21886], [-70.64607, -36.22298], [-70.63989, -36.22666], [-70.64061, -36.22919], [-70.64276, -36.23128], [-70.64631, -36.23319], [-70.65779, -36.23327], [-70.67235, -36.23734], [-70.6803, -36.24086], [-70.68327, -36.24408], [-70.68377, -36.24897], [-70.69602, -36.25064], [-70.7045, -36.25421], [-70.71056, -36.25913], [-70.7125, -36.26052], [-70.7133, -36.26218], [-70.71316, -36.27031], [-70.71187, -36.27323], [-70.71024, -36.27459], [-70.7076, -36.27479], [-70.7037, -36.27336], [-70.68396, -36.28566], [-70.6839, -36.30193], [-70.71082, -36.34324], [-70.67918, -36.3761], [-70.6783, -36.3876], [-70.69111, -36.40691], [-70.71364, -36.4253], [-70.72036, -36.42717], [-70.73091, -36.42876], [-70.73875, -36.42371], [-70.73579, -36.4115], [-70.74703, -36.40572], [-70.75439, -36.40776], [-70.76704, -36.42266], [-70.77722, -36.42706], [-70.785, -36.4287], [-70.81704, -36.39679], [-70.83145, -36.40293], [-70.8442, -36.41552], [-70.84895, -36.41577], [-70.86145, -36.41141], [-70.86891, -36.40749], [-70.8684, -36.39567], [-70.86441, -36.39458], [-70.86136, -36.39771], [-70.85728, -36.4059], [-70.85477, -36.40765], [-70.84856, -36.40877], [-70.83512, -36.38963], [-70.81136, -36.39158], [-70.81016, -36.38805], [-70.81004, -36.38267], [-70.81343, -36.37507], [-70.83302, -36.35006], [-70.83224, -36.34], [-70.82868, -36.33215], [-70.82859, -36.32105], [-70.82264, -36.31427], [-70.81929, -36.30265], [-70.8187, -36.28777], [-70.82014, -36.28203], [-70.84629, -36.26757], [-70.84359, -36.2604], [-70.83822, -36.25361], [-70.82934, -36.25129], [-70.82604, -36.24882], [-70.82373, -36.23958], [-70.82068, -36.23573], [-70.81891, -36.23176], [-70.81868, -36.22763], [-70.82002, -36.22395], [-70.81924, -36.21996], [-70.77898, -36.19237], [-70.77928, -36.18631], [-70.79018, -36.17254], [-70.79688, -36.17575], [-70.80036, -36.18017], [-70.80407, -36.18218], [-70.83646, -36.18377], [-70.83794, -36.18043], [-70.83785, -36.17585], [-70.8393, -36.1708], [-70.83897, -36.16852], [-70.83438, -36.1648], [-70.83366, -36.15726], [-70.83637, -36.14441], [-70.84229, -36.13676], [-70.843, -36.12337], [-70.84709, -36.11609], [-70.85603, -36.10452], [-70.86342, -36.08609], [-70.86726, -36.08112], [-70.87356, -36.07601], [-70.87213, -36.07074], [-70.82563, -36.04509], [-70.77145, -36.08229], [-70.7697, -36.08284], [-70.75927, -36.08358], [-70.7394, -36.0827], [-70.70992, -36.09165], [-70.68399, -36.08247], [-70.71025, -36.08504], [-70.73775, -36.07459], [-70.76376, -36.0713], [-70.77778, -36.06693], [-70.76886, -36.05907], [-70.76602, -36.05761], [-70.75781, -36.05504], [-70.74772, -36.0549], [-70.75013, -36.05766], [-70.75017, -36.05999], [-70.74458, -36.06399], [-70.69444, -36.07908], [-70.69112, -36.07789], [-70.6885, -36.07414], [-70.69153, -36.04831], [-70.66981, -36.05111], [-70.66362, -36.05576], [-70.65788, -36.05576], [-70.65427, -36.05499], [-70.65053, -36.05542], [-70.65205, -36.06332], [-70.65186, -36.06717], [-70.64111, -36.06898], [-70.64109, -36.07397], [-70.64345, -36.07509], [-70.66128, -36.07939], [-70.66329, -36.08087], [-70.66354, -36.0824], [-70.66276, -36.08366], [-70.65884, -36.08437], [-70.64536, -36.08313], [-70.64118, -36.08631], [-70.64034, -36.08928], [-70.6787, -36.08872], [-70.67325, -36.09224], [-70.66702, -36.09484], [-70.65806, -36.09512], [-70.65947, -36.09981], [-70.65937, -36.10173], [-70.65824, -36.10244], [-70.65553, -36.10199], [-70.64805, -36.09546], [-70.63668, -36.09619], [-70.63287, -36.09869], [-70.63127, -36.10189], [-70.63198, -36.10567], [-70.63822, -36.10953], [-70.63789, -36.11181], [-70.60883, -36.11911], [-70.60174, -36.11002], [-70.57706, -36.10651], [-70.57596, -36.10367], [-70.57694, -36.10162], [-70.58273, -36.09949], [-70.58369, -36.09832], [-70.57044, -36.09196], [-70.56856, -36.09021], [-70.56765, -36.08734], [-70.5791, -36.08759], [-70.5851, -36.08947], [-70.59076, -36.09507], [-70.59543, -36.0953], [-70.59891, -36.09739], [-70.60198, -36.10459], [-70.60547, -36.10748], [-70.60964, -36.1045], [-70.61245, -36.09923], [-70.61618, -36.10293], [-70.61871, -36.1025], [-70.61739, -36.09061], [-70.61755, -36.08367], [-70.6183, -36.08288], [-70.62388, -36.08124], [-70.62573, -36.08147], [-70.62701, -36.08425], [-70.62644, -36.09308], [-70.63056, -36.09364], [-70.63603, -36.08164], [-70.63662, -36.07686], [-70.63562, -36.07561], [-70.63029, -36.07518], [-70.62308, -36.07106], [-70.60787, -36.05295], [-70.6056, -36.05499], [-70.60514, -36.06076], [-70.60636, -36.06558], [-70.61076, -36.07469], [-70.61024, -36.07733], [-70.60868, -36.07836], [-70.60313, -36.0752], [-70.60161, -36.07258], [-70.5976, -36.04748], [-70.59469, -36.04259]], [[-70.73761, -36.27995], [-70.7322, -36.27619], [-70.72517, -36.27266], [-70.72281, -36.26742], [-70.72411, -36.26541], [-70.72766, -36.26371], [-70.73833, -36.26207], [-70.74357, -36.26257], [-70.75018, -36.26751], [-70.75713, -36.27589], [-70.76082, -36.28396], [-70.76229, -36.29808], [-70.76236, -36.30136], [-70.75945, -36.30714], [-70.7554, -36.3072], [-70.75074, -36.30235], [-70.74098, -36.2823], [-70.73761, -36.27995]]]}, "properties": {"composicio": "Secuencias volcanosedimenta", "epoca": "Oligoceno Mioceno", "era": "CENOZOICO", "geo": "OM2c", "ha": 48697.75, "m2": 486977528.15, "periodo": "Paleogeno"}}, {"type": "Feature", "geometry": {"type": "Polygon", "coordinates": [[[-70.70389, -35.92284], [-70.70385, -35.92159], [-70.68991, -35.92206], [-70.68628, -35.92296], [-70.6917, -35.947], [-70.69611, -35.94803], [-70.69885, -35.94957], [-70.69682, -35.9519], [-70.69681, -35.95535], [-70.7097, -35.96051], [-70.71525, -35.95818], [-70.71878, -35.9581], [-70.72165, -35.96329], [-70.72956, -35.96721], [-70.73117, -35.97232], [-70.73765, -35.97204], [-70.73966, -35.97301], [-70.74325, -35.97831], [-70.74598, -35.97949], [-70.74936, -35.97586], [-70.75051, -35.96906], [-70.74948, -35.96416], [-70.73798, -35.95862], [-70.73517, -35.95159], [-70.72418, -35.9481], [-70.72339, -35.94605], [-70.72482, -35.94292], [-70.7236, -35.94043], [-70.71611, -35.93994], [-70.7106, -35.93596], [-70.70375, -35.92651], [-70.70389, -35.92284]]]}, "properties": {"composicio": "Secuencias volcanosedimenta", "epoca": "Oligoceno Mioceno", "era": "CENOZOICO", "geo": "OM2c", "ha": 1378.53, "m2": 13785307.7, "periodo": "Paleogeno"}}, {"type": "Feature", "geometry": {"type": "Polygon", "coordinates": [[[-70.6664, -36.13988], [-70.66162, -36.12437], [-70.64436, -36.1441], [-70.61699, -36.13481], [-70.61591, -36.13724], [-70.61611, -36.13938], [-70.62336, -36.14534], [-70.62282, -36.15981], [-70.61768, -36.16235], [-70.61324, -36.16342], [-70.60847, -36.16363], [-70.60581, -36.16292], [-70.59508, -36.15611], [-70.59331, -36.15787], [-70.59269, -36.1652], [-70.59037, -36.16934], [-70.58684, -36.17104], [-70.57786, -36.17162], [-70.57422, -36.17439], [-70.58435, -36.18754], [-70.59739, -36.191], [-70.61131, -36.20598], [-70.629, -36.21262], [-70.62539, -36.22823], [-70.62901, -36.23518], [-70.63123, -36.23735], [-70.63272, -36.23881], [-70.66446, -36.24049], [-70.7016, -36.26895], [-70.70282, -36.26808], [-70.70253, -36.25977], [-70.70382, -36.25873], [-70.71056, -36.25913], [-70.7045, -36.25421], [-70.69602, -36.25064], [-70.68377, -36.24897], [-70.68327, -36.24408], [-70.6803, -36.24086], [-70.67235, -36.23734], [-70.65779, -36.23327], [-70.64631, -36.23319], [-70.64276, -36.23128], [-70.64061, -36.22919], [-70.63989, -36.22666], [-70.64607, -36.22298], [-70.64691, -36.21886], [-70.64635, -36.21548], [-70.64308, -36.21174], [-70.61052, -36.19849], [-70.60795, -36.18145], [-70.61239, -36.18056], [-70.62284, -36.18462], [-70.62313, -36.18234], [-70.62815, -36.18098], [-70.62186, -36.16979], [-70.62586, -36.16946], [-70.62853, -36.17116], [-70.64713, -36.15006], [-70.67737, -36.16344], [-70.68328, -36.16232], [-70.68826, -36.16042], [-70.69113, -36.16025], [-70.69884, -36.1643], [-70.70289, -36.16385], [-70.70665, -36.15733], [-70.7117, -36.15542], [-70.71898, -36.15554], [-70.72543, -36.16267], [-70.72967, -36.16308], [-70.73249, -36.16163], [-70.73397, -36.1576], [-70.73032, -36.14412], [-70.72879, -36.14149], [-70.72603, -36.13934], [-70.71988, -36.13755], [-70.71561, -36.13772], [-70.71374, -36.14155], [-70.71355, -36.14657], [-70.70812, -36.15055], [-70.70406, -36.15027], [-70.69487, -36.14545], [-70.68105, -36.15353], [-70.67584, -36.15305], [-70.67223, -36.15127], [-70.672, -36.14243], [-70.66957, -36.1406], [-70.6664, -36.13988]]]}, "properties": {"composicio": "Secuencias volcanicas", "epoca": "Plioceno Pleistoceno", "era": "CENOZOICO", "geo": "PPl3", "ha": 4198.49, "m2": 41984897.02, "periodo": "Neogeno"}}, {"type": "Feature", "geometry": {"type": "Polygon", "coordinates": [[[-71.2065, -36.38597], [-71.20709, -36.38292], [-71.20515, -36.37918], [-71.20215, -36.3782], [-71.1894, -36.37808], [-71.17729, -36.38665], [-71.1746, -36.38658], [-71.16643, -36.38272], [-71.16176, -36.38303], [-71.15939, -36.38444], [-71.15919, -36.38777], [-71.18113, -36.39276], [-71.2065, -36.38597]]]}, "properties": {"composicio": "Rocas intrusivas", "epoca": "Mioceno Inferior Medio  22-16 Ma", "era": "CENOZOICO", "geo": "Mimg", "ha": 411.07, "m2": 4110738.94, "periodo": "Neogeno"}}, {"type": "Feature", "geometry": {"type": "Polygon", "coordinates": [[[-71.28809, -36.31899], [-71.28872, -36.31652], [-71.28703, -36.31266], [-71.25763, -36.32822], [-71.25349, -36.32692], [-71.24455, -36.32091], [-71.24141, -36.31982], [-71.22939, -36.32542], [-71.22769, -36.32544], [-71.22361, -36.32094], [-71.22004, -36.31963], [-71.21877, -36.31976], [-71.21449, -36.32408], [-71.21053, -36.32414], [-71.20924, -36.32348], [-71.20786, -36.3195], [-71.20585, -36.31817], [-71.18161, -36.31138], [-71.18349, -36.31822], [-71.19625, -36.33035], [-71.20144, -36.33392], [-71.21203, -36.33831], [-71.23012, -36.33742], [-71.24463, -36.34002], [-71.25024, -36.33809], [-71.25984, -36.33185], [-71.2624, -36.33202], [-71.26685, -36.33546], [-71.28809, -36.31899]]]}, "properties": {"composicio": "Secuencias volcanosedimenta", "epoca": "Oligoceno Mioceno", "era": "CENOZOICO", "geo": "OM2c", "ha": 1304.43, "m2": 13044246.07, "periodo": "Paleogeno"}}, {"type": "Feature", "geometry": {"type": "Polygon", "coordinates": [[[-70.92719, -36.47541], [-70.92721, -36.47543], [-70.92718, -36.47541], [-70.92719, -36.47541]]]}, "properties": {"composicio": "Secuencias volcanicas", "epoca": "Plioceno Pleistoceno", "era": "CENOZOICO", "geo": "PPl3", "ha": 0.0, "m2": 0.44, "periodo": "Neogeno"}}, {"type": "Feature", "geometry": {"type": "Polygon", "coordinates": [[[-71.26839, -36.25414], [-71.26008, -36.27095], [-71.26287, -36.27479], [-71.27035, -36.27958], [-71.27167, -36.28127], [-71.27018, -36.28382], [-71.26203, -36.28591], [-71.26023, -36.28732], [-71.259, -36.28894], [-71.25914, -36.29443], [-71.25847, -36.2957], [-71.26121, -36.29794], [-71.27196, -36.30289], [-71.2758, -36.30363], [-71.28709, -36.30285], [-71.29229, -36.29097], [-71.29502, -36.28714], [-71.29697, -36.28596], [-71.30359, -36.28492], [-71.30662, -36.28177], [-71.30585, -36.27423], [-71.28982, -36.26182], [-71.27864, -36.25631], [-71.26839, -36.25414]]]}, "properties": {"composicio": "Rocas intrusivas", "epoca": "Mioceno  18 6 Ma", "era": "CENOZOICO", "geo": "Mg", "ha": 1511.54, "m2": 15115417.89, "periodo": "Neogeno"}}, {"type": "Feature", "geometry": {"type": "Polygon", "coordinates": [[[-71.15129, -35.83837], [-71.15357, -35.83257], [-71.15334, -35.82719], [-71.14986, -35.82157], [-71.14781, -35.81979], [-71.14097, -35.81793], [-71.13634, -35.81841], [-71.1311, -35.82075], [-71.12645, -35.82077], [-71.12779, -35.8095], [-71.12067, -35.80443], [-71.11598, -35.80332], [-71.11276, -35.80375], [-71.11101, -35.80552], [-71.10952, -35.81004], [-71.10272, -35.81241], [-71.10121, -35.81659], [-71.10415, -35.82444], [-71.11363, -35.8271], [-71.11964, -35.82601], [-71.12275, -35.82637], [-71.12807, -35.83207], [-71.15129, -35.83837]]]}, "properties": {"composicio": "Secuencias volcanicas", "epoca": "Plioceno Pleistoceno", "era": "CENOZOICO", "geo": "PPl3", "ha": 872.75, "m2": 8727496.13, "periodo": "Neogeno"}}, {"type": "Feature", "geometry": {"type": "Polygon", "coordinates": [[[-71.18835, -36.42582], [-71.18495, -36.43127], [-71.1801, -36.4357], [-71.17765, -36.43964], [-71.17685, -36.45281], [-71.1773, -36.45383], [-71.17887, -36.45426], [-71.18117, -36.45536], [-71.19155, -36.4347], [-71.19148, -36.43161], [-71.19085, -36.42921], [-71.18835, -36.42582]]]}, "properties": {"composicio": "Rocas intrusivas", "epoca": "Mioceno Inferior Medio  22-16 Ma", "era": "CENOZOICO", "geo": "Mimg", "ha": 247.26, "m2": 2472592.42, "periodo": "Neogeno"}}, {"type": "Feature", "geometry": {"type": "Polygon", "coordinates": [[[-71.36697, -36.19951], [-71.36223, -36.19125], [-71.3454, -36.1958], [-71.34276, -36.20798], [-71.32516, -36.19995], [-71.32148, -36.19979], [-71.31434, -36.20232], [-71.30345, -36.21797], [-71.30325, -36.22119], [-71.30435, -36.2254], [-71.3036, -36.22907], [-71.29503, -36.23678], [-71.29409, -36.23863], [-71.29495, -36.24446], [-71.3173, -36.25561], [-71.32533, -36.25442], [-71.33092, -36.25192], [-71.33327, -36.24992], [-71.33462, -36.2475], [-71.3341, -36.24384], [-71.33117, -36.2399], [-71.33155, -36.23829], [-71.3328, -36.23769], [-71.34369, -36.23783], [-71.34593, -36.23687], [-71.35079, -36.2282], [-71.35264, -36.21306], [-71.36347, -36.20599], [-71.3658, -36.20297], [-71.36697, -36.19951]]]}, "properties": {"composicio": "Rocas intrusivas", "epoca": "Mioceno  18 6 Ma", "era": "CENOZOICO", "geo": "Mg", "ha": 2367.45, "m2": 23674542.06, "periodo": "Neogeno"}}, {"type": "Feature", "geometry": {"type": "Polygon", "coordinates": [[[-71.27593, -35.89762], [-71.2801, -35.89622], [-71.28088, -35.89471], [-71.28021, -35.89244], [-71.27244, -35.88271], [-71.26906, -35.87663], [-71.26846, -35.86014], [-71.26635, -35.85711], [-71.23198, -35.85095], [-71.20933, -35.8577], [-71.25251, -35.86246], [-71.27593, -35.89762]]]}, "properties": {"composicio": "Secuencias sedimentarias", "epoca": "Pleistoceno Holoceno", "era": "CENOZOICO", "geo": "Q1", "ha": 759.42, "m2": 7594172.98, "periodo": "Cuaternario"}}, {"type": "Feature", "geometry": {"type": "Polygon", "coordinates": [[[-71.25452, -36.45132], [-71.26259, -36.44647], [-71.26461, -36.44243], [-71.26455, -36.44026], [-71.26368, -36.43947], [-71.25708, -36.4365], [-71.24955, -36.43584], [-71.2423, -36.4402], [-71.23528, -36.44296], [-71.23231, -36.44324], [-71.23116, -36.44258], [-71.22888, -36.43644], [-71.22686, -36.43522], [-71.20405, -36.43013], [-71.20419, -36.42463], [-71.20681, -36.42161], [-71.21093, -36.42223], [-71.22201, -36.42855], [-71.22797, -36.42901], [-71.23149, -36.42781], [-71.2424, -36.40083], [-71.24197, -36.39535], [-71.23958, -36.39058], [-71.23626, -36.38835], [-71.22885, -36.38654], [-71.22661, -36.3876], [-71.22499, -36.3905], [-71.22483, -36.40081], [-71.21343, -36.40936], [-71.20822, -36.40499], [-71.20594, -36.40435], [-71.19812, -36.40884], [-71.19558, -36.40945], [-71.19033, -36.40909], [-71.187, -36.40616], [-71.18606, -36.40263], [-71.18754, -36.39975], [-71.19537, -36.39572], [-71.20597, -36.39473], [-71.20822, -36.39389], [-71.21517, -36.38873], [-71.21525, -36.38632], [-71.2125, -36.38397], [-71.18113, -36.39276], [-71.16062, -36.38843], [-71.15773, -36.39157], [-71.15626, -36.39502], [-71.1565, -36.39891], [-71.158, -36.40232], [-71.16361, -36.40555], [-71.17429, -36.40787], [-71.17947, -36.41099], [-71.19085, -36.42921], [-71.19148, -36.43161], [-71.19155, -36.4347], [-71.18948, -36.44241], [-71.18594, -36.44796], [-71.18517, -36.45117], [-71.18257, -36.45465], [-71.18117, -36.45536], [-71.17887, -36.45426], [-71.17873, -36.45987], [-71.18082, -36.46407], [-71.18382, -36.46505], [-71.18831, -36.4628], [-71.19086, -36.46275], [-71.19092, -36.47088], [-71.19251, -36.47748], [-71.19412, -36.47952], [-71.19918, -36.47783], [-71.20433, -36.47396], [-71.20716, -36.47356], [-71.20858, -36.47388], [-71.21069, -36.47842], [-71.21559, -36.48143], [-71.21569, -36.48531], [-71.20727, -36.49427], [-71.20463, -36.49867], [-71.20814, -36.50056], [-71.20976, -36.5027], [-71.20924, -36.51026], [-71.21194, -36.51056], [-71.22169, -36.51427], [-71.2251, -36.51467], [-71.2288, -36.50407], [-71.24223, -36.51299], [-71.24508, -36.51351], [-71.23547, -36.4988], [-71.23598, -36.49674], [-71.24215, -36.49388], [-71.24386, -36.48881], [-71.23596, -36.45783], [-71.2542, -36.46139], [-71.25581, -36.46331], [-71.25594, -36.46811], [-71.25745, -36.47185], [-71.25994, -36.47456], [-71.26513, -36.47778], [-71.26769, -36.47842], [-71.26994, -36.47769], [-71.2715, -36.47217], [-71.27006, -36.4659], [-71.2653, -36.46313], [-71.26297, -36.46077], [-71.26366, -36.4548], [-71.24709, -36.45391], [-71.25314, -36.45214], [-71.25452, -36.45132]], [[-71.18661, -36.41101], [-71.18937, -36.41375], [-71.18983, -36.41421], [-71.18663, -36.41104], [-71.18661, -36.41101]], [[-71.19435, -36.43227], [-71.20485, -36.44734], [-71.19435, -36.43227]], [[-71.21456, -36.45064], [-71.21796, -36.45141], [-71.21456, -36.45064]], [[-71.26042, -36.44519], [-71.26043, -36.44517], [-71.26046, -36.44512], [-71.26051, -36.44502], [-71.26059, -36.44487], [-71.26042, -36.44519]], [[-71.26135, -36.44339], [-71.2614, -36.44329], [-71.26141, -36.44327], [-71.26222, -36.44171], [-71.26135, -36.44339]], [[-71.26327, -36.44097], [-71.26327, -36.44097], [-71.26395, -36.44052], [-71.26327, -36.44097]]]}, "properties": {"composicio": "Secuencias volcanicas", "epoca": "Plioceno Pleistoceno", "era": "CENOZOICO", "geo": "PPl3", "ha": 5892.44, "m2": 58924414.6, "periodo": "Neogeno"}}, {"type": "Feature", "geometry": {"type": "Polygon", "coordinates": [[[-70.75159, -35.71276], [-70.70502, -35.69908], [-70.68706, -35.6888], [-70.68095, -35.68178], [-70.67295, -35.6788], [-70.67265, -35.68201], [-70.6736, -35.68623], [-70.67251, -35.68739], [-70.66553, -35.68925], [-70.65575, -35.68587], [-70.64798, -35.6844], [-70.64701, -35.68497], [-70.66455, -35.701], [-70.65499, -35.70719], [-70.65429, -35.71142], [-70.66706, -35.71863], [-70.67086, -35.72161], [-70.67128, -35.7231], [-70.66552, -35.7254], [-70.66228, -35.72895], [-70.66074, -35.72964], [-70.65905, -35.72929], [-70.6547, -35.72563], [-70.65133, -35.7262], [-70.64908, -35.72792], [-70.64556, -35.73354], [-70.64303, -35.73514], [-70.63853, -35.7356], [-70.63151, -35.73286], [-70.62842, -35.73263], [-70.62434, -35.73596], [-70.62322, -35.73836], [-70.62279, -35.74466], [-70.63177, -35.76012], [-70.63513, -35.76987], [-70.63526, -35.77513], [-70.63414, -35.78064], [-70.62358, -35.79221], [-70.62203, -35.79748], [-70.62258, -35.80653], [-70.62496, -35.81764], [-70.63408, -35.83562], [-70.63309, -35.84044], [-70.62619, -35.84628], [-70.61802, -35.85544], [-70.61562, -35.86266], [-70.61562, -35.86518], [-70.6322, -35.89037], [-70.63232, -35.91466], [-70.60652, -35.933], [-70.59807, -35.95366], [-70.6025, -35.96395], [-70.60617, -35.96775], [-70.62871, -35.96352], [-70.6283, -35.96764], [-70.62309, -35.97935], [-70.62223, -35.99405], [-70.62578, -35.99865], [-70.63048, -35.9998], [-70.63415, -35.99938], [-70.63857, -35.99695], [-70.64053, -35.99179], [-70.64128, -35.96789], [-70.6423, -35.96488], [-70.64366, -35.9637], [-70.64862, -35.96437], [-70.65169, -35.96338], [-70.67067, -35.93528], [-70.67177, -35.9121], [-70.65151, -35.91686], [-70.64947, -35.9152], [-70.64661, -35.91012], [-70.64414, -35.90835], [-70.64304, -35.90528], [-70.64439, -35.89997], [-70.65027, -35.89134], [-70.67559, -35.87522], [-70.67278, -35.89786], [-70.68628, -35.92296], [-70.70979, -35.92211], [-70.71029, -35.91672], [-70.71533, -35.90845], [-70.71885, -35.9048], [-70.72872, -35.90122], [-70.73285, -35.89871], [-70.73566, -35.89485], [-70.73634, -35.89048], [-70.73523, -35.88363], [-70.71999, -35.86833], [-70.70736, -35.85124], [-70.70532, -35.84201], [-70.70616, -35.83832], [-70.70789, -35.83541], [-70.7125, -35.83094], [-70.71956, -35.82777], [-70.77324, -35.81776], [-70.77629, -35.81297], [-70.77621, -35.80725], [-70.78135, -35.78752], [-70.78656, -35.78027], [-70.79492, -35.77466], [-70.79991, -35.77292], [-70.79676, -35.7714], [-70.7905, -35.76607], [-70.78881, -35.76233], [-70.7887, -35.75592], [-70.78229, -35.75036], [-70.77668, -35.72611], [-70.77368, -35.72381], [-70.76916, -35.71761], [-70.7656, -35.71535], [-70.75866, -35.71497], [-70.75733, -35.71388], [-70.75159, -35.71276]]]}, "properties": {"composicio": "Rocas intrusivas", "epoca": "Mioceno  18 6 Ma", "era": "CENOZOICO", "geo": "Mg", "ha": 28968.6, "m2": 289685956.38, "periodo": "Neogeno"}}, {"type": "Feature", "geometry": {"type": "Polygon", "coordinates": [[[-71.2631, -35.64753], [-71.26272, -35.64562], [-71.25414, -35.64852], [-71.2488, -35.65143], [-71.2266, -35.67011], [-71.22796, -35.7002], [-71.20469, -35.7079], [-71.20061, -35.71399], [-71.198, -35.71532], [-71.16201, -35.71859], [-71.10465, -35.70028], [-71.0996, -35.70066], [-71.0873, -35.70549], [-71.08098, -35.70567], [-71.07367, -35.70233], [-71.06484, -35.69652], [-71.05959, -35.69517], [-71.05541, -35.7094], [-71.00778, -35.71729], [-71.00791, -35.72337], [-71.00932, -35.73009], [-71.00651, -35.75034], [-70.99937, -35.76476], [-70.99569, -35.77438], [-70.99022, -35.78473], [-70.96548, -35.79242], [-70.96113, -35.79598], [-70.95593, -35.803], [-70.95213, -35.803], [-70.94503, -35.80147], [-70.93131, -35.80324], [-70.92081, -35.7978], [-70.91101, -35.79556], [-70.90183, -35.79477], [-70.89424, -35.7951], [-70.8817, -35.7982], [-70.86516, -35.80358], [-70.86305, -35.80364], [-70.86202, -35.80252], [-70.84973, -35.80126], [-70.83505, -35.79661], [-70.82811, -35.7921], [-70.82065, -35.78852], [-70.80114, -35.77186], [-70.79991, -35.77292], [-70.80045, -35.77944], [-70.80518, -35.78527], [-70.80796, -35.79138], [-70.82881, -35.80251], [-70.83347, -35.80663], [-70.83385, -35.80902], [-70.79834, -35.82247], [-70.80231, -35.82317], [-70.81315, -35.82321], [-70.82558, -35.8277], [-70.82914, -35.82508], [-70.83365, -35.8182], [-70.83708, -35.81604], [-70.84172, -35.81579], [-70.84435, -35.81825], [-70.84762, -35.81896], [-70.85406, -35.81466], [-70.85974, -35.81221], [-70.88134, -35.81368], [-70.91191, -35.80046], [-70.94426, -35.82041], [-70.96122, -35.81867], [-70.96704, -35.82653], [-70.97233, -35.84563], [-70.97496, -35.84773], [-70.98658, -35.8089], [-70.98943, -35.8063], [-70.99503, -35.80568], [-71.0126, -35.78157], [-71.01302, -35.77491], [-71.01132, -35.76785], [-71.01149, -35.7651], [-71.01625, -35.75797], [-71.01839, -35.74851], [-71.02055, -35.74295], [-71.02533, -35.73639], [-71.03424, -35.72742], [-71.05893, -35.7227], [-71.07148, -35.73024], [-71.0746, -35.72752], [-71.07611, -35.7167], [-71.07829, -35.71193], [-71.08577, -35.71253], [-71.0933, -35.71104], [-71.14646, -35.73154], [-71.15842, -35.72295], [-71.20116, -35.72166], [-71.2065, -35.71972], [-71.21311, -35.71475], [-71.21929, -35.71229], [-71.22175, -35.70989], [-71.22597, -35.70343], [-71.23285, -35.69743], [-71.23462, -35.69405], [-71.23546, -35.69079], [-71.23155, -35.68025], [-71.2413, -35.67941], [-71.24734, -35.67763], [-71.24734, -35.67563], [-71.24426, -35.67317], [-71.24405, -35.67157], [-71.25227, -35.66694], [-71.2487, -35.65903], [-71.2631, -35.64753]]]}, "properties": {"composicio": "Secuencias sedimentarias", "epoca": "Pleistoceno Holoceno", "era": "CENOZOICO", "geo": "Q1", "ha": 7859.01, "m2": 78590102.14, "periodo": "Cuaternario"}}, {"type": "Feature", "geometry": {"type": "Polygon", "coordinates": [[[-71.0533, -36.46581], [-71.04972, -36.46653], [-71.04396, -36.4688], [-71.04202, -36.47032], [-71.0421, -36.4797], [-71.04101, -36.48784], [-71.04269, -36.49285], [-71.04471, -36.49419], [-71.05799, -36.49775], [-71.05973, -36.49955], [-71.05951, -36.51409], [-71.04139, -36.54599], [-71.05324, -36.56804], [-71.04514, -36.59008], [-71.05527, -36.61935], [-71.04201, -36.63134], [-71.03783, -36.64896], [-71.01203, -36.66475], [-71.00641, -36.68591], [-71.00965, -36.69416], [-71.0122, -36.69662], [-71.03542, -36.70304], [-71.03542, -36.70304], [-71.03817, -36.68698], [-71.04407, -36.67166], [-71.08119, -36.62448], [-71.0788, -36.58927], [-71.08363, -36.52945], [-71.08342, -36.50851], [-71.08501, -36.49796], [-71.08995, -36.47887], [-71.09049, -36.46582], [-71.07095, -36.40584], [-71.06928, -36.41287], [-71.0644, -36.42199], [-71.06433, -36.43127], [-71.07467, -36.44838], [-71.06094, -36.44952], [-71.06028, -36.45136], [-71.0616, -36.45901], [-71.05997, -36.46224], [-71.04834, -36.46873], [-71.05069, -36.46765], [-71.05301, -36.46613], [-71.0533, -36.46581]], [[-71.04255, -36.47037], [-71.04259, -36.47035], [-71.04387, -36.46997], [-71.04255, -36.47037]]]}, "properties": {"composicio": "Secuencias volcanicas", "epoca": "Mioceno Inferior Medio", "era": "CENOZOICO", "geo": "M3i", "ha": 8513.52, "m2": 85135200.5, "periodo": "Neogeno"}}, {"type": "Feature", "geometry": {"type": "Polygon", "coordinates": [[[-70.7856, -35.72001], [-70.78298, -35.71916], [-70.78121, -35.72116], [-70.77671, -35.7216], [-70.7764, -35.73642], [-70.7905, -35.76607], [-70.79676, -35.7714], [-70.79991, -35.77292], [-70.80114, -35.77186], [-70.80463, -35.7713], [-70.80375, -35.76675], [-70.79946, -35.76125], [-70.80313, -35.75805], [-70.80098, -35.75353], [-70.80482, -35.7509], [-70.80403, -35.74875], [-70.80101, -35.74711], [-70.8011, -35.74584], [-70.81833, -35.72979], [-70.80363, -35.72412], [-70.79155, -35.72822], [-70.7856, -35.72001]]]}, "properties": {"composicio": "Secuencias volcanicas", "epoca": "Cuaternario", "era": "CENOZOICO", "geo": "Q3i", "ha": 1137.18, "m2": 11371817.57, "periodo": "Cuaternario"}}, {"type": "Feature", "geometry": {"type": "Polygon", "coordinates": [[[-71.20924, -36.51026], [-71.20976, -36.5027], [-71.20814, -36.50056], [-71.20463, -36.49867], [-71.1958, -36.50066], [-71.19356, -36.50196], [-71.19108, -36.50464], [-71.19086, -36.50727], [-71.19206, -36.50977], [-71.19638, -36.51198], [-71.20433, -36.51218], [-71.20924, -36.51026]]]}, "properties": {"composicio": "Rocas intrusivas", "epoca": "Mioceno Inferior Medio  22-16 Ma", "era": "CENOZOICO", "geo": "Mimg", "ha": 199.73, "m2": 1997293.21, "periodo": "Neogeno"}}, {"type": "Feature", "geometry": {"type": "Polygon", "coordinates": [[[-70.93396, -35.63424], [-70.92397, -35.63028], [-70.91595, -35.63005], [-70.91415, -35.63067], [-70.90469, -35.65362], [-70.90313, -35.65332], [-70.9028, -35.65219], [-70.90116, -35.63928], [-70.89662, -35.63459], [-70.891, -35.6313], [-70.84641, -35.62256], [-70.84243, -35.62473], [-70.8366, -35.63016], [-70.83571, -35.63248], [-70.83621, -35.63442], [-70.8415, -35.63313], [-70.8484, -35.63362], [-70.8499, -35.63611], [-70.84924, -35.64059], [-70.82939, -35.648], [-70.8305, -35.64901], [-70.83681, -35.64952], [-70.84114, -35.65239], [-70.84177, -35.65764], [-70.84102, -35.66019], [-70.82542, -35.66004], [-70.81731, -35.6716], [-70.8139, -35.67433], [-70.80633, -35.67477], [-70.7902, -35.67199], [-70.78317, -35.67195], [-70.75623, -35.68022], [-70.75168, -35.67897], [-70.75009, -35.67397], [-70.74822, -35.67287], [-70.73954, -35.69568], [-70.73834, -35.67921], [-70.73218, -35.66516], [-70.72682, -35.64983], [-70.72175, -35.64595], [-70.69779, -35.64738], [-70.69239, -35.6497], [-70.68158, -35.66139], [-70.68262, -35.66481], [-70.6864, -35.66961], [-70.70603, -35.68347], [-70.71457, -35.68697], [-70.72396, -35.69259], [-70.74512, -35.70332], [-70.77374, -35.70669], [-70.78901, -35.72084], [-70.79009, -35.72333], [-70.79012, -35.72757], [-70.81662, -35.72627], [-70.81833, -35.72979], [-70.81753, -35.73451], [-70.8011, -35.74584], [-70.80101, -35.74711], [-70.80403, -35.74875], [-70.80482, -35.7509], [-70.80098, -35.75353], [-70.80313, -35.75805], [-70.79946, -35.76125], [-70.80375, -35.76675], [-70.80463, -35.7713], [-70.83505, -35.79661], [-70.84973, -35.80126], [-70.86202, -35.80252], [-70.86305, -35.80364], [-70.86609, -35.79519], [-70.86476, -35.7864], [-70.8614, -35.77997], [-70.8506, -35.76662], [-70.84474, -35.75371], [-70.84541, -35.74945], [-70.84766, -35.74584], [-70.84984, -35.74395], [-70.85934, -35.73887], [-70.86432, -35.73347], [-70.87509, -35.70727], [-70.87892, -35.70465], [-70.88484, -35.70505], [-70.89308, -35.71067], [-70.89909, -35.71681], [-70.90265, -35.71786], [-70.91494, -35.70904], [-70.93616, -35.72253], [-70.94173, -35.72124], [-70.94762, -35.71728], [-70.95121, -35.71238], [-70.95679, -35.70087], [-70.95979, -35.69872], [-70.96328, -35.69805], [-70.9713, -35.6984], [-70.97333, -35.6965], [-70.97352, -35.69421], [-70.9714, -35.69048], [-70.956, -35.67843], [-70.93368, -35.67207], [-70.93396, -35.63424]]]}, "properties": {"composicio": "Rocas intrusivas", "epoca": "Mioceno  18 6 Ma", "era": "CENOZOICO", "geo": "Mg", "ha": 18744.06, "m2": 187440565.74, "periodo": "Neogeno"}}, {"type": "Feature", "geometry": {"type": "Polygon", "coordinates": [[[-71.43209, -36.18407], [-71.43519, -36.16272], [-71.43632, -36.14245], [-71.43996, -36.12612], [-71.45134, -36.11926], [-71.42646, -36.09732], [-71.42852, -36.09041], [-71.43449, -36.08664], [-71.43611, -36.08408], [-71.43654, -36.07939], [-71.43394, -36.07189], [-71.43319, -36.06514], [-71.44503, -36.06492], [-71.45479, -36.08624], [-71.45857, -36.0849], [-71.45866, -36.08307], [-71.45583, -36.07809], [-71.45577, -36.0758], [-71.45626, -36.07294], [-71.45901, -36.07059], [-71.47488, -36.07314], [-71.47612, -36.06693], [-71.47596, -36.06133], [-71.4775, -36.05581], [-71.47691, -36.05502], [-71.47063, -36.05743], [-71.46711, -36.05762], [-71.46327, -36.04659], [-71.46289, -36.04282], [-71.46987, -36.03032], [-71.475, -36.03743], [-71.48016, -36.03526], [-71.48541, -36.03139], [-71.48534, -36.02888], [-71.48249, -36.02309], [-71.48042, -36.01455], [-71.48039, -36.00837], [-71.48288, -36.00332], [-71.46869, -36.01292], [-71.45732, -36.01688], [-71.44999, -36.02123], [-71.42211, -36.06238], [-71.42167, -36.06709], [-71.42373, -36.07506], [-71.4121, -36.09348], [-71.41317, -36.11692], [-71.41179, -36.13365], [-71.40579, -36.15151], [-71.40269, -36.16724], [-71.39746, -36.17753], [-71.38951, -36.18123], [-71.38419, -36.19335], [-71.3813, -36.19615], [-71.37655, -36.1983], [-71.36697, -36.19951], [-71.3658, -36.20297], [-71.36347, -36.20599], [-71.36672, -36.21108], [-71.37292, -36.21576], [-71.40848, -36.22378], [-71.40516, -36.21092], [-71.41477, -36.21096], [-71.41701, -36.21011], [-71.41794, -36.20814], [-71.41335, -36.20572], [-71.4129, -36.20469], [-71.42422, -36.20013], [-71.42412, -36.19658], [-71.42191, -36.19343], [-71.41121, -36.18962], [-71.40801, -36.18614], [-71.40795, -36.18419], [-71.43209, -36.18407]]]}, "properties": {"composicio": "Secuencias sedimentarias", "epoca": "Pleistoceno Holoceno", "era": "CENOZOICO", "geo": "Q1g", "ha": 6668.76, "m2": 66687608.13, "periodo": "Cuaternario"}}, {"type": "Feature", "geometry": {"type": "Polygon", "coordinates": [[[-70.75706, -35.70484], [-70.7573, -35.70884], [-70.7563, -35.7113], [-70.75454, -35.71203], [-70.75223, -35.71156], [-70.75159, -35.71276], [-70.75733, -35.71388], [-70.75866, -35.71497], [-70.7656, -35.71535], [-70.76916, -35.71761], [-70.77368, -35.72381], [-70.77668, -35.72611], [-70.77752, -35.72572], [-70.77642, -35.72297], [-70.77671, -35.7216], [-70.78121, -35.72116], [-70.78298, -35.71916], [-70.7856, -35.72001], [-70.77374, -35.70669], [-70.75706, -35.70484]]]}, "properties": {"composicio": "S I", "epoca": "S I", "era": "S I", "geo": "S I", "ha": 311.54, "m2": 3115411.91, "periodo": "S I"}}, {"type": "Feature", "geometry": {"type": "Polygon", "coordinates": [[[-71.15244, -36.59251], [-71.15782, -36.59208], [-71.16159, -36.58378], [-71.16952, -36.57734], [-71.17902, -36.56585], [-71.18276, -36.56223], [-71.1912, -36.55888], [-71.19188, -36.55773], [-71.19066, -36.55466], [-71.18708, -36.55357], [-71.17914, -36.55382], [-71.17562, -36.55481], [-71.1741, -36.55643], [-71.17425, -36.56227], [-71.17193, -36.56597], [-71.1566, -36.57789], [-71.15344, -36.58163], [-71.15065, -36.58923], [-71.15244, -36.59251]]]}, "properties": {"composicio": "Secuencias sedimentarias", "epoca": "Pleistoceno Holoceno", "era": "CENOZOICO", "geo": "Q1", "ha": 400.06, "m2": 4000555.56, "periodo": "Cuaternario"}}, {"type": "Feature", "geometry": {"type": "Polygon", "coordinates": [[[-71.31333, -36.51375], [-71.3156, -36.5137], [-71.31778, -36.51069], [-71.31769, -36.50725], [-71.31268, -36.4951], [-71.30995, -36.48337], [-71.29541, -36.4596], [-71.29088, -36.45465], [-71.28961, -36.45478], [-71.28794, -36.45608], [-71.28688, -36.46422], [-71.28447, -36.46953], [-71.28727, -36.47326], [-71.29622, -36.47927], [-71.30134, -36.48479], [-71.31333, -36.51375]], [[-71.30944, -36.49579], [-71.30857, -36.49622], [-71.30851, -36.49629], [-71.30818, -36.49679], [-71.30855, -36.49623], [-71.30944, -36.49579]], [[-71.30859, -36.4974], [-71.30909, -36.49816], [-71.30909, -36.49816], [-71.30859, -36.4974]], [[-71.29368, -36.46471], [-71.29368, -36.46471], [-71.29366, -36.46522], [-71.29368, -36.46471]], [[-71.29357, -36.46717], [-71.29411, -36.46805], [-71.29357, -36.46721], [-71.29357, -36.46717]], [[-71.2956, -36.47786], [-71.29562, -36.47787], [-71.29568, -36.47791], [-71.29771, -36.47925], [-71.2956, -36.47786], [-71.2956, -36.47786]], [[-71.30197, -36.48153], [-71.30578, -36.48276], [-71.30578, -36.48276], [-71.30199, -36.48154], [-71.30197, -36.48153]], [[-71.30786, -36.48633], [-71.30786, -36.48634], [-71.30786, -36.48634], [-71.30786, -36.48633]], [[-71.31288, -36.50885], [-71.31367, -36.51156], [-71.31364, -36.51152], [-71.31288, -36.50885]]]}, "properties": {"composicio": "Secuencias sedimentarias", "epoca": "Pleistoceno Holoceno", "era": "CENOZOICO", "geo": "Q1", "ha": 603.2, "m2": 6031957.31, "periodo": "Cuaternario"}}, {"type": "Feature", "geometry": {"type": "Polygon", "coordinates": [[[-71.42746, -35.80896], [-71.4212, -35.81076], [-71.41576, -35.81483], [-71.41452, -35.81831], [-71.41503, -35.8262], [-71.4144, -35.82771], [-71.40641, -35.8314], [-71.40114, -35.83628], [-71.38067, -35.83497], [-71.37219, -35.82825], [-71.36549, -35.82652], [-71.32711, -35.82761], [-71.28604, -35.83794], [-71.28169, -35.84128], [-71.28032, -35.84534], [-71.31492, -35.83818], [-71.3704, -35.84733], [-71.38269, -35.85416], [-71.38583, -35.86117], [-71.38851, -35.86429], [-71.39374, -35.86458], [-71.39818, -35.86307], [-71.40337, -35.86268], [-71.40482, -35.86366], [-71.4057, -35.86741], [-71.41346, -35.8675], [-71.4162, -35.86891], [-71.42413, -35.88481], [-71.42772, -35.88607], [-71.43467, -35.88413], [-71.43717, -35.88646], [-71.43753, -35.89103], [-71.43891, -35.89327], [-71.44528, -35.89399], [-71.44651, -35.89613], [-71.44673, -35.9007], [-71.44529, -35.90602], [-71.44049, -35.9114], [-71.44928, -35.90991], [-71.45342, -35.90518], [-71.45391, -35.9007], [-71.45247, -35.891], [-71.45194, -35.87693], [-71.44982, -35.8739], [-71.4457, -35.87323], [-71.44337, -35.87148], [-71.46055, -35.84777], [-71.42952, -35.84682], [-71.42786, -35.84436], [-71.42836, -35.84319], [-71.43585, -35.84078], [-71.44011, -35.83846], [-71.44388, -35.8349], [-71.43931, -35.83058], [-71.44501, -35.82593], [-71.44591, -35.82429], [-71.44528, -35.82282], [-71.44054, -35.8208], [-71.44243, -35.81615], [-71.44268, -35.81248], [-71.43952, -35.8112], [-71.4298, -35.81106], [-71.42746, -35.80896]]]}, "properties": {"composicio": "Secuencias sedimentarias", "epoca": "Plioceno Pleistoceno", "era": "CENOZOICO", "geo": "PPl1r", "ha": 4746.81, "m2": 47468090.24, "periodo": "Neogeno"}}, {"type": "Feature", "geometry": {"type": "Polygon", "coordinates": [[[-71.28788, -36.55393], [-71.29028, -36.55332], [-71.29078, -36.55113], [-71.28433, -36.5382], [-71.28316, -36.52609], [-71.2771, -36.52254], [-71.27202, -36.52366], [-71.26747, -36.51768], [-71.2643, -36.51591], [-71.27051, -36.54155], [-71.28788, -36.55393]]]}, "properties": {"composicio": "Rocas intrusivas", "epoca": "Mioceno Inferior Medio  22-16 Ma", "era": "CENOZOICO", "geo": "Mimg", "ha": 415.0, "m2": 4149970.36, "periodo": "Neogeno"}}, {"type": "Feature", "geometry": {"type": "Polygon", "coordinates": [[[-71.25789, -36.59522], [-71.26086, -36.5946], [-71.26148, -36.59138], [-71.25537, -36.586], [-71.24819, -36.58304], [-71.24715, -36.58111], [-71.24707, -36.57814], [-71.25096, -36.56949], [-71.24991, -36.56733], [-71.23964, -36.57094], [-71.23633, -36.56929], [-71.23392, -36.56396], [-71.23146, -36.56228], [-71.21421, -36.5595], [-71.20478, -36.54605], [-71.20314, -36.56519], [-71.20518, -36.56699], [-71.20903, -36.56795], [-71.21669, -36.56758], [-71.23632, -36.58497], [-71.25789, -36.59522]]]}, "properties": {"composicio": "Secuencias sedimentarias", "epoca": "Pleistoceno Holoceno", "era": "CENOZOICO", "geo": "Q1", "ha": 770.28, "m2": 7702759.93, "periodo": "Cuaternario"}}, {"type": "Feature", "geometry": {"type": "Polygon", "coordinates": [[[-71.12561, -35.70785], [-71.12789, -35.70667], [-71.13782, -35.70545], [-71.13986, -35.7039], [-71.141, -35.70112], [-71.14088, -35.69849], [-71.11858, -35.69296], [-71.1165, -35.6905], [-71.11639, -35.68787], [-71.11942, -35.68022], [-71.13807, -35.67611], [-71.16827, -35.68529], [-71.17203, -35.6815], [-71.17294, -35.67667], [-71.16993, -35.66885], [-71.16962, -35.65889], [-71.16063, -35.65251], [-71.15785, -35.65306], [-71.15584, -35.65839], [-71.14082, -35.65563], [-71.14016, -35.65336], [-71.14216, -35.65089], [-71.1449, -35.64921], [-71.14167, -35.643], [-71.13922, -35.64158], [-71.1334, -35.64015], [-71.11242, -35.64846], [-71.11076, -35.62971], [-71.07749, -35.63665], [-71.07547, -35.63866], [-71.07183, -35.6453], [-71.06757, -35.6476], [-71.06541, -35.64618], [-71.06474, -35.64378], [-71.06543, -35.6338], [-71.0496, -35.6314], [-71.0488, -35.62901], [-71.05311, -35.62156], [-71.05318, -35.61662], [-71.0498, -35.60973], [-71.04364, -35.60361], [-71.00581, -35.59543], [-70.99664, -35.59099], [-70.9801, -35.57806], [-70.97426, -35.57594], [-70.97117, -35.57602], [-70.96825, -35.57667], [-70.96611, -35.57914], [-70.95303, -35.61561], [-70.95671, -35.61964], [-70.96665, -35.62577], [-70.97122, -35.63091], [-70.98157, -35.65777], [-70.98537, -35.66144], [-70.99426, -35.66565], [-71.0084, -35.67454], [-71.00837, -35.67705], [-70.99983, -35.67787], [-70.99626, -35.68004], [-70.99585, -35.6836], [-70.99675, -35.68496], [-71.02371, -35.69782], [-71.02372, -35.70125], [-71.02138, -35.70258], [-71.01368, -35.70338], [-71.00159, -35.70338], [-70.99596, -35.7064], [-70.99459, -35.71068], [-70.99498, -35.71331], [-70.99601, -35.71454], [-70.99834, -35.71642], [-71.00119, -35.71737], [-71.00778, -35.71729], [-71.05541, -35.7094], [-71.05959, -35.69517], [-71.06484, -35.69652], [-71.07367, -35.70233], [-71.08098, -35.70567], [-71.0873, -35.70549], [-71.0996, -35.70066], [-71.10465, -35.70028], [-71.12561, -35.70785]], [[-71.03657, -35.66937], [-71.01051, -35.6409], [-71.00769, -35.64063], [-71.00676, -35.64181], [-71.00658, -35.64444], [-71.01031, -35.64961], [-71.01039, -35.65144], [-71.0096, -35.65272], [-71.00682, -35.65338], [-71.00285, -35.64914], [-70.99888, -35.64146], [-70.99376, -35.62647], [-70.98853, -35.62239], [-70.97583, -35.61758], [-70.97178, -35.6146], [-70.97013, -35.61213], [-70.96986, -35.60893], [-70.97907, -35.59389], [-70.99676, -35.60748], [-71.00579, -35.60527], [-71.0093, -35.60518], [-71.01359, -35.607], [-71.01998, -35.61198], [-71.02471, -35.6178], [-71.03556, -35.6286], [-71.04692, -35.6615], [-71.04637, -35.66519], [-71.04369, -35.66813], [-71.03657, -35.66937]]]}, "properties": {"composicio": "Rocas intrusivas", "epoca": "Mioceno  18 6 Ma", "era": "CENOZOICO", "geo": "Mg", "ha": 12392.03, "m2": 123920312.26, "periodo": "Neogeno"}}, {"type": "Feature", "geometry": {"type": "Polygon", "coordinates": [[[-70.88204, -35.62503], [-70.87981, -35.62543], [-70.87697, -35.62803], [-70.86925, -35.62813], [-70.89662, -35.63459], [-70.90116, -35.63928], [-70.9028, -35.65219], [-70.90313, -35.65332], [-70.90469, -35.65362], [-70.90623, -35.65357], [-70.90787, -35.65227], [-70.90857, -35.64183], [-70.90991, -35.63674], [-70.91186, -35.6329], [-70.91415, -35.63067], [-70.91595, -35.63005], [-70.94354, -35.63489], [-70.95625, -35.64347], [-70.96573, -35.64835], [-70.96952, -35.64836], [-70.97141, -35.64648], [-70.93922, -35.6255], [-70.93688, -35.62304], [-70.93264, -35.61548], [-70.92991, -35.61396], [-70.90012, -35.61696], [-70.89162, -35.62224], [-70.88651, -35.62421], [-70.88204, -35.62503]]]}, "properties": {"composicio": "Secuencias sedimentarias", "epoca": "Pleistoceno Holoceno", "era": "CENOZOICO", "geo": "Q1", "ha": 1207.72, "m2": 12077215.67, "periodo": "Cuaternario"}}, {"type": "Feature", "geometry": {"type": "Polygon", "coordinates": [[[-71.1959, -36.60915], [-71.20843, -36.5992], [-71.2082, -36.59577], [-71.20428, -36.58738], [-71.18778, -36.60288], [-71.18745, -36.60632], [-71.19105, -36.60856], [-71.1959, -36.60915]]]}, "properties": {"composicio": "Rocas intrusivas", "epoca": "Mioceno Inferior Medio  22-16 Ma", "era": "CENOZOICO", "geo": "Mimg", "ha": 233.49, "m2": 2334918.9, "periodo": "Neogeno"}}, {"type": "Feature", "geometry": {"type": "Polygon", "coordinates": [[[-71.03657, -35.66937], [-71.04369, -35.66813], [-71.04637, -35.66519], [-71.04692, -35.6615], [-71.03556, -35.6286], [-71.02471, -35.6178], [-71.01998, -35.61198], [-71.01359, -35.607], [-71.0093, -35.60518], [-71.00579, -35.60527], [-70.99676, -35.60748], [-70.97907, -35.59389], [-70.96986, -35.60893], [-70.97013, -35.61213], [-70.97178, -35.6146], [-70.97583, -35.61758], [-70.98853, -35.62239], [-70.99376, -35.62647], [-70.99888, -35.64146], [-71.00285, -35.64914], [-71.00682, -35.65338], [-71.0096, -35.65272], [-71.01039, -35.65144], [-71.01031, -35.64961], [-71.00658, -35.64444], [-71.00676, -35.64181], [-71.00769, -35.64063], [-71.01051, -35.6409], [-71.03657, -35.66937]]]}, "properties": {"composicio": "Secuencias volcanicas", "epoca": "Plioceno Pleistoceno", "era": "CENOZOICO", "geo": "PPl3", "ha": 2331.74, "m2": 23317364.42, "periodo": "Neogeno"}}, {"type": "Feature", "geometry": {"type": "Polygon", "coordinates": [[[-71.28124, -35.65982], [-71.2631, -35.64753], [-71.2487, -35.65903], [-71.25227, -35.66694], [-71.24405, -35.67157], [-71.24426, -35.67317], [-71.24734, -35.67563], [-71.24734, -35.67763], [-71.2413, -35.67941], [-71.23155, -35.68025], [-71.23462, -35.69405], [-71.21929, -35.71229], [-71.21311, -35.71475], [-71.2065, -35.71972], [-71.20116, -35.72166], [-71.15299, -35.726], [-71.19174, -35.73166], [-71.23682, -35.71747], [-71.24916, -35.71943], [-71.26393, -35.69792], [-71.28702, -35.69417], [-71.29741, -35.68056], [-71.32125, -35.68767], [-71.29298, -35.69526], [-71.31935, -35.70061], [-71.31717, -35.70816], [-71.31962, -35.70645], [-71.32362, -35.7069], [-71.32532, -35.70578], [-71.32601, -35.70382], [-71.32412, -35.69889], [-71.32601, -35.6974], [-71.32797, -35.70994], [-71.33744, -35.70336], [-71.33688, -35.70171], [-71.33015, -35.69403], [-71.32932, -35.6907], [-71.33696, -35.68837], [-71.34411, -35.70102], [-71.35442, -35.69484], [-71.35449, -35.69387], [-71.35274, -35.69307], [-71.34783, -35.6957], [-71.34629, -35.69038], [-71.34341, -35.68814], [-71.35023, -35.67795], [-71.32737, -35.66191], [-71.32562, -35.6638], [-71.32414, -35.66906], [-71.32204, -35.67084], [-71.30289, -35.67237], [-71.29959, -35.67042], [-71.29925, -35.66698], [-71.29813, -35.6655], [-71.29631, -35.66509], [-71.29217, -35.66761], [-71.28992, -35.66789], [-71.28796, -35.66675], [-71.28741, -35.66403], [-71.28124, -35.65982]]]}, "properties": {"composicio": "S I", "epoca": "S I", "era": "S I", "geo": "S I", "ha": 4574.41, "m2": 45744139.87, "periodo": "S I"}}, {"type": "Feature", "geometry": {"type": "Polygon", "coordinates": [[[-71.23545, -36.36788], [-71.19122, -36.36638], [-71.18341, -36.3711], [-71.17833, -36.37164], [-71.17722, -36.37246], [-71.17622, -36.37785], [-71.17084, -36.37783], [-71.16756, -36.37709], [-71.16465, -36.37405], [-71.17108, -36.34258], [-71.15807, -36.36009], [-71.14331, -36.33608], [-71.14113, -36.3566], [-71.13999, -36.35628], [-71.12493, -36.3483], [-71.12181, -36.34835], [-71.11952, -36.35285], [-71.1199, -36.35697], [-71.12473, -36.36914], [-71.1209, -36.36863], [-71.11573, -36.36563], [-71.11332, -36.36555], [-71.1122, -36.36626], [-71.108, -36.37972], [-71.10289, -36.37946], [-71.10073, -36.38373], [-71.09782, -36.38619], [-71.09285, -36.38592], [-71.08933, -36.38083], [-71.08638, -36.38168], [-71.08309, -36.38643], [-71.07826, -36.38571], [-71.0743, -36.38612], [-71.07231, -36.39164], [-71.07095, -36.40584], [-71.09049, -36.46582], [-71.08995, -36.47887], [-71.08501, -36.49796], [-71.08342, -36.50851], [-71.08363, -36.52945], [-71.0788, -36.58927], [-71.08119, -36.62448], [-71.04407, -36.67166], [-71.03817, -36.68698], [-71.03542, -36.70304], [-71.06547, -36.71285], [-71.06925, -36.71074], [-71.07395, -36.70651], [-71.07574, -36.70354], [-71.07678, -36.69061], [-71.08384, -36.68061], [-71.1126, -36.67838], [-71.11617, -36.70094], [-71.11117, -36.71015], [-71.11062, -36.72858], [-71.11864, -36.7405], [-71.1174, -36.75252], [-71.12648, -36.76398], [-71.13299, -36.81213], [-71.15204, -36.82544], [-71.16539, -36.81997], [-71.17483, -36.84138], [-71.16126, -36.85808], [-71.14156, -36.85301], [-71.12219, -36.86145], [-71.12061, -36.8666], [-71.12622, -36.87277], [-71.12641, -36.86946], [-71.12885, -36.86416], [-71.13763, -36.86218], [-71.1429, -36.8622], [-71.14578, -36.86329], [-71.15277, -36.86901], [-71.15333, -36.87415], [-71.15866, -36.88195], [-71.1595, -36.88663], [-71.13709, -36.92833], [-71.09615, -36.92476], [-71.08765, -36.92995], [-71.08627, -36.93739], [-71.1041, -36.96798], [-71.10832, -36.96873], [-71.10832, -36.96873], [-71.11039, -36.96381], [-71.11127, -36.95899], [-71.10895, -36.95216], [-71.10433, -36.94411], [-71.10302, -36.93739], [-71.10365, -36.93417], [-71.1064, -36.93001], [-71.11152, -36.92946], [-71.12116, -36.9325], [-71.13272, -36.93265], [-71.13489, -36.93375], [-71.13491, -36.94588], [-71.13674, -36.96187], [-71.14002, -36.96742], [-71.14671, -36.97223], [-71.14695, -36.94247], [-71.15185, -36.93861], [-71.15769, -36.93839], [-71.16115, -36.92894], [-71.16655, -36.92245], [-71.17202, -36.91903], [-71.19045, -36.92008], [-71.19151, -36.91719], [-71.19039, -36.91253], [-71.19128, -36.90827], [-71.21571, -36.89388], [-71.21623, -36.89192], [-71.21211, -36.88708], [-71.21333, -36.88453], [-71.21655, -36.8823], [-71.22235, -36.88048], [-71.2257, -36.87802], [-71.25958, -36.83381], [-71.27262, -36.85222], [-71.26795, -36.87451], [-71.27169, -36.87604], [-71.27583, -36.87619], [-71.28218, -36.87905], [-71.28542, -36.88265], [-71.28687, -36.8888], [-71.28815, -36.88878], [-71.29903, -36.86947], [-71.30065, -36.87138], [-71.30158, -36.87434], [-71.30383, -36.88871], [-71.31326, -36.89472], [-71.31627, -36.89523], [-71.30978, -36.86664], [-71.28592, -36.83836], [-71.28611, -36.83492], [-71.2885, -36.83286], [-71.2782, -36.83209], [-71.24949, -36.80274], [-71.24796, -36.79877], [-71.24723, -36.7926], [-71.24915, -36.77952], [-71.25395, -36.76192], [-71.25509, -36.74611], [-71.2451, -36.7448], [-71.24419, -36.74265], [-71.28303, -36.70051], [-71.28301, -36.69959], [-71.27906, -36.69566], [-71.28017, -36.68419], [-71.26526, -36.65826], [-71.26599, -36.65389], [-71.26876, -36.65122], [-71.282, -36.66768], [-71.28575, -36.66978], [-71.29077, -36.67118], [-71.29746, -36.67163], [-71.35049, -36.65392], [-71.33665, -36.61871], [-71.33769, -36.61502], [-71.3531, -36.58166], [-71.35383, -36.56723], [-71.35269, -36.52102], [-71.34961, -36.49716], [-71.3005, -36.40674], [-71.29342, -36.39703], [-71.28597, -36.39317], [-71.28307, -36.39082], [-71.28006, -36.38412], [-71.27977, -36.37863], [-71.27642, -36.36988], [-71.26858, -36.36235], [-71.26572, -36.3615], [-71.26319, -36.362], [-71.24192, -36.37726], [-71.23929, -36.37422], [-71.23813, -36.36761], [-71.23545, -36.36788]], [[-71.31333, -36.51375], [-71.30134, -36.48479], [-71.29622, -36.47927], [-71.28727, -36.47326], [-71.28447, -36.46953], [-71.28688, -36.46422], [-71.28794, -36.45608], [-71.28961, -36.45478], [-71.29088, -36.45465], [-71.29541, -36.4596], [-71.30995, -36.48337], [-71.31268, -36.4951], [-71.31769, -36.50725], [-71.31778, -36.51069], [-71.3156, -36.5137], [-71.31333, -36.51375]], [[-71.28788, -36.55393], [-71.27051, -36.54155], [-71.2643, -36.51591], [-71.26747, -36.51768], [-71.27202, -36.52366], [-71.2771, -36.52254], [-71.28316, -36.52609], [-71.28433, -36.5382], [-71.29078, -36.55113], [-71.29028, -36.55332], [-71.28788, -36.55393]], [[-71.15244, -36.59251], [-71.15065, -36.58923], [-71.15344, -36.58163], [-71.1566, -36.57789], [-71.17193, -36.56597], [-71.17425, -36.56227], [-71.1741, -36.55643], [-71.17562, -36.55481], [-71.17914, -36.55382], [-71.18708, -36.55357], [-71.19066, -36.55466], [-71.19188, -36.55773], [-71.1912, -36.55888], [-71.18276, -36.56223], [-71.17902, -36.56585], [-71.16952, -36.57734], [-71.16159, -36.58378], [-71.15782, -36.59208], [-71.15244, -36.59251]], [[-71.25789, -36.59522], [-71.23632, -36.58497], [-71.21669, -36.56758], [-71.20903, -36.56795], [-71.20518, -36.56699], [-71.20314, -36.56519], [-71.20478, -36.54605], [-71.21421, -36.5595], [-71.23146, -36.56228], [-71.23392, -36.56396], [-71.23633, -36.56929], [-71.23964, -36.57094], [-71.24991, -36.56733], [-71.25096, -36.56949], [-71.24707, -36.57814], [-71.24715, -36.58111], [-71.24819, -36.58304], [-71.25537, -36.586], [-71.26148, -36.59138], [-71.26086, -36.5946], [-71.25789, -36.59522]], [[-71.1959, -36.60915], [-71.19105, -36.60856], [-71.18745, -36.60632], [-71.18778, -36.60288], [-71.20428, -36.58738], [-71.2082, -36.59577], [-71.20843, -36.5992], [-71.1959, -36.60915]], [[-71.32323, -36.61095], [-71.32103, -36.60859], [-71.31781, -36.59984], [-71.31667, -36.59986], [-71.3122, -36.60257], [-71.30823, -36.60277], [-71.31233, -36.58632], [-71.29884, -36.57066], [-71.29805, -36.5677], [-71.29836, -36.56335], [-71.30121, -36.55883], [-71.31576, -36.57161], [-71.31773, -36.57615], [-71.31952, -36.58458], [-71.32189, -36.58797], [-71.32615, -36.58801], [-71.32547, -36.5736], [-71.32683, -36.57163], [-71.33016, -36.57374], [-71.33297, -36.57792], [-71.33768, -36.58916], [-71.34086, -36.60112], [-71.33919, -36.60264], [-71.33663, -36.60245], [-71.32685, -36.59795], [-71.32519, -36.5997], [-71.3263, -36.60906], [-71.32323, -36.61095]], [[-71.27956, -36.44711], [-71.27956, -36.44711], [-71.27956, -36.44711], [-71.27956, -36.44711]], [[-71.27763, -36.44644], [-71.27867, -36.4468], [-71.2777, -36.44647], [-71.2777, -36.44647], [-71.27768, -36.44646], [-71.27763, -36.44644]], [[-71.27727, -36.44631], [-71.27741, -36.44636], [-71.27731, -36.44633], [-71.27727, -36.44631]], [[-71.27553, -36.44571], [-71.27701, -36.44622], [-71.27699, -36.44622], [-71.27689, -36.44618], [-71.27633, -36.44599], [-71.27628, -36.44597], [-71.27623, -36.44595], [-71.27603, -36.44588], [-71.27556, -36.44572], [-71.27553, -36.44571]], [[-71.28286, -36.45187], [-71.28339, -36.45304], [-71.28538, -36.45589], [-71.28341, -36.45309], [-71.28286, -36.45187]], [[-71.31559, -36.51634], [-71.31559, -36.51634], [-71.31559, -36.51654], [-71.31559, -36.51634]], [[-71.33145, -36.54269], [-71.33645, -36.54434], [-71.33435, -36.54365], [-71.33145, -36.54269], [-71.33145, -36.54269]], [[-71.33672, -36.54431], [-71.33881, -36.54382], [-71.34014, -36.54274], [-71.33882, -36.54381], [-71.33672, -36.54431]], [[-71.34016, -36.54273], [-71.34026, -36.54261], [-71.3402, -36.5427], [-71.34016, -36.54273]], [[-71.34026, -36.54261], [-71.34066, -36.54204], [-71.341, -36.54157], [-71.34235, -36.53854], [-71.34104, -36.54152], [-71.34026, -36.54261]], [[-71.34268, -36.53779], [-71.34486, -36.53589], [-71.34486, -36.53591], [-71.34268, -36.53779]], [[-71.34452, -36.53297], [-71.34452, -36.53297], [-71.34534, -36.53083], [-71.34684, -36.52692], [-71.34684, -36.52693], [-71.34452, -36.53297]], [[-71.3466, -36.52102], [-71.34668, -36.52054], [-71.34671, -36.52049], [-71.3466, -36.52102]], [[-71.34727, -36.51964], [-71.34748, -36.51934], [-71.34748, -36.51934], [-71.34727, -36.51964]], [[-71.34967, -36.51742], [-71.35073, -36.51649], [-71.35073, -36.51648], [-71.35072, -36.5165], [-71.34967, -36.51742]], [[-71.12181, -36.36962], [-71.12181, -36.36962], [-71.12219, -36.36975], [-71.12181, -36.36962]], [[-71.12411, -36.3704], [-71.1248, -36.37063], [-71.12607, -36.37126], [-71.12603, -36.37124], [-71.1248, -36.37063], [-71.12411, -36.3704]], [[-71.1263, -36.37137], [-71.12699, -36.37171], [-71.12639, -36.37141], [-71.1263, -36.37137]], [[-71.13079, -36.3744], [-71.13081, -36.37442], [-71.13269, -36.37613], [-71.13079, -36.3744]], [[-71.12737, -36.37198], [-71.12854, -36.3728], [-71.12741, -36.37201], [-71.12737, -36.37198]], [[-71.13742, -36.38046], [-71.13828, -36.38125], [-71.13828, -36.38125], [-71.13813, -36.38112], [-71.13742, -36.38046]], [[-71.13583, -36.37901], [-71.13675, -36.37985], [-71.13597, -36.37914], [-71.13583, -36.37901]], [[-71.14693, -36.39095], [-71.14699, -36.39101], [-71.14718, -36.39128], [-71.1471, -36.39119], [-71.14695, -36.39097], [-71.14693, -36.39095]], [[-71.14748, -36.39171], [-71.14868, -36.39339], [-71.1477, -36.39202], [-71.14766, -36.39196], [-71.1475, -36.39173], [-71.14748, -36.39171]], [[-71.15429, -36.39994], [-71.15473, -36.40031], [-71.15473, -36.40031], [-71.15429, -36.39994]], [[-71.2584, -36.448], [-71.25443, -36.44857], [-71.25331, -36.44927], [-71.25334, -36.45018], [-71.26366, -36.4548], [-71.26297, -36.46077], [-71.2653, -36.46313], [-71.27006, -36.4659], [-71.2715, -36.47217], [-71.26994, -36.47769], [-71.26769, -36.47842], [-71.26513, -36.47778], [-71.25994, -36.47456], [-71.2542, -36.46139], [-71.23545, -36.46001], [-71.24386, -36.48881], [-71.24215, -36.49388], [-71.23598, -36.49674], [-71.23547, -36.4988], [-71.24508, -36.51351], [-71.24223, -36.51299], [-71.2288, -36.50407], [-71.2251, -36.51467], [-71.19206, -36.50977], [-71.19086, -36.50727], [-71.19108, -36.50464], [-71.19356, -36.50196], [-71.1958, -36.50066], [-71.20463, -36.49867], [-71.20727, -36.49427], [-71.21569, -36.48531], [-71.21559, -36.48143], [-71.21069, -36.47842], [-71.20858, -36.47388], [-71.20716, -36.47356], [-71.20433, -36.47396], [-71.19918, -36.47783], [-71.19412, -36.47952], [-71.19251, -36.47748], [-71.19092, -36.47088], [-71.19086, -36.46275], [-71.18831, -36.4628], [-71.18382, -36.46505], [-71.18082, -36.46407], [-71.17765, -36.43964], [-71.1801, -36.4357], [-71.18495, -36.43127], [-71.18835, -36.42582], [-71.18621, -36.42506], [-71.18316, -36.41664], [-71.17947, -36.41099], [-71.17429, -36.40787], [-71.16361, -36.40555], [-71.158, -36.40232], [-71.15939, -36.38444], [-71.17729, -36.38665], [-71.1894, -36.37808], [-71.20215, -36.3782], [-71.20515, -36.37918], [-71.20709, -36.38292], [-71.2065, -36.38597], [-71.21009, -36.38424], [-71.2125, -36.38397], [-71.21525, -36.38632], [-71.21517, -36.38873], [-71.20822, -36.39389], [-71.20597, -36.39473], [-71.19537, -36.39572], [-71.18754, -36.39975], [-71.18606, -36.40263], [-71.187, -36.40616], [-71.19033, -36.40909], [-71.19558, -36.40945], [-71.19812, -36.40884], [-71.20594, -36.40435], [-71.20822, -36.40499], [-71.21343, -36.40936], [-71.21583, -36.40886], [-71.21996, -36.4041], [-71.22332, -36.40255], [-71.22483, -36.40081], [-71.22499, -36.3905], [-71.22661, -36.3876], [-71.22885, -36.38654], [-71.23626, -36.38835], [-71.23958, -36.39058], [-71.24197, -36.39535], [-71.2424, -36.40083], [-71.23149, -36.42781], [-71.22797, -36.42901], [-71.22201, -36.42855], [-71.21093, -36.42223], [-71.20681, -36.42161], [-71.20419, -36.42463], [-71.20405, -36.43013], [-71.22686, -36.43522], [-71.22888, -36.43644], [-71.23116, -36.44258], [-71.23231, -36.44324], [-71.25708, -36.4365], [-71.26368, -36.43947], [-71.26455, -36.44026], [-71.25588, -36.45051], [-71.2584, -36.448]]]}, "properties": {"composicio": "Secuencias volcanosedimenta", "epoca": "Oligoceno Mioceno", "era": "CENOZOICO", "geo": "OM2c", "ha": 99123.24, "m2": 991232416.63, "periodo": "Paleogeno"}}, {"type": "Feature", "geometry": {"type": "Polygon", "coordinates": [[[-71.32323, -36.61095], [-71.3263, -36.60906], [-71.32519, -36.5997], [-71.32685, -36.59795], [-71.33663, -36.60245], [-71.33919, -36.60264], [-71.34086, -36.60112], [-71.33768, -36.58916], [-71.33297, -36.57792], [-71.33016, -36.57374], [-71.32683, -36.57163], [-71.32547, -36.5736], [-71.32615, -36.58801], [-71.32189, -36.58797], [-71.31952, -36.58458], [-71.31773, -36.57615], [-71.31576, -36.57161], [-71.30121, -36.55883], [-71.29836, -36.56335], [-71.29805, -36.5677], [-71.29884, -36.57066], [-71.31233, -36.58632], [-71.30823, -36.60277], [-71.3122, -36.60257], [-71.31667, -36.59986], [-71.31781, -36.59984], [-71.32103, -36.60859], [-71.32323, -36.61095]]]}, "properties": {"composicio": "Rocas intrusivas", "epoca": "Mioceno Inferior Medio  22-16 Ma", "era": "CENOZOICO", "geo": "Mimg", "ha": 851.41, "m2": 8514082.43, "periodo": "Neogeno"}}, {"type": "Feature", "geometry": {"type": "Polygon", "coordinates": [[[-71.24283, -35.58339], [-71.24538, -35.57602], [-71.2474, -35.57401], [-71.2477, -35.57148], [-71.24459, -35.57101], [-71.23269, -35.5716], [-71.22804, -35.56475], [-71.22863, -35.55951], [-71.22138, -35.55941], [-71.21629, -35.55789], [-71.21078, -35.55557], [-71.20193, -35.54872], [-71.19627, -35.54639], [-71.18783, -35.54469], [-71.18167, -35.54524], [-71.14474, -35.57606], [-71.10068, -35.58187], [-71.09572, -35.5863], [-71.08851, -35.59751], [-71.08298, -35.60149], [-71.06014, -35.60984], [-71.07129, -35.61987], [-71.07132, -35.62148], [-71.06889, -35.62644], [-71.06979, -35.62941], [-71.07223, -35.63178], [-71.07531, -35.63162], [-71.08013, -35.62708], [-71.0871, -35.61793], [-71.08934, -35.61767], [-71.09231, -35.61866], [-71.09412, -35.61806], [-71.09882, -35.60756], [-71.1036, -35.60142], [-71.10762, -35.59895], [-71.11662, -35.60661], [-71.1466, -35.5978], [-71.15693, -35.60188], [-71.16523, -35.60279], [-71.16865, -35.60549], [-71.16926, -35.60788], [-71.16648, -35.61583], [-71.16668, -35.61857], [-71.16913, -35.62151], [-71.17152, -35.62148], [-71.17609, -35.619], [-71.18811, -35.60369], [-71.19183, -35.60043], [-71.22734, -35.59449], [-71.23661, -35.58896], [-71.24283, -35.58339]]]}, "properties": {"composicio": "Secuencias sedimentarias", "epoca": "Pleistoceno Holoceno", "era": "CENOZOICO", "geo": "Q1g", "ha": 6088.21, "m2": 60882055.94, "periodo": "Cuaternario"}}, {"type": "Feature", "geometry": {"type": "Polygon", "coordinates": [[[-70.68814, -35.58498], [-70.68449, -35.58484], [-70.67902, -35.58802], [-70.68448, -35.60351], [-70.68592, -35.61024], [-70.68596, -35.62239], [-70.68488, -35.62917], [-70.68264, -35.63483], [-70.69641, -35.64383], [-70.72655, -35.62439], [-70.71667, -35.61908], [-70.71592, -35.61404], [-70.71492, -35.61245], [-70.70671, -35.61983], [-70.70503, -35.61985], [-70.70263, -35.61838], [-70.70064, -35.61575], [-70.70017, -35.61106], [-70.71023, -35.60641], [-70.7109, -35.60274], [-70.7061, -35.59923], [-70.70301, -35.59925], [-70.69616, -35.6017], [-70.69334, -35.60126], [-70.69192, -35.59887], [-70.69295, -35.58879], [-70.69096, -35.58628], [-70.68814, -35.58498]]]}, "properties": {"composicio": "Rocas intrusivas", "epoca": "Mioceno  18 6 Ma", "era": "CENOZOICO", "geo": "Mg", "ha": 1257.19, "m2": 12571909.46, "periodo": "Neogeno"}}, {"type": "Feature", "geometry": {"type": "Polygon", "coordinates": [[[-70.66447, -35.54198], [-70.69253, -35.54215], [-70.69335, -35.54122], [-70.69365, -35.53664], [-70.69136, -35.52968], [-70.6877, -35.52403], [-70.68456, -35.52167], [-70.67397, -35.51901], [-70.6714, -35.51722], [-70.68065, -35.51166], [-70.68103, -35.51039], [-70.67981, -35.50609], [-70.67165, -35.50025], [-70.66412, -35.49626], [-70.64694, -35.49875], [-70.63906, -35.49202], [-70.63501, -35.48751], [-70.62861, -35.48396], [-70.62245, -35.48418], [-70.61736, -35.48795], [-70.6075, -35.49168], [-70.58746, -35.4918], [-70.57216, -35.50766], [-70.57081, -35.52671], [-70.57243, -35.52978], [-70.58339, -35.54126], [-70.5816, -35.55286], [-70.58939, -35.56271], [-70.59913, -35.57056], [-70.60448, -35.57666], [-70.60862, -35.59033], [-70.61018, -35.60189], [-70.61421, -35.61143], [-70.62055, -35.61786], [-70.63302, -35.62771], [-70.64546, -35.63093], [-70.65074, -35.63407], [-70.65407, -35.63669], [-70.65732, -35.6432], [-70.66783, -35.65203], [-70.6705, -35.66216], [-70.66977, -35.66618], [-70.66756, -35.67039], [-70.67092, -35.67053], [-70.67392, -35.67293], [-70.67295, -35.6788], [-70.68095, -35.68178], [-70.68706, -35.6888], [-70.70502, -35.69908], [-70.73739, -35.71151], [-70.75454, -35.71203], [-70.7563, -35.7113], [-70.7573, -35.70884], [-70.75706, -35.70484], [-70.74512, -35.70332], [-70.6864, -35.66961], [-70.68262, -35.66481], [-70.68158, -35.66139], [-70.69239, -35.6497], [-70.69779, -35.64738], [-70.72175, -35.64595], [-70.72682, -35.64983], [-70.73218, -35.66516], [-70.73834, -35.67921], [-70.73954, -35.69568], [-70.74822, -35.67287], [-70.75009, -35.67397], [-70.75168, -35.67897], [-70.75623, -35.68022], [-70.78317, -35.67195], [-70.7902, -35.67199], [-70.80633, -35.67477], [-70.8139, -35.67433], [-70.81731, -35.6716], [-70.82542, -35.66004], [-70.84102, -35.66019], [-70.84177, -35.65764], [-70.84114, -35.65239], [-70.83681, -35.64952], [-70.8305, -35.64901], [-70.82939, -35.648], [-70.84924, -35.64059], [-70.8499, -35.63611], [-70.8484, -35.63362], [-70.8415, -35.63313], [-70.83621, -35.63442], [-70.83571, -35.63248], [-70.8366, -35.63016], [-70.84243, -35.62473], [-70.84641, -35.62256], [-70.85132, -35.62243], [-70.86206, -35.62752], [-70.86925, -35.62813], [-70.87697, -35.62803], [-70.87981, -35.62543], [-70.88204, -35.62503], [-70.87967, -35.62216], [-70.8718, -35.62063], [-70.86925, -35.61916], [-70.85877, -35.59818], [-70.83456, -35.5914], [-70.83134, -35.59234], [-70.83123, -35.59531], [-70.8161, -35.59761], [-70.81355, -35.59511], [-70.8121, -35.59135], [-70.81011, -35.58907], [-70.78876, -35.58638], [-70.78772, -35.58123], [-70.78812, -35.57882], [-70.78544, -35.57736], [-70.75593, -35.57277], [-70.75391, -35.55366], [-70.74689, -35.55234], [-70.73932, -35.55331], [-70.73598, -35.55562], [-70.73559, -35.55849], [-70.74097, -35.56406], [-70.74141, -35.56612], [-70.73665, -35.56707], [-70.72578, -35.55925], [-70.72047, -35.56135], [-70.71696, -35.56103], [-70.70341, -35.55208], [-70.69906, -35.55177], [-70.69501, -35.55454], [-70.69238, -35.55788], [-70.68998, -35.57141], [-70.69636, -35.578], [-70.69441, -35.57962], [-70.68979, -35.58079], [-70.68812, -35.5831], [-70.68814, -35.58498], [-70.69096, -35.58628], [-70.69295, -35.58879], [-70.69192, -35.59887], [-70.7109, -35.60274], [-70.71023, -35.60641], [-70.70017, -35.61106], [-70.70064, -35.61575], [-70.70263, -35.61838], [-70.70503, -35.61985], [-70.70671, -35.61983], [-70.71492, -35.61245], [-70.71592, -35.61404], [-70.71667, -35.61908], [-70.72655, -35.62439], [-70.69641, -35.64383], [-70.68264, -35.63483], [-70.68233, -35.63884], [-70.67618, -35.64864], [-70.62862, -35.61507], [-70.62276, -35.60521], [-70.621, -35.59137], [-70.61861, -35.5847], [-70.60835, -35.57441], [-70.59703, -35.55948], [-70.59446, -35.55231], [-70.5957, -35.52914], [-70.61811, -35.52816], [-70.61884, -35.52918], [-70.61879, -35.53285], [-70.61606, -35.53576], [-70.6175, -35.537], [-70.62304, -35.53437], [-70.62461, -35.5355], [-70.62496, -35.53801], [-70.62313, -35.57598], [-70.62473, -35.57835], [-70.63441, -35.58896], [-70.64655, -35.57555], [-70.63999, -35.5445], [-70.64275, -35.54261], [-70.6492, -35.54238], [-70.65155, -35.5412], [-70.6522, -35.53923], [-70.6501, -35.534], [-70.65035, -35.53285], [-70.65437, -35.53105], [-70.66447, -35.54198]]]}, "properties": {"composicio": "Secuencias volcanicas", "epoca": "Cuaternario", "era": "CENOZOICO", "geo": "Q3i", "ha": 22322.32, "m2": 223223187.51, "periodo": "Cuaternario"}}, {"type": "Feature", "geometry": {"type": "Polygon", "coordinates": [[[-70.67088, -35.54026], [-70.6677, -35.54205], [-70.66447, -35.54198], [-70.66077, -35.55569], [-70.65985, -35.56912], [-70.66244, -35.57686], [-70.67106, -35.59504], [-70.67329, -35.6052], [-70.67217, -35.61062], [-70.6687, -35.61755], [-70.66754, -35.62663], [-70.66475, -35.6276], [-70.66081, -35.62698], [-70.63725, -35.60655], [-70.63299, -35.59941], [-70.63275, -35.59552], [-70.63527, -35.58962], [-70.63441, -35.58896], [-70.62473, -35.57835], [-70.62114, -35.58071], [-70.61861, -35.5847], [-70.621, -35.59137], [-70.62276, -35.60521], [-70.62862, -35.61507], [-70.67618, -35.64864], [-70.68233, -35.63884], [-70.68264, -35.63483], [-70.68488, -35.62917], [-70.68596, -35.62239], [-70.68592, -35.61024], [-70.68448, -35.60351], [-70.67902, -35.58802], [-70.67362, -35.57506], [-70.67088, -35.54026]]]}, "properties": {"composicio": "Secuencias volcanicas", "epoca": "Pleistoceno", "era": "CENOZOICO", "geo": "Pl3t", "ha": 2166.3, "m2": 21663054.63, "periodo": "Neogeno"}}, {"type": "Feature", "geometry": {"type": "Polygon", "coordinates": [[[-71.38398, -36.75244], [-71.37952, -36.74789], [-71.3786, -36.74551], [-71.37947, -36.73611], [-71.38208, -36.72782], [-71.40505, -36.73023], [-71.37508, -36.71193], [-71.36539, -36.69083], [-71.36714, -36.68233], [-71.37266, -36.67135], [-71.37857, -36.66437], [-71.39008, -36.65477], [-71.35939, -36.66462], [-71.36212, -36.68094], [-71.35594, -36.69891], [-71.35351, -36.69827], [-71.35144, -36.69545], [-71.3505, -36.69238], [-71.35237, -36.67792], [-71.35197, -36.67381], [-71.34876, -36.67067], [-71.34645, -36.66967], [-71.30182, -36.68551], [-71.2998, -36.68966], [-71.30046, -36.69801], [-71.29539, -36.70005], [-71.29058, -36.70094], [-71.28863, -36.70234], [-71.28904, -36.70715], [-71.29113, -36.71089], [-71.29126, -36.71546], [-71.28103, -36.73694], [-71.27029, -36.73965], [-71.2681, -36.74804], [-71.26857, -36.75513], [-71.27, -36.76071], [-71.26084, -36.77484], [-71.26522, -36.77865], [-71.26619, -36.7831], [-71.26673, -36.79785], [-71.26863, -36.80479], [-71.28131, -36.8207], [-71.29182, -36.81959], [-71.30046, -36.8176], [-71.29949, -36.80343], [-71.29132, -36.79614], [-71.29126, -36.79408], [-71.29636, -36.79307], [-71.2975, -36.79305], [-71.31322, -36.80008], [-71.31621, -36.80003], [-71.31928, -36.7979], [-71.32199, -36.79797], [-71.35133, -36.81343], [-71.35406, -36.8143], [-71.36333, -36.81481], [-71.36239, -36.81162], [-71.3566, -36.80326], [-71.3371, -36.79368], [-71.30958, -36.77669], [-71.29616, -36.76995], [-71.29296, -36.7675], [-71.29229, -36.76396], [-71.2941, -36.76233], [-71.30109, -36.76277], [-71.30514, -36.76521], [-71.31318, -36.77296], [-71.31868, -36.7764], [-71.32371, -36.77803], [-71.33556, -36.77917], [-71.35901, -36.78715], [-71.35626, -36.78107], [-71.35362, -36.77826], [-71.34883, -36.77526], [-71.34816, -36.77664], [-71.34465, -36.77832], [-71.34038, -36.77839], [-71.3376, -36.77582], [-71.3355, -36.77196], [-71.33554, -36.76327], [-71.33823, -36.75761], [-71.34361, -36.75133], [-71.34452, -36.7481], [-71.34446, -36.74617], [-71.33943, -36.73939], [-71.33611, -36.73224], [-71.33541, -36.7278], [-71.33689, -36.72445], [-71.33954, -36.72268], [-71.34327, -36.72376], [-71.35153, -36.73436], [-71.35244, -36.7364], [-71.35603, -36.7678], [-71.3793, -36.78532], [-71.38297, -36.78433], [-71.38536, -36.78303], [-71.38615, -36.78095], [-71.38398, -36.75244]]]}, "properties": {"composicio": "Secuencias volcanosedimenta", "epoca": "Oligoceno Mioceno", "era": "CENOZOICO", "geo": "OM2c", "ha": 10988.5, "m2": 109885008.71, "periodo": "Paleogeno"}}, {"type": "Feature", "geometry": {"type": "Polygon", "coordinates": [[[-71.34883, -36.77526], [-71.34907, -36.76861], [-71.35354, -36.76556], [-71.35599, -36.76507], [-71.35244, -36.7364], [-71.35153, -36.73436], [-71.34327, -36.72376], [-71.33954, -36.72268], [-71.33689, -36.72445], [-71.33541, -36.7278], [-71.33611, -36.73224], [-71.33943, -36.73939], [-71.34446, -36.74617], [-71.34452, -36.7481], [-71.34361, -36.75133], [-71.33823, -36.75761], [-71.33554, -36.76327], [-71.3355, -36.77196], [-71.3376, -36.77582], [-71.34038, -36.77839], [-71.34465, -36.77832], [-71.34816, -36.77664], [-71.34883, -36.77526]]]}, "properties": {"composicio": "Rocas intrusivas", "epoca": "Mioceno Inferior Medio  22-16 Ma", "era": "CENOZOICO", "geo": "Mimg", "ha": 685.89, "m2": 6858930.5, "periodo": "Neogeno"}}, {"type": "Feature", "geometry": {"type": "Polygon", "coordinates": [[[-71.26084, -36.77484], [-71.2555, -36.78261], [-71.2533, -36.79089], [-71.25127, -36.8045], [-71.25204, -36.80762], [-71.28251, -36.83339], [-71.28585, -36.83006], [-71.28199, -36.82469], [-71.28131, -36.8207], [-71.26863, -36.80479], [-71.26673, -36.79785], [-71.26619, -36.7831], [-71.26522, -36.77865], [-71.26084, -36.77484]]]}, "properties": {"composicio": "Secuencias volcanicas", "epoca": "Plioceno Pleistoceno", "era": "CENOZOICO", "geo": "PPl3", "ha": 749.37, "m2": 7493708.82, "periodo": "Neogeno"}}, {"type": "Feature", "geometry": {"type": "Polygon", "coordinates": [[[-71.12622, -36.87277], [-71.13581, -36.89066], [-71.14982, -36.90029], [-71.15299, -36.89441], [-71.1595, -36.88663], [-71.15866, -36.88195], [-71.15333, -36.87415], [-71.15277, -36.86901], [-71.14578, -36.86329], [-71.1429, -36.8622], [-71.13763, -36.86218], [-71.12885, -36.86416], [-71.12641, -36.86946], [-71.12622, -36.87277]]]}, "properties": {"composicio": "Rocas intrusivas", "epoca": "Mioceno Inferior Medio  22-16 Ma", "era": "CENOZOICO", "geo": "Mimg", "ha": 785.35, "m2": 7853503.28, "periodo": "Neogeno"}}, {"type": "Feature", "geometry": {"type": "Polygon", "coordinates": [[[-71.30046, -36.8176], [-71.29182, -36.81959], [-71.28131, -36.8207], [-71.28199, -36.82469], [-71.28585, -36.83006], [-71.2885, -36.83286], [-71.30071, -36.8374], [-71.31047, -36.83984], [-71.31759, -36.83983], [-71.32393, -36.83719], [-71.32868, -36.834], [-71.31383, -36.81701], [-71.30456, -36.81672], [-71.30046, -36.8176]]]}, "properties": {"composicio": "Rocas intrusivas", "epoca": "Mioceno Inferior Medio  22-16 Ma", "era": "CENOZOICO", "geo": "Mimg", "ha": 726.28, "m2": 7262756.37, "periodo": "Neogeno"}}, {"type": "Feature", "geometry": {"type": "Polygon", "coordinates": [[[-71.43702, -36.79221], [-71.43633, -36.78821], [-71.43191, -36.78304], [-71.42989, -36.78204], [-71.42604, -36.78178], [-71.42493, -36.78283], [-71.42229, -36.79009], [-71.42165, -36.79754], [-71.42655, -36.7995], [-71.43329, -36.80098], [-71.43237, -36.7939], [-71.43403, -36.79237], [-71.43702, -36.79221]]]}, "properties": {"composicio": "Secuencias volcanicas", "epoca": "Cuaternario", "era": "CENOZOICO", "geo": "Q3i", "ha": 195.03, "m2": 1950334.89, "periodo": "Cuaternario"}}, {"type": "Feature", "geometry": {"type": "Polygon", "coordinates": [[[-71.45503, -36.91063], [-71.46954, -36.90943], [-71.47505, -36.90771], [-71.47744, -36.90195], [-71.47698, -36.90081], [-71.47436, -36.89903], [-71.46688, -36.89678], [-71.46325, -36.89467], [-71.44684, -36.87463], [-71.43699, -36.87414], [-71.4251, -36.87209], [-71.4184, -36.87199], [-71.4173, -36.8735], [-71.41711, -36.8766], [-71.41863, -36.88011], [-71.43576, -36.90026], [-71.44438, -36.90752], [-71.45087, -36.91002], [-71.45503, -36.91063]]]}, "properties": {"composicio": "Secuencias volcanicas", "epoca": "Plioceno Pleistoceno", "era": "CENOZOICO", "geo": "PPl3", "ha": 1200.64, "m2": 12006402.4, "periodo": "Neogeno"}}, {"type": "Feature", "geometry": {"type": "Polygon", "coordinates": [[[-71.4835, -36.88511], [-71.4872, -36.88493], [-71.49052, -36.88142], [-71.49056, -36.87811], [-71.48218, -36.86946], [-71.48022, -36.87088], [-71.48028, -36.87281], [-71.47945, -36.87353], [-71.48057, -36.88242], [-71.4835, -36.88511]]]}, "properties": {"composicio": "Secuencias volcanicas", "epoca": "Plioceno Pleistoceno", "era": "CENOZOICO", "geo": "PPl3", "ha": 113.25, "m2": 1132477.98, "periodo": "Neogeno"}}, {"type": "Feature", "geometry": {"type": "Polygon", "coordinates": [[[-72.30703, -37.59765], [-72.32315, -37.59566], [-72.32425, -37.58986], [-72.32756, -37.58758], [-72.32714, -37.58528], [-72.32304, -37.58396], [-72.31358, -37.58554], [-72.30659, -37.58891], [-72.3025, -37.59378], [-72.3039, -37.59706], [-72.30703, -37.59765]]]}, "properties": {"composicio": "Secuencias sedimentarias", "epoca": "Pleistoceno Holoceno", "era": "CENOZOICO", "geo": "Q1", "ha": 219.67, "m2": 2196666.39, "periodo": "Cuaternario"}}, {"type": "Feature", "geometry": {"type": "Polygon", "coordinates": [[[-72.5898, -37.53142], [-72.58658, -37.53299], [-72.58354, -37.53334], [-72.56554, -37.53333], [-72.5614, -37.53524], [-72.54961, -37.5443], [-72.54035, -37.54978], [-72.52038, -37.55371], [-72.50697, -37.5541], [-72.46996, -37.54332], [-72.45304, -37.51979], [-72.45061, -37.52064], [-72.44495, -37.52672], [-72.43175, -37.52986], [-72.39653, -37.52773], [-72.37427, -37.52758], [-72.36095, -37.52836], [-72.34042, -37.53366], [-72.33858, -37.53686], [-72.34072, -37.54035], [-72.35167, -37.54201], [-72.3684, -37.53995], [-72.39365, -37.54041], [-72.40014, -37.5418], [-72.40822, -37.54551], [-72.41721, -37.54722], [-72.42707, -37.54653], [-72.4324, -37.54402], [-72.44919, -37.54353], [-72.45325, -37.54577], [-72.45499, -37.55123], [-72.4521, -37.55289], [-72.44282, -37.55554], [-72.4331, -37.55936], [-72.42979, -37.56261], [-72.42951, -37.56735], [-72.43696, -37.56791], [-72.44519, -37.56413], [-72.46608, -37.56628], [-72.47415, -37.56958], [-72.47989, -37.5761], [-72.48074, -37.5942], [-72.48572, -37.59484], [-72.49859, -37.59486], [-72.55068, -37.58699], [-72.55812, -37.58479], [-72.56631, -37.57875], [-72.51013, -37.58196], [-72.47809, -37.55644], [-72.52562, -37.57767], [-72.56722, -37.57643], [-72.56921, -37.57558], [-72.57251, -37.56899], [-72.58767, -37.55725], [-72.59215, -37.54578], [-72.59116, -37.5358], [-72.5898, -37.53142]]]}, "properties": {"composicio": "Secuencias sedimentarias", "epoca": "Pleistoceno Holoceno", "era": "CENOZOICO", "geo": "Qf", "ha": 6438.64, "m2": 64386364.1, "periodo": "Cuaternario"}}, {"type": "Feature", "geometry": {"type": "Polygon", "coordinates": [[[-72.22296, -37.53026], [-72.21521, -37.5372], [-72.2111, -37.54493], [-72.20925, -37.54668], [-72.19588, -37.553], [-72.1885, -37.55567], [-72.18107, -37.55696], [-72.17274, -37.55661], [-72.16478, -37.54621], [-72.15562, -37.55647], [-72.14685, -37.56058], [-72.1494, -37.57846], [-72.15065, -37.58126], [-72.1527, -37.58306], [-72.1585, -37.58457], [-72.16224, -37.58472], [-72.16939, -37.58331], [-72.18203, -37.57947], [-72.19033, -37.5781], [-72.22207, -37.57956], [-72.22949, -37.57849], [-72.23471, -37.57572], [-72.23828, -37.57175], [-72.24161, -37.55836], [-72.24299, -37.55487], [-72.24615, -37.55054], [-72.26548, -37.54343], [-72.26559, -37.53954], [-72.26523, -37.53838], [-72.26275, -37.53667], [-72.24292, -37.52942], [-72.22866, -37.52745], [-72.22296, -37.53026]]]}, "properties": {"composicio": "Secuencias volcanicas", "epoca": "Plioceno Pleistoceno", "era": "CENOZOICO", "geo": "PPl3", "ha": 3402.55, "m2": 34025522.82, "periodo": "Neogeno"}}, {"type": "Feature", "geometry": {"type": "Polygon", "coordinates": [[[-73.17029, -36.81145], [-73.17144, -36.80633], [-73.13922, -36.80122], [-73.09343, -36.80926], [-73.09236, -36.8146], [-73.09116, -36.81582], [-73.08769, -36.81563], [-73.08402, -36.81661], [-73.07404, -36.82701], [-73.06512, -36.83251], [-73.06477, -36.83308], [-73.06714, -36.83462], [-73.06608, -36.83944], [-73.06306, -36.83624], [-73.04497, -36.86619], [-73.04452, -36.87167], [-73.03627, -36.90477], [-73.04374, -36.922], [-73.03061, -36.94584], [-72.99899, -36.97162], [-72.9862, -36.971], [-72.97682, -36.97138], [-72.9636, -36.96838], [-72.9601, -36.97221], [-72.95152, -36.97664], [-72.95116, -36.98476], [-72.95308, -36.98858], [-72.97122, -37.00023], [-72.97089, -37.00328], [-72.97507, -37.01179], [-72.9757, -37.01778], [-72.97322, -37.03021], [-72.96769, -37.04138], [-72.97098, -37.04501], [-72.97574, -37.04826], [-72.96859, -37.07733], [-72.96876, -37.08146], [-72.97171, -37.08877], [-72.97305, -37.0951], [-72.96442, -37.11778], [-72.94977, -37.13554], [-72.92854, -37.15481], [-72.91992, -37.16594], [-72.87962, -37.17616], [-72.86448, -37.18731], [-72.85867, -37.19783], [-72.82164, -37.19629], [-72.81842, -37.19767], [-72.81386, -37.20319], [-72.80635, -37.20725], [-72.77773, -37.20086], [-72.76362, -37.21809], [-72.7571, -37.21958], [-72.74981, -37.22492], [-72.73761, -37.25406], [-72.72739, -37.26489], [-72.72392, -37.26552], [-72.71786, -37.26333], [-72.71143, -37.25431], [-72.70568, -37.25052], [-72.70234, -37.24984], [-72.69735, -37.25077], [-72.6866, -37.25066], [-72.64648, -37.23614], [-72.64327, -37.23173], [-72.64197, -37.225], [-72.63535, -37.21737], [-72.62191, -37.20809], [-72.61959, -37.19892], [-72.57989, -37.16333], [-72.57362, -37.13889], [-72.57079, -37.13728], [-72.56179, -37.13825], [-72.55938, -37.13782], [-72.55929, -37.1286], [-72.55819, -37.12622], [-72.55356, -37.12184], [-72.54449, -37.11873], [-72.54096, -37.11632], [-72.53336, -37.09764], [-72.53475, -37.10118], [-72.53466, -37.10827], [-72.53624, -37.11364], [-72.54043, -37.11842], [-72.54408, -37.121], [-72.5549, -37.12628], [-72.55758, -37.13799], [-72.5584, -37.13882], [-72.56112, -37.14017], [-72.56722, -37.13991], [-72.57066, -37.14105], [-72.57718, -37.16444], [-72.64161, -37.22911], [-72.59568, -37.22348], [-72.53305, -37.23725], [-72.62307, -37.23302], [-72.65685, -37.25066], [-72.70134, -37.25553], [-72.72398, -37.27428], [-72.71166, -37.29546], [-72.70982, -37.3065], [-72.71118, -37.30924], [-72.71187, -37.31424], [-72.71043, -37.31716], [-72.70528, -37.32243], [-72.70251, -37.35038], [-72.69487, -37.35529], [-72.68017, -37.3607], [-72.67666, -37.3634], [-72.67026, -37.37062], [-72.66733, -37.37168], [-72.66318, -37.38127], [-72.67069, -37.40727], [-72.66082, -37.405], [-72.67981, -37.45116], [-72.6746, -37.48269], [-72.66884, -37.48696], [-72.62373, -37.48963], [-72.61567, -37.49208], [-72.60364, -37.49832], [-72.59997, -37.50122], [-72.59243, -37.51018], [-72.59215, -37.54578], [-72.58767, -37.55725], [-72.57251, -37.56899], [-72.56921, -37.57558], [-72.56722, -37.57643], [-72.52562, -37.57767], [-72.4785, -37.55828], [-72.51013, -37.58196], [-72.57473, -37.58022], [-72.59238, -37.5565], [-72.59444, -37.54746], [-72.59489, -37.53598], [-72.60336, -37.5234], [-72.60318, -37.52107], [-72.59841, -37.51203], [-72.59813, -37.50974], [-72.60241, -37.50158], [-72.66279, -37.49], [-72.66582, -37.52463], [-72.6633, -37.52697], [-72.65481, -37.53071], [-72.64883, -37.53464], [-72.64788, -37.53709], [-72.64757, -37.5448], [-72.64473, -37.55258], [-72.64522, -37.55629], [-72.64786, -37.56207], [-72.64785, -37.5643], [-72.63792, -37.56696], [-72.63898, -37.56864], [-72.64096, -37.56702], [-72.65081, -37.56541], [-72.64732, -37.55332], [-72.64775, -37.55059], [-72.65144, -37.54453], [-72.65169, -37.5383], [-72.65407, -37.53541], [-72.66601, -37.52962], [-72.66844, -37.52586], [-72.67018, -37.51303], [-72.66594, -37.49883], [-72.66635, -37.49501], [-72.6869, -37.4713], [-72.68564, -37.44527], [-72.68221, -37.43504], [-72.67333, -37.4189], [-72.66915, -37.41499], [-72.67238, -37.37545], [-72.67503, -37.37141], [-72.68016, -37.36797], [-72.68546, -37.36254], [-72.71043, -37.35264], [-72.71113, -37.34882], [-72.71018, -37.33776], [-72.71241, -37.32764], [-72.71994, -37.30631], [-72.72582, -37.28487], [-72.73986, -37.25785], [-72.74076, -37.25702], [-72.74269, -37.25869], [-72.74393, -37.25815], [-72.74416, -37.245], [-72.74877, -37.23296], [-72.77814, -37.20843], [-72.78388, -37.2079], [-72.79019, -37.2052], [-72.79228, -37.20504], [-72.79446, -37.20871], [-72.799, -37.21251], [-72.806, -37.21147], [-72.81173, -37.21154], [-72.815, -37.20995], [-72.81958, -37.20486], [-72.82226, -37.20426], [-72.84321, -37.20645], [-72.85317, -37.20505], [-72.88815, -37.18202], [-72.89235, -37.18118], [-72.90957, -37.18045], [-72.92818, -37.17615], [-72.9332, -37.17428], [-72.96947, -37.15376], [-72.97399, -37.15034], [-72.98935, -37.10937], [-72.99075, -37.09454], [-72.99296, -37.0855], [-72.97739, -37.02811], [-72.97817, -37.02515], [-72.98146, -37.02199], [-72.98398, -37.01672], [-72.98028, -37.0104], [-72.98048, -37.00915], [-72.98205, -37.00783], [-72.97909, -37.00328], [-72.96366, -36.99131], [-72.95877, -36.98533], [-72.958, -36.98181], [-72.95927, -36.97693], [-72.96485, -36.97319], [-72.9694, -36.97231], [-72.97364, -36.97378], [-72.97905, -36.97456], [-72.98771, -36.97977], [-73.00397, -36.97862], [-73.0274, -36.95809], [-73.02968, -36.95774], [-73.03421, -36.95883], [-73.03606, -36.95859], [-73.04089, -36.95399], [-73.04179, -36.94712], [-73.0507, -36.9429], [-73.06145, -36.88308], [-73.07055, -36.86323], [-73.07504, -36.84691], [-73.0779, -36.84285], [-73.10987, -36.82842], [-73.11201, -36.82514], [-73.11645, -36.82442], [-73.11437, -36.82229], [-73.12143, -36.82474], [-73.13067, -36.82221], [-73.14027, -36.82145], [-73.14535, -36.81921], [-73.15626, -36.82392], [-73.17029, -36.81145]]]}, "properties": {"composicio": "S I", "epoca": "S I", "era": "S I", "geo": "S I", "ha": 14827.09, "m2": 148270919.65, "periodo": "S I"}}, {"type": "Feature", "geometry": {"type": "Polygon", "coordinates": [[[-72.68603, -37.44878], [-72.68604, -37.45994], [-72.6847, -37.46654], [-72.6869, -37.4713], [-72.66635, -37.49501], [-72.66594, -37.49883], [-72.67018, -37.51303], [-72.66844, -37.52586], [-72.66601, -37.52962], [-72.65407, -37.53541], [-72.65169, -37.5383], [-72.65144, -37.54453], [-72.64775, -37.55059], [-72.64732, -37.55332], [-72.65081, -37.56541], [-72.65596, -37.56185], [-72.67958, -37.54004], [-72.69234, -37.53136], [-72.6987, -37.52356], [-72.70101, -37.51861], [-72.70248, -37.50836], [-72.70088, -37.50131], [-72.69761, -37.49339], [-72.69016, -37.48555], [-72.68875, -37.48023], [-72.69252, -37.47246], [-72.69325, -37.46733], [-72.69166, -37.45547], [-72.68839, -37.44996], [-72.68603, -37.44878]]]}, "properties": {"composicio": "Secuencias sedimentarias", "epoca": "Pleistoceno Holoceno", "era": "CENOZOICO", "geo": "Qf", "ha": 2271.72, "m2": 22717171.48, "periodo": "Cuaternario"}}, {"type": "Feature", "geometry": {"type": "Polygon", "coordinates": [[[-72.42856, -36.92106], [-72.41999, -36.93362], [-72.41793, -36.93575], [-72.41285, -36.93864], [-72.39179, -36.92794], [-72.35841, -36.94673], [-72.35289, -36.94537], [-72.35009, -36.93936], [-72.34943, -36.93317], [-72.34687, -36.93054], [-72.30795, -36.94166], [-72.26712, -36.9494], [-72.24778, -36.95407], [-72.21743, -36.96646], [-72.19803, -36.97029], [-72.17748, -36.97167], [-72.16238, -36.98115], [-72.14802, -36.98482], [-72.13982, -36.98833], [-72.1128, -36.99725], [-72.08001, -37.01804], [-72.08009, -37.02539], [-72.07898, -37.03338], [-72.07521, -37.04276], [-72.07296, -37.0444], [-72.06553, -37.04638], [-72.06341, -37.04813], [-72.06162, -37.05138], [-72.06165, -37.05529], [-72.06063, -37.05765], [-72.0502, -37.05964], [-72.04886, -37.06038], [-72.04647, -37.06407], [-72.06069, -37.07603], [-72.08149, -37.073], [-72.084, -37.08046], [-72.08465, -37.09012], [-72.08229, -37.09759], [-72.0773, -37.10368], [-72.07728, -37.10838], [-72.08076, -37.11402], [-72.08753, -37.11775], [-72.09403, -37.11906], [-72.10302, -37.11944], [-72.10719, -37.12134], [-72.10693, -37.14459], [-72.10094, -37.15064], [-72.09223, -37.15463], [-72.06042, -37.15484], [-72.05793, -37.15565], [-72.05312, -37.15903], [-72.04333, -37.16198], [-72.02747, -37.15991], [-72.02282, -37.16433], [-72.0189, -37.17163], [-72.01335, -37.17727], [-71.98393, -37.19662], [-71.98472, -37.20028], [-71.98841, -37.2055], [-71.98815, -37.21339], [-71.98539, -37.2179], [-71.97963, -37.22336], [-71.96478, -37.24542], [-71.96748, -37.26485], [-71.95515, -37.27549], [-71.95133, -37.2804], [-71.9479, -37.28766], [-71.9467, -37.30542], [-71.94483, -37.31232], [-71.94149, -37.31705], [-71.93672, -37.32169], [-71.93118, -37.33115], [-71.92427, -37.33697], [-71.91578, -37.34223], [-71.9125, -37.34342], [-71.90835, -37.3437], [-71.89581, -37.34077], [-71.85534, -37.31735], [-71.84133, -37.31191], [-71.82105, -37.30071], [-71.81274, -37.29326], [-71.81136, -37.28858], [-71.81382, -37.28237], [-71.81318, -37.27894], [-71.80612, -37.27696], [-71.80068, -37.27703], [-71.78035, -37.28563], [-71.77632, -37.28477], [-71.76891, -37.27935], [-71.7662, -37.27984], [-71.76353, -37.28262], [-71.76096, -37.28334], [-71.74655, -37.27881], [-71.7431, -37.2785], [-71.73399, -37.28135], [-71.70697, -37.28498], [-71.68128, -37.2911], [-71.65622, -37.30042], [-71.63207, -37.30537], [-71.60999, -37.31327], [-71.55439, -37.3152], [-71.55197, -37.31637], [-71.53876, -37.32383], [-71.53136, -37.33719], [-71.48836, -37.34824], [-71.48121, -37.34934], [-71.4746, -37.34849], [-71.46112, -37.33945], [-71.43759, -37.3589], [-71.43721, -37.36245], [-71.43873, -37.36816], [-71.43677, -37.37184], [-71.42574, -37.38339], [-71.41777, -37.38758], [-71.41504, -37.38784], [-71.40871, -37.38641], [-71.39628, -37.37986], [-71.39723, -37.38639], [-71.3966, -37.39269], [-71.39837, -37.39656], [-71.40083, -37.39792], [-71.4119, -37.39908], [-71.41379, -37.40068], [-71.41529, -37.40524], [-71.42754, -37.40879], [-71.43214, -37.40909], [-71.43643, -37.40792], [-71.43984, -37.40593], [-71.44564, -37.39959], [-71.44806, -37.3982], [-71.46915, -37.38792], [-71.48974, -37.37909], [-71.49364, -37.37411], [-71.50016, -37.3689], [-71.50401, -37.36681], [-71.51243, -37.36386], [-71.52173, -37.36217], [-71.52672, -37.35995], [-71.53011, -37.35683], [-71.53391, -37.35164], [-71.53703, -37.34955], [-71.567, -37.36611], [-71.58053, -37.36067], [-71.58108, -37.35894], [-71.58017, -37.35586], [-71.58127, -37.35265], [-71.58622, -37.34802], [-71.59671, -37.34059], [-71.63756, -37.33181], [-71.63938, -37.32927], [-71.658, -37.31923], [-71.69539, -37.31755], [-71.70376, -37.321], [-71.70972, -37.32574], [-71.73365, -37.32535], [-71.75821, -37.32781], [-71.7726, -37.33073], [-71.86878, -37.35985], [-71.89707, -37.38397], [-71.92929, -37.43078], [-71.93281, -37.4344], [-71.94093, -37.43863], [-71.97225, -37.43306], [-71.9812, -37.43522], [-71.99308, -37.44021], [-72.00248, -37.44297], [-72.01465, -37.44245], [-72.01892, -37.4429], [-72.02902, -37.44641], [-72.03886, -37.45158], [-72.04656, -37.48782], [-72.05491, -37.49186], [-72.0655, -37.49473], [-72.07182, -37.49485], [-72.08074, -37.49277], [-72.08752, -37.4945], [-72.12259, -37.51007], [-72.15591, -37.53521], [-72.17274, -37.55661], [-72.18107, -37.55696], [-72.1885, -37.55567], [-72.19588, -37.553], [-72.20925, -37.54668], [-72.2111, -37.54493], [-72.21521, -37.5372], [-72.22296, -37.53026], [-72.20982, -37.53157], [-72.19861, -37.53558], [-72.18913, -37.53747], [-72.18197, -37.53683], [-72.17894, -37.53487], [-72.17709, -37.53227], [-72.17683, -37.52974], [-72.18435, -37.52696], [-72.1862, -37.5252], [-72.18497, -37.51324], [-72.18724, -37.50508], [-72.18643, -37.49566], [-72.19352, -37.48852], [-72.19071, -37.4853], [-72.1804, -37.48452], [-72.17615, -37.48343], [-72.17254, -37.47721], [-72.16939, -37.47479], [-72.16875, -37.47144], [-72.17456, -37.47065], [-72.18639, -37.47229], [-72.1934, -37.47064], [-72.19381, -37.46882], [-72.19116, -37.45669], [-72.19617, -37.45037], [-72.1988, -37.44544], [-72.20204, -37.4355], [-72.16691, -37.42326], [-72.16101, -37.42335], [-72.14963, -37.42598], [-72.14431, -37.42587], [-72.14179, -37.42485], [-72.13248, -37.41588], [-72.12595, -37.41253], [-72.09326, -37.40928], [-72.13992, -37.39475], [-72.14822, -37.39521], [-72.16545, -37.39972], [-72.17162, -37.39986], [-72.17563, -37.39796], [-72.18014, -37.39266], [-72.18467, -37.39159], [-72.22831, -37.40532], [-72.26591, -37.43049], [-72.27532, -37.43179], [-72.28599, -37.43131], [-72.29491, -37.42893], [-72.31218, -37.42196], [-72.32151, -37.42211], [-72.36659, -37.4387], [-72.3877, -37.4345], [-72.39269, -37.43744], [-72.39527, -37.4417], [-72.40551, -37.44162], [-72.41964, -37.44321], [-72.42675, -37.44223], [-72.4363, -37.43894], [-72.44337, -37.43395], [-72.46745, -37.40956], [-72.48778, -37.39237], [-72.49266, -37.39245], [-72.49596, -37.39486], [-72.49682, -37.39719], [-72.49728, -37.41062], [-72.49822, -37.41168], [-72.50166, -37.41193], [-72.53414, -37.38603], [-72.53685, -37.38636], [-72.53806, -37.38778], [-72.54065, -37.39705], [-72.54315, -37.39852], [-72.54632, -37.39842], [-72.54988, -37.39649], [-72.55263, -37.38903], [-72.55583, -37.38617], [-72.56252, -37.38242], [-72.5683, -37.38184], [-72.5728, -37.38338], [-72.5758, -37.38602], [-72.5776, -37.38953], [-72.58141, -37.40262], [-72.58445, -37.40698], [-72.589, -37.41013], [-72.59499, -37.41081], [-72.60203, -37.40856], [-72.60478, -37.4058], [-72.60716, -37.39501], [-72.60575, -37.38498], [-72.6185, -37.38317], [-72.62106, -37.38362], [-72.62348, -37.38164], [-72.63229, -37.36891], [-72.63719, -37.36371], [-72.6373, -37.35959], [-72.63009, -37.35278], [-72.63073, -37.34937], [-72.63556, -37.34543], [-72.6356, -37.34233], [-72.62749, -37.3339], [-72.63158, -37.33039], [-72.63983, -37.3268], [-72.64068, -37.32454], [-72.61287, -37.31673], [-72.61201, -37.31428], [-72.61356, -37.29807], [-72.6164, -37.29154], [-72.6198, -37.28742], [-72.62338, -37.28515], [-72.63261, -37.28195], [-72.6379, -37.27745], [-72.64387, -37.26633], [-72.64794, -37.26305], [-72.65067, -37.25811], [-72.64962, -37.24733], [-72.63879, -37.24098], [-72.63359, -37.23691], [-72.62307, -37.23302], [-72.6146, -37.23189], [-72.53305, -37.23725], [-72.59568, -37.22348], [-72.64161, -37.22911], [-72.57718, -37.16444], [-72.57066, -37.14105], [-72.56722, -37.13991], [-72.56112, -37.14017], [-72.5584, -37.13882], [-72.55758, -37.13799], [-72.5549, -37.12628], [-72.54408, -37.121], [-72.54043, -37.11842], [-72.53624, -37.11364], [-72.53466, -37.10827], [-72.53475, -37.10118], [-72.53336, -37.09764], [-72.54096, -37.11632], [-72.54449, -37.11873], [-72.55356, -37.12184], [-72.55819, -37.12622], [-72.55929, -37.1286], [-72.55938, -37.13782], [-72.56179, -37.13825], [-72.57079, -37.13728], [-72.57362, -37.13889], [-72.57167, -37.13204], [-72.56621, -37.12759], [-72.56396, -37.12453], [-72.56277, -37.11348], [-72.55754, -37.11007], [-72.55594, -37.10806], [-72.55357, -37.09525], [-72.52505, -37.09118], [-72.51646, -37.0866], [-72.51249, -37.0813], [-72.51185, -37.0729], [-72.51678, -37.06484], [-72.5246, -37.06102], [-72.53548, -37.05846], [-72.54119, -37.05398], [-72.54658, -37.03244], [-72.53148, -37.02491], [-72.52944, -37.02084], [-72.5307, -37.01607], [-72.53006, -37.01017], [-72.52237, -37.00329], [-72.52132, -36.99525], [-72.52233, -36.99076], [-72.52197, -36.98766], [-72.50865, -36.96928], [-72.51454, -36.9561], [-72.51495, -36.95189], [-72.51082, -36.94151], [-72.50591, -36.93399], [-72.5072, -36.91891], [-72.50599, -36.9166], [-72.50264, -36.91436], [-72.49165, -36.91496], [-72.48983, -36.914], [-72.49364, -36.90081], [-72.48946, -36.89798], [-72.48249, -36.89762], [-72.47784, -36.89593], [-72.47238, -36.88381], [-72.46838, -36.88408], [-72.45706, -36.89062], [-72.44698, -36.8941], [-72.43416, -36.89385], [-72.42998, -36.89572], [-72.42569, -36.90101], [-72.42547, -36.90341], [-72.42819, -36.90793], [-72.43333, -36.91236], [-72.43409, -36.91547], [-72.43302, -36.91773], [-72.43108, -36.91918], [-72.44084, -36.92648], [-72.44018, -36.94853], [-72.43897, -36.94727], [-72.43873, -36.94318], [-72.43771, -36.94191], [-72.43546, -36.94348], [-72.42783, -36.94113], [-72.41935, -36.94819], [-72.42856, -36.92106]], [[-72.41728, -37.00609], [-72.41542, -37.00551], [-72.41572, -37.00122], [-72.42871, -36.99304], [-72.42773, -37.00322], [-72.42324, -37.00487], [-72.42086, -37.00431], [-72.41728, -37.00609]], [[-72.31363, -37.20892], [-72.28127, -37.20623], [-72.27127, -37.20341], [-72.25644, -37.19788], [-72.24425, -37.19566], [-72.17652, -37.19274], [-72.17289, -37.19339], [-72.16228, -37.19788], [-72.15943, -37.19765], [-72.12078, -37.17541], [-72.12309, -37.17299], [-72.13661, -37.16782], [-72.15403, -37.17084], [-72.16339, -37.17008], [-72.17359, -37.17624], [-72.18612, -37.17962], [-72.19599, -37.17774], [-72.20289, -37.17734], [-72.22011, -37.18137], [-72.23488, -37.18107], [-72.25078, -37.18344], [-72.26258, -37.18713], [-72.26585, -37.18967], [-72.27601, -37.20109], [-72.30505, -37.20192], [-72.31483, -37.20806], [-72.31363, -37.20892]], [[-72.59495, -37.20936], [-72.52624, -37.18198], [-72.52344, -37.17385], [-72.51293, -37.16783], [-72.51214, -37.16665], [-72.51093, -37.16305], [-72.51117, -37.15905], [-72.51475, -37.15197], [-72.53343, -37.16037], [-72.54336, -37.15261], [-72.54695, -37.15241], [-72.55035, -37.15312], [-72.56697, -37.16005], [-72.57375, -37.16398], [-72.57668, -37.16765], [-72.58015, -37.17912], [-72.58259, -37.18128], [-72.58959, -37.18407], [-72.59456, -37.18711], [-72.59874, -37.19152], [-72.59982, -37.19511], [-72.6022, -37.1983], [-72.59495, -37.20936]], [[-71.46487, -37.38017], [-71.46053, -37.37735], [-71.45876, -37.37394], [-71.45937, -37.36694], [-71.46261, -37.36291], [-71.46187, -37.36085], [-71.46834, -37.36217], [-71.47609, -37.36256], [-71.47857, -37.36516], [-71.47962, -37.36802], [-71.47765, -37.37113], [-71.46487, -37.38017]], [[-72.50455, -37.36265], [-72.48984, -37.34741], [-72.49052, -37.34102], [-72.49397, -37.33623], [-72.49455, -37.32915], [-72.48461, -37.29255], [-72.48582, -37.28927], [-72.48822, -37.28753], [-72.49101, -37.28661], [-72.49828, -37.28724], [-72.49949, -37.28625], [-72.50037, -37.28365], [-72.49961, -37.26575], [-72.49685, -37.26392], [-72.48562, -37.25993], [-72.48388, -37.25791], [-72.48441, -37.25404], [-72.48804, -37.24856], [-72.48923, -37.24793], [-72.49784, -37.2502], [-72.50387, -37.2501], [-72.51141, -37.24638], [-72.51399, -37.24178], [-72.51678, -37.24062], [-72.5182, -37.2408], [-72.52431, -37.24642], [-72.5313, -37.24944], [-72.53963, -37.24919], [-72.54648, -37.24739], [-72.55241, -37.24887], [-72.55613, -37.25624], [-72.55954, -37.25901], [-72.56872, -37.25191], [-72.57119, -37.25383], [-72.57263, -37.25847], [-72.57273, -37.26387], [-72.56896, -37.26922], [-72.56777, -37.28178], [-72.54505, -37.29443], [-72.54376, -37.30149], [-72.53768, -37.30939], [-72.53786, -37.31352], [-72.54163, -37.31515], [-72.54453, -37.3148], [-72.55327, -37.31033], [-72.55608, -37.31124], [-72.56049, -37.31657], [-72.56102, -37.32208], [-72.54119, -37.32247], [-72.53082, -37.32768], [-72.51785, -37.33085], [-72.51674, -37.33493], [-72.51653, -37.34765], [-72.5101, -37.35886], [-72.50586, -37.36236], [-72.50455, -37.36265]], [[-72.40209, -37.21745], [-72.41471, -37.27239], [-72.41478, -37.29176], [-72.41616, -37.3019], [-72.41443, -37.30881], [-72.40762, -37.3144], [-72.40212, -37.3175], [-72.38621, -37.32397], [-72.38008, -37.33003], [-72.36823, -37.32669], [-72.35226, -37.32514], [-72.32047, -37.33727], [-72.31626, -37.33572], [-72.31419, -37.33232], [-72.31395, -37.32704], [-72.31533, -37.31448], [-72.31477, -37.31206], [-72.31068, -37.30857], [-72.31032, -37.30983], [-72.29813, -37.31644], [-72.29124, -37.31868], [-72.28127, -37.31964], [-72.25198, -37.31982], [-72.24275, -37.32264], [-72.2346, -37.32655], [-72.22837, -37.32743], [-72.22351, -37.32711], [-72.19989, -37.31948], [-72.19519, -37.31906], [-72.17763, -37.3197], [-72.17526, -37.32086], [-72.1749, -37.32199], [-72.17845, -37.3313], [-72.17842, -37.33382], [-72.17429, -37.33777], [-72.17327, -37.34645], [-72.17683, -37.3601], [-72.18625, -37.36541], [-72.19204, -37.36692], [-72.2307, -37.35331], [-72.23108, -37.35194], [-72.22601, -37.34383], [-72.22724, -37.34033], [-72.22978, -37.33883], [-72.27309, -37.34635], [-72.28258, -37.34387], [-72.28835, -37.34124], [-72.29134, -37.3417], [-72.29244, -37.34244], [-72.29239, -37.34541], [-72.28839, -37.35614], [-72.28967, -37.36089], [-72.29201, -37.36248], [-72.31849, -37.34821], [-72.33432, -37.35664], [-72.33985, -37.36453], [-72.3431, -37.36765], [-72.34985, -37.34958], [-72.35954, -37.34402], [-72.36098, -37.34385], [-72.36377, -37.34511], [-72.37396, -37.35205], [-72.37589, -37.35556], [-72.37596, -37.3613], [-72.36049, -37.36067], [-72.35793, -37.3648], [-72.35629, -37.37472], [-72.31927, -37.40552], [-72.297, -37.40988], [-72.26432, -37.39742], [-72.25242, -37.39476], [-72.22782, -37.39304], [-72.21315, -37.38453], [-72.20543, -37.38168], [-72.19915, -37.38108], [-72.09682, -37.38186], [-72.09153, -37.3836], [-72.08325, -37.38923], [-72.0806, -37.39016], [-72.04319, -37.38884], [-72.03802, -37.38675], [-72.03757, -37.38282], [-72.03351, -37.38114], [-72.02671, -37.38393], [-72.02409, -37.38388], [-72.01498, -37.38944], [-72.00248, -37.39067], [-71.97123, -37.39023], [-71.95781, -37.37945], [-71.95004, -37.37076], [-71.94214, -37.35837], [-71.94356, -37.34723], [-71.9508, -37.3426], [-71.96467, -37.34151], [-71.97564, -37.33753], [-71.98181, -37.32923], [-71.98241, -37.32107], [-71.9886, -37.31351], [-71.99763, -37.30735], [-72.00656, -37.2932], [-72.00846, -37.28388], [-72.01858, -37.27627], [-72.02795, -37.27882], [-72.03638, -37.28693], [-72.04516, -37.30339], [-72.04781, -37.31167], [-72.06525, -37.31312], [-72.08698, -37.30611], [-72.10539, -37.30287], [-72.18272, -37.30559], [-72.18209, -37.29778], [-72.18438, -37.29134], [-72.19961, -37.29531], [-72.21648, -37.29189], [-72.21964, -37.28755], [-72.21804, -37.28347], [-72.18919, -37.27482], [-72.19761, -37.26017], [-72.2048, -37.26001], [-72.22731, -37.26232], [-72.23304, -37.26233], [-72.23919, -37.26041], [-72.2465, -37.25383], [-72.25008, -37.25398], [-72.2552, -37.25682], [-72.25838, -37.2565], [-72.30376, -37.22421], [-72.31418, -37.22269], [-72.33481, -37.22295], [-72.32085, -37.21254], [-72.37382, -37.21581], [-72.37489, -37.21483], [-72.37281, -37.20913], [-72.36576, -37.20724], [-72.32584, -37.2085], [-72.32215, -37.2079], [-72.31532, -37.20486], [-72.34504, -37.19495], [-72.34945, -37.19101], [-72.35713, -37.18065], [-72.35995, -37.17904], [-72.36256, -37.17846], [-72.38534, -37.18991], [-72.39178, -37.20599], [-72.39653, -37.20572], [-72.40143, -37.20293], [-72.40587, -37.20311], [-72.41184, -37.2061], [-72.42004, -37.20792], [-72.43476, -37.20861], [-72.46267, -37.20696], [-72.47322, -37.20783], [-72.48317, -37.21142], [-72.48677, -37.21351], [-72.489, -37.21692], [-72.49276, -37.22807], [-72.49097, -37.23385], [-72.48813, -37.23339], [-72.48497, -37.2265], [-72.47283, -37.2211], [-72.46252, -37.21405], [-72.45941, -37.21324], [-72.43022, -37.21474], [-72.4136, -37.21465], [-72.40209, -37.21745]]]}, "properties": {"composicio": "Secuencias volcanicas", "epoca": "Cuaternario", "era": "CENOZOICO", "geo": "Q3av", "ha": 239491.46, "m2": 2394914567.03, "periodo": "Cuaternario"}}, {"type": "Feature", "geometry": {"type": "Polygon", "coordinates": [[[-71.63756, -37.33181], [-71.64615, -37.33125], [-71.64874, -37.3318], [-71.6512, -37.3328], [-71.65732, -37.33914], [-71.66281, -37.34113], [-71.70485, -37.33472], [-71.70776, -37.33732], [-71.71173, -37.34276], [-71.71666, -37.35461], [-71.71061, -37.36108], [-71.71338, -37.36367], [-71.72262, -37.36746], [-71.7251, -37.36972], [-71.7138, -37.38804], [-71.71614, -37.39099], [-71.72032, -37.39208], [-71.72418, -37.39135], [-71.73452, -37.38334], [-71.73415, -37.3949], [-71.73705, -37.39704], [-71.74733, -37.40206], [-71.75887, -37.38911], [-71.75873, -37.38168], [-71.75617, -37.37462], [-71.75716, -37.37392], [-71.7622, -37.37489], [-71.76371, -37.37922], [-71.76532, -37.38092], [-71.76759, -37.37929], [-71.77174, -37.37901], [-71.78405, -37.40906], [-71.7831, -37.41228], [-71.77942, -37.41483], [-71.78018, -37.41735], [-71.78784, -37.42789], [-71.79678, -37.43784], [-71.79812, -37.4408], [-71.7847, -37.44497], [-71.78417, -37.44727], [-71.78985, -37.45166], [-71.79211, -37.45746], [-71.79585, -37.45776], [-71.79803, -37.45888], [-71.80531, -37.46788], [-71.82111, -37.47249], [-71.84667, -37.48682], [-71.86684, -37.4963], [-71.87363, -37.51026], [-71.87916, -37.51843], [-71.89422, -37.53052], [-71.93287, -37.53206], [-71.94629, -37.5284], [-71.95228, -37.52161], [-71.95075, -37.5136], [-71.96387, -37.52551], [-72.01871, -37.54175], [-72.05305, -37.54679], [-72.05996, -37.54668], [-72.07257, -37.54334], [-72.08359, -37.54419], [-72.091, -37.54744], [-72.09712, -37.55271], [-72.10101, -37.55493], [-72.10967, -37.55664], [-72.11356, -37.55669], [-72.12403, -37.55517], [-72.1285, -37.55283], [-72.13005, -37.54911], [-72.13055, -37.54156], [-72.13183, -37.53749], [-72.14311, -37.53681], [-72.14875, -37.53418], [-72.14979, -37.53239], [-72.14957, -37.53055], [-72.14755, -37.52852], [-72.12259, -37.51007], [-72.08752, -37.4945], [-72.08074, -37.49277], [-72.07182, -37.49485], [-72.0655, -37.49473], [-72.05491, -37.49186], [-72.04656, -37.48782], [-72.03886, -37.45158], [-72.02902, -37.44641], [-71.97225, -37.43306], [-71.96338, -37.4341], [-71.95369, -37.43801], [-71.94697, -37.43935], [-71.94093, -37.43863], [-71.93281, -37.4344], [-71.89707, -37.38397], [-71.887, -37.37506], [-71.88477, -37.3712], [-71.88141, -37.36804], [-71.87635, -37.3657], [-71.86878, -37.35985], [-71.85938, -37.35609], [-71.7726, -37.33073], [-71.75821, -37.32781], [-71.73365, -37.32535], [-71.70972, -37.32574], [-71.70376, -37.321], [-71.69539, -37.31755], [-71.658, -37.31923], [-71.63938, -37.32927], [-71.63756, -37.33181]]]}, "properties": {"composicio": "Secuencias volcanicas", "epoca": "Plioceno Pleistoceno", "era": "CENOZOICO", "geo": "PPl3", "ha": 39088.9, "m2": 390888988.21, "periodo": "Neogeno"}}, {"type": "Feature", "geometry": {"type": "Polygon", "coordinates": [[[-72.70347, -37.33519], [-72.70528, -37.32243], [-72.71043, -37.31716], [-72.71187, -37.31424], [-72.71118, -37.30924], [-72.70982, -37.3065], [-72.71166, -37.29546], [-72.72375, -37.2733], [-72.71562, -37.26938], [-72.7074, -37.25904], [-72.70134, -37.25553], [-72.64962, -37.24733], [-72.65067, -37.25811], [-72.64794, -37.26305], [-72.64387, -37.26633], [-72.6379, -37.27745], [-72.63261, -37.28195], [-72.62338, -37.28515], [-72.6198, -37.28742], [-72.6164, -37.29154], [-72.61356, -37.29807], [-72.61201, -37.31428], [-72.61287, -37.31673], [-72.64068, -37.32454], [-72.63983, -37.3268], [-72.63158, -37.33039], [-72.62749, -37.3339], [-72.6356, -37.34233], [-72.63556, -37.34543], [-72.63073, -37.34937], [-72.63009, -37.35278], [-72.6373, -37.35959], [-72.63719, -37.36371], [-72.6185, -37.38317], [-72.61938, -37.39478], [-72.61642, -37.40819], [-72.61943, -37.41071], [-72.6208, -37.41432], [-72.61421, -37.42105], [-72.61293, -37.4256], [-72.61774, -37.4268], [-72.62313, -37.42575], [-72.62392, -37.43162], [-72.60899, -37.44331], [-72.60975, -37.44495], [-72.61857, -37.45124], [-72.61836, -37.46441], [-72.60944, -37.46671], [-72.60812, -37.47193], [-72.606, -37.47369], [-72.60257, -37.47344], [-72.59579, -37.47134], [-72.59318, -37.47171], [-72.58812, -37.47678], [-72.58526, -37.48137], [-72.57876, -37.4841], [-72.56328, -37.52087], [-72.55217, -37.52365], [-72.54624, -37.52411], [-72.53888, -37.52211], [-72.5325, -37.5182], [-72.53107, -37.51803], [-72.52868, -37.51943], [-72.52786, -37.52822], [-72.52492, -37.53383], [-72.52038, -37.53504], [-72.51352, -37.53202], [-72.50812, -37.53548], [-72.50534, -37.53617], [-72.47941, -37.52485], [-72.47781, -37.52754], [-72.48005, -37.53542], [-72.47595, -37.53881], [-72.47477, -37.54403], [-72.50697, -37.5541], [-72.52038, -37.55371], [-72.54035, -37.54978], [-72.54961, -37.5443], [-72.5614, -37.53524], [-72.56554, -37.53333], [-72.58354, -37.53334], [-72.58658, -37.53299], [-72.5898, -37.53142], [-72.59229, -37.52897], [-72.59371, -37.52455], [-72.59188, -37.5144], [-72.59243, -37.51018], [-72.59997, -37.50122], [-72.60364, -37.49832], [-72.61567, -37.49208], [-72.66884, -37.48696], [-72.6746, -37.48269], [-72.67752, -37.47906], [-72.67934, -37.47025], [-72.67872, -37.46256], [-72.67981, -37.45116], [-72.67874, -37.44248], [-72.67579, -37.43547], [-72.66739, -37.4254], [-72.65815, -37.3856], [-72.68306, -37.33614], [-72.68685, -37.33439], [-72.69992, -37.33411], [-72.70347, -37.33519]]]}, "properties": {"composicio": "Rocas intrusivas", "epoca": "Carbonifero Permico  328-235 Ma", "era": "PALEOZOICO", "geo": "CPg", "ha": 17746.88, "m2": 177468768.16, "periodo": ""}}, {"type": "Feature", "geometry": {"type": "Polygon", "coordinates": [[[-71.79803, -37.45888], [-71.78417, -37.44727], [-71.79812, -37.4408], [-71.79678, -37.43784], [-71.78784, -37.42789], [-71.78018, -37.41735], [-71.77942, -37.41483], [-71.7831, -37.41228], [-71.78405, -37.40906], [-71.77948, -37.40214], [-71.77922, -37.39585], [-71.77556, -37.38388], [-71.75716, -37.37392], [-71.75617, -37.37462], [-71.75873, -37.38168], [-71.75887, -37.38911], [-71.74733, -37.40206], [-71.73705, -37.39704], [-71.73415, -37.3949], [-71.73452, -37.38334], [-71.72418, -37.39135], [-71.72032, -37.39208], [-71.71614, -37.39099], [-71.71778, -37.3777], [-71.68543, -37.39042], [-71.66906, -37.38991], [-71.66491, -37.39065], [-71.62103, -37.41881], [-71.60707, -37.43463], [-71.6037, -37.43982], [-71.60149, -37.44544], [-71.61963, -37.47488], [-71.63037, -37.48186], [-71.63485, -37.4834], [-71.64031, -37.48335], [-71.64502, -37.4817], [-71.64856, -37.47868], [-71.65263, -37.47281], [-71.65561, -37.47025], [-71.6653, -37.46546], [-71.67061, -37.46528], [-71.72011, -37.47891], [-71.73045, -37.48725], [-71.73349, -37.48848], [-71.78643, -37.4922], [-71.7867, -37.49116], [-71.78358, -37.48594], [-71.78367, -37.48285], [-71.7898, -37.48003], [-71.79476, -37.4763], [-71.79803, -37.45888]]]}, "properties": {"composicio": "Rocas intrusivas", "epoca": "Mioceno  18 6 Ma", "era": "CENOZOICO", "geo": "Mg", "ha": 15118.32, "m2": 151183155.02, "periodo": "Neogeno"}}, {"type": "Feature", "geometry": {"type": "Polygon", "coordinates": [[[-72.39527, -37.4417], [-72.39269, -37.43744], [-72.3877, -37.4345], [-72.36659, -37.4387], [-72.36121, -37.43734], [-72.35594, -37.43426], [-72.35326, -37.43346], [-72.35251, -37.43401], [-72.34013, -37.43878], [-72.33736, -37.44165], [-72.33719, -37.44646], [-72.33875, -37.44905], [-72.3455, -37.45378], [-72.35334, -37.45707], [-72.36015, -37.45849], [-72.36516, -37.45892], [-72.36979, -37.45842], [-72.37946, -37.4533], [-72.38822, -37.45125], [-72.39395, -37.447], [-72.39546, -37.44363], [-72.39527, -37.4417]]]}, "properties": {"composicio": "Secuencias volcanicas", "epoca": "Oligoceno Mioceno", "era": "CENOZOICO", "geo": "OM3b", "ha": 1020.98, "m2": 10209745.05, "periodo": "Paleogeno"}}, {"type": "Feature", "geometry": {"type": "Polygon", "coordinates": [[[-72.40209, -37.21745], [-72.4136, -37.21465], [-72.43022, -37.21474], [-72.45941, -37.21324], [-72.46252, -37.21405], [-72.47283, -37.2211], [-72.48497, -37.2265], [-72.48813, -37.23339], [-72.49097, -37.23385], [-72.49276, -37.22807], [-72.489, -37.21692], [-72.48677, -37.21351], [-72.48317, -37.21142], [-72.47322, -37.20783], [-72.46267, -37.20696], [-72.43476, -37.20861], [-72.42004, -37.20792], [-72.41184, -37.2061], [-72.40587, -37.20311], [-72.40143, -37.20293], [-72.39653, -37.20572], [-72.39178, -37.20599], [-72.38534, -37.18991], [-72.36256, -37.17846], [-72.35995, -37.17904], [-72.35713, -37.18065], [-72.34945, -37.19101], [-72.34504, -37.19495], [-72.31532, -37.20486], [-72.32215, -37.2079], [-72.32584, -37.2085], [-72.36576, -37.20724], [-72.37281, -37.20913], [-72.37489, -37.21483], [-72.37382, -37.21581], [-72.32085, -37.21254], [-72.33481, -37.22295], [-72.31418, -37.22269], [-72.30376, -37.22421], [-72.25838, -37.2565], [-72.2552, -37.25682], [-72.25008, -37.25398], [-72.2465, -37.25383], [-72.23919, -37.26041], [-72.23304, -37.26233], [-72.22731, -37.26232], [-72.2048, -37.26001], [-72.19761, -37.26017], [-72.18919, -37.27482], [-72.21804, -37.28347], [-72.21964, -37.28755], [-72.21648, -37.29189], [-72.19961, -37.29531], [-72.18438, -37.29134], [-72.18209, -37.29778], [-72.18272, -37.30559], [-72.10539, -37.30287], [-72.08698, -37.30611], [-72.06525, -37.31312], [-72.04781, -37.31167], [-72.04516, -37.30339], [-72.03638, -37.28693], [-72.02795, -37.27882], [-72.01858, -37.27627], [-72.00846, -37.28388], [-72.00656, -37.2932], [-71.99763, -37.30735], [-71.9886, -37.31351], [-71.98241, -37.32107], [-71.98181, -37.32923], [-71.97564, -37.33753], [-71.96467, -37.34151], [-71.9508, -37.3426], [-71.94356, -37.34723], [-71.94214, -37.35837], [-71.95004, -37.37076], [-71.95781, -37.37945], [-71.97123, -37.39023], [-72.00248, -37.39067], [-72.01498, -37.38944], [-72.02409, -37.38388], [-72.02671, -37.38393], [-72.03351, -37.38114], [-72.03757, -37.38282], [-72.03802, -37.38675], [-72.04319, -37.38884], [-72.0806, -37.39016], [-72.08325, -37.38923], [-72.09153, -37.3836], [-72.09682, -37.38186], [-72.19915, -37.38108], [-72.20543, -37.38168], [-72.21315, -37.38453], [-72.22782, -37.39304], [-72.25242, -37.39476], [-72.26432, -37.39742], [-72.297, -37.40988], [-72.31927, -37.40552], [-72.35629, -37.37472], [-72.35793, -37.3648], [-72.36049, -37.36067], [-72.37596, -37.3613], [-72.37589, -37.35556], [-72.37396, -37.35205], [-72.36377, -37.34511], [-72.36098, -37.34385], [-72.35954, -37.34402], [-72.34985, -37.34958], [-72.3431, -37.36765], [-72.33985, -37.36453], [-72.33432, -37.35664], [-72.31849, -37.34821], [-72.29201, -37.36248], [-72.28967, -37.36089], [-72.28839, -37.35614], [-72.29239, -37.34541], [-72.29244, -37.34244], [-72.29134, -37.3417], [-72.28835, -37.34124], [-72.28258, -37.34387], [-72.27309, -37.34635], [-72.22978, -37.33883], [-72.22724, -37.34033], [-72.22601, -37.34383], [-72.23108, -37.35194], [-72.2307, -37.35331], [-72.19204, -37.36692], [-72.18625, -37.36541], [-72.17683, -37.3601], [-72.17327, -37.34645], [-72.17429, -37.33777], [-72.17842, -37.33382], [-72.17845, -37.3313], [-72.1749, -37.32199], [-72.17526, -37.32086], [-72.17763, -37.3197], [-72.19519, -37.31906], [-72.19989, -37.31948], [-72.22351, -37.32711], [-72.22837, -37.32743], [-72.2346, -37.32655], [-72.24275, -37.32264], [-72.25198, -37.31982], [-72.28127, -37.31964], [-72.29124, -37.31868], [-72.29813, -37.31644], [-72.31032, -37.30983], [-72.31068, -37.30857], [-72.31477, -37.31206], [-72.31533, -37.31448], [-72.31395, -37.32704], [-72.31419, -37.33232], [-72.31626, -37.33572], [-72.32047, -37.33727], [-72.35226, -37.32514], [-72.36823, -37.32669], [-72.38008, -37.33003], [-72.38621, -37.32397], [-72.40212, -37.3175], [-72.40762, -37.3144], [-72.41443, -37.30881], [-72.41616, -37.3019], [-72.41478, -37.29176], [-72.41471, -37.27239], [-72.40209, -37.21745]], [[-72.3616, -37.26797], [-72.37995, -37.26161], [-72.38628, -37.26141], [-72.38802, -37.26343], [-72.38793, -37.26938], [-72.38655, -37.27528], [-72.37946, -37.29448], [-72.37548, -37.29616], [-72.37075, -37.29608], [-72.35822, -37.29191], [-72.36331, -37.28764], [-72.36679, -37.28326], [-72.36985, -37.27487], [-72.3616, -37.26797]]]}, "properties": {"composicio": "Secuencias volcanicas", "epoca": "Plioceno Pleistoceno", "era": "CENOZOICO", "geo": "PPl3", "ha": 45804.77, "m2": 458047730.78, "periodo": "Neogeno"}}, {"type": "Feature", "geometry": {"type": "Polygon", "coordinates": [[[-72.70347, -37.33519], [-72.69992, -37.33411], [-72.68685, -37.33439], [-72.68306, -37.33614], [-72.67988, -37.34064], [-72.65815, -37.3856], [-72.65709, -37.39118], [-72.65739, -37.39475], [-72.66082, -37.405], [-72.67069, -37.40727], [-72.66318, -37.38127], [-72.66733, -37.37168], [-72.70251, -37.35038], [-72.70587, -37.34357], [-72.70379, -37.33915], [-72.70347, -37.33519]]]}, "properties": {"composicio": "Secuencias sedimentarias", "epoca": "Pleistoceno Holoceno", "era": "CENOZOICO", "geo": "Qf", "ha": 887.88, "m2": 8878838.66, "periodo": "Cuaternario"}}, {"type": "Feature", "geometry": {"type": "Polygon", "coordinates": [[[-72.50455, -37.36265], [-72.50586, -37.36236], [-72.5101, -37.35886], [-72.51653, -37.34765], [-72.51674, -37.33493], [-72.51785, -37.33085], [-72.53082, -37.32768], [-72.54119, -37.32247], [-72.56102, -37.32208], [-72.56049, -37.31657], [-72.55608, -37.31124], [-72.55327, -37.31033], [-72.54453, -37.3148], [-72.54163, -37.31515], [-72.53786, -37.31352], [-72.53768, -37.30939], [-72.54376, -37.30149], [-72.54505, -37.29443], [-72.56777, -37.28178], [-72.56896, -37.26922], [-72.57273, -37.26387], [-72.57263, -37.25847], [-72.57119, -37.25383], [-72.56872, -37.25191], [-72.55954, -37.25901], [-72.55613, -37.25624], [-72.55241, -37.24887], [-72.54648, -37.24739], [-72.53963, -37.24919], [-72.5313, -37.24944], [-72.52431, -37.24642], [-72.5182, -37.2408], [-72.51678, -37.24062], [-72.51399, -37.24178], [-72.51141, -37.24638], [-72.50387, -37.2501], [-72.49784, -37.2502], [-72.48923, -37.24793], [-72.48804, -37.24856], [-72.48441, -37.25404], [-72.48388, -37.25791], [-72.48562, -37.25993], [-72.49685, -37.26392], [-72.49961, -37.26575], [-72.50037, -37.28365], [-72.49949, -37.28625], [-72.49828, -37.28724], [-72.49101, -37.28661], [-72.48822, -37.28753], [-72.48582, -37.28927], [-72.48461, -37.29255], [-72.49455, -37.32915], [-72.49397, -37.33623], [-72.49052, -37.34102], [-72.48984, -37.34741], [-72.50455, -37.36265]]]}, "properties": {"composicio": "Rocas intrusivas", "epoca": "Carbonifero Permico  328-235 Ma", "era": "PALEOZOICO", "geo": "CPg", "ha": 5843.16, "m2": 58431636.74, "periodo": ""}}, {"type": "Feature", "geometry": {"type": "Polygon", "coordinates": [[[-71.85371, -37.25613], [-71.85188, -37.25798], [-71.84473, -37.25852], [-71.83941, -37.25744], [-71.82772, -37.25266], [-71.82341, -37.25226], [-71.82057, -37.25333], [-71.81718, -37.25588], [-71.81368, -37.26005], [-71.81267, -37.2596], [-71.81128, -37.25435], [-71.80584, -37.25476], [-71.80039, -37.26169], [-71.79717, -37.25807], [-71.79514, -37.25695], [-71.79127, -37.25653], [-71.79054, -37.26353], [-71.78337, -37.26327], [-71.77997, -37.26549], [-71.77928, -37.26676], [-71.77996, -37.27224], [-71.81318, -37.27894], [-71.81382, -37.28237], [-71.81136, -37.28858], [-71.81274, -37.29326], [-71.82105, -37.30071], [-71.84133, -37.31191], [-71.85534, -37.31735], [-71.89581, -37.34077], [-71.90835, -37.3437], [-71.9125, -37.34342], [-71.91578, -37.34223], [-71.92427, -37.33697], [-71.93118, -37.33115], [-71.93672, -37.32169], [-71.94149, -37.31705], [-71.94483, -37.31232], [-71.9467, -37.30542], [-71.9479, -37.28766], [-71.95133, -37.2804], [-71.95515, -37.27549], [-71.92441, -37.2603], [-71.91221, -37.25616], [-71.89913, -37.25352], [-71.88427, -37.2524], [-71.86129, -37.2574], [-71.85371, -37.25613]]]}, "properties": {"composicio": "Secuencias volcanicas", "epoca": "Plioceno Pleistoceno", "era": "CENOZOICO", "geo": "PPl3", "ha": 9401.64, "m2": 94016424.56, "periodo": "Neogeno"}}, {"type": "Feature", "geometry": {"type": "Polygon", "coordinates": [[[-72.3616, -37.26797], [-72.36985, -37.27487], [-72.36679, -37.28326], [-72.36331, -37.28764], [-72.35822, -37.29191], [-72.37075, -37.29608], [-72.37548, -37.29616], [-72.37946, -37.29448], [-72.38655, -37.27528], [-72.38793, -37.26938], [-72.38802, -37.26343], [-72.38628, -37.26141], [-72.37995, -37.26161], [-72.3616, -37.26797]]]}, "properties": {"composicio": "Secuencias volcanicas", "epoca": "Oligoceno Mioceno", "era": "CENOZOICO", "geo": "OM3b", "ha": 620.07, "m2": 6200645.28, "periodo": "Paleogeno"}}, {"type": "Feature", "geometry": {"type": "Polygon", "coordinates": [[[-72.34687, -36.93054], [-72.3486, -36.90112], [-72.3359, -36.89717], [-72.32691, -36.89045], [-72.31616, -36.88766], [-72.268, -36.88977], [-72.24603, -36.89504], [-72.21837, -36.90277], [-72.2033, -36.91171], [-72.16047, -36.90278], [-72.14536, -36.91094], [-72.13789, -36.91733], [-72.12747, -36.92226], [-72.10726, -36.92356], [-72.0872, -36.92872], [-72.06516, -36.93316], [-72.05539, -36.93028], [-71.96022, -36.96124], [-71.92733, -36.96674], [-71.83162, -36.95813], [-71.79513, -36.9715], [-71.77597, -36.97975], [-71.75726, -36.98489], [-71.76071, -36.98973], [-71.76064, -36.99179], [-71.75352, -36.99642], [-71.74925, -37.00332], [-71.73595, -37.00793], [-71.72534, -37.01377], [-71.70949, -37.01361], [-71.70479, -37.01446], [-71.67888, -37.02734], [-71.71888, -37.03618], [-71.72163, -37.03797], [-71.72629, -37.04319], [-71.72773, -37.04374], [-71.73945, -37.04407], [-71.7574, -37.04123], [-71.76755, -37.0418], [-71.79552, -37.04846], [-71.80276, -37.05341], [-71.80509, -37.0559], [-71.80533, -37.06071], [-71.8005, -37.06226], [-71.73602, -37.06014], [-71.75421, -37.07058], [-71.75074, -37.07588], [-71.75036, -37.07898], [-71.75569, -37.08098], [-71.76109, -37.07943], [-71.76625, -37.08017], [-71.76702, -37.08337], [-71.76388, -37.09142], [-71.76433, -37.09233], [-71.76652, -37.09505], [-71.77457, -37.09725], [-71.78079, -37.1013], [-71.75083, -37.12832], [-71.75001, -37.13051], [-71.74995, -37.1431], [-71.74681, -37.15126], [-71.75127, -37.15259], [-71.75569, -37.15208], [-71.75768, -37.15114], [-71.79059, -37.12889], [-71.80505, -37.1373], [-71.7935, -37.16183], [-71.81585, -37.16363], [-71.81859, -37.16485], [-71.8178, -37.16841], [-71.82744, -37.17138], [-71.79435, -37.19949], [-71.78593, -37.19363], [-71.77937, -37.19451], [-71.7757, -37.19753], [-71.77631, -37.19947], [-71.78014, -37.20503], [-71.7892, -37.2229], [-71.79266, -37.22389], [-71.80195, -37.22332], [-71.80598, -37.22431], [-71.82902, -37.246], [-71.84744, -37.25025], [-71.8525, -37.25282], [-71.85411, -37.2544], [-71.85371, -37.25613], [-71.86129, -37.2574], [-71.88427, -37.2524], [-71.89913, -37.25352], [-71.91221, -37.25616], [-71.92441, -37.2603], [-71.95515, -37.27549], [-71.96748, -37.26485], [-71.96478, -37.24542], [-71.97963, -37.22336], [-71.98539, -37.2179], [-71.98815, -37.21339], [-71.98841, -37.2055], [-71.98472, -37.20028], [-71.98393, -37.19662], [-72.01335, -37.17727], [-72.0189, -37.17163], [-72.02282, -37.16433], [-72.02747, -37.15991], [-72.04333, -37.16198], [-72.05312, -37.15903], [-72.05793, -37.15565], [-72.06042, -37.15484], [-72.09223, -37.15463], [-72.10094, -37.15064], [-72.10693, -37.14459], [-72.10719, -37.12134], [-72.10302, -37.11944], [-72.09403, -37.11906], [-72.08753, -37.11775], [-72.08076, -37.11402], [-72.07728, -37.10838], [-72.0773, -37.10368], [-72.08229, -37.09759], [-72.08465, -37.09012], [-72.084, -37.08046], [-72.08149, -37.073], [-72.06069, -37.07603], [-72.04647, -37.06407], [-72.04886, -37.06038], [-72.0502, -37.05964], [-72.06063, -37.05765], [-72.06165, -37.05529], [-72.06162, -37.05138], [-72.06341, -37.04813], [-72.06553, -37.04638], [-72.07296, -37.0444], [-72.07521, -37.04276], [-72.07898, -37.03338], [-72.08009, -37.02539], [-72.08001, -37.01804], [-72.1128, -36.99725], [-72.13982, -36.98833], [-72.14802, -36.98482], [-72.16238, -36.98115], [-72.17748, -36.97167], [-72.19803, -36.97029], [-72.21743, -36.96646], [-72.24778, -36.95407], [-72.26712, -36.9494], [-72.30795, -36.94166], [-72.34687, -36.93054]]]}, "properties": {"composicio": "Secuencias volcanicas", "epoca": "Pleistoceno", "era": "CENOZOICO", "geo": "Pl3t", "ha": 99299.71, "m2": 992997116.35, "periodo": "Neogeno"}}, {"type": "Feature", "geometry": {"type": "Polygon", "coordinates": [[[-72.74822, -36.41028], [-72.74392, -36.40677], [-72.74095, -36.40649], [-72.7369, -36.40986], [-72.73393, -36.42046], [-72.73216, -36.42295], [-72.72943, -36.42438], [-72.71593, -36.42611], [-72.70886, -36.43114], [-72.70282, -36.43437], [-72.69962, -36.43763], [-72.70517, -36.44733], [-72.71015, -36.50475], [-72.68415, -36.50707], [-72.67076, -36.51966], [-72.66455, -36.52379], [-72.64827, -36.52259], [-72.64498, -36.52379], [-72.63472, -36.53049], [-72.6211, -36.54113], [-72.60155, -36.56013], [-72.5975, -36.56806], [-72.59426, -36.57201], [-72.5888, -36.57455], [-72.57667, -36.57685], [-72.57175, -36.58008], [-72.57058, -36.58132], [-72.56881, -36.58884], [-72.5672, -36.5903], [-72.56074, -36.59282], [-72.5571, -36.59608], [-72.55807, -36.60673], [-72.55501, -36.60942], [-72.53544, -36.60884], [-72.53137, -36.61221], [-72.52809, -36.61764], [-72.52548, -36.61942], [-72.51153, -36.62535], [-72.49763, -36.62978], [-72.48824, -36.63511], [-72.48121, -36.64206], [-72.47919, -36.6481], [-72.48315, -36.65813], [-72.47632, -36.66315], [-72.47339, -36.67099], [-72.45868, -36.67804], [-72.45669, -36.68281], [-72.45773, -36.69061], [-72.46214, -36.69497], [-72.46868, -36.69997], [-72.47716, -36.7253], [-72.4867, -36.72971], [-72.48675, -36.73279], [-72.48288, -36.73845], [-72.48308, -36.74132], [-72.49283, -36.74333], [-72.49462, -36.74542], [-72.4905, -36.75495], [-72.49333, -36.76015], [-72.49366, -36.76325], [-72.49237, -36.76837], [-72.48993, -36.77394], [-72.48275, -36.7809], [-72.46997, -36.7612], [-72.46209, -36.7582], [-72.45713, -36.75765], [-72.45425, -36.75874], [-72.45247, -36.76111], [-72.45295, -36.76432], [-72.45603, -36.77067], [-72.45193, -36.77449], [-72.45238, -36.77816], [-72.46139, -36.78153], [-72.46566, -36.78619], [-72.46873, -36.78808], [-72.47015, -36.78834], [-72.47578, -36.78569], [-72.47893, -36.78506], [-72.48109, -36.78865], [-72.47973, -36.79606], [-72.48011, -36.7979], [-72.48737, -36.80238], [-72.49165, -36.8067], [-72.49108, -36.8116], [-72.48934, -36.81283], [-72.48023, -36.81267], [-72.47893, -36.81321], [-72.47867, -36.81722], [-72.49296, -36.82973], [-72.48993, -36.83092], [-72.47986, -36.82994], [-72.47627, -36.8309], [-72.4735, -36.83291], [-72.47053, -36.83685], [-72.47023, -36.84211], [-72.48102, -36.85708], [-72.48207, -36.86007], [-72.48174, -36.86179], [-72.47874, -36.86676], [-72.47079, -36.87073], [-72.46131, -36.87341], [-72.44813, -36.87535], [-72.42481, -36.86416], [-72.41524, -36.8649], [-72.40533, -36.86276], [-72.39934, -36.86299], [-72.39843, -36.86361], [-72.39498, -36.86599], [-72.3882, -36.87799], [-72.38825, -36.88096], [-72.39278, -36.88643], [-72.3878, -36.90475], [-72.38228, -36.90819], [-72.37882, -36.91407], [-72.37352, -36.91511], [-72.36859, -36.9133], [-72.36672, -36.90914], [-72.36658, -36.9038], [-72.3633, -36.90038], [-72.35993, -36.89871], [-72.35411, -36.89825], [-72.35123, -36.89899], [-72.3486, -36.90112], [-72.34616, -36.9061], [-72.34465, -36.91774], [-72.35289, -36.94537], [-72.35841, -36.94673], [-72.39179, -36.92794], [-72.4073, -36.93853], [-72.41285, -36.93864], [-72.41793, -36.93575], [-72.43409, -36.91547], [-72.43333, -36.91236], [-72.42819, -36.90793], [-72.42547, -36.90341], [-72.42569, -36.90101], [-72.42998, -36.89572], [-72.43416, -36.89385], [-72.44698, -36.8941], [-72.45706, -36.89062], [-72.46838, -36.88408], [-72.47238, -36.88381], [-72.47784, -36.89593], [-72.48249, -36.89762], [-72.48946, -36.89798], [-72.49364, -36.90081], [-72.49323, -36.90492], [-72.48841, -36.90895], [-72.48833, -36.91158], [-72.50599, -36.9166], [-72.5072, -36.91891], [-72.50591, -36.93399], [-72.51082, -36.94151], [-72.51495, -36.95189], [-72.51454, -36.9561], [-72.50865, -36.96928], [-72.52197, -36.98766], [-72.52233, -36.99076], [-72.52132, -36.99525], [-72.52237, -37.00329], [-72.53006, -37.01017], [-72.5307, -37.01607], [-72.52944, -37.02084], [-72.53148, -37.02491], [-72.54658, -37.03244], [-72.54119, -37.05398], [-72.53548, -37.05846], [-72.5246, -37.06102], [-72.51678, -37.06484], [-72.51185, -37.0729], [-72.51249, -37.0813], [-72.51646, -37.0866], [-72.52505, -37.09118], [-72.55357, -37.09525], [-72.56396, -37.12453], [-72.57865, -37.14446], [-72.58152, -37.14434], [-72.58755, -37.14181], [-72.59738, -37.12592], [-72.60064, -37.13361], [-72.60415, -37.13717], [-72.60686, -37.14221], [-72.60808, -37.17675], [-72.60931, -37.18023], [-72.61044, -37.1895], [-72.61959, -37.19892], [-72.62191, -37.20809], [-72.63535, -37.21737], [-72.64197, -37.225], [-72.64327, -37.23173], [-72.64648, -37.23614], [-72.6866, -37.25066], [-72.69735, -37.25077], [-72.70234, -37.24984], [-72.70568, -37.25052], [-72.71143, -37.25431], [-72.71786, -37.26333], [-72.72392, -37.26552], [-72.72739, -37.26489], [-72.73761, -37.25406], [-72.74252, -37.2418], [-72.74511, -37.23152], [-72.74783, -37.22869], [-72.74981, -37.22492], [-72.7571, -37.21958], [-72.75024, -37.20325], [-72.74989, -37.19946], [-72.76229, -37.17332], [-72.76929, -37.16625], [-72.78154, -37.15993], [-72.78753, -37.1504], [-72.79765, -37.14126], [-72.82672, -37.12627], [-72.8619, -37.06864], [-72.8872, -37.04616], [-72.90532, -37.03924], [-72.92274, -37.03447], [-72.96446, -37.01667], [-72.96396, -37.01313], [-72.96216, -37.00991], [-72.94475, -36.99982], [-72.93553, -36.98095], [-72.93359, -36.97863], [-72.91536, -36.97732], [-72.93217, -36.95235], [-72.92918, -36.94527], [-72.92941, -36.93818], [-72.9444, -36.91367], [-72.94801, -36.91072], [-72.95158, -36.90995], [-72.95358, -36.91019], [-72.95897, -36.91274], [-72.96575, -36.90638], [-72.96877, -36.90515], [-72.97033, -36.90538], [-72.96845, -36.92084], [-72.99718, -36.962], [-73.00074, -36.96239], [-73.00403, -36.96187], [-73.01054, -36.95854], [-73.01276, -36.95503], [-73.01432, -36.94932], [-73.01465, -36.94132], [-73.02292, -36.92872], [-73.0298, -36.92081], [-73.03404, -36.90965], [-73.03964, -36.91346], [-73.03632, -36.90919], [-73.03627, -36.90477], [-73.04452, -36.87167], [-73.04497, -36.86619], [-73.06306, -36.83624], [-73.06608, -36.83944], [-73.0646, -36.8311], [-73.0746, -36.82312], [-73.07943, -36.81757], [-73.08238, -36.81269], [-73.08204, -36.80868], [-73.07891, -36.80595], [-73.06675, -36.81145], [-73.06505, -36.81119], [-73.06339, -36.80912], [-73.06601, -36.80641], [-73.07162, -36.80384], [-73.07165, -36.80259], [-73.0662, -36.79793], [-73.02637, -36.80398], [-73.0215, -36.79861], [-73.01453, -36.7804], [-72.99841, -36.7566], [-72.99146, -36.75581], [-72.98895, -36.75383], [-72.98376, -36.74449], [-72.97259, -36.74158], [-72.97312, -36.73736], [-72.97935, -36.72646], [-72.97542, -36.6918], [-72.9671, -36.69091], [-72.95798, -36.68598], [-72.95013, -36.66962], [-72.93945, -36.66465], [-72.93493, -36.65726], [-72.93779, -36.62687], [-72.91768, -36.5777], [-72.91936, -36.549], [-72.91746, -36.54542], [-72.91291, -36.54009], [-72.9094, -36.527], [-72.91029, -36.51934], [-72.90952, -36.51804], [-72.90522, -36.51801], [-72.89847, -36.51562], [-72.88491, -36.50763], [-72.87428, -36.50735], [-72.86808, -36.50578], [-72.84615, -36.48667], [-72.83833, -36.48197], [-72.82557, -36.47651], [-72.80343, -36.46117], [-72.79086, -36.45925], [-72.7858, -36.4578], [-72.78147, -36.45544], [-72.77873, -36.45185], [-72.77699, -36.44759], [-72.77234, -36.44145], [-72.76198, -36.43648], [-72.75881, -36.43299], [-72.74714, -36.41358], [-72.74676, -36.41197], [-72.74822, -36.41028]], [[-72.56281, -36.74322], [-72.5454, -36.73536], [-72.5361, -36.73244], [-72.53176, -36.73008], [-72.52776, -36.72576], [-72.52376, -36.71677], [-72.52144, -36.71353], [-72.517, -36.7099], [-72.50552, -36.70397], [-72.50193, -36.70047], [-72.50073, -36.69781], [-72.50207, -36.69063], [-72.5062, -36.68556], [-72.5091, -36.68378], [-72.51412, -36.68215], [-72.51753, -36.68232], [-72.54912, -36.69549], [-72.54918, -36.70304], [-72.55162, -36.71224], [-72.56711, -36.737], [-72.56743, -36.74079], [-72.56438, -36.74302], [-72.56281, -36.74322]], [[-72.5822, -36.82595], [-72.57885, -36.82349], [-72.57697, -36.81465], [-72.57333, -36.80749], [-72.57458, -36.79882], [-72.58525, -36.78893], [-72.59376, -36.78508], [-72.59675, -36.7849], [-72.60064, -36.78806], [-72.60225, -36.79163], [-72.60242, -36.8008], [-72.59928, -36.81092], [-72.59346, -36.82032], [-72.58937, -36.82402], [-72.58634, -36.82534], [-72.5822, -36.82595]], [[-72.65631, -36.90873], [-72.63099, -36.8981], [-72.62196, -36.87471], [-72.62616, -36.87216], [-72.63327, -36.87262], [-72.66739, -36.88477], [-72.66788, -36.88752], [-72.66409, -36.89558], [-72.6631, -36.90552], [-72.66176, -36.90744], [-72.65631, -36.90873]]]}, "properties": {"composicio": "Rocas intrusivas", "epoca": "Carbonifero Permico  328-235 Ma", "era": "PALEOZOICO", "geo": "CPg", "ha": 297862.51, "m2": 2978625060.66, "periodo": ""}}, {"type": "Feature", "geometry": {"type": "Polygon", "coordinates": [[[-71.75011, -37.2387], [-71.75926, -37.23733], [-71.76153, -37.23616], [-71.76189, -37.23238], [-71.69175, -37.20982], [-71.6883, -37.20905], [-71.68489, -37.21024], [-71.67001, -37.2191], [-71.67794, -37.23893], [-71.6951, -37.23725], [-71.69752, -37.23642], [-71.70057, -37.23079], [-71.70383, -37.22926], [-71.75011, -37.2387]]]}, "properties": {"composicio": "Secuencias sedimentarias", "epoca": "Pleistoceno Holoceno", "era": "CENOZOICO", "geo": "Q1g", "ha": 1447.87, "m2": 14478715.42, "periodo": "Cuaternario"}}, {"type": "Feature", "geometry": {"type": "Polygon", "coordinates": [[[-72.59495, -37.20936], [-72.6022, -37.1983], [-72.59982, -37.19511], [-72.59874, -37.19152], [-72.59456, -37.18711], [-72.58959, -37.18407], [-72.58259, -37.18128], [-72.58015, -37.17912], [-72.57668, -37.16765], [-72.57375, -37.16398], [-72.56697, -37.16005], [-72.55035, -37.15312], [-72.54695, -37.15241], [-72.54336, -37.15261], [-72.53343, -37.16037], [-72.51475, -37.15197], [-72.51117, -37.15905], [-72.51093, -37.16305], [-72.51214, -37.16665], [-72.51293, -37.16783], [-72.52344, -37.17385], [-72.52624, -37.18198], [-72.59495, -37.20936]]]}, "properties": {"composicio": "Rocas intrusivas", "epoca": "Carbonifero Permico  328-235 Ma", "era": "PALEOZOICO", "geo": "CPg", "ha": 2549.21, "m2": 25492140.59, "periodo": ""}}, {"type": "Feature", "geometry": {"type": "Polygon", "coordinates": [[[-72.31363, -37.20892], [-72.31483, -37.20806], [-72.30505, -37.20192], [-72.27601, -37.20109], [-72.26585, -37.18967], [-72.26258, -37.18713], [-72.25078, -37.18344], [-72.23488, -37.18107], [-72.22011, -37.18137], [-72.20289, -37.17734], [-72.19599, -37.17774], [-72.18612, -37.17962], [-72.17359, -37.17624], [-72.16339, -37.17008], [-72.15403, -37.17084], [-72.13661, -37.16782], [-72.12309, -37.17299], [-72.12078, -37.17541], [-72.15943, -37.19765], [-72.16228, -37.19788], [-72.17289, -37.19339], [-72.17652, -37.19274], [-72.24425, -37.19566], [-72.25644, -37.19788], [-72.27127, -37.20341], [-72.28127, -37.20623], [-72.31363, -37.20892]]]}, "properties": {"composicio": "Secuencias sedimentarias", "epoca": "Pleistoceno Holoceno", "era": "CENOZOICO", "geo": "Q1", "ha": 2519.58, "m2": 25195803.53, "periodo": "Cuaternario"}}, {"type": "Feature", "geometry": {"type": "Polygon", "coordinates": [[[-72.57513, -37.14162], [-72.5804, -37.1534], [-72.57944, -37.16086], [-72.57989, -37.16333], [-72.61044, -37.1895], [-72.60931, -37.18023], [-72.60808, -37.17675], [-72.60686, -37.14221], [-72.60415, -37.13717], [-72.60064, -37.13361], [-72.59738, -37.12592], [-72.58755, -37.14181], [-72.58152, -37.14434], [-72.57865, -37.14446], [-72.57513, -37.14162]]]}, "properties": {"composicio": "Secuencias volcanicas", "epoca": "Cuaternario", "era": "CENOZOICO", "geo": "Q3av", "ha": 1118.71, "m2": 11187086.28, "periodo": "Cuaternario"}}, {"type": "Feature", "geometry": {"type": "Polygon", "coordinates": [[[-71.77192, -37.10872], [-71.77702, -37.10615], [-71.77996, -37.10325], [-71.78079, -37.1013], [-71.77457, -37.09725], [-71.76652, -37.09505], [-71.76433, -37.09233], [-71.76388, -37.09142], [-71.76702, -37.08337], [-71.76625, -37.08017], [-71.76109, -37.07943], [-71.75569, -37.08098], [-71.75036, -37.07898], [-71.75074, -37.07588], [-71.75421, -37.07058], [-71.73602, -37.06014], [-71.80533, -37.06071], [-71.80509, -37.0559], [-71.80276, -37.05341], [-71.79552, -37.04846], [-71.76755, -37.0418], [-71.7574, -37.04123], [-71.73945, -37.04407], [-71.72773, -37.04374], [-71.70122, -37.03076], [-71.66935, -37.02973], [-71.66575, -37.02782], [-71.66153, -37.02329], [-71.65749, -37.02058], [-71.64579, -37.02128], [-71.63574, -37.01818], [-71.63074, -37.01789], [-71.62946, -37.01824], [-71.63458, -37.02564], [-71.6355, -37.02974], [-71.61511, -37.04038], [-71.6181, -37.04859], [-71.62102, -37.05246], [-71.63952, -37.06497], [-71.64205, -37.07994], [-71.64235, -37.08933], [-71.63771, -37.10277], [-71.63781, -37.10849], [-71.64067, -37.11716], [-71.64571, -37.12753], [-71.65206, -37.13101], [-71.66372, -37.13547], [-71.67441, -37.14211], [-71.67858, -37.14299], [-71.68429, -37.1428], [-71.68857, -37.14196], [-71.71101, -37.12477], [-71.71857, -37.12376], [-71.7306, -37.125], [-71.77192, -37.10872]]]}, "properties": {"composicio": "Secuencias sedimentarias", "epoca": "Pleistoceno Holoceno", "era": "CENOZOICO", "geo": "Q1g", "ha": 12683.16, "m2": 126831569.18, "periodo": "Cuaternario"}}, {"type": "Feature", "geometry": {"type": "Polygon", "coordinates": [[[-72.41728, -37.00609], [-72.42086, -37.00431], [-72.42324, -37.00487], [-72.42773, -37.00322], [-72.42871, -36.99304], [-72.41572, -37.00122], [-72.41542, -37.00551], [-72.41728, -37.00609]]]}, "properties": {"composicio": "S I", "epoca": "S I", "era": "S I", "geo": "S I", "ha": 96.55, "m2": 965507.2, "periodo": "S I"}}, {"type": "Feature", "geometry": {"type": "Polygon", "coordinates": [[[-72.17503, -35.97336], [-72.18199, -35.97866], [-72.19011, -35.98306], [-72.19603, -35.99025], [-72.19442, -35.99437], [-72.19561, -35.99399], [-72.2121, -35.99604], [-72.253, -35.98696], [-72.26045, -35.98767], [-72.26839, -35.99079], [-72.27208, -35.98971], [-72.27829, -35.98364], [-72.28384, -35.98111], [-72.29503, -35.98302], [-72.30051, -35.98266], [-72.30595, -35.97898], [-72.31131, -35.97335], [-72.31401, -35.97226], [-72.31949, -35.97224], [-72.32498, -35.97679], [-72.32874, -35.978], [-72.33173, -35.97691], [-72.33465, -35.97342], [-72.33765, -35.97164], [-72.34214, -35.9723], [-72.34334, -35.97449], [-72.34299, -35.98146], [-72.34018, -35.98645], [-72.34163, -35.98956], [-72.36621, -35.98782], [-72.37303, -35.99982], [-72.3708, -36.00573], [-72.36665, -36.00815], [-72.36318, -36.00997], [-72.35526, -36.00732], [-72.3475, -36.00811], [-72.34058, -36.01233], [-72.33211, -36.01314], [-72.32122, -36.00711], [-72.31057, -36.00683], [-72.27695, -36.01697], [-72.24261, -36.00984], [-72.22006, -36.01333], [-72.20952, -36.01591], [-72.19597, -36.01398], [-72.19019, -36.01125], [-72.17827, -36.00348], [-72.1764, -36.01227], [-72.1719, -36.02571], [-72.15351, -36.04307], [-72.16176, -36.04485], [-72.16988, -36.04226], [-72.17594, -36.04239], [-72.18177, -36.04491], [-72.18521, -36.0474], [-72.18596, -36.04181], [-72.18829, -36.03957], [-72.19186, -36.03804], [-72.19256, -36.03405], [-72.18942, -36.02678], [-72.19107, -36.02361], [-72.19564, -36.02175], [-72.19916, -36.02182], [-72.20444, -36.02411], [-72.20794, -36.02464], [-72.21709, -36.02059], [-72.22048, -36.02032], [-72.2341, -36.03491], [-72.23266, -36.03602], [-72.22345, -36.03297], [-72.22089, -36.03383], [-72.23474, -36.0499], [-72.21364, -36.05117], [-72.21335, -36.05332], [-72.21759, -36.06176], [-72.21697, -36.07192], [-72.21572, -36.0758], [-72.21338, -36.07827], [-72.2097, -36.07876], [-72.20396, -36.07762], [-72.2015, -36.07963], [-72.19951, -36.10579], [-72.18366, -36.1033], [-72.18947, -36.08523], [-72.18829, -36.08246], [-72.18387, -36.07962], [-72.15145, -36.08777], [-72.1275, -36.07879], [-72.09541, -36.09934], [-72.06924, -36.10716], [-72.04405, -36.10781], [-72.00243, -36.11644], [-71.98661, -36.13394], [-71.96784, -36.14691], [-71.94883, -36.15363], [-71.91861, -36.16999], [-71.90338, -36.17505], [-71.8745, -36.17575], [-71.84375, -36.17804], [-71.83848, -36.19223], [-71.81758, -36.20053], [-71.79452, -36.20264], [-71.76976, -36.21103], [-71.7588, -36.22847], [-71.73226, -36.24158], [-71.71926, -36.25594], [-71.69372, -36.2987], [-71.67513, -36.31943], [-71.66214, -36.39159], [-71.66288, -36.41345], [-71.66062, -36.46037], [-71.65149, -36.47619], [-71.61928, -36.49141], [-71.62172, -36.4972], [-71.62858, -36.50347], [-71.62974, -36.5087], [-71.62785, -36.51194], [-71.59112, -36.51249], [-71.58998, -36.5029], [-71.59194, -36.49726], [-71.59504, -36.49181], [-71.60071, -36.487], [-71.59393, -36.47776], [-71.59941, -36.46827], [-71.59328, -36.46185], [-71.57108, -36.49231], [-71.56578, -36.49516], [-71.55636, -36.49788], [-71.55328, -36.49932], [-71.55897, -36.50469], [-71.53264, -36.54483], [-71.53786, -36.55822], [-71.53683, -36.5619], [-71.53168, -36.57013], [-71.52589, -36.57597], [-71.5196, -36.5793], [-71.49687, -36.58399], [-71.48445, -36.59157], [-71.46066, -36.58895], [-71.45296, -36.59768], [-71.442, -36.60671], [-71.42877, -36.62071], [-71.42637, -36.62133], [-71.42264, -36.6198], [-71.42009, -36.62007], [-71.38004, -36.65072], [-71.34477, -36.65506], [-71.29746, -36.67163], [-71.29077, -36.67118], [-71.28575, -36.66978], [-71.282, -36.66768], [-71.26876, -36.65122], [-71.26599, -36.65389], [-71.26526, -36.65826], [-71.28017, -36.68419], [-71.27906, -36.69566], [-71.28301, -36.69959], [-71.28303, -36.70051], [-71.24419, -36.74265], [-71.2451, -36.7448], [-71.25509, -36.74611], [-71.25395, -36.76192], [-71.24915, -36.77952], [-71.24723, -36.7926], [-71.24796, -36.79877], [-71.24949, -36.80274], [-71.25127, -36.8045], [-71.2533, -36.79089], [-71.2555, -36.78261], [-71.26084, -36.77484], [-71.27, -36.76071], [-71.26857, -36.75513], [-71.2681, -36.74804], [-71.27029, -36.73965], [-71.28103, -36.73694], [-71.29126, -36.71546], [-71.29113, -36.71089], [-71.28904, -36.70715], [-71.28863, -36.70234], [-71.29058, -36.70094], [-71.29539, -36.70005], [-71.30046, -36.69801], [-71.2998, -36.68966], [-71.30182, -36.68551], [-71.34645, -36.66967], [-71.34876, -36.67067], [-71.35197, -36.67381], [-71.35237, -36.67792], [-71.3505, -36.69238], [-71.35144, -36.69545], [-71.35351, -36.69827], [-71.35594, -36.69891], [-71.36212, -36.68094], [-71.36043, -36.67651], [-71.36159, -36.67203], [-71.35823, -36.669], [-71.35939, -36.66462], [-71.36217, -36.66217], [-71.39351, -36.65459], [-71.40799, -36.6392], [-71.43644, -36.6304], [-71.43868, -36.61937], [-71.44198, -36.62068], [-71.44437, -36.62463], [-71.44839, -36.62605], [-71.44836, -36.61541], [-71.4527, -36.61303], [-71.45609, -36.6125], [-71.46421, -36.61302], [-71.46561, -36.61254], [-71.46665, -36.60931], [-71.46763, -36.60883], [-71.47883, -36.61296], [-71.48828, -36.61059], [-71.49041, -36.61067], [-71.50176, -36.61948], [-71.50489, -36.61507], [-71.50807, -36.60722], [-71.51543, -36.60158], [-71.56321, -36.58949], [-71.58114, -36.55298], [-71.59643, -36.53778], [-71.59733, -36.5301], [-71.59865, -36.52663], [-71.60347, -36.52654], [-71.62288, -36.5212], [-71.62813, -36.52109], [-71.63173, -36.52296], [-71.63208, -36.52502], [-71.62752, -36.529], [-71.62664, -36.5328], [-71.62784, -36.53483], [-71.62898, -36.53503], [-71.63505, -36.53387], [-71.63459, -36.54213], [-71.63084, -36.5493], [-71.62801, -36.55874], [-71.61153, -36.57695], [-71.65114, -36.5721], [-71.66522, -36.56412], [-71.66987, -36.56277], [-71.70346, -36.56123], [-71.73954, -36.57978], [-71.72534, -36.59302], [-71.73855, -36.60166], [-71.7141, -36.63229], [-71.71493, -36.63605], [-71.71759, -36.63484], [-71.72064, -36.63238], [-71.72343, -36.62637], [-71.72646, -36.62344], [-71.72916, -36.6235], [-71.73363, -36.62546], [-71.72383, -36.65221], [-71.72972, -36.67177], [-71.72681, -36.67858], [-71.71644, -36.69209], [-71.71152, -36.7016], [-71.71471, -36.70036], [-71.72293, -36.69938], [-71.73691, -36.69621], [-71.74371, -36.69125], [-71.7495, -36.68117], [-71.75412, -36.67889], [-71.75925, -36.67923], [-71.76085, -36.68057], [-71.76263, -36.68717], [-71.76541, -36.68962], [-71.76771, -36.69026], [-71.77325, -36.69014], [-71.77599, -36.69133], [-71.77524, -36.69455], [-71.77077, -36.70106], [-71.77211, -36.70744], [-71.76828, -36.71199], [-71.76227, -36.72148], [-71.76294, -36.72432], [-71.76411, -36.72544], [-71.77009, -36.72565], [-71.76922, -36.72921], [-71.77058, -36.73159], [-71.77289, -36.73268], [-71.78276, -36.7344], [-71.78452, -36.73585], [-71.78818, -36.74309], [-71.78723, -36.75719], [-71.77246, -36.77938], [-71.76238, -36.78452], [-71.75317, -36.78695], [-71.75194, -36.78728], [-71.75206, -36.79083], [-71.7547, -36.79328], [-71.75714, -36.7938], [-71.78978, -36.78734], [-71.79204, -36.79095], [-71.79275, -36.79517], [-71.78703, -36.80708], [-71.78615, -36.81043], [-71.78625, -36.81763], [-71.78433, -36.81985], [-71.78109, -36.82106], [-71.77749, -36.82401], [-71.77521, -36.83241], [-71.74288, -36.8241], [-71.73905, -36.82442], [-71.73007, -36.82861], [-71.7274, -36.83394], [-71.72857, -36.83483], [-71.73356, -36.83518], [-71.74185, -36.83178], [-71.74342, -36.83175], [-71.76182, -36.84518], [-71.75421, -36.84765], [-71.74211, -36.84803], [-71.73703, -36.84963], [-71.7396, -36.85392], [-71.74394, -36.85589], [-71.7466, -36.8588], [-71.745, -36.86204], [-71.74247, -36.86313], [-71.72667, -36.86382], [-71.72588, -36.86556], [-71.72778, -36.87146], [-71.72569, -36.87277], [-71.72264, -36.871], [-71.71978, -36.87084], [-71.71749, -36.8749], [-71.7222, -36.87937], [-71.72611, -36.88122], [-71.73153, -36.88145], [-71.74132, -36.88443], [-71.74704, -36.88477], [-71.74845, -36.88439], [-71.7526, -36.88052], [-71.75573, -36.88045], [-71.76093, -36.88239], [-71.76273, -36.8851], [-71.76282, -36.88773], [-71.76187, -36.88935], [-71.75868, -36.89183], [-71.75583, -36.89189], [-71.74936, -36.89044], [-71.73071, -36.89108], [-71.72581, -36.89382], [-71.7226, -36.90018], [-71.72758, -36.90408], [-71.72752, -36.91083], [-71.72933, -36.91377], [-71.7429, -36.91885], [-71.72991, -36.92256], [-71.72123, -36.93626], [-71.72104, -36.93913], [-71.72347, -36.94353], [-71.72962, -36.94374], [-71.73107, -36.9444], [-71.72644, -36.95102], [-71.72413, -36.9632], [-71.73099, -36.96763], [-71.74358, -36.9686], [-71.74733, -36.96978], [-71.74826, -36.97193], [-71.74772, -36.97709], [-71.74936, -36.97912], [-71.75726, -36.98489], [-71.77597, -36.97975], [-71.79513, -36.9715], [-71.83162, -36.95813], [-71.92733, -36.96674], [-71.96022, -36.96124], [-72.05539, -36.93028], [-72.06516, -36.93316], [-72.0872, -36.92872], [-72.10726, -36.92356], [-72.12747, -36.92226], [-72.13789, -36.91733], [-72.14536, -36.91094], [-72.16047, -36.90278], [-72.2033, -36.91171], [-72.21837, -36.90277], [-72.24603, -36.89504], [-72.268, -36.88977], [-72.31616, -36.88766], [-72.32691, -36.89045], [-72.3359, -36.89717], [-72.3486, -36.90112], [-72.35123, -36.89899], [-72.35411, -36.89825], [-72.35993, -36.89871], [-72.3633, -36.90038], [-72.36658, -36.9038], [-72.36838, -36.89629], [-72.37088, -36.86508], [-72.3741, -36.85018], [-72.4182, -36.79598], [-72.41847, -36.78039], [-72.41616, -36.77189], [-72.40801, -36.76278], [-72.41336, -36.73071], [-72.41892, -36.72509], [-72.43199, -36.71459], [-72.43641, -36.70512], [-72.44756, -36.65185], [-72.47237, -36.62525], [-72.46401, -36.62859], [-72.44802, -36.63127], [-72.43879, -36.63121], [-72.42271, -36.62781], [-72.33872, -36.58969], [-72.32196, -36.56304], [-72.32457, -36.55256], [-72.32723, -36.54895], [-72.33041, -36.54719], [-72.34161, -36.54752], [-72.34381, -36.54516], [-72.34542, -36.53902], [-72.3493, -36.53726], [-72.35269, -36.53789], [-72.36258, -36.5572], [-72.36566, -36.5584], [-72.36851, -36.558], [-72.37001, -36.55551], [-72.37069, -36.55198], [-72.36954, -36.54315], [-72.37061, -36.54088], [-72.37465, -36.53855], [-72.37642, -36.53629], [-72.37665, -36.53368], [-72.37446, -36.531], [-72.37455, -36.52814], [-72.37876, -36.52513], [-72.41378, -36.52981], [-72.4288, -36.53032], [-72.43407, -36.52939], [-72.43598, -36.52737], [-72.43577, -36.52507], [-72.4341, -36.52401], [-72.41406, -36.52523], [-72.40712, -36.5251], [-72.40303, -36.52422], [-72.39537, -36.51995], [-72.3842, -36.50944], [-72.3728, -36.50224], [-72.3651, -36.49935], [-72.351, -36.49667], [-72.3471, -36.49454], [-72.34622, -36.49097], [-72.35004, -36.482], [-72.35112, -36.47482], [-72.34873, -36.46963], [-72.34114, -36.46306], [-72.33939, -36.46028], [-72.33745, -36.43645], [-72.33407, -36.43558], [-72.32836, -36.4373], [-72.32445, -36.43997], [-72.32045, -36.44549], [-72.31827, -36.44717], [-72.31515, -36.4471], [-72.30732, -36.44855], [-72.30151, -36.44843], [-72.2703, -36.41909], [-72.26398, -36.41759], [-72.2519, -36.42329], [-72.2488, -36.42266], [-72.24527, -36.41789], [-72.24221, -36.41634], [-72.22936, -36.43251], [-72.23066, -36.44044], [-72.23016, -36.44283], [-72.22898, -36.44407], [-72.22497, -36.44558], [-72.21223, -36.4452], [-72.20889, -36.44342], [-72.20744, -36.44019], [-72.21106, -36.43351], [-72.21428, -36.43026], [-72.21877, -36.42738], [-72.22031, -36.42352], [-72.22003, -36.41916], [-72.20029, -36.42516], [-72.19699, -36.42211], [-72.19618, -36.41249], [-72.19404, -36.40856], [-72.17886, -36.40538], [-72.17953, -36.40218], [-72.1835, -36.3978], [-72.18405, -36.39404], [-72.18107, -36.38997], [-72.17612, -36.38564], [-72.17158, -36.37753], [-72.17185, -36.37376], [-72.17606, -36.37042], [-72.18835, -36.3669], [-72.19672, -36.36627], [-72.19965, -36.36759], [-72.20212, -36.36981], [-72.20816, -36.37967], [-72.21458, -36.38266], [-72.22148, -36.3836], [-72.22533, -36.38277], [-72.23097, -36.37911], [-72.23452, -36.37461], [-72.2352, -36.37084], [-72.23418, -36.36739], [-72.23215, -36.3646], [-72.22769, -36.36256], [-72.20448, -36.36277], [-72.19457, -36.35844], [-72.19118, -36.35826], [-72.187, -36.34364], [-72.16446, -36.33664], [-72.16777, -36.3096], [-72.16551, -36.30532], [-72.16082, -36.30167], [-72.16043, -36.29652], [-72.16349, -36.29373], [-72.16806, -36.29223], [-72.17025, -36.29032], [-72.16677, -36.27162], [-72.16799, -36.26901], [-72.17045, -36.26735], [-72.18171, -36.27286], [-72.182, -36.26415], [-72.18622, -36.25199], [-72.1856, -36.24523], [-72.18387, -36.24199], [-72.17203, -36.23695], [-72.16787, -36.23033], [-72.16329, -36.22795], [-72.16034, -36.22308], [-72.16241, -36.22038], [-72.16988, -36.21652], [-72.17395, -36.21329], [-72.17564, -36.20908], [-72.17517, -36.20621], [-72.17285, -36.20386], [-72.16414, -36.20232], [-72.15985, -36.19982], [-72.15809, -36.1975], [-72.15732, -36.19083], [-72.156, -36.18829], [-72.14659, -36.18672], [-72.14229, -36.18433], [-72.13944, -36.18106], [-72.13831, -36.1768], [-72.1367, -36.17437], [-72.12646, -36.17255], [-72.12312, -36.17087], [-72.11328, -36.16162], [-72.11196, -36.15896], [-72.11462, -36.15524], [-72.12061, -36.15332], [-72.12512, -36.15364], [-72.13152, -36.1564], [-72.13837, -36.15815], [-72.1453, -36.15795], [-72.15201, -36.15558], [-72.18059, -36.17036], [-72.19184, -36.15881], [-72.19511, -36.1583], [-72.20102, -36.15865], [-72.21148, -36.16265], [-72.21502, -36.16649], [-72.21621, -36.16915], [-72.21556, -36.17589], [-72.19868, -36.19569], [-72.20954, -36.20473], [-72.19962, -36.21426], [-72.22952, -36.2112], [-72.23443, -36.21232], [-72.2358, -36.21339], [-72.23668, -36.21672], [-72.23651, -36.21786], [-72.2322, -36.21984], [-72.21965, -36.21947], [-72.21398, -36.22417], [-72.20839, -36.22657], [-72.20768, -36.23113], [-72.23137, -36.24122], [-72.23305, -36.24148], [-72.24077, -36.239], [-72.24387, -36.23906], [-72.25097, -36.25123], [-72.25404, -36.25232], [-72.25932, -36.2506], [-72.26242, -36.25112], [-72.26814, -36.25764], [-72.27397, -36.26097], [-72.29235, -36.25642], [-72.2953, -36.26128], [-72.29568, -36.26713], [-72.29504, -36.26963], [-72.28932, -36.27615], [-72.28341, -36.2797], [-72.28248, -36.28208], [-72.2852, -36.28545], [-72.29241, -36.28995], [-72.29405, -36.29192], [-72.29559, -36.29677], [-72.29558, -36.30145], [-72.29776, -36.30402], [-72.3204, -36.30355], [-72.31413, -36.33639], [-72.31503, -36.33915], [-72.31922, -36.34107], [-72.32327, -36.34709], [-72.3272, -36.34814], [-72.33309, -36.34962], [-72.33468, -36.34885], [-72.33774, -36.34593], [-72.33914, -36.34196], [-72.33875, -36.33612], [-72.33472, -36.32928], [-72.33613, -36.32061], [-72.33547, -36.31889], [-72.33056, -36.3133], [-72.3371, -36.29408], [-72.33167, -36.28677], [-72.33076, -36.28412], [-72.33086, -36.28103], [-72.33461, -36.27424], [-72.33634, -36.26867], [-72.33643, -36.26558], [-72.33204, -36.25703], [-72.33187, -36.25348], [-72.33376, -36.25157], [-72.34367, -36.25097], [-72.35144, -36.25569], [-72.35621, -36.25671], [-72.36482, -36.25226], [-72.38861, -36.26477], [-72.4007, -36.28548], [-72.39277, -36.29528], [-72.40504, -36.2962], [-72.41371, -36.29477], [-72.41514, -36.2941], [-72.41899, -36.28834], [-72.42323, -36.28396], [-72.41782, -36.26165], [-72.41367, -36.25883], [-72.40547, -36.25868], [-72.401, -36.25722], [-72.38838, -36.24462], [-72.37183, -36.24041], [-72.35439, -36.23812], [-72.34527, -36.23589], [-72.33871, -36.23347], [-72.32744, -36.22776], [-72.30902, -36.22075], [-72.30028, -36.22012], [-72.28571, -36.22064], [-72.27275, -36.21969], [-72.26729, -36.21809], [-72.26161, -36.21466], [-72.25848, -36.21093], [-72.25772, -36.20829], [-72.25941, -36.18635], [-72.23407, -36.16661], [-72.23104, -36.16014], [-72.23267, -36.15342], [-72.2305, -36.15052], [-72.22385, -36.14684], [-72.20725, -36.14077], [-72.20228, -36.13758], [-72.19945, -36.13352], [-72.20023, -36.12701], [-72.20348, -36.12661], [-72.20713, -36.12738], [-72.23648, -36.13587], [-72.23866, -36.13821], [-72.23801, -36.1454], [-72.23975, -36.14819], [-72.24609, -36.14866], [-72.25573, -36.14714], [-72.2629, -36.14797], [-72.26647, -36.15124], [-72.26905, -36.15885], [-72.27313, -36.16351], [-72.28208, -36.16186], [-72.29143, -36.16514], [-72.2985, -36.16521], [-72.30329, -36.15587], [-72.30821, -36.15209], [-72.31415, -36.15162], [-72.32337, -36.15478], [-72.32506, -36.15482], [-72.34248, -36.13468], [-72.34356, -36.13195], [-72.34408, -36.12429], [-72.34558, -36.12111], [-72.34832, -36.11923], [-72.35532, -36.11662], [-72.35768, -36.113], [-72.33254, -36.11412], [-72.32792, -36.11311], [-72.32265, -36.11025], [-72.31623, -36.10349], [-72.31416, -36.09751], [-72.31537, -36.09043], [-72.32024, -36.08354], [-72.32411, -36.08133], [-72.32793, -36.08095], [-72.3415, -36.08889], [-72.35168, -36.0789], [-72.35906, -36.08202], [-72.36661, -36.08857], [-72.37278, -36.08972], [-72.37564, -36.08852], [-72.38076, -36.08255], [-72.38262, -36.08155], [-72.39491, -36.08099], [-72.39677, -36.07999], [-72.39881, -36.07786], [-72.40031, -36.07034], [-72.40291, -36.06809], [-72.40686, -36.06817], [-72.41362, -36.08718], [-72.41679, -36.08941], [-72.42313, -36.08976], [-72.44343, -36.066], [-72.46501, -36.07544], [-72.46762, -36.07285], [-72.46828, -36.06978], [-72.45919, -36.05267], [-72.45974, -36.04868], [-72.46331, -36.04222], [-72.46936, -36.03776], [-72.47169, -36.03505], [-72.47536, -36.02527], [-72.4821, -36.01144], [-72.48225, -36.00641], [-72.48087, -36.00546], [-72.47875, -36.00565], [-72.46642, -36.01298], [-72.43954, -36.0404], [-72.38505, -36.02026], [-72.37767, -36.00338], [-72.37708, -35.99864], [-72.37926, -35.99478], [-72.38228, -35.99209], [-72.38163, -35.98945], [-72.34921, -35.97619], [-72.34894, -35.97104], [-72.35046, -35.96729], [-72.3472, -35.96311], [-72.34763, -35.9582], [-72.35126, -35.9546], [-72.35924, -35.95142], [-72.36103, -35.94802], [-72.36072, -35.94412], [-72.35756, -35.93675], [-72.35727, -35.93228], [-72.35892, -35.92887], [-72.36136, -35.92731], [-72.36739, -35.92833], [-72.37009, -35.92746], [-72.37966, -35.89262], [-72.37515, -35.89276], [-72.37184, -35.89511], [-72.36858, -35.90124], [-72.36638, -35.90932], [-72.36463, -35.91147], [-72.35839, -35.91307], [-72.35465, -35.91576], [-72.35039, -35.91694], [-72.34534, -35.91639], [-72.33476, -35.91221], [-72.33034, -35.90893], [-72.32343, -35.89942], [-72.31943, -35.89649], [-72.31915, -35.89133], [-72.31781, -35.88868], [-72.31644, -35.88751], [-72.31072, -35.88547], [-72.3117, -35.86981], [-72.3172, -35.86442], [-72.31741, -35.86168], [-72.31317, -35.8624], [-72.30612, -35.868], [-72.30379, -35.87104], [-72.30343, -35.8739], [-72.30638, -35.87921], [-72.30267, -35.88121], [-72.30207, -35.88268], [-72.30964, -35.89392], [-72.31017, -35.90033], [-72.30813, -35.90293], [-72.29967, -35.90827], [-72.29904, -35.91066], [-72.31359, -35.91892], [-72.31499, -35.91918], [-72.31943, -35.9164], [-72.3235, -35.91705], [-72.32702, -35.92191], [-72.32786, -35.92673], [-72.32689, -35.93106], [-72.32375, -35.93273], [-72.31059, -35.93524], [-72.30675, -35.93666], [-72.30615, -35.93803], [-72.30667, -35.9394], [-72.31136, -35.94269], [-72.31087, -35.94497], [-72.30558, -35.94796], [-72.30769, -35.9527], [-72.3065, -35.95497], [-72.30072, -35.95566], [-72.29671, -35.95811], [-72.28853, -35.96906], [-72.28184, -35.97203], [-72.26776, -35.97246], [-72.25968, -35.97976], [-72.25339, -35.98285], [-72.24973, -35.98267], [-72.24932, -35.96161], [-72.24611, -35.96052], [-72.24285, -35.96091], [-72.24099, -35.96717], [-72.2179, -35.96538], [-72.21836, -35.96412], [-72.22397, -35.96022], [-72.23103, -35.96002], [-72.23092, -35.95886], [-72.22802, -35.95687], [-72.22611, -35.95432], [-72.22771, -35.94279], [-72.22654, -35.93911], [-72.22447, -35.93781], [-72.21184, -35.94032], [-72.19719, -35.93982], [-72.19434, -35.94103], [-72.18942, -35.94504], [-72.18641, -35.9459], [-72.18808, -35.95234], [-72.18757, -35.95508], [-72.18508, -35.95812], [-72.18209, -35.95921], [-72.17785, -35.95936], [-72.17425, -35.9618], [-72.17305, -35.96418], [-72.17526, -35.9705], [-72.17503, -35.97336]], [[-72.11926, -36.25986], [-72.09161, -36.25011], [-72.09396, -36.24776], [-72.10198, -36.24462], [-72.10705, -36.24484], [-72.12247, -36.25272], [-72.12315, -36.25754], [-72.12227, -36.25867], [-72.11926, -36.25986]], [[-72.33019, -36.65703], [-72.32104, -36.65434], [-72.31307, -36.65497], [-72.30663, -36.65187], [-72.30517, -36.64875], [-72.30554, -36.64624], [-72.30775, -36.64377], [-72.32775, -36.64005], [-72.33064, -36.63851], [-72.3327, -36.63614], [-72.33409, -36.63251], [-72.33436, -36.62862], [-72.33197, -36.61885], [-72.33179, -36.61208], [-72.33652, -36.60956], [-72.33951, -36.60939], [-72.34634, -36.61352], [-72.34961, -36.61336], [-72.35101, -36.61396], [-72.35307, -36.61606], [-72.35348, -36.62122], [-72.35952, -36.62316], [-72.36559, -36.62878], [-72.3677, -36.63408], [-72.36741, -36.64323], [-72.36492, -36.65027], [-72.36156, -36.65342], [-72.358, -36.65345], [-72.35266, -36.65186], [-72.34784, -36.65143], [-72.34096, -36.65347], [-72.33518, -36.65655], [-72.33019, -36.65703]], [[-72.36998, -36.69752], [-72.36414, -36.69328], [-72.3602, -36.69206], [-72.35464, -36.69275], [-72.35004, -36.69427], [-72.3468, -36.6934], [-72.34446, -36.69106], [-72.34337, -36.68509], [-72.34173, -36.68289], [-72.33304, -36.67928], [-72.32932, -36.67555], [-72.32907, -36.67005], [-72.33103, -36.66631], [-72.33751, -36.65912], [-72.35444, -36.65831], [-72.35669, -36.67277], [-72.39112, -36.68499], [-72.3927, -36.68903], [-72.3927, -36.69361], [-72.39093, -36.69563], [-72.3875, -36.69625], [-72.38248, -36.69318], [-72.38035, -36.69291], [-72.37691, -36.69399], [-72.37312, -36.69689], [-72.36998, -36.69752]], [[-72.37893, -36.81114], [-72.37779, -36.80745], [-72.3794, -36.80392], [-72.37873, -36.7988], [-72.38404, -36.79514], [-72.39232, -36.80747], [-72.37893, -36.81114]], [[-71.709, -36.3447], [-71.71002, -36.34244], [-71.71086, -36.34201], [-71.71094, -36.34201], [-71.709, -36.3447]], [[-71.7134, -36.3425], [-71.7137, -36.34252], [-71.7137, -36.34252], [-71.71367, -36.34252], [-71.7134, -36.3425]], [[-71.71408, -36.34234], [-71.71413, -36.34231], [-71.71413, -36.34232], [-71.71408, -36.34234]], [[-71.71618, -36.34085], [-71.71659, -36.34049], [-71.71651, -36.34057], [-71.71623, -36.34081], [-71.71619, -36.34084], [-71.71618, -36.34085]], [[-71.71504, -36.34186], [-71.71544, -36.3415], [-71.71504, -36.34186], [-71.71504, -36.34186]], [[-71.7204, -36.33605], [-71.72268, -36.33336], [-71.7258, -36.33196], [-71.7204, -36.33605]], [[-71.71737, -36.33963], [-71.71933, -36.33731], [-71.71737, -36.33963], [-71.71737, -36.33963]], [[-71.72611, -36.33183], [-71.72705, -36.33141], [-71.72705, -36.33141], [-71.72611, -36.33183]], [[-71.72748, -36.33073], [-71.72764, -36.33047], [-71.72764, -36.33047], [-71.72748, -36.33073]], [[-71.7285, -36.32783], [-71.72859, -36.32751], [-71.72863, -36.32745], [-71.7285, -36.32783]], [[-71.73706, -36.32524], [-71.73711, -36.32525], [-71.73779, -36.32582], [-71.73709, -36.32525], [-71.73706, -36.32524]], [[-71.7378, -36.32583], [-71.73869, -36.32656], [-71.73866, -36.32656], [-71.7378, -36.32583]], [[-71.74033, -36.32644], [-71.74264, -36.32575], [-71.74219, -36.32588], [-71.74128, -36.32615], [-71.74071, -36.32634], [-71.74033, -36.32643], [-71.74033, -36.32644]], [[-71.74437, -36.32484], [-71.74533, -36.32433], [-71.74539, -36.32434], [-71.74514, -36.32445], [-71.745, -36.32451], [-71.74437, -36.32484]], [[-71.74294, -36.3256], [-71.74358, -36.32527], [-71.74294, -36.3256], [-71.74294, -36.3256]], [[-71.68046, -36.35785], [-71.68057, -36.35781], [-71.68192, -36.35739], [-71.68046, -36.35785]], [[-71.68343, -36.35693], [-71.68541, -36.35633], [-71.68399, -36.35676], [-71.68361, -36.35688], [-71.68343, -36.35693]], [[-71.6915, -36.35379], [-71.69178, -36.35365], [-71.69158, -36.35375], [-71.6915, -36.35379]], [[-71.68999, -36.35451], [-71.69115, -36.35395], [-71.69103, -36.35401], [-71.68999, -36.35451]], [[-71.6988, -36.35029], [-71.70169, -36.34845], [-71.70077, -36.34903], [-71.6988, -36.35029], [-71.6988, -36.35029]], [[-71.70285, -36.34811], [-71.70342, -36.34795], [-71.70352, -36.34794], [-71.70339, -36.34795], [-71.70285, -36.34811]], [[-71.70382, -36.34789], [-71.70419, -36.34783], [-71.70473, -36.34778], [-71.70473, -36.34778], [-71.70438, -36.34781], [-71.70382, -36.34789], [-71.70382, -36.34789]], [[-71.70529, -36.34764], [-71.70652, -36.34731], [-71.70652, -36.34731], [-71.70557, -36.34757], [-71.70555, -36.34757], [-71.70554, -36.34758], [-71.70538, -36.34762], [-71.70536, -36.34763], [-71.70529, -36.34764]], [[-71.7049, -36.34775], [-71.70522, -36.34766], [-71.70513, -36.34769], [-71.70493, -36.34774], [-71.7049, -36.34775], [-71.7049, -36.34775]], [[-71.70665, -36.34726], [-71.70759, -36.34657], [-71.70759, -36.34657], [-71.70742, -36.3467], [-71.70732, -36.34677], [-71.70665, -36.34726], [-71.70665, -36.34726]], [[-71.70773, -36.34642], [-71.70886, -36.34497], [-71.70886, -36.34497], [-71.70818, -36.34585], [-71.70773, -36.34642], [-71.70773, -36.34642]], [[-71.89099, -36.26107], [-71.89107, -36.26107], [-71.89139, -36.26119], [-71.89121, -36.26113], [-71.89099, -36.26107]], [[-71.88563, -36.26103], [-71.88578, -36.26103], [-71.88563, -36.26103], [-71.88563, -36.26103]], [[-71.89469, -36.26237], [-71.895, -36.26248], [-71.89558, -36.26261], [-71.89521, -36.26253], [-71.89498, -36.26248], [-71.89486, -36.26243], [-71.89471, -36.26238], [-71.89469, -36.26237]], [[-71.894, -36.26212], [-71.89432, -36.26224], [-71.89411, -36.26216], [-71.894, -36.26212]], [[-71.89271, -36.26166], [-71.89388, -36.26208], [-71.89382, -36.26206], [-71.89349, -36.26194], [-71.89278, -36.26168], [-71.89271, -36.26166]], [[-71.89181, -36.26134], [-71.89256, -36.26161], [-71.8925, -36.26158], [-71.89181, -36.26134]], [[-71.82016, -36.25714], [-71.82111, -36.25676], [-71.8211, -36.25677], [-71.82016, -36.25714]], [[-71.81959, -36.25737], [-71.81963, -36.25736], [-71.81959, -36.25737], [-71.81959, -36.25737]], [[-71.82673, -36.25267], [-71.82795, -36.25171], [-71.82825, -36.25162], [-71.82817, -36.25164], [-71.82803, -36.25168], [-71.82797, -36.2517], [-71.82673, -36.25267]], [[-71.82503, -36.25402], [-71.82538, -36.25375], [-71.82532, -36.25379], [-71.82503, -36.25402]], [[-71.82275, -36.25582], [-71.82485, -36.25417], [-71.82458, -36.25437], [-71.82275, -36.25582], [-71.82275, -36.25582]], [[-71.82867, -36.2515], [-71.83123, -36.25074], [-71.83123, -36.25074], [-71.83116, -36.25076], [-71.83052, -36.25095], [-71.82925, -36.25132], [-71.82867, -36.2515]], [[-71.83188, -36.25073], [-71.83212, -36.25073], [-71.83422, -36.25125], [-71.83425, -36.25127], [-71.83412, -36.25123], [-71.8331, -36.25097], [-71.83234, -36.25079], [-71.83208, -36.25073], [-71.83188, -36.25073]], [[-71.83127, -36.25074], [-71.83163, -36.25073], [-71.83151, -36.25074], [-71.83127, -36.25074]], [[-71.83486, -36.25157], [-71.838, -36.25314], [-71.83796, -36.25314], [-71.83545, -36.25186], [-71.83486, -36.25157]], [[-71.83966, -36.25325], [-71.84036, -36.2533], [-71.84092, -36.25338], [-71.84092, -36.25338], [-71.84087, -36.25338], [-71.84059, -36.25334], [-71.84036, -36.2533], [-71.8403, -36.2533], [-71.8398, -36.25326], [-71.83966, -36.25325]], [[-71.84191, -36.25353], [-71.84201, -36.25355], [-71.84204, -36.25358], [-71.84191, -36.25353]], [[-71.84479, -36.25545], [-71.84509, -36.25557], [-71.84501, -36.25555], [-71.84489, -36.25551], [-71.84479, -36.25545]], [[-71.84344, -36.25492], [-71.84467, -36.2554], [-71.84344, -36.25492], [-71.84344, -36.25492]], [[-71.846, -36.25551], [-71.8463, -36.25535], [-71.84624, -36.25539], [-71.84611, -36.25547], [-71.8461, -36.25547], [-71.846, -36.25551]], [[-71.84758, -36.25416], [-71.84789, -36.25372], [-71.84791, -36.25373], [-71.84758, -36.25416]], [[-71.84617, -36.25126], [-71.84616, -36.25126], [-71.84576, -36.25046], [-71.84576, -36.25044], [-71.84617, -36.25126]], [[-71.84612, -36.24886], [-71.84612, -36.24886], [-71.84751, -36.24803], [-71.84612, -36.24886]], [[-71.86561, -36.24661], [-71.86565, -36.24662], [-71.86612, -36.24683], [-71.86613, -36.24685], [-71.86565, -36.24662], [-71.86561, -36.24661]], [[-71.86972, -36.25328], [-71.86977, -36.2535], [-71.86975, -36.25344], [-71.86972, -36.25329], [-71.86972, -36.25328]], [[-71.87671, -36.25616], [-71.87684, -36.25607], [-71.87706, -36.25601], [-71.87681, -36.25609], [-71.87671, -36.25616]], [[-71.87583, -36.25674], [-71.87652, -36.25629], [-71.87609, -36.25657], [-71.87583, -36.25674]], [[-71.87553, -36.25693], [-71.87581, -36.25675], [-71.87569, -36.25683], [-71.87553, -36.25693]], [[-71.87497, -36.2573], [-71.87524, -36.25712], [-71.87497, -36.2573], [-71.87497, -36.2573]], [[-71.8783, -36.2558], [-71.8783, -36.2558], [-71.87999, -36.25646], [-71.87837, -36.25583], [-71.8783, -36.2558]], [[-71.87779, -36.25578], [-71.87826, -36.2558], [-71.87807, -36.25579], [-71.87796, -36.25578], [-71.87779, -36.25578]], [[-71.88179, -36.25827], [-71.88329, -36.25977], [-71.88329, -36.25977], [-71.88179, -36.25827]], [[-71.88534, -36.26091], [-71.88539, -36.26093], [-71.88539, -36.26093], [-71.88534, -36.26091]], [[-71.88373, -36.26017], [-71.88412, -36.26035], [-71.88373, -36.26017], [-71.88373, -36.26017]], [[-71.7705, -36.3021], [-71.77087, -36.30184], [-71.77088, -36.30183], [-71.77052, -36.30209], [-71.7705, -36.3021]], [[-71.76999, -36.30248], [-71.77008, -36.30241], [-71.77005, -36.30244], [-71.76999, -36.30248]], [[-71.76781, -36.30634], [-71.76782, -36.30546], [-71.76897, -36.30323], [-71.76978, -36.30264], [-71.76781, -36.30634]], [[-71.77492, -36.30006], [-71.77493, -36.30005], [-71.77493, -36.30005], [-71.77492, -36.30006]], [[-71.77496, -36.29918], [-71.77495, -36.29916], [-71.77473, -36.29877], [-71.77467, -36.29867], [-71.77496, -36.29918]], [[-71.7745, -36.29838], [-71.77448, -36.29834], [-71.77448, -36.29834], [-71.7745, -36.29838]], [[-71.77878, -36.29583], [-71.77894, -36.29581], [-71.77894, -36.29581], [-71.77878, -36.29583]], [[-71.77968, -36.29554], [-71.7799, -36.29545], [-71.7799, -36.29545], [-71.77968, -36.29554]], [[-71.7808, -36.29386], [-71.7808, -36.29385], [-71.78083, -36.29385], [-71.7808, -36.29386]], [[-71.78038, -36.29464], [-71.7808, -36.29386], [-71.78044, -36.29455], [-71.78038, -36.29464]], [[-71.78085, -36.29384], [-71.78195, -36.29343], [-71.78209, -36.29343], [-71.78195, -36.29343], [-71.78101, -36.29378], [-71.78085, -36.29384]], [[-71.78223, -36.29343], [-71.78414, -36.29381], [-71.78386, -36.29375], [-71.78357, -36.29369], [-71.78223, -36.29343]], [[-71.78434, -36.29375], [-71.7845, -36.2937], [-71.78435, -36.29375], [-71.78434, -36.29375]], [[-71.78507, -36.2935], [-71.7852, -36.29341], [-71.78507, -36.2935], [-71.78507, -36.2935]], [[-71.78829, -36.29044], [-71.79018, -36.28696], [-71.79092, -36.28642], [-71.79016, -36.28698], [-71.78861, -36.28985], [-71.78829, -36.29044]], [[-71.78759, -36.29175], [-71.78779, -36.29137], [-71.78775, -36.29144], [-71.78759, -36.29175]], [[-71.79092, -36.28642], [-71.79112, -36.28628], [-71.79119, -36.28625], [-71.79097, -36.28639], [-71.79092, -36.28642]], [[-71.79153, -36.28613], [-71.79217, -36.2859], [-71.79158, -36.28611], [-71.79153, -36.28613]], [[-71.79371, -36.28254], [-71.79358, -36.2822], [-71.79358, -36.28219], [-71.79371, -36.28254]], [[-71.79437, -36.27971], [-71.79469, -36.27945], [-71.79599, -36.27845], [-71.79599, -36.27845], [-71.79486, -36.27932], [-71.79437, -36.27971]], [[-71.79763, -36.27547], [-71.79775, -36.27504], [-71.79775, -36.27504], [-71.79764, -36.27543], [-71.79763, -36.27547]], [[-71.79726, -36.27684], [-71.79763, -36.27549], [-71.79746, -36.2761], [-71.79744, -36.27616], [-71.79726, -36.27684]], [[-71.79929, -36.27355], [-71.79932, -36.27352], [-71.79938, -36.2735], [-71.79929, -36.27355]], [[-71.80023, -36.27319], [-71.80024, -36.27319], [-71.80045, -36.27313], [-71.80052, -36.27311], [-71.80093, -36.27315], [-71.80053, -36.27311], [-71.80038, -36.27315], [-71.80023, -36.27319]], [[-71.80248, -36.27362], [-71.8027, -36.27368], [-71.8027, -36.27368], [-71.80248, -36.27362]], [[-71.8028, -36.27364], [-71.80297, -36.27355], [-71.8028, -36.27364], [-71.8028, -36.27364]], [[-71.80279, -36.26968], [-71.80279, -36.26967], [-71.8028, -36.26958], [-71.80279, -36.26968]], [[-71.80285, -36.26912], [-71.80285, -36.26907], [-71.80287, -36.26895], [-71.80285, -36.26912]], [[-71.8028, -36.26957], [-71.80285, -36.26912], [-71.80283, -36.26929], [-71.8028, -36.26957]], [[-71.80287, -36.26883], [-71.80287, -36.26883], [-71.80288, -36.26878], [-71.80381, -36.26795], [-71.80305, -36.26863], [-71.80289, -36.26877], [-71.80288, -36.26878], [-71.80287, -36.26883]], [[-71.80287, -36.26892], [-71.80287, -36.26883], [-71.80287, -36.2689], [-71.80287, -36.26892]], [[-71.80482, -36.26701], [-71.80504, -36.26655], [-71.80493, -36.26678], [-71.80488, -36.26689], [-71.80482, -36.26701], [-71.80482, -36.26701]], [[-71.80505, -36.26266], [-71.80502, -36.26242], [-71.80553, -36.26195], [-71.80826, -36.26115], [-71.80505, -36.26266]], [[-71.80935, -36.26079], [-71.81006, -36.26038], [-71.81006, -36.26038], [-71.80935, -36.26079]], [[-71.81018, -36.26027], [-71.81057, -36.25941], [-71.81057, -36.25941], [-71.8103, -36.26001], [-71.81018, -36.26027], [-71.81018, -36.26027]], [[-71.81066, -36.25635], [-71.81066, -36.25635], [-71.81127, -36.2558], [-71.81223, -36.25559], [-71.8129, -36.25565], [-71.81229, -36.2556], [-71.8122, -36.25561], [-71.81205, -36.25563], [-71.81128, -36.25579], [-71.81066, -36.25635]], [[-71.74889, -36.32327], [-71.75141, -36.32151], [-71.75298, -36.32136], [-71.74889, -36.32327]], [[-71.74711, -36.32452], [-71.74716, -36.32448], [-71.74711, -36.32452], [-71.74711, -36.32452]], [[-71.75934, -36.31886], [-71.75967, -36.31866], [-71.75975, -36.31863], [-71.75934, -36.31886]], [[-71.75818, -36.31955], [-71.75819, -36.31955], [-71.75818, -36.31955], [-71.75818, -36.31955]], [[-71.75988, -36.31858], [-71.76209, -36.31766], [-71.76074, -36.31822], [-71.75988, -36.31858]], [[-71.76258, -36.31675], [-71.76233, -36.31522], [-71.76289, -36.3124], [-71.76258, -36.31675]], [[-71.76299, -36.3122], [-71.76356, -36.31105], [-71.76467, -36.31072], [-71.76463, -36.31074], [-71.76359, -36.31104], [-71.76322, -36.31175], [-71.76307, -36.31205], [-71.76299, -36.3122]], [[-71.76549, -36.31066], [-71.76649, -36.31038], [-71.76649, -36.31038], [-71.76589, -36.31055], [-71.76563, -36.31064], [-71.76549, -36.31066]], [[-71.76668, -36.31029], [-71.76717, -36.30962], [-71.76703, -36.30982], [-71.76668, -36.31029], [-71.76668, -36.31029]], [[-71.76751, -36.30885], [-71.76768, -36.30827], [-71.76767, -36.30828], [-71.76751, -36.30885], [-71.76751, -36.30885]], [[-71.7678, -36.30764], [-71.7678, -36.3071], [-71.7678, -36.30719], [-71.7678, -36.30764]], [[-71.89899, -36.26295], [-71.89949, -36.26321], [-71.89953, -36.26323], [-71.89981, -36.26339], [-71.90021, -36.2636], [-71.89899, -36.26295]], [[-71.90053, -36.26398], [-71.90068, -36.26427], [-71.90085, -36.26457], [-71.90089, -36.26467], [-71.90053, -36.26398]], [[-71.9014, -36.26571], [-71.90157, -36.26599], [-71.90259, -36.26707], [-71.90271, -36.26717], [-71.90269, -36.26716], [-71.90153, -36.26595], [-71.9014, -36.26571]], [[-71.90286, -36.26734], [-71.90306, -36.26756], [-71.90328, -36.26778], [-71.90328, -36.26779], [-71.9033, -36.2678], [-71.90286, -36.26734]], [[-71.90336, -36.26783], [-71.9034, -36.26786], [-71.90342, -36.26786], [-71.90343, -36.26787], [-71.9035, -36.26791], [-71.90336, -36.26783]], [[-71.90358, -36.26794], [-71.90362, -36.26797], [-71.90421, -36.26826], [-71.90358, -36.26794]], [[-71.90463, -36.26847], [-71.90598, -36.26872], [-71.90532, -36.2686], [-71.90463, -36.26847], [-71.90463, -36.26847]], [[-71.90908, -36.26848], [-71.91, -36.2681], [-71.91041, -36.26793], [-71.90908, -36.26848]], [[-71.9145, -36.2666], [-71.9145, -36.2666], [-71.91504, -36.26642], [-71.91503, -36.26644], [-71.9145, -36.2666]], [[-71.91687, -36.26264], [-71.91687, -36.26264], [-71.91702, -36.26245], [-71.91687, -36.26264]], [[-71.91917, -36.26029], [-71.91962, -36.25989], [-71.91962, -36.25989], [-71.91917, -36.26029]], [[-71.92006, -36.25969], [-71.92134, -36.25921], [-71.9215, -36.25916], [-71.92006, -36.25969]], [[-71.93889, -36.25849], [-71.93909, -36.25843], [-71.93941, -36.25834], [-71.93897, -36.25849], [-71.93889, -36.25849]], [[-71.93992, -36.25818], [-71.94033, -36.25801], [-71.94027, -36.25806], [-71.93992, -36.25818]], [[-71.94238, -36.25607], [-71.94524, -36.25437], [-71.94238, -36.25607]], [[-71.94581, -36.25434], [-71.94593, -36.2544], [-71.94591, -36.25442], [-71.94581, -36.25434]], [[-71.94628, -36.25478], [-71.94628, -36.25478], [-71.94515, -36.25676], [-71.94546, -36.25743], [-71.94539, -36.2574], [-71.94514, -36.25674], [-71.94628, -36.25478]], [[-71.94546, -36.25743], [-71.94599, -36.2576], [-71.94603, -36.25761], [-71.946, -36.25762], [-71.94546, -36.25743]], [[-71.94603, -36.25761], [-71.94622, -36.25757], [-71.94635, -36.25753], [-71.94616, -36.25761], [-71.94603, -36.25761]], [[-71.94689, -36.25732], [-71.94746, -36.25707], [-71.9474, -36.25712], [-71.94689, -36.25732]], [[-71.94868, -36.25615], [-71.94882, -36.25604], [-71.94986, -36.25522], [-71.94977, -36.25532], [-71.94868, -36.25615]], [[-71.95249, -36.25273], [-71.95342, -36.25243], [-71.95396, -36.25229], [-71.95249, -36.25273]], [[-71.9541, -36.25226], [-71.95412, -36.25224], [-71.95412, -36.25225], [-71.9541, -36.25226]], [[-71.95445, -36.2521], [-71.95453, -36.25206], [-71.95464, -36.25201], [-71.95445, -36.2521]], [[-71.95497, -36.25186], [-71.95723, -36.24929], [-71.95497, -36.25186]], [[-71.95773, -36.24786], [-71.95773, -36.24786], [-71.9581, -36.24766], [-71.95832, -36.24758], [-71.95773, -36.24786]], [[-71.95923, -36.24787], [-71.95923, -36.24787], [-71.95944, -36.24803], [-71.95923, -36.24787]], [[-71.95995, -36.24842], [-71.9616, -36.24926], [-71.96256, -36.24967], [-71.96255, -36.24973], [-71.96004, -36.24849], [-71.95995, -36.24842]], [[-71.96466, -36.25276], [-71.96534, -36.25368], [-71.96524, -36.25388], [-71.96524, -36.25361], [-71.96466, -36.25276]], [[-71.96521, -36.25603], [-71.96527, -36.25659], [-71.9652, -36.25642], [-71.96521, -36.25603]], [[-71.96527, -36.25659], [-71.96933, -36.25989], [-71.96739, -36.25934], [-71.96587, -36.25814], [-71.96527, -36.25659]], [[-71.97203, -36.2598], [-71.97203, -36.2598], [-71.97231, -36.25975], [-71.97243, -36.25972], [-71.97315, -36.2595], [-71.97348, -36.25938], [-71.97357, -36.25934], [-71.97351, -36.25939], [-71.97222, -36.25979], [-71.97203, -36.2598]], [[-71.97569, -36.25771], [-71.97634, -36.25722], [-71.97824, -36.25572], [-71.97785, -36.25606], [-71.97569, -36.25771]], [[-71.97824, -36.25572], [-71.97951, -36.25464], [-71.97947, -36.25469], [-71.97824, -36.25572]], [[-71.99482, -36.2102], [-71.99499, -36.20994], [-71.99545, -36.20927], [-71.99482, -36.2102]], [[-71.99549, -36.20921], [-71.99553, -36.20915], [-71.99553, -36.20915], [-71.99549, -36.20921]], [[-71.99567, -36.20851], [-71.99575, -36.2082], [-71.99576, -36.20815], [-71.99567, -36.20851]], [[-71.99675, -36.20706], [-71.99698, -36.20684], [-71.99789, -36.20594], [-71.99787, -36.20599], [-71.99675, -36.20706]], [[-71.99883, -36.20434], [-71.99892, -36.20418], [-71.99892, -36.20418], [-71.99883, -36.20434]], [[-71.99993, -36.2025], [-71.99993, -36.2025], [-72.00018, -36.20235], [-72.00088, -36.20192], [-72.00089, -36.20191], [-72.00093, -36.20189], [-72.00096, -36.20187], [-72.00096, -36.20187], [-71.99993, -36.2025]], [[-72.0016, -36.2028], [-72.00162, -36.20282], [-72.00182, -36.20316], [-72.0016, -36.2028]], [[-71.97995, -36.25401], [-71.98046, -36.25328], [-71.98046, -36.2533], [-71.97995, -36.25401]], [[-71.98062, -36.25268], [-71.98062, -36.25265], [-71.98066, -36.25249], [-71.98062, -36.25268]], [[-71.98122, -36.25031], [-71.98121, -36.24931], [-71.98119, -36.24867], [-71.98121, -36.24872], [-71.98122, -36.25031]], [[-71.98115, -36.24852], [-71.97969, -36.24585], [-71.98074, -36.24701], [-71.98115, -36.24852]], [[-71.97826, -36.24383], [-71.9782, -36.24342], [-71.9782, -36.24342], [-71.97826, -36.24383]], [[-71.98117, -36.24088], [-71.98137, -36.2408], [-71.98137, -36.24078], [-71.98185, -36.24062], [-71.98117, -36.24088]], [[-71.98823, -36.24192], [-71.98829, -36.2419], [-71.98944, -36.24157], [-71.98995, -36.24142], [-71.9906, -36.24097], [-71.99002, -36.2414], [-71.98823, -36.24192]], [[-71.99152, -36.24029], [-71.99194, -36.23935], [-71.99264, -36.23769], [-71.99153, -36.24028], [-71.99152, -36.24029]], [[-71.99243, -36.23356], [-71.99243, -36.23356], [-71.99243, -36.23356], [-71.99243, -36.23356]], [[-71.99292, -36.23192], [-71.99292, -36.23192], [-71.99347, -36.23118], [-71.99348, -36.23118], [-71.99292, -36.23192]], [[-71.99425, -36.23025], [-71.99425, -36.23025], [-71.9951, -36.22988], [-71.99425, -36.23025]], [[-71.99794, -36.22825], [-71.99829, -36.2278], [-71.99829, -36.22791], [-71.99794, -36.22825]], [[-71.99825, -36.22586], [-71.99486, -36.22407], [-71.99486, -36.22407], [-71.99825, -36.22586], [-71.99825, -36.22586]], [[-71.99411, -36.22297], [-71.99411, -36.22297], [-71.99411, -36.22297], [-71.99411, -36.22297]], [[-71.99383, -36.22161], [-71.99383, -36.22161], [-71.99383, -36.22161], [-71.99383, -36.22161]], [[-71.99386, -36.22139], [-71.99387, -36.22139], [-71.99387, -36.22139], [-71.99386, -36.22139]], [[-71.9941, -36.22053], [-71.9941, -36.22053], [-71.99423, -36.2204], [-71.99532, -36.2194], [-71.99541, -36.21925], [-71.99547, -36.21926], [-71.9941, -36.22053]], [[-71.99562, -36.21934], [-71.99564, -36.21943], [-71.99567, -36.21951], [-71.9957, -36.21969], [-71.99562, -36.21934]], [[-71.9957, -36.21969], [-71.99576, -36.21972], [-71.9957, -36.21969], [-71.9957, -36.21969]], [[-71.99576, -36.21972], [-71.99581, -36.21974], [-71.99599, -36.21981], [-71.99627, -36.21993], [-71.99585, -36.21976], [-71.99576, -36.21972]], [[-71.99635, -36.21996], [-71.99641, -36.21994], [-71.99635, -36.21996], [-71.99635, -36.21996]], [[-71.99645, -36.21993], [-71.99672, -36.21986], [-71.99672, -36.21986], [-71.99645, -36.21993]], [[-71.99673, -36.21986], [-71.99684, -36.21983], [-71.99712, -36.21974], [-71.99732, -36.21967], [-71.99698, -36.21978], [-71.99673, -36.21986]], [[-71.99732, -36.21967], [-71.99737, -36.21965], [-71.99777, -36.21925], [-71.99737, -36.21965], [-71.99732, -36.21967]], [[-71.99887, -36.21817], [-71.99909, -36.21659], [-71.99889, -36.21815], [-71.99887, -36.21817]], [[-71.99909, -36.21659], [-71.99507, -36.21414], [-71.99825, -36.21502], [-71.99909, -36.21655], [-71.99909, -36.21659]], [[-71.99318, -36.21391], [-71.99313, -36.2139], [-71.99312, -36.21389], [-71.99292, -36.21381], [-71.99318, -36.21391]], [[-71.99179, -36.21331], [-71.99179, -36.21331], [-71.99134, -36.21275], [-71.99103, -36.21236], [-71.99103, -36.21236], [-71.99179, -36.21331]], [[-71.99099, -36.21213], [-71.99099, -36.21213], [-71.99099, -36.21184], [-71.99099, -36.21213]], [[-72.00864, -36.20595], [-72.00874, -36.20592], [-72.0092, -36.20579], [-72.00864, -36.20595]], [[-72.01209, -36.20282], [-72.01264, -36.20237], [-72.01286, -36.20219], [-72.0132, -36.20191], [-72.01354, -36.20162], [-72.01361, -36.20105], [-72.01354, -36.20163], [-72.01209, -36.20282]], [[-72.01363, -36.20084], [-72.0132, -36.19735], [-72.01369, -36.20032], [-72.01363, -36.20084]], [[-72.01317, -36.19722], [-72.01298, -36.19668], [-72.01279, -36.19614], [-72.01244, -36.19513], [-72.01244, -36.19513], [-72.01317, -36.19722], [-72.01317, -36.19722]], [[-72.01614, -36.19253], [-72.01628, -36.19253], [-72.0163, -36.19253], [-72.0166, -36.19243], [-72.01629, -36.19253], [-72.01614, -36.19253]], [[-72.01928, -36.19033], [-72.01966, -36.18998], [-72.01966, -36.18998], [-72.01928, -36.19033]], [[-72.02033, -36.18956], [-72.02135, -36.18893], [-72.02227, -36.18832], [-72.02218, -36.18842], [-72.02033, -36.18956]], [[-72.02262, -36.18793], [-72.02298, -36.18752], [-72.02363, -36.18675], [-72.02365, -36.18667], [-72.02376, -36.18632], [-72.0236, -36.18682], [-72.02262, -36.18793]], [[-72.02492, -36.18267], [-72.02496, -36.18235], [-72.02497, -36.18252], [-72.02492, -36.18267]], [[-72.02492, -36.1819], [-72.02413, -36.17828], [-72.02482, -36.18049], [-72.02492, -36.1819]], [[-72.02499, -36.17508], [-72.02499, -36.17508], [-72.02562, -36.17507], [-72.02499, -36.17508]], [[-72.02615, -36.17522], [-72.02615, -36.17522], [-72.02632, -36.17532], [-72.02615, -36.17522]], [[-72.02674, -36.17559], [-72.02994, -36.17696], [-72.02726, -36.17591], [-72.02674, -36.17559]], [[-72.0332, -36.17628], [-72.03339, -36.17621], [-72.03395, -36.17605], [-72.0332, -36.17628]], [[-72.03436, -36.17592], [-72.03482, -36.17578], [-72.03512, -36.17568], [-72.03487, -36.17577], [-72.03436, -36.17592]], [[-72.03512, -36.17568], [-72.03518, -36.17566], [-72.03518, -36.17566], [-72.03512, -36.17568]], [[-72.0355, -36.17542], [-72.03587, -36.17513], [-72.03724, -36.17407], [-72.03724, -36.17407], [-72.0355, -36.17542]], [[-72.03948, -36.17306], [-72.03965, -36.17289], [-72.04059, -36.17192], [-72.04082, -36.17168], [-72.03948, -36.17306]], [[-72.04828, -36.16826], [-72.04856, -36.16776], [-72.04911, -36.16678], [-72.04934, -36.16636], [-72.04941, -36.16623], [-72.04828, -36.16826]], [[-72.04953, -36.16601], [-72.04965, -36.16581], [-72.04987, -36.1654], [-72.04953, -36.16601]], [[-72.05247, -36.16229], [-72.05324, -36.16169], [-72.05346, -36.16152], [-72.05247, -36.16229]], [[-72.05584, -36.16029], [-72.05618, -36.16013], [-72.05669, -36.15966], [-72.05618, -36.16013], [-72.05584, -36.16029]], [[-72.05701, -36.15937], [-72.05756, -36.15887], [-72.05794, -36.15853], [-72.05794, -36.15853], [-72.05701, -36.15937]], [[-72.0581, -36.15844], [-72.0581, -36.15844], [-72.05859, -36.15824], [-72.05859, -36.15823], [-72.05861, -36.15824], [-72.0581, -36.15844]], [[-72.06039, -36.15752], [-72.06076, -36.15737], [-72.06076, -36.15737], [-72.06039, -36.15752]], [[-72.06101, -36.15736], [-72.06102, -36.15736], [-72.0615, -36.15736], [-72.06101, -36.15736]], [[-72.06929, -36.157], [-72.06932, -36.15698], [-72.06936, -36.15697], [-72.06929, -36.157]], [[-72.06989, -36.15678], [-72.07007, -36.15671], [-72.07013, -36.15669], [-72.07025, -36.15665], [-72.07076, -36.15645], [-72.07077, -36.15646], [-72.07121, -36.1563], [-72.07133, -36.15626], [-72.0717, -36.15612], [-72.06989, -36.15678]], [[-72.07213, -36.15573], [-72.07217, -36.15569], [-72.07218, -36.15568], [-72.07241, -36.15546], [-72.07253, -36.15535], [-72.07259, -36.15529], [-72.07263, -36.15526], [-72.07274, -36.15516], [-72.07213, -36.15573]], [[-72.07284, -36.15507], [-72.07312, -36.1548], [-72.07312, -36.1548], [-72.07284, -36.15507]], [[-72.07312, -36.15477], [-72.07312, -36.15476], [-72.0731, -36.15466], [-72.07287, -36.15343], [-72.07312, -36.15477]], [[-72.07278, -36.15298], [-72.07052, -36.15094], [-72.07278, -36.15297], [-72.07278, -36.15298]], [[-72.07014, -36.15014], [-72.07014, -36.15014], [-72.07014, -36.15014], [-72.07014, -36.15014]], [[-72.07052, -36.14985], [-72.07127, -36.14934], [-72.0721, -36.14878], [-72.07223, -36.14864], [-72.07211, -36.14877], [-72.07052, -36.14985]], [[-72.07683, -36.14514], [-72.07811, -36.14328], [-72.07811, -36.14335], [-72.07683, -36.14514]], [[-72.07812, -36.14291], [-72.07812, -36.14234], [-72.07813, -36.14061], [-72.07814, -36.14065], [-72.07812, -36.14291]], [[-72.07751, -36.13905], [-72.07652, -36.13777], [-72.07504, -36.13598], [-72.07249, -36.13492], [-72.07751, -36.13905]], [[-72.07189, -36.13418], [-72.07189, -36.13418], [-72.07189, -36.13418], [-72.07189, -36.13418]], [[-72.07277, -36.13258], [-72.07277, -36.13258], [-72.07278, -36.13258], [-72.07277, -36.13258]], [[-72.07601, -36.13133], [-72.07605, -36.13132], [-72.07662, -36.13121], [-72.07604, -36.13132], [-72.07601, -36.13133]], [[-72.08759, -36.13078], [-72.08759, -36.13078], [-72.0882, -36.13102], [-72.08763, -36.13079], [-72.08759, -36.13078]], [[-72.08869, -36.13121], [-72.08869, -36.13121], [-72.08924, -36.13166], [-72.08869, -36.13121]], [[-72.09027, -36.13252], [-72.09081, -36.13296], [-72.0906, -36.13281], [-72.09052, -36.13273], [-72.09027, -36.13252]], [[-72.09157, -36.13384], [-72.0926, -36.13505], [-72.0919, -36.13423], [-72.09157, -36.13384]], [[-72.09362, -36.13603], [-72.09535, -36.13749], [-72.09688, -36.13859], [-72.09362, -36.13603]], [[-72.0974, -36.13892], [-72.09858, -36.13935], [-72.09842, -36.13931], [-72.09742, -36.13894], [-72.0974, -36.13892]], [[-72.09887, -36.13938], [-72.09926, -36.13926], [-72.09925, -36.13928], [-72.09887, -36.13938]], [[-72.10062, -36.13883], [-72.10065, -36.13882], [-72.10065, -36.13882], [-72.10065, -36.13883], [-72.10062, -36.13883]], [[-72.10109, -36.13817], [-72.10131, -36.13785], [-72.10132, -36.13785], [-72.10109, -36.13817]], [[-72.10003, -36.13547], [-72.10003, -36.13547], [-72.10003, -36.13404], [-72.10003, -36.13404], [-72.10003, -36.13547]], [[-72.09964, -36.13152], [-72.09989, -36.13105], [-72.09988, -36.13109], [-72.09964, -36.13152], [-72.09964, -36.13152]], [[-72.10005, -36.13086], [-72.10012, -36.13077], [-72.10006, -36.13084], [-72.10005, -36.13086]], [[-72.13156, -36.22118], [-72.13154, -36.22146], [-72.13154, -36.22146], [-72.13156, -36.22118]], [[-72.13193, -36.22206], [-72.13229, -36.22246], [-72.13245, -36.22333], [-72.13245, -36.22333], [-72.13237, -36.22288], [-72.13226, -36.22243], [-72.13193, -36.22206], [-72.13193, -36.22206]], [[-72.1338, -36.22455], [-72.1338, -36.22455], [-72.13384, -36.22515], [-72.13384, -36.22515], [-72.13381, -36.22473], [-72.1338, -36.22455]], [[-72.13265, -36.22376], [-72.13363, -36.22443], [-72.1335, -36.22434], [-72.13307, -36.22405], [-72.13265, -36.22376], [-72.13265, -36.22376]], [[-72.13448, -36.22669], [-72.13448, -36.22669], [-72.13473, -36.22799], [-72.13398, -36.22876], [-72.13398, -36.22875], [-72.13473, -36.228], [-72.1347, -36.22786], [-72.13448, -36.22669]], [[-72.13417, -36.22633], [-72.13447, -36.22667], [-72.13445, -36.22665], [-72.13412, -36.22635], [-72.13417, -36.22633]], [[-72.13317, -36.2326], [-72.13319, -36.23263], [-72.13319, -36.23265], [-72.13317, -36.2326]], [[-72.13628, -36.23742], [-72.13684, -36.23787], [-72.13712, -36.24007], [-72.13712, -36.24007], [-72.13684, -36.23789], [-72.13628, -36.23742]], [[-72.1388, -36.24258], [-72.13882, -36.2426], [-72.13887, -36.24321], [-72.1388, -36.24258]], [[-72.13887, -36.24321], [-72.13887, -36.24322], [-72.13786, -36.2456], [-72.13887, -36.24321]], [[-72.15521, -36.24148], [-72.15561, -36.24145], [-72.15561, -36.24145], [-72.15533, -36.24147], [-72.15521, -36.24148]], [[-72.15561, -36.24138], [-72.15564, -36.24049], [-72.15385, -36.23539], [-72.15564, -36.2405], [-72.15561, -36.24138]], [[-72.12375, -36.18761], [-72.12391, -36.18766], [-72.12401, -36.18778], [-72.12396, -36.18772], [-72.12386, -36.18764], [-72.12375, -36.18761]], [[-72.12256, -36.18724], [-72.12316, -36.18743], [-72.12308, -36.1874], [-72.12301, -36.18738], [-72.1226, -36.18725], [-72.12256, -36.18724], [-72.12256, -36.18724]], [[-72.12454, -36.18838], [-72.12476, -36.18864], [-72.12476, -36.18864], [-72.12463, -36.18849], [-72.1246, -36.18845], [-72.12454, -36.18838]], [[-72.1243, -36.18811], [-72.12443, -36.18826], [-72.12443, -36.18825], [-72.1243, -36.18811]], [[-72.12731, -36.18964], [-72.12963, -36.19035], [-72.1306, -36.1912], [-72.12731, -36.18964]], [[-72.12522, -36.189], [-72.12685, -36.1895], [-72.12649, -36.18939], [-72.12595, -36.18922], [-72.12541, -36.18906], [-72.12522, -36.189]], [[-72.12995, -36.19436], [-72.12995, -36.19437], [-72.12994, -36.19438], [-72.12995, -36.19436]], [[-72.13077, -36.19136], [-72.1303, -36.1931], [-72.13038, -36.19278], [-72.13054, -36.1922], [-72.13067, -36.19172], [-72.13077, -36.19136]], [[-72.12778, -36.19744], [-72.12763, -36.19765], [-72.12765, -36.19763], [-72.12778, -36.19744]], [[-72.12876, -36.19605], [-72.12847, -36.19647], [-72.12855, -36.19635], [-72.12876, -36.19605]], [[-72.1292, -36.19543], [-72.12911, -36.19555], [-72.12913, -36.19553], [-72.1292, -36.19543]], [[-72.12978, -36.1946], [-72.12954, -36.19495], [-72.12966, -36.19478], [-72.12978, -36.1946]], [[-72.12745, -36.19845], [-72.12756, -36.20041], [-72.12756, -36.20041], [-72.12755, -36.20024], [-72.12755, -36.20022], [-72.12754, -36.2001], [-72.12752, -36.19964], [-72.12749, -36.19916], [-72.12746, -36.1987], [-72.12745, -36.19845]], [[-72.13017, -36.20172], [-72.13034, -36.20178], [-72.13035, -36.20182], [-72.13017, -36.20172]], [[-72.12958, -36.20149], [-72.12971, -36.20153], [-72.12967, -36.20152], [-72.12958, -36.20149]], [[-72.12794, -36.20084], [-72.12877, -36.20117], [-72.12845, -36.20104], [-72.12794, -36.20084], [-72.12794, -36.20084]], [[-72.1309, -36.20352], [-72.131, -36.20382], [-72.13099, -36.20387], [-72.1309, -36.20352]], [[-72.13089, -36.20455], [-72.13082, -36.20497], [-72.13082, -36.20497], [-72.13089, -36.20455]], [[-72.13098, -36.20395], [-72.1309, -36.20445], [-72.13097, -36.20405], [-72.13098, -36.20395]], [[-72.13091, -36.20544], [-72.13124, -36.20629], [-72.13125, -36.20639], [-72.1311, -36.20592], [-72.13091, -36.20544], [-72.13091, -36.20544]], [[-72.13125, -36.20665], [-72.13129, -36.20777], [-72.13074, -36.20915], [-72.13074, -36.20915], [-72.13091, -36.20871], [-72.13109, -36.20828], [-72.13128, -36.20781], [-72.13128, -36.20735], [-72.13126, -36.2069], [-72.13125, -36.20665]], [[-72.13117, -36.2113], [-72.13117, -36.21131], [-72.13108, -36.21157], [-72.13117, -36.2113]], [[-72.1303, -36.21365], [-72.1303, -36.21366], [-72.13029, -36.21366], [-72.1303, -36.21365]], [[-72.13047, -36.2132], [-72.13045, -36.21325], [-72.13046, -36.21324], [-72.13047, -36.2132]], [[-72.13105, -36.21164], [-72.1308, -36.21231], [-72.13091, -36.21203], [-72.13105, -36.21164]], [[-72.13007, -36.21374], [-72.12989, -36.2138], [-72.12989, -36.2138], [-72.1299, -36.21379], [-72.13007, -36.21374]], [[-72.12933, -36.21375], [-72.12933, -36.21375], [-72.12933, -36.21375], [-72.12933, -36.21375]], [[-72.12881, -36.21401], [-72.12862, -36.21433], [-72.12881, -36.21401], [-72.12881, -36.21401]], [[-72.12865, -36.21523], [-72.12866, -36.21525], [-72.12865, -36.21523], [-72.12865, -36.21523]], [[-72.12983, -36.2169], [-72.12989, -36.21696], [-72.12967, -36.21722], [-72.12983, -36.2169]], [[-72.12905, -36.21615], [-72.12957, -36.21665], [-72.12944, -36.21653], [-72.12905, -36.21615], [-72.12905, -36.21615]], [[-72.12956, -36.21798], [-72.12959, -36.21831], [-72.12959, -36.21831], [-72.12956, -36.21798]], [[-72.12976, -36.21884], [-72.12998, -36.21922], [-72.12998, -36.21922], [-72.12976, -36.21884]], [[-72.13162, -36.22046], [-72.13162, -36.22046], [-72.13161, -36.22055], [-72.13162, -36.22046]], [[-72.13101, -36.22002], [-72.13135, -36.22026], [-72.13124, -36.22019], [-72.13101, -36.22002]], [[-72.13041, -36.21959], [-72.13061, -36.21973], [-72.13041, -36.21959], [-72.13041, -36.21959]], [[-72.10126, -36.15888], [-72.10129, -36.15891], [-72.10119, -36.15932], [-72.10126, -36.15888]], [[-72.10108, -36.15864], [-72.10126, -36.15888], [-72.10126, -36.15887], [-72.10108, -36.15864]], [[-72.10065, -36.15811], [-72.10082, -36.15832], [-72.10069, -36.15816], [-72.10069, -36.15816], [-72.10068, -36.15815], [-72.10065, -36.15811]], [[-72.10078, -36.16105], [-72.10072, -36.16127], [-72.10075, -36.16115], [-72.10078, -36.16105]], [[-72.10118, -36.15937], [-72.10098, -36.1602], [-72.10107, -36.15984], [-72.10108, -36.15978], [-72.10118, -36.15937]], [[-72.10076, -36.16162], [-72.10087, -36.16188], [-72.10076, -36.16162], [-72.10076, -36.16162]], [[-72.10098, -36.16201], [-72.10167, -36.16248], [-72.10144, -36.16233], [-72.101, -36.16203], [-72.10098, -36.16201], [-72.10098, -36.16201]], [[-72.10253, -36.16265], [-72.10274, -36.16267], [-72.10284, -36.16271], [-72.10253, -36.16265]], [[-72.10236, -36.16263], [-72.10252, -36.16265], [-72.10251, -36.16265], [-72.10236, -36.16263]], [[-72.10203, -36.1626], [-72.10213, -36.16261], [-72.10207, -36.16261], [-72.10203, -36.1626]], [[-72.10353, -36.16301], [-72.10382, -36.16349], [-72.10394, -36.16434], [-72.10391, -36.16407], [-72.10386, -36.16379], [-72.10384, -36.16367], [-72.1038, -36.16345], [-72.10355, -36.16304], [-72.10353, -36.16301]], [[-72.10413, -36.16558], [-72.10415, -36.16575], [-72.10415, -36.16575], [-72.10413, -36.16558]], [[-72.10401, -36.16475], [-72.10407, -36.16522], [-72.10404, -36.16497], [-72.10401, -36.16475]], [[-72.1043, -36.16626], [-72.10477, -36.16744], [-72.10477, -36.16744], [-72.10463, -36.1671], [-72.10445, -36.16664], [-72.1043, -36.16626]], [[-72.10488, -36.16766], [-72.10649, -36.16926], [-72.10649, -36.16926], [-72.10613, -36.1689], [-72.10577, -36.16854], [-72.10541, -36.16819], [-72.10524, -36.16801], [-72.10505, -36.16783], [-72.10488, -36.16766], [-72.10488, -36.16766]], [[-72.10673, -36.1695], [-72.10877, -36.17051], [-72.10938, -36.17153], [-72.10673, -36.1695]], [[-72.10955, -36.17182], [-72.10999, -36.17255], [-72.10999, -36.17255], [-72.10997, -36.17253], [-72.10972, -36.17211], [-72.10955, -36.17182]], [[-72.11156, -36.17325], [-72.11299, -36.17388], [-72.11325, -36.17441], [-72.1131, -36.17479], [-72.11324, -36.17438], [-72.11322, -36.17434], [-72.11301, -36.17392], [-72.11252, -36.17367], [-72.11202, -36.17345], [-72.11156, -36.17325]], [[-72.1105, -36.17278], [-72.11147, -36.17321], [-72.111, -36.173], [-72.1105, -36.17278], [-72.1105, -36.17278]], [[-72.11309, -36.17481], [-72.11287, -36.17534], [-72.11287, -36.17534], [-72.11291, -36.17524], [-72.11292, -36.17522], [-72.11292, -36.1752], [-72.11303, -36.17496], [-72.11309, -36.17481]], [[-72.11299, -36.1757], [-72.11338, -36.17666], [-72.11338, -36.17666], [-72.11317, -36.17615], [-72.11299, -36.1757], [-72.11299, -36.1757]], [[-72.11358, -36.17707], [-72.11515, -36.17849], [-72.11515, -36.17849], [-72.11515, -36.17848], [-72.11475, -36.17813], [-72.11437, -36.17779], [-72.11396, -36.17742], [-72.11358, -36.17708], [-72.11358, -36.17707], [-72.11358, -36.17707]], [[-72.11561, -36.17876], [-72.11877, -36.18057], [-72.11561, -36.17876]], [[-72.11886, -36.18095], [-72.11898, -36.18146], [-72.11898, -36.18146], [-72.11887, -36.18101], [-72.11886, -36.18095]], [[-72.1199, -36.18253], [-72.1203, -36.18292], [-72.12031, -36.18318], [-72.1203, -36.18292], [-72.12011, -36.18274], [-72.11994, -36.18257], [-72.1199, -36.18253]], [[-72.12112, -36.18506], [-72.12127, -36.18526], [-72.12127, -36.18552], [-72.12127, -36.18546], [-72.12127, -36.18532], [-72.1212, -36.1852], [-72.12112, -36.18506]], [[-72.12099, -36.18487], [-72.12111, -36.18504], [-72.1211, -36.18503], [-72.12099, -36.18487]], [[-72.12128, -36.18649], [-72.12128, -36.1865], [-72.12128, -36.1865], [-72.12128, -36.18649]], [[-72.12127, -36.18585], [-72.12128, -36.18599], [-72.12127, -36.18592], [-72.12127, -36.18585]], [[-72.12185, -36.18692], [-72.12217, -36.18707], [-72.12207, -36.18702], [-72.12185, -36.18692]], [[-72.12157, -36.18679], [-72.12166, -36.18683], [-72.12157, -36.18679], [-72.12157, -36.18679]], [[-72.10228, -36.12849], [-72.10228, -36.12852], [-72.10229, -36.12852], [-72.10228, -36.12852], [-72.10228, -36.12849]], [[-72.1025, -36.12835], [-72.10255, -36.12831], [-72.10273, -36.12896], [-72.10272, -36.12892], [-72.10255, -36.12831], [-72.1025, -36.12835]], [[-72.10274, -36.12897], [-72.10279, -36.12917], [-72.10279, -36.12916], [-72.10275, -36.12903], [-72.10274, -36.12897]], [[-72.10286, -36.12963], [-72.10285, -36.12985], [-72.10285, -36.12969], [-72.10286, -36.12963]], [[-72.10363, -36.13487], [-72.10366, -36.13495], [-72.10363, -36.13487], [-72.10363, -36.13487]], [[-72.10349, -36.13439], [-72.10356, -36.13464], [-72.10351, -36.13446], [-72.10349, -36.13439]], [[-72.10317, -36.13332], [-72.10327, -36.13367], [-72.10326, -36.13361], [-72.10324, -36.13361], [-72.10317, -36.13332]], [[-72.10275, -36.13191], [-72.10295, -36.13257], [-72.10275, -36.13192], [-72.10275, -36.13191]], [[-72.10382, -36.13545], [-72.10382, -36.13546], [-72.10382, -36.13546], [-72.10382, -36.13545]], [[-72.10321, -36.13952], [-72.10314, -36.13976], [-72.10316, -36.13961], [-72.10319, -36.13956], [-72.10321, -36.13952]], [[-72.10346, -36.13858], [-72.10336, -36.13896], [-72.10336, -36.13891], [-72.10338, -36.13878], [-72.10346, -36.13858]], [[-72.10354, -36.13827], [-72.10348, -36.13849], [-72.10348, -36.13844], [-72.10354, -36.13827]], [[-72.10288, -36.14325], [-72.10288, -36.14331], [-72.1023, -36.14379], [-72.10253, -36.14359], [-72.10254, -36.14359], [-72.10288, -36.14326], [-72.10288, -36.14325]], [[-72.10287, -36.14269], [-72.10287, -36.14291], [-72.10287, -36.14278], [-72.10287, -36.14269]], [[-72.10286, -36.14126], [-72.10287, -36.1416], [-72.10286, -36.14139], [-72.10286, -36.14126]], [[-72.10286, -36.14107], [-72.10286, -36.14108], [-72.10284, -36.14107], [-72.10285, -36.14107], [-72.10286, -36.14107]], [[-72.10286, -36.14088], [-72.10286, -36.14101], [-72.10286, -36.14089], [-72.10286, -36.14088]], [[-72.10199, -36.14404], [-72.10194, -36.14409], [-72.10164, -36.14415], [-72.10199, -36.14404]], [[-72.10107, -36.14426], [-72.10098, -36.14427], [-72.10089, -36.14429], [-72.101, -36.14427], [-72.10107, -36.14426]], [[-72.09869, -36.14518], [-72.09817, -36.14542], [-72.09869, -36.14518], [-72.09869, -36.14518]], [[-72.09946, -36.14484], [-72.0987, -36.14518], [-72.099, -36.14502], [-72.09919, -36.14496], [-72.09946, -36.14484]], [[-72.10035, -36.14444], [-72.09971, -36.14472], [-72.10012, -36.14446], [-72.10035, -36.14444]], [[-72.10055, -36.14435], [-72.10035, -36.14444], [-72.1005, -36.14436], [-72.10051, -36.14435], [-72.10055, -36.14435]], [[-72.09793, -36.14621], [-72.09767, -36.14704], [-72.09771, -36.14691], [-72.09785, -36.14646], [-72.09793, -36.14621]], [[-72.09812, -36.14558], [-72.09797, -36.14607], [-72.09802, -36.14592], [-72.09812, -36.14558]], [[-72.09887, -36.1503], [-72.09889, -36.15033], [-72.0988, -36.1507], [-72.09888, -36.15035], [-72.09887, -36.1503]], [[-72.09769, -36.14832], [-72.09821, -36.1492], [-72.09798, -36.14882], [-72.09769, -36.14832], [-72.09769, -36.14832]], [[-72.09847, -36.15217], [-72.09834, -36.15276], [-72.09834, -36.15276], [-72.09843, -36.15233], [-72.09847, -36.15217]], [[-72.09879, -36.15077], [-72.09859, -36.15165], [-72.09859, -36.15164], [-72.09865, -36.15137], [-72.09869, -36.1512], [-72.09872, -36.15106], [-72.09879, -36.15077]], [[-72.09903, -36.15564], [-72.09904, -36.15603], [-72.09904, -36.15603], [-72.09903, -36.15564]], [[-72.09901, -36.15497], [-72.09902, -36.15545], [-72.09901, -36.15507], [-72.09901, -36.15497]], [[-72.09899, -36.15422], [-72.09901, -36.15485], [-72.09901, -36.15484], [-72.099, -36.15461], [-72.099, -36.15438], [-72.09899, -36.15422]], [[-72.10051, -36.15793], [-72.10052, -36.15795], [-72.10051, -36.15794], [-72.10051, -36.15793]], [[-72.09935, -36.15649], [-72.0995, -36.15667], [-72.09935, -36.15649], [-72.09935, -36.15649]], [[-72.10227, -36.1283], [-72.10228, -36.12847], [-72.10228, -36.12839], [-72.10227, -36.1283], [-72.10222, -36.12836], [-72.10216, -36.12843], [-72.10214, -36.12846], [-72.10209, -36.12852], [-72.10208, -36.12853], [-72.10207, -36.12853], [-72.10227, -36.1283]], [[-72.30007, -36.24856], [-72.30179, -36.24656], [-72.30018, -36.24849], [-72.30007, -36.24856]], [[-72.30179, -36.24655], [-72.30235, -36.24487], [-72.30184, -36.2465], [-72.30179, -36.24655]], [[-72.30281, -36.24404], [-72.30325, -36.24339], [-72.30326, -36.24339], [-72.30281, -36.24404]], [[-72.30568, -36.24144], [-72.30569, -36.24144], [-72.30577, -36.24136], [-72.30576, -36.24138], [-72.30568, -36.24144]], [[-72.30599, -36.24101], [-72.30662, -36.24], [-72.30704, -36.23936], [-72.30599, -36.24101]], [[-72.30861, -36.23818], [-72.30861, -36.23817], [-72.3106, -36.23562], [-72.30861, -36.23818]], [[-72.31137, -36.23488], [-72.31284, -36.23347], [-72.31313, -36.23323], [-72.31263, -36.23368], [-72.31206, -36.23424], [-72.31137, -36.23488]], [[-72.34841, -36.24121], [-72.34917, -36.24256], [-72.3505, -36.24459], [-72.34918, -36.24257], [-72.34841, -36.24121], [-72.34841, -36.24121]], [[-72.35055, -36.24467], [-72.35072, -36.24474], [-72.35055, -36.24467], [-72.35055, -36.24467]], [[-72.35211, -36.24514], [-72.3567, -36.24781], [-72.3567, -36.24781], [-72.35418, -36.24691], [-72.35211, -36.24514]], [[-72.35803, -36.24949], [-72.36013, -36.25057], [-72.36013, -36.25057], [-72.3595, -36.25025], [-72.35803, -36.24949]], [[-72.36088, -36.25141], [-72.36088, -36.25141], [-72.36109, -36.25151], [-72.36089, -36.25143], [-72.36088, -36.25141]], [[-72.21028, -36.214], [-72.20978, -36.2118], [-72.20979, -36.21178], [-72.21028, -36.214], [-72.21028, -36.214]], [[-72.20979, -36.21178], [-72.21009, -36.21138], [-72.21011, -36.21138], [-72.20979, -36.21178]], [[-72.21456, -36.21087], [-72.21519, -36.21109], [-72.2152, -36.21111], [-72.21456, -36.21087]], [[-72.2152, -36.21111], [-72.21558, -36.212], [-72.21558, -36.21208], [-72.2152, -36.21111]], [[-72.21981, -36.20919], [-72.21981, -36.20919], [-72.22015, -36.20829], [-72.22015, -36.20829], [-72.21981, -36.20919]], [[-72.21984, -36.20931], [-72.21984, -36.2093], [-72.21984, -36.2093], [-72.21984, -36.20931]], [[-72.24581, -36.21799], [-72.24581, -36.21799], [-72.24903, -36.22437], [-72.25177, -36.22811], [-72.25177, -36.22811], [-72.24903, -36.22438], [-72.24581, -36.21799]], [[-72.25455, -36.23386], [-72.25456, -36.23387], [-72.26285, -36.24564], [-72.25457, -36.2339], [-72.25455, -36.23386]], [[-72.2629, -36.2457], [-72.26698, -36.25094], [-72.26699, -36.25094], [-72.26295, -36.24578], [-72.2629, -36.2457]], [[-72.26855, -36.25352], [-72.26865, -36.25369], [-72.26865, -36.25369], [-72.26855, -36.25352]], [[-72.26866, -36.2537], [-72.26885, -36.25385], [-72.26959, -36.25444], [-72.26985, -36.25465], [-72.26866, -36.2537]], [[-72.27093, -36.25629], [-72.27448, -36.2598], [-72.27099, -36.25639], [-72.27093, -36.25629]], [[-72.29467, -36.25282], [-72.29467, -36.25281], [-72.29511, -36.25239], [-72.29565, -36.2519], [-72.29467, -36.25282]], [[-72.2974, -36.25029], [-72.2974, -36.25029], [-72.2989, -36.24932], [-72.2974, -36.25029]], [[-72.3739, -36.25498], [-72.3741, -36.25476], [-72.37411, -36.25476], [-72.3739, -36.25498]], [[-72.3757, -36.25388], [-72.37684, -36.25435], [-72.37826, -36.25494], [-72.3757, -36.25388]], [[-72.38633, -36.24442], [-72.38633, -36.24442], [-72.38633, -36.24442], [-72.38633, -36.24442]], [[-72.13928, -36.25709], [-72.13591, -36.25655], [-72.13414, -36.25458], [-72.13479, -36.25196], [-72.13655, -36.25005], [-72.15137, -36.24545], [-72.15107, -36.2446], [-72.15068, -36.2435], [-72.15034, -36.24254], [-72.15137, -36.24545], [-72.15394, -36.24539], [-72.15499, -36.24792], [-72.15421, -36.25009], [-72.15144, -36.25277], [-72.14658, -36.25427], [-72.14226, -36.25658], [-72.13928, -36.25709]], [[-71.73324, -36.32479], [-71.73613, -36.32496], [-71.73632, -36.32502], [-71.73324, -36.32479]], [[-71.73324, -36.32479], [-71.72905, -36.32681], [-71.72913, -36.32668], [-71.73324, -36.32479]], [[-71.98717, -36.24223], [-71.98657, -36.24227], [-71.98549, -36.24203], [-71.98316, -36.24057], [-71.98717, -36.24223]], [[-71.87414, -36.25752], [-71.87383, -36.25742], [-71.87284, -36.25701], [-71.87241, -36.25684], [-71.87241, -36.25684], [-71.87414, -36.25752]], [[-71.98717, -36.24223], [-71.98796, -36.24197], [-71.98798, -36.24199], [-71.98717, -36.24223]], [[-72.34777, -36.23895], [-72.34834, -36.24094], [-72.34833, -36.24094], [-72.34797, -36.23966], [-72.34777, -36.23895]], [[-71.90804, -36.26891], [-71.90636, -36.26884], [-71.9063, -36.26883], [-71.90804, -36.26891]], [[-71.90804, -36.26891], [-71.90859, -36.26866], [-71.9086, -36.26868], [-71.90804, -36.26891]], [[-72.01466, -36.19253], [-72.01481, -36.19253], [-72.01584, -36.19253], [-72.01481, -36.19253], [-72.01466, -36.19253]], [[-72.01466, -36.19253], [-72.01347, -36.1934], [-72.01347, -36.1934], [-72.01356, -36.19333], [-72.01364, -36.19328], [-72.01389, -36.19309], [-72.01393, -36.19306], [-72.01466, -36.19253]], [[-72.38011, -36.25147], [-72.38043, -36.25104], [-72.38084, -36.25048], [-72.38011, -36.25147]], [[-72.38011, -36.25147], [-72.38025, -36.2544], [-72.38019, -36.25446], [-72.37994, -36.25475], [-72.38025, -36.25439], [-72.38011, -36.25147]], [[-72.34777, -36.23895], [-72.3441, -36.23643], [-72.34487, -36.23695], [-72.34777, -36.23895]], [[-71.99164, -36.2109], [-71.9912, -36.2113], [-71.9912, -36.2113], [-71.99157, -36.21097], [-71.99164, -36.2109]], [[-71.99301, -36.21092], [-71.99164, -36.2109], [-71.99296, -36.21092], [-71.99301, -36.21092]], [[-71.77471, -36.29769], [-71.7747, -36.2977], [-71.77452, -36.29823], [-71.77471, -36.29769]], [[-72.13449, -36.23452], [-72.13442, -36.23447], [-72.13442, -36.23447], [-72.13449, -36.23452]], [[-72.13449, -36.23452], [-72.13513, -36.23646], [-72.13513, -36.23646], [-72.13449, -36.23452]], [[-71.99301, -36.21092], [-71.99319, -36.21085], [-71.99352, -36.21072], [-71.99408, -36.21049], [-71.99301, -36.21092]], [[-71.77471, -36.29769], [-71.77582, -36.29654], [-71.77686, -36.29619], [-71.77583, -36.29653], [-71.77582, -36.29654], [-71.77527, -36.29711], [-71.7748, -36.29759], [-71.77479, -36.2976], [-71.77471, -36.29769]], [[-72.00751, -36.20607], [-72.00663, -36.20572], [-72.00706, -36.20589], [-72.00751, -36.20607]], [[-72.00751, -36.20607], [-72.0082, -36.20607], [-72.00826, -36.20607], [-72.00838, -36.20603], [-72.00825, -36.20607], [-72.00751, -36.20607]], [[-71.87414, -36.25752], [-71.87453, -36.2575], [-71.87453, -36.2575], [-71.87414, -36.25752]]]}, "properties": {"composicio": "Secuencias sedimentarias", "epoca": "Pleistoceno Holoceno", "era": "CENOZOICO", "geo": "Q1", "ha": 521418.77, "m2": 5214187727.84, "periodo": "Cuaternario"}}, {"type": "Feature", "geometry": {"type": "Polygon", "coordinates": [[[-72.43108, -36.91918], [-72.4225, -36.93213], [-72.42269, -36.93341], [-72.42593, -36.9352], [-72.4261, -36.93706], [-72.41957, -36.94567], [-72.41935, -36.94819], [-72.42026, -36.94855], [-72.42444, -36.94463], [-72.42535, -36.94254], [-72.42783, -36.94113], [-72.43546, -36.94348], [-72.43771, -36.94191], [-72.44161, -36.94785], [-72.44142, -36.94509], [-72.43809, -36.94011], [-72.43965, -36.93655], [-72.43838, -36.93016], [-72.44084, -36.92648], [-72.43108, -36.91918]]]}, "properties": {"composicio": "S I", "epoca": "S I", "era": "S I", "geo": "S I", "ha": 287.39, "m2": 2873929.07, "periodo": "S I"}}, {"type": "Feature", "geometry": {"type": "Polygon", "coordinates": [[[-72.85627, -36.35995], [-72.85318, -36.36352], [-72.85118, -36.36967], [-72.84886, -36.37204], [-72.8454, -36.3745], [-72.83638, -36.37883], [-72.83298, -36.379], [-72.825, -36.37545], [-72.81877, -36.37523], [-72.81549, -36.37621], [-72.80807, -36.38433], [-72.79278, -36.39004], [-72.73492, -36.39908], [-72.71605, -36.41639], [-72.68507, -36.43055], [-72.68797, -36.47566], [-72.68403, -36.48006], [-72.67843, -36.48271], [-72.6647, -36.49209], [-72.66001, -36.49796], [-72.65818, -36.50262], [-72.65221, -36.50813], [-72.64015, -36.51364], [-72.62079, -36.52659], [-72.60963, -36.5352], [-72.60729, -36.53768], [-72.59712, -36.55615], [-72.59197, -36.56293], [-72.58908, -36.56459], [-72.58008, -36.56685], [-72.56806, -36.56525], [-72.5513, -36.58075], [-72.54689, -36.58101], [-72.53276, -36.57893], [-72.52892, -36.57932], [-72.50597, -36.59732], [-72.5067, -36.60146], [-72.50478, -36.60383], [-72.49193, -36.60622], [-72.48374, -36.6095], [-72.47261, -36.62853], [-72.46507, -36.63264], [-72.45504, -36.64618], [-72.44756, -36.65185], [-72.43641, -36.70512], [-72.43199, -36.71459], [-72.41892, -36.72509], [-72.41336, -36.73071], [-72.40801, -36.76278], [-72.41616, -36.77189], [-72.41847, -36.78039], [-72.4182, -36.79598], [-72.3741, -36.85018], [-72.36859, -36.9133], [-72.37352, -36.91511], [-72.37882, -36.91407], [-72.38228, -36.90819], [-72.3878, -36.90475], [-72.39278, -36.88643], [-72.38825, -36.88096], [-72.3882, -36.87799], [-72.39498, -36.86599], [-72.39843, -36.86361], [-72.39509, -36.85683], [-72.39483, -36.85092], [-72.39647, -36.84643], [-72.42115, -36.80772], [-72.43074, -36.80251], [-72.4334, -36.77973], [-72.43359, -36.77034], [-72.42224, -36.74945], [-72.43879, -36.73565], [-72.4415, -36.72768], [-72.4512, -36.7116], [-72.45711, -36.70649], [-72.46214, -36.69497], [-72.45773, -36.69061], [-72.45669, -36.68281], [-72.48315, -36.65813], [-72.48121, -36.64206], [-72.48824, -36.63511], [-72.49763, -36.62978], [-72.51153, -36.62535], [-72.52548, -36.61942], [-72.52809, -36.61764], [-72.53137, -36.61221], [-72.53544, -36.60884], [-72.55501, -36.60942], [-72.55807, -36.60673], [-72.5571, -36.59608], [-72.56074, -36.59282], [-72.5672, -36.5903], [-72.56881, -36.58884], [-72.57058, -36.58132], [-72.57175, -36.58008], [-72.57667, -36.57685], [-72.5888, -36.57455], [-72.59426, -36.57201], [-72.5975, -36.56806], [-72.60155, -36.56013], [-72.6211, -36.54113], [-72.63472, -36.53049], [-72.64498, -36.52379], [-72.66455, -36.52379], [-72.67076, -36.51966], [-72.68415, -36.50707], [-72.68617, -36.50686], [-72.69805, -36.49368], [-72.70518, -36.47837], [-72.70517, -36.44733], [-72.69962, -36.43763], [-72.70282, -36.43437], [-72.70886, -36.43114], [-72.71593, -36.42611], [-72.72943, -36.42438], [-72.73216, -36.42295], [-72.73393, -36.42046], [-72.7369, -36.40986], [-72.74095, -36.40649], [-72.75981, -36.41103], [-72.82214, -36.39325], [-72.87507, -36.4348], [-72.87165, -36.39055], [-72.85627, -36.35995]]]}, "properties": {"composicio": "Secuencias sedimentarias", "epoca": "Pleistoceno Holoceno", "era": "CENOZOICO", "geo": "Qf", "ha": 15028.22, "m2": 150282223.27, "periodo": "Cuaternario"}}, {"type": "Feature", "geometry": {"type": "Polygon", "coordinates": [[[-72.65631, -36.90873], [-72.66176, -36.90744], [-72.6631, -36.90552], [-72.66409, -36.89558], [-72.66788, -36.88752], [-72.66739, -36.88477], [-72.63327, -36.87262], [-72.62616, -36.87216], [-72.62196, -36.87471], [-72.63099, -36.8981], [-72.65631, -36.90873]]]}, "properties": {"composicio": "Rocas intrusivas", "epoca": "Jurasico Inferior  202 178 Ma", "era": "MEZOZOICO", "geo": "Jig", "ha": 1056.23, "m2": 10562289.39, "periodo": "Jurasico"}}, {"type": "Feature", "geometry": {"type": "Polygon", "coordinates": [[[-72.46214, -36.69497], [-72.43879, -36.73565], [-72.42224, -36.74945], [-72.43359, -36.77034], [-72.4334, -36.77973], [-72.43074, -36.80251], [-72.42115, -36.80772], [-72.39483, -36.85092], [-72.39509, -36.85683], [-72.39843, -36.86361], [-72.42481, -36.86416], [-72.44813, -36.87535], [-72.46131, -36.87341], [-72.47079, -36.87073], [-72.47874, -36.86676], [-72.48174, -36.86179], [-72.48207, -36.86007], [-72.48102, -36.85708], [-72.47023, -36.84211], [-72.47053, -36.83685], [-72.4735, -36.83291], [-72.47627, -36.8309], [-72.47986, -36.82994], [-72.48993, -36.83092], [-72.49296, -36.82973], [-72.47867, -36.81722], [-72.47893, -36.81321], [-72.48023, -36.81267], [-72.48934, -36.81283], [-72.49108, -36.8116], [-72.49165, -36.8067], [-72.48737, -36.80238], [-72.48011, -36.7979], [-72.47973, -36.79606], [-72.48109, -36.78865], [-72.47893, -36.78506], [-72.47578, -36.78569], [-72.47015, -36.78834], [-72.46873, -36.78808], [-72.46566, -36.78619], [-72.46139, -36.78153], [-72.45238, -36.77816], [-72.45193, -36.77449], [-72.45603, -36.77067], [-72.45295, -36.76432], [-72.45247, -36.76111], [-72.45425, -36.75874], [-72.45713, -36.75765], [-72.46209, -36.7582], [-72.46997, -36.7612], [-72.4734, -36.76528], [-72.47907, -36.78015], [-72.48061, -36.78108], [-72.48275, -36.7809], [-72.48993, -36.77394], [-72.49237, -36.76837], [-72.49366, -36.76325], [-72.49333, -36.76015], [-72.4905, -36.75495], [-72.49462, -36.74542], [-72.49283, -36.74333], [-72.48308, -36.74132], [-72.48288, -36.73845], [-72.48675, -36.73279], [-72.4867, -36.72971], [-72.47716, -36.7253], [-72.46868, -36.69997], [-72.46214, -36.69497]], [[-72.44001, -36.77009], [-72.44268, -36.7638], [-72.44087, -36.7633], [-72.43843, -36.76422], [-72.43758, -36.76325], [-72.44117, -36.76083], [-72.44501, -36.75687], [-72.45325, -36.73742], [-72.45509, -36.7419], [-72.45487, -36.74968], [-72.44001, -36.77009]], [[-72.43008, -36.8282], [-72.42652, -36.82814], [-72.4253, -36.82616], [-72.42553, -36.82342], [-72.42984, -36.81744], [-72.43293, -36.80949], [-72.43789, -36.80547], [-72.4438, -36.80774], [-72.44495, -36.812], [-72.44392, -36.81301], [-72.44049, -36.81363], [-72.43759, -36.81541], [-72.43697, -36.82169], [-72.43283, -36.82677], [-72.43008, -36.8282]], [[-72.43299, -36.85664], [-72.41776, -36.85555], [-72.41451, -36.85379], [-72.41094, -36.84653], [-72.40867, -36.83827], [-72.40862, -36.83323], [-72.41094, -36.83142], [-72.4159, -36.83308], [-72.41813, -36.83541], [-72.42099, -36.84299], [-72.4235, -36.84588], [-72.42632, -36.84751], [-72.43412, -36.84979], [-72.43693, -36.85165], [-72.43615, -36.85541], [-72.43299, -36.85664]]]}, "properties": {"composicio": "Secuencias sedimentarias", "epoca": "Pleistoceno Holoceno", "era": "CENOZOICO", "geo": "Q1", "ha": 8448.42, "m2": 84484165.22, "periodo": "Cuaternario"}}, {"type": "Feature", "geometry": {"type": "Polygon", "coordinates": [[[-72.43299, -36.85664], [-72.43615, -36.85541], [-72.43693, -36.85165], [-72.43412, -36.84979], [-72.42632, -36.84751], [-72.4235, -36.84588], [-72.42099, -36.84299], [-72.41813, -36.83541], [-72.4159, -36.83308], [-72.41094, -36.83142], [-72.40862, -36.83323], [-72.40867, -36.83827], [-72.41094, -36.84653], [-72.41451, -36.85379], [-72.41776, -36.85555], [-72.43299, -36.85664]]]}, "properties": {"composicio": "Rocas intrusivas", "epoca": "Carbonifero Permico  328-235 Ma", "era": "PALEOZOICO", "geo": "CPg", "ha": 336.18, "m2": 3361812.52, "periodo": ""}}, {"type": "Feature", "geometry": {"type": "Polygon", "coordinates": [[[-72.43008, -36.8282], [-72.43283, -36.82677], [-72.43697, -36.82169], [-72.43759, -36.81541], [-72.44049, -36.81363], [-72.44392, -36.81301], [-72.44495, -36.812], [-72.4438, -36.80774], [-72.43789, -36.80547], [-72.43293, -36.80949], [-72.42984, -36.81744], [-72.42553, -36.82342], [-72.4253, -36.82616], [-72.42652, -36.82814], [-72.43008, -36.8282]]]}, "properties": {"composicio": "Rocas intrusivas", "epoca": "Carbonifero Permico  328-235 Ma", "era": "PALEOZOICO", "geo": "CPg", "ha": 196.98, "m2": 1969829.43, "periodo": ""}}, {"type": "Feature", "geometry": {"type": "Polygon", "coordinates": [[[-72.5822, -36.82595], [-72.58634, -36.82534], [-72.58937, -36.82402], [-72.59346, -36.82032], [-72.59928, -36.81092], [-72.60242, -36.8008], [-72.60225, -36.79163], [-72.60064, -36.78806], [-72.59675, -36.7849], [-72.59376, -36.78508], [-72.58525, -36.78893], [-72.57458, -36.79882], [-72.57333, -36.80749], [-72.57697, -36.81465], [-72.57885, -36.82349], [-72.5822, -36.82595]]]}, "properties": {"composicio": "Rocas intrusivas", "epoca": "Jurasico Inferior  202 178 Ma", "era": "MEZOZOICO", "geo": "Jig", "ha": 819.86, "m2": 8198631.9, "periodo": "Jurasico"}}, {"type": "Feature", "geometry": {"type": "Polygon", "coordinates": [[[-72.37893, -36.81114], [-72.39232, -36.80747], [-72.38404, -36.79514], [-72.37873, -36.7988], [-72.3794, -36.80392], [-72.37779, -36.80745], [-72.37893, -36.81114]]]}, "properties": {"composicio": "S I", "epoca": "S I", "era": "S I", "geo": "S I", "ha": 125.72, "m2": 1257246.62, "periodo": "S I"}}, {"type": "Feature", "geometry": {"type": "Polygon", "coordinates": [[[-71.76227, -36.72148], [-71.7525, -36.73142], [-71.74195, -36.73075], [-71.73704, -36.7328], [-71.73511, -36.73467], [-71.73275, -36.74079], [-71.73071, -36.74358], [-71.72201, -36.74721], [-71.72058, -36.75124], [-71.72153, -36.75431], [-71.73139, -36.75982], [-71.70775, -36.77681], [-71.71314, -36.78059], [-71.71831, -36.78208], [-71.72158, -36.78178], [-71.72985, -36.77781], [-71.74131, -36.76715], [-71.74554, -36.76602], [-71.74275, -36.78051], [-71.74491, -36.78148], [-71.74898, -36.77968], [-71.75041, -36.77987], [-71.75293, -36.78268], [-71.75317, -36.78695], [-71.76238, -36.78452], [-71.77246, -36.77938], [-71.78723, -36.75719], [-71.78818, -36.74309], [-71.78452, -36.73585], [-71.78276, -36.7344], [-71.77289, -36.73268], [-71.77058, -36.73159], [-71.76922, -36.72921], [-71.77009, -36.72565], [-71.76411, -36.72544], [-71.76294, -36.72432], [-71.76227, -36.72148]]]}, "properties": {"composicio": "Secuencias volcanosedimenta", "epoca": "Oligoceno Mioceno", "era": "CENOZOICO", "geo": "OM2c", "ha": 2875.57, "m2": 28755739.08, "periodo": "Paleogeno"}}, {"type": "Feature", "geometry": {"type": "Polygon", "coordinates": [[[-72.44001, -36.77009], [-72.45487, -36.74968], [-72.45509, -36.7419], [-72.45325, -36.73742], [-72.44501, -36.75687], [-72.44117, -36.76083], [-72.43758, -36.76325], [-72.43843, -36.76422], [-72.44087, -36.7633], [-72.44268, -36.7638], [-72.44001, -36.77009]]]}, "properties": {"composicio": "S I", "epoca": "S I", "era": "S I", "geo": "S I", "ha": 165.57, "m2": 1655702.9, "periodo": "S I"}}, {"type": "Feature", "geometry": {"type": "Polygon", "coordinates": [[[-72.56281, -36.74322], [-72.56438, -36.74302], [-72.56743, -36.74079], [-72.56711, -36.737], [-72.55162, -36.71224], [-72.54918, -36.70304], [-72.54912, -36.69549], [-72.51753, -36.68232], [-72.51412, -36.68215], [-72.5091, -36.68378], [-72.5062, -36.68556], [-72.50207, -36.69063], [-72.50073, -36.69781], [-72.50193, -36.70047], [-72.50552, -36.70397], [-72.517, -36.7099], [-72.52144, -36.71353], [-72.52376, -36.71677], [-72.52776, -36.72576], [-72.53176, -36.73008], [-72.5361, -36.73244], [-72.5454, -36.73536], [-72.56281, -36.74322]]]}, "properties": {"composicio": "Rocas intrusivas", "epoca": "Jurasico Inferior  202 178 Ma", "era": "MEZOZOICO", "geo": "Jig", "ha": 1863.67, "m2": 18636733.83, "periodo": "Jurasico"}}, {"type": "Feature", "geometry": {"type": "Polygon", "coordinates": [[[-72.36998, -36.69752], [-72.37312, -36.69689], [-72.37691, -36.69399], [-72.38035, -36.69291], [-72.38248, -36.69318], [-72.3875, -36.69625], [-72.39093, -36.69563], [-72.3927, -36.69361], [-72.3927, -36.68903], [-72.39112, -36.68499], [-72.35669, -36.67277], [-72.35444, -36.65831], [-72.33751, -36.65912], [-72.33103, -36.66631], [-72.32907, -36.67005], [-72.32932, -36.67555], [-72.33304, -36.67928], [-72.34173, -36.68289], [-72.34337, -36.68509], [-72.34446, -36.69106], [-72.3468, -36.6934], [-72.35004, -36.69427], [-72.35464, -36.69275], [-72.3602, -36.69206], [-72.36414, -36.69328], [-72.36998, -36.69752]]]}, "properties": {"composicio": "Rocas intrusivas", "epoca": "Carbonifero Permico  328-235 Ma", "era": "PALEOZOICO", "geo": "CPg", "ha": 1284.38, "m2": 12843844.29, "periodo": ""}}, {"type": "Feature", "geometry": {"type": "Polygon", "coordinates": [[[-72.33019, -36.65703], [-72.33518, -36.65655], [-72.34096, -36.65347], [-72.34784, -36.65143], [-72.35266, -36.65186], [-72.358, -36.65345], [-72.36156, -36.65342], [-72.36492, -36.65027], [-72.36741, -36.64323], [-72.3677, -36.63408], [-72.36559, -36.62878], [-72.35952, -36.62316], [-72.35348, -36.62122], [-72.35307, -36.61606], [-72.35101, -36.61396], [-72.34961, -36.61336], [-72.34634, -36.61352], [-72.33951, -36.60939], [-72.33652, -36.60956], [-72.33179, -36.61208], [-72.33197, -36.61885], [-72.33436, -36.62862], [-72.33409, -36.63251], [-72.3327, -36.63614], [-72.33064, -36.63851], [-72.32775, -36.64005], [-72.30775, -36.64377], [-72.30554, -36.64624], [-72.30517, -36.64875], [-72.30663, -36.65187], [-72.31307, -36.65497], [-72.32104, -36.65434], [-72.33019, -36.65703]]]}, "properties": {"composicio": "Rocas intrusivas", "epoca": "Carbonifero Permico  328-235 Ma", "era": "PALEOZOICO", "geo": "CPg", "ha": 1577.82, "m2": 15778229.95, "periodo": ""}}, {"type": "Feature", "geometry": {"type": "Polygon", "coordinates": [[[-72.54528, -36.1633], [-72.54547, -36.16673], [-72.54224, -36.17103], [-72.53593, -36.1843], [-72.52445, -36.19554], [-72.49365, -36.20959], [-72.50185, -36.22992], [-72.50126, -36.23551], [-72.49642, -36.24664], [-72.49465, -36.25382], [-72.49441, -36.33449], [-72.49086, -36.3398], [-72.48754, -36.34203], [-72.46814, -36.34751], [-72.46283, -36.35016], [-72.45844, -36.35499], [-72.45066, -36.36904], [-72.44742, -36.37321], [-72.44125, -36.37607], [-72.4281, -36.37571], [-72.42467, -36.37656], [-72.42234, -36.37869], [-72.41714, -36.38706], [-72.41527, -36.38805], [-72.40269, -36.38279], [-72.40145, -36.37681], [-72.40158, -36.37257], [-72.40578, -36.3603], [-72.40769, -36.35793], [-72.41334, -36.35369], [-72.42475, -36.35059], [-72.45202, -36.32353], [-72.45222, -36.31208], [-72.45004, -36.30449], [-72.42792, -36.26436], [-72.42647, -36.2561], [-72.42686, -36.25245], [-72.42991, -36.24568], [-72.38838, -36.24462], [-72.401, -36.25722], [-72.40547, -36.25868], [-72.41367, -36.25883], [-72.41782, -36.26165], [-72.42323, -36.28396], [-72.41899, -36.28834], [-72.41514, -36.2941], [-72.41371, -36.29477], [-72.40504, -36.2962], [-72.39277, -36.29528], [-72.39166, -36.29446], [-72.4007, -36.28548], [-72.38861, -36.26477], [-72.3769, -36.25962], [-72.37349, -36.25566], [-72.3703, -36.25353], [-72.35621, -36.25671], [-72.35144, -36.25569], [-72.34367, -36.25097], [-72.33376, -36.25157], [-72.33634, -36.26867], [-72.33461, -36.27424], [-72.33086, -36.28103], [-72.33076, -36.28412], [-72.33167, -36.28677], [-72.3371, -36.29408], [-72.33056, -36.3133], [-72.33547, -36.31889], [-72.33613, -36.32061], [-72.33472, -36.32928], [-72.33875, -36.33612], [-72.33914, -36.34196], [-72.33774, -36.34593], [-72.33468, -36.34885], [-72.33309, -36.34962], [-72.3272, -36.34814], [-72.32709, -36.35156], [-72.32382, -36.35654], [-72.32125, -36.3574], [-72.31335, -36.35644], [-72.30944, -36.35945], [-72.30788, -36.35942], [-72.30584, -36.35675], [-72.30389, -36.35579], [-72.29866, -36.35569], [-72.29126, -36.35714], [-72.28617, -36.35693], [-72.27443, -36.35234], [-72.26903, -36.34881], [-72.26439, -36.34333], [-72.2615, -36.33664], [-72.2571, -36.31961], [-72.25343, -36.31485], [-72.24678, -36.3107], [-72.24999, -36.30769], [-72.2238, -36.29982], [-72.21813, -36.29604], [-72.21259, -36.28826], [-72.20778, -36.28404], [-72.2001, -36.28114], [-72.18984, -36.27932], [-72.17366, -36.26867], [-72.17045, -36.26735], [-72.16799, -36.26901], [-72.16677, -36.27162], [-72.17025, -36.29032], [-72.16806, -36.29223], [-72.16349, -36.29373], [-72.16043, -36.29652], [-72.16082, -36.30167], [-72.16551, -36.30532], [-72.16777, -36.3096], [-72.16446, -36.33664], [-72.187, -36.34364], [-72.19118, -36.35826], [-72.19457, -36.35844], [-72.20448, -36.36277], [-72.22769, -36.36256], [-72.23215, -36.3646], [-72.23418, -36.36739], [-72.2352, -36.37084], [-72.23452, -36.37461], [-72.23097, -36.37911], [-72.22533, -36.38277], [-72.22148, -36.3836], [-72.21458, -36.38266], [-72.20816, -36.37967], [-72.20212, -36.36981], [-72.19965, -36.36759], [-72.19672, -36.36627], [-72.18835, -36.3669], [-72.17606, -36.37042], [-72.17185, -36.37376], [-72.18405, -36.39404], [-72.18076, -36.40771], [-72.18426, -36.40904], [-72.1904, -36.40745], [-72.19404, -36.40856], [-72.19618, -36.41249], [-72.19699, -36.42211], [-72.20029, -36.42516], [-72.22003, -36.41916], [-72.20889, -36.44342], [-72.21223, -36.4452], [-72.22497, -36.44558], [-72.22898, -36.44407], [-72.23016, -36.44283], [-72.23066, -36.44044], [-72.22936, -36.43251], [-72.24221, -36.41634], [-72.24527, -36.41789], [-72.2488, -36.42266], [-72.2519, -36.42329], [-72.26398, -36.41759], [-72.2703, -36.41909], [-72.30151, -36.44843], [-72.30732, -36.44855], [-72.31515, -36.4471], [-72.31827, -36.44717], [-72.32045, -36.44549], [-72.32445, -36.43997], [-72.32836, -36.4373], [-72.33407, -36.43558], [-72.33745, -36.43645], [-72.33939, -36.46028], [-72.34114, -36.46306], [-72.34873, -36.46963], [-72.35112, -36.47482], [-72.35004, -36.482], [-72.34622, -36.49097], [-72.3471, -36.49454], [-72.351, -36.49667], [-72.3651, -36.49935], [-72.3728, -36.50224], [-72.3842, -36.50944], [-72.39537, -36.51995], [-72.40303, -36.52422], [-72.43577, -36.52507], [-72.43598, -36.52737], [-72.43407, -36.52939], [-72.4288, -36.53032], [-72.37876, -36.52513], [-72.37455, -36.52814], [-72.37446, -36.531], [-72.37665, -36.53368], [-72.37642, -36.53629], [-72.37465, -36.53855], [-72.37061, -36.54088], [-72.36954, -36.54315], [-72.37069, -36.55198], [-72.37001, -36.55551], [-72.36851, -36.558], [-72.36566, -36.5584], [-72.36258, -36.5572], [-72.3577, -36.55012], [-72.35636, -36.54289], [-72.3549, -36.53989], [-72.35269, -36.53789], [-72.3493, -36.53726], [-72.34542, -36.53902], [-72.34381, -36.54516], [-72.34161, -36.54752], [-72.33041, -36.54719], [-72.32723, -36.54895], [-72.32457, -36.55256], [-72.32196, -36.56304], [-72.34344, -36.59287], [-72.42271, -36.62781], [-72.43879, -36.63121], [-72.44802, -36.63127], [-72.46401, -36.62859], [-72.47237, -36.62525], [-72.47747, -36.6198], [-72.47946, -36.61514], [-72.48374, -36.6095], [-72.49193, -36.60622], [-72.50478, -36.60383], [-72.5067, -36.60146], [-72.50597, -36.59732], [-72.52892, -36.57932], [-72.53276, -36.57893], [-72.54689, -36.58101], [-72.5513, -36.58075], [-72.56806, -36.56525], [-72.58008, -36.56685], [-72.58908, -36.56459], [-72.59197, -36.56293], [-72.59712, -36.55615], [-72.60729, -36.53768], [-72.60963, -36.5352], [-72.62079, -36.52659], [-72.64015, -36.51364], [-72.65221, -36.50813], [-72.65818, -36.50262], [-72.66001, -36.49796], [-72.6647, -36.49209], [-72.67843, -36.48271], [-72.68403, -36.48006], [-72.68797, -36.47566], [-72.68823, -36.45564], [-72.68731, -36.45276], [-72.68401, -36.44904], [-72.67392, -36.44521], [-72.66684, -36.43961], [-72.66456, -36.42468], [-72.69908, -36.42606], [-72.72797, -36.40491], [-72.71131, -36.3869], [-72.7216, -36.36166], [-72.70773, -36.34599], [-72.70077, -36.34175], [-72.69237, -36.33817], [-72.68824, -36.33388], [-72.69095, -36.32786], [-72.69696, -36.32532], [-72.70318, -36.32004], [-72.70727, -36.30982], [-72.70803, -36.27584], [-72.70363, -36.27142], [-72.6975, -36.26788], [-72.67799, -36.26275], [-72.67769, -36.25828], [-72.67591, -36.25596], [-72.668, -36.25571], [-72.65308, -36.25878], [-72.64588, -36.25866], [-72.63194, -36.25659], [-72.62522, -36.25441], [-72.61866, -36.25122], [-72.54528, -36.1633]], [[-72.36935, -36.25537], [-72.37048, -36.25607], [-72.37133, -36.25621], [-72.37052, -36.25607], [-72.37048, -36.25607], [-72.36935, -36.25537]], [[-72.37215, -36.2562], [-72.37309, -36.25585], [-72.37312, -36.25582], [-72.37309, -36.25585], [-72.37215, -36.2562]]]}, "properties": {"composicio": "Rocas intrusivas", "epoca": "Carbonifero Permico  328-235 Ma", "era": "PALEOZOICO", "geo": "CPg", "ha": 129663.01, "m2": 1296630050.71, "periodo": ""}}, {"type": "Feature", "geometry": {"type": "Polygon", "coordinates": [[[-72.70518, -36.47837], [-72.69805, -36.49368], [-72.68617, -36.50686], [-72.70326, -36.50807], [-72.70683, -36.50698], [-72.71015, -36.50475], [-72.71078, -36.50247], [-72.7098, -36.49696], [-72.70518, -36.47837]]]}, "properties": {"composicio": "Secuencias sedimentarias", "epoca": "Pleistoceno Holoceno", "era": "CENOZOICO", "geo": "Q1", "ha": 328.64, "m2": 3286411.14, "periodo": "Cuaternario"}}, {"type": "Feature", "geometry": {"type": "Polygon", "coordinates": [[[-73.13887, -36.67422], [-73.1384, -36.67363], [-73.13837, -36.67374], [-73.13839, -36.67399], [-73.13844, -36.67411], [-73.13863, -36.6742], [-73.13884, -36.67424], [-73.13887, -36.67422]]]}, "properties": {"composicio": "Secuencias sedimentarias", "epoca": "Pleistoceno Holoceno", "era": "CENOZOICO", "geo": "Qm", "ha": 0.13, "m2": 1275.01, "periodo": "Cuaternario"}}, {"type": "Feature", "geometry": {"type": "Polygon", "coordinates": [[[-73.13254, -36.66586], [-73.13239, -36.66559], [-73.13239, -36.6656], [-73.13239, -36.66575], [-73.13248, -36.66584], [-73.13254, -36.66586]]]}, "properties": {"composicio": "Secuencias sedimentarias", "epoca": "Pleistoceno Holoceno", "era": "CENOZOICO", "geo": "Qm", "ha": 0.01, "m2": 144.02, "periodo": "Cuaternario"}}, {"type": "Feature", "geometry": {"type": "Polygon", "coordinates": [[[-73.1286, -36.65505], [-73.12863, -36.65473], [-73.12852, -36.65488], [-73.12857, -36.65503], [-73.1286, -36.65505]]]}, "properties": {"composicio": "Secuencias sedimentarias", "epoca": "Pleistoceno Holoceno", "era": "CENOZOICO", "geo": "Qm", "ha": 0.02, "m2": 168.41, "periodo": "Cuaternario"}}, {"type": "Feature", "geometry": {"type": "Polygon", "coordinates": [[[-73.12871, -36.65373], [-73.12874, -36.65336], [-73.1286, -36.65313], [-73.12834, -36.65308], [-73.12821, -36.65332], [-73.12814, -36.65341], [-73.12818, -36.65367], [-73.12836, -36.65381], [-73.12858, -36.65384], [-73.12871, -36.65373]]]}, "properties": {"composicio": "Secuencias sedimentarias", "epoca": "Pleistoceno Holoceno", "era": "CENOZOICO", "geo": "Qm", "ha": 0.34, "m2": 3426.41, "periodo": "Cuaternario"}}, {"type": "Feature", "geometry": {"type": "Polygon", "coordinates": [[[-73.12108, -36.62633], [-73.12118, -36.62571], [-73.12116, -36.6257], [-73.12087, -36.6258], [-73.1208, -36.62598], [-73.12083, -36.62625], [-73.12108, -36.62633]]]}, "properties": {"composicio": "Secuencias sedimentarias", "epoca": "Pleistoceno Holoceno", "era": "CENOZOICO", "geo": "Qm", "ha": 0.17, "m2": 1645.43, "periodo": "Cuaternario"}}, {"type": "Feature", "geometry": {"type": "Polygon", "coordinates": [[[-73.12158, -36.62289], [-73.12157, -36.62285], [-73.12136, -36.62262], [-73.12114, -36.62252], [-73.12086, -36.62259], [-73.12065, -36.62296], [-73.12088, -36.62316], [-73.12129, -36.62318], [-73.12153, -36.62306], [-73.12158, -36.62289]]]}, "properties": {"composicio": "Secuencias sedimentarias", "epoca": "Pleistoceno Holoceno", "era": "CENOZOICO", "geo": "Qm", "ha": 0.43, "m2": 4288.45, "periodo": "Cuaternario"}}, {"type": "Feature", "geometry": {"type": "Polygon", "coordinates": [[[-73.12126, -36.62164], [-73.12116, -36.62125], [-73.12116, -36.62124], [-73.12086, -36.62116], [-73.12061, -36.62121], [-73.12047, -36.62145], [-73.1205, -36.62163], [-73.12072, -36.62176], [-73.12106, -36.62176], [-73.12124, -36.62168], [-73.12126, -36.62164]]]}, "properties": {"composicio": "Secuencias sedimentarias", "epoca": "Pleistoceno Holoceno", "era": "CENOZOICO", "geo": "Qm", "ha": 0.37, "m2": 3728.89, "periodo": "Cuaternario"}}, {"type": "Feature", "geometry": {"type": "Polygon", "coordinates": [[[-73.11077, -36.61605], [-73.11098, -36.61596], [-73.11104, -36.6158], [-73.11088, -36.61557], [-73.11059, -36.61541], [-73.11047, -36.6155], [-73.11044, -36.61564], [-73.11043, -36.61584], [-73.11059, -36.61596], [-73.11077, -36.61605]]]}, "properties": {"composicio": "Secuencias sedimentarias", "epoca": "Pleistoceno Holoceno", "era": "CENOZOICO", "geo": "Qm", "ha": 0.26, "m2": 2553.24, "periodo": "Cuaternario"}}, {"type": "Feature", "geometry": {"type": "Polygon", "coordinates": [[[-73.10962, -36.61537], [-73.10984, -36.61537], [-73.11001, -36.6152], [-73.11, -36.61486], [-73.1098, -36.61468], [-73.10961, -36.6147], [-73.10941, -36.61495], [-73.10941, -36.61524], [-73.10962, -36.61537]]]}, "properties": {"composicio": "Secuencias sedimentarias", "epoca": "Pleistoceno Holoceno", "era": "CENOZOICO", "geo": "Qm", "ha": 0.33, "m2": 3334.95, "periodo": "Cuaternario"}}, {"type": "Feature", "geometry": {"type": "Polygon", "coordinates": [[[-73.07172, -36.64711], [-73.06592, -36.6381], [-73.06823, -36.62099], [-73.04929, -36.60472], [-73.05235, -36.62712], [-73.05942, -36.63493], [-73.0563, -36.64117], [-73.07172, -36.64711]]]}, "properties": {"composicio": "Secuencias sedimentarias", "epoca": "Eoceno", "era": "CENOZOICO", "geo": "E1c", "ha": 401.37, "m2": 4013714.79, "periodo": "Paleogeno"}}, {"type": "Feature", "geometry": {"type": "Polygon", "coordinates": [[[-73.04925, -36.60368], [-73.04926, -36.60387], [-73.04932, -36.60384], [-73.04925, -36.60368]]]}, "properties": {"composicio": "Secuencias sedimentarias", "epoca": "Eoceno", "era": "CENOZOICO", "geo": "E1c", "ha": 0.01, "m2": 58.57, "periodo": "Paleogeno"}}, {"type": "Feature", "geometry": {"type": "Polygon", "coordinates": [[[-72.98951, -36.56926], [-72.98917, -36.56871], [-72.98914, -36.56871], [-72.98897, -36.56889], [-72.98901, -36.56909], [-72.98912, -36.56925], [-72.98936, -36.56929], [-72.98951, -36.56926]]]}, "properties": {"composicio": "Secuencias sedimentarias", "epoca": "Paleoceno Eoceno", "era": "CENOZOICO", "geo": "PE1", "ha": 0.17, "m2": 1700.07, "periodo": "Paleogeno"}}, {"type": "Feature", "geometry": {"type": "Polygon", "coordinates": [[[-72.98865, -36.56789], [-72.98849, -36.56763], [-72.98846, -36.56761], [-72.98822, -36.5677], [-72.98803, -36.5678], [-72.98791, -36.56798], [-72.988, -36.56818], [-72.98823, -36.56827], [-72.98847, -36.56818], [-72.98864, -36.56806], [-72.98865, -36.56789]]]}, "properties": {"composicio": "Secuencias sedimentarias", "epoca": "Paleoceno Eoceno", "era": "CENOZOICO", "geo": "PE1", "ha": 0.33, "m2": 3253.95, "periodo": "Paleogeno"}}, {"type": "Feature", "geometry": {"type": "Polygon", "coordinates": [[[-72.98486, -36.56454], [-72.98505, -36.56444], [-72.98508, -36.56422], [-72.98509, -36.56403], [-72.98486, -36.56386], [-72.98462, -36.56395], [-72.9845, -36.56411], [-72.98449, -36.56432], [-72.9846, -36.56452], [-72.98486, -36.56454]]]}, "properties": {"composicio": "Secuencias sedimentarias", "epoca": "Paleoceno Eoceno", "era": "CENOZOICO", "geo": "PE1", "ha": 0.32, "m2": 3173.32, "periodo": "Paleogeno"}}, {"type": "Feature", "geometry": {"type": "Polygon", "coordinates": [[[-72.98454, -36.56306], [-72.98418, -36.5627], [-72.98397, -36.56276], [-72.98384, -36.56292], [-72.98403, -36.56306], [-72.98429, -36.56312], [-72.98452, -36.56307], [-72.98454, -36.56306]]]}, "properties": {"composicio": "Secuencias sedimentarias", "epoca": "Paleoceno Eoceno", "era": "CENOZOICO", "geo": "PE1", "ha": 0.17, "m2": 1652.9, "periodo": "Paleogeno"}}, {"type": "Feature", "geometry": {"type": "Polygon", "coordinates": [[[-72.98278, -36.56128], [-72.98246, -36.56096], [-72.98231, -36.56097], [-72.9821, -36.56107], [-72.98202, -36.56125], [-72.98202, -36.56144], [-72.98218, -36.56157], [-72.98242, -36.56148], [-72.98263, -36.56138], [-72.98278, -36.56128]]]}, "properties": {"composicio": "Secuencias sedimentarias", "epoca": "Paleoceno Eoceno", "era": "CENOZOICO", "geo": "PE1", "ha": 0.3, "m2": 2967.49, "periodo": "Paleogeno"}}, {"type": "Feature", "geometry": {"type": "Polygon", "coordinates": [[[-72.98101, -36.56011], [-72.98114, -36.56009], [-72.98132, -36.55999], [-72.98127, -36.5599], [-72.98107, -36.55971], [-72.98084, -36.55962], [-72.98069, -36.55964], [-72.98051, -36.55985], [-72.98069, -36.55996], [-72.98088, -36.56008], [-72.98101, -36.56011]]]}, "properties": {"composicio": "Secuencias sedimentarias", "epoca": "Paleoceno Eoceno", "era": "CENOZOICO", "geo": "PE1", "ha": 0.24, "m2": 2384.64, "periodo": "Paleogeno"}}, {"type": "Feature", "geometry": {"type": "Polygon", "coordinates": [[[-72.98001, -36.59252], [-72.98021, -36.59213], [-72.9802, -36.59212], [-72.98002, -36.59214], [-72.9799, -36.5923], [-72.9799, -36.5924], [-72.97999, -36.59253], [-72.98001, -36.59252]]]}, "properties": {"composicio": "Secuencias sedimentarias", "epoca": "Paleoceno Eoceno", "era": "CENOZOICO", "geo": "PE1", "ha": 0.07, "m2": 658.26, "periodo": "Paleogeno"}}, {"type": "Feature", "geometry": {"type": "Polygon", "coordinates": [[[-72.97909, -36.70426], [-72.97903, -36.70376], [-72.97895, -36.70377], [-72.97885, -36.70395], [-72.97884, -36.70415], [-72.97896, -36.70422], [-72.97909, -36.70426]]]}, "properties": {"composicio": "Rocas intrusivas", "epoca": "Carbonifero Permico  328-235 Ma", "era": "PALEOZOICO", "geo": "CPg", "ha": 0.09, "m2": 859.41, "periodo": ""}}, {"type": "Feature", "geometry": {"type": "Polygon", "coordinates": [[[-72.97896, -36.70307], [-72.9789, -36.70253], [-72.97888, -36.70254], [-72.97881, -36.70272], [-72.97885, -36.7029], [-72.97896, -36.70307]]]}, "properties": {"composicio": "Rocas intrusivas", "epoca": "Carbonifero Permico  328-235 Ma", "era": "PALEOZOICO", "geo": "CPg", "ha": 0.04, "m2": 366.78, "periodo": ""}}, {"type": "Feature", "geometry": {"type": "Polygon", "coordinates": [[[-72.97875, -36.70117], [-72.97868, -36.70054], [-72.97868, -36.70054], [-72.97863, -36.70054], [-72.97848, -36.70068], [-72.97848, -36.7009], [-72.9785, -36.70111], [-72.97873, -36.70117], [-72.97875, -36.70117]]]}, "properties": {"composicio": "Rocas intrusivas", "epoca": "Carbonifero Permico  328-235 Ma", "era": "PALEOZOICO", "geo": "CPg", "ha": 0.13, "m2": 1258.86, "periodo": ""}}, {"type": "Feature", "geometry": {"type": "Polygon", "coordinates": [[[-72.97828, -36.70009], [-72.97811, -36.6999], [-72.97815, -36.70009], [-72.97828, -36.70009]]]}, "properties": {"composicio": "Rocas intrusivas", "epoca": "Carbonifero Permico  328-235 Ma", "era": "PALEOZOICO", "geo": "CPg", "ha": 0.01, "m2": 122.69, "periodo": ""}}, {"type": "Feature", "geometry": {"type": "Polygon", "coordinates": [[[-72.97831, -36.53828], [-72.97842, -36.5376], [-72.97816, -36.53765], [-72.97804, -36.53781], [-72.97806, -36.53802], [-72.97817, -36.5382], [-72.97831, -36.53828]]]}, "properties": {"composicio": "Secuencias sedimentarias", "epoca": "Eoceno", "era": "CENOZOICO", "geo": "E1c", "ha": 0.17, "m2": 1668.49, "periodo": "Paleogeno"}}, {"type": "Feature", "geometry": {"type": "Polygon", "coordinates": [[[-72.96913, -36.52389], [-72.96937, -36.52384], [-72.96952, -36.52367], [-72.96926, -36.52341], [-72.96903, -36.52341], [-72.96891, -36.52357], [-72.96895, -36.52376], [-72.96913, -36.52389]]]}, "properties": {"composicio": "Secuencias sedimentarias", "epoca": "Eoceno", "era": "CENOZOICO", "geo": "E1c", "ha": 0.2, "m2": 2035.6, "periodo": "Paleogeno"}}, {"type": "Feature", "geometry": {"type": "Polygon", "coordinates": [[[-72.96875, -36.52208], [-72.96842, -36.52187], [-72.96841, -36.52192], [-72.96842, -36.52211], [-72.96868, -36.52212], [-72.96875, -36.52208]]]}, "properties": {"composicio": "Secuencias sedimentarias", "epoca": "Eoceno", "era": "CENOZOICO", "geo": "E1c", "ha": 0.04, "m2": 454.21, "periodo": "Paleogeno"}}, {"type": "Feature", "geometry": {"type": "Polygon", "coordinates": [[[-72.9677, -36.52378], [-72.96793, -36.52373], [-72.96799, -36.52353], [-72.96787, -36.52333], [-72.96761, -36.52335], [-72.96745, -36.52347], [-72.96746, -36.52368], [-72.9677, -36.52378]]]}, "properties": {"composicio": "Secuencias sedimentarias", "epoca": "Eoceno", "era": "CENOZOICO", "geo": "E1c", "ha": 0.19, "m2": 1851.36, "periodo": "Paleogeno"}}, {"type": "Feature", "geometry": {"type": "Polygon", "coordinates": [[[-72.96711, -36.52102], [-72.96688, -36.52087], [-72.96688, -36.52087], [-72.96694, -36.52107], [-72.96711, -36.52102]]]}, "properties": {"composicio": "Secuencias sedimentarias", "epoca": "Eoceno", "era": "CENOZOICO", "geo": "E1c", "ha": 0.02, "m2": 196.41, "periodo": "Paleogeno"}}, {"type": "Feature", "geometry": {"type": "Polygon", "coordinates": [[[-72.96573, -36.52146], [-72.9659, -36.52134], [-72.96598, -36.52116], [-72.96598, -36.52097], [-72.96565, -36.52096], [-72.96551, -36.52114], [-72.96552, -36.52135], [-72.96573, -36.52146]]]}, "properties": {"composicio": "Secuencias sedimentarias", "epoca": "Eoceno", "era": "CENOZOICO", "geo": "E1c", "ha": 0.18, "m2": 1800.53, "periodo": "Paleogeno"}}, {"type": "Feature", "geometry": {"type": "Polygon", "coordinates": [[[-72.96476, -36.64524], [-72.96452, -36.64493], [-72.96457, -36.64507], [-72.96475, -36.64524], [-72.96476, -36.64524]]]}, "properties": {"composicio": "Rocas metamorficas", "epoca": "Silurico? Carbonifero", "era": "PALEOZOICO", "geo": "Pz4b", "ha": 0.01, "m2": 103.61, "periodo": ""}}, {"type": "Feature", "geometry": {"type": "Polygon", "coordinates": [[[-72.96084, -36.63638], [-72.96081, -36.63624], [-72.96057, -36.63604], [-72.96051, -36.63614], [-72.96057, -36.63632], [-72.96081, -36.63638], [-72.96084, -36.63638]]]}, "properties": {"composicio": "Rocas metamorficas", "epoca": "Silurico? Carbonifero", "era": "PALEOZOICO", "geo": "Pz4b", "ha": 0.06, "m2": 593.75, "periodo": ""}}, {"type": "Feature", "geometry": {"type": "Polygon", "coordinates": [[[-72.95823, -36.55292], [-72.96365, -36.55515], [-72.97526, -36.5582], [-72.97798, -36.55816], [-72.97755, -36.5288], [-72.96654, -36.52221], [-72.95492, -36.5254], [-72.95536, -36.52697], [-72.95812, -36.52697], [-72.95947, -36.52795], [-72.95823, -36.55292]]]}, "properties": {"composicio": "Secuencias sedimentarias", "epoca": "Eoceno", "era": "CENOZOICO", "geo": "E1c", "ha": 608.92, "m2": 6089211.09, "periodo": "Paleogeno"}}, {"type": "Feature", "geometry": {"type": "Polygon", "coordinates": [[[-72.93312, -36.54413], [-72.93114, -36.58454], [-72.93609, -36.59101], [-72.94144, -36.60494], [-72.96496, -36.61468], [-72.96573, -36.61231], [-72.96809, -36.61024], [-72.97845, -36.60973], [-72.97954, -36.5908], [-73.00175, -36.57758], [-72.994, -36.57559], [-72.97798, -36.55816], [-72.97526, -36.5582], [-72.96365, -36.55515], [-72.95823, -36.55292], [-72.95443, -36.5572], [-72.9498, -36.54722], [-72.93312, -36.54413]]]}, "properties": {"composicio": "Secuencias sedimentarias", "epoca": "Paleoceno Eoceno", "era": "CENOZOICO", "geo": "PE1", "ha": 2913.73, "m2": 29137303.41, "periodo": "Paleogeno"}}, {"type": "Feature", "geometry": {"type": "Polygon", "coordinates": [[[-72.82518, -36.19464], [-72.8252, -36.19457], [-72.82501, -36.19403], [-72.82486, -36.19412], [-72.82472, -36.19428], [-72.82474, -36.19449], [-72.8249, -36.19464], [-72.82514, -36.19464], [-72.82518, -36.19464]]]}, "properties": {"composicio": "Secuencias sedimentarias", "epoca": "Pleistoceno Holoceno", "era": "CENOZOICO", "geo": "Qm", "ha": 0.19, "m2": 1903.66, "periodo": "Cuaternario"}}, {"type": "Feature", "geometry": {"type": "Polygon", "coordinates": [[[-72.82393, -36.19359], [-72.82417, -36.19358], [-72.82436, -36.19348], [-72.82448, -36.19329], [-72.82446, -36.19311], [-72.82427, -36.193], [-72.82365, -36.19303], [-72.82353, -36.19319], [-72.82356, -36.1934], [-72.82369, -36.19355], [-72.82393, -36.19359]]]}, "properties": {"composicio": "Secuencias sedimentarias", "epoca": "Pleistoceno Holoceno", "era": "CENOZOICO", "geo": "Qm", "ha": 0.46, "m2": 4545.45, "periodo": "Cuaternario"}}, {"type": "Feature", "geometry": {"type": "Polygon", "coordinates": [[[-72.8247, -36.3096], [-72.8233, -36.31316], [-72.82245, -36.31899], [-72.82322, -36.32209], [-72.85153, -36.35681], [-72.8247, -36.3096]]]}, "properties": {"composicio": "Secuencias sedimentarias", "epoca": "Pleistoceno Holoceno", "era": "CENOZOICO", "geo": "Qm", "ha": 224.65, "m2": 2246540.18, "periodo": "Cuaternario"}}, {"type": "Feature", "geometry": {"type": "Polygon", "coordinates": [[[-72.82126, -36.179], [-72.82125, -36.17849], [-72.82124, -36.17849], [-72.82099, -36.17861], [-72.82093, -36.17885], [-72.82117, -36.179], [-72.82126, -36.179]]]}, "properties": {"composicio": "Secuencias sedimentarias", "epoca": "Pleistoceno Holoceno", "era": "CENOZOICO", "geo": "Qm", "ha": 0.12, "m2": 1182.44, "periodo": "Cuaternario"}}, {"type": "Feature", "geometry": {"type": "Polygon", "coordinates": [[[-72.8213, -36.18017], [-72.82129, -36.1799], [-72.82115, -36.1798], [-72.82077, -36.17973], [-72.82058, -36.17985], [-72.82055, -36.17998], [-72.82073, -36.18023], [-72.82092, -36.18027], [-72.8213, -36.18017], [-72.8213, -36.18017]]]}, "properties": {"composicio": "Secuencias sedimentarias", "epoca": "Pleistoceno Holoceno", "era": "CENOZOICO", "geo": "Qm", "ha": 0.3, "m2": 3007.16, "periodo": "Cuaternario"}}, {"type": "Feature", "geometry": {"type": "Polygon", "coordinates": [[[-72.82009, -36.1819], [-72.82028, -36.18188], [-72.82047, -36.18176], [-72.82054, -36.18152], [-72.82051, -36.18129], [-72.82049, -36.18106], [-72.82031, -36.1809], [-72.81988, -36.18095], [-72.81973, -36.18117], [-72.81973, -36.18146], [-72.81988, -36.18171], [-72.82009, -36.1819]]]}, "properties": {"composicio": "Secuencias sedimentarias", "epoca": "Pleistoceno Holoceno", "era": "CENOZOICO", "geo": "Qm", "ha": 0.64, "m2": 6401.01, "periodo": "Cuaternario"}}, {"type": "Feature", "geometry": {"type": "Polygon", "coordinates": [[[-72.81668, -36.0919], [-72.81627, -36.09176], [-72.81626, -36.09183], [-72.81632, -36.09198], [-72.81639, -36.09208], [-72.81657, -36.09204], [-72.81668, -36.0919]]]}, "properties": {"composicio": "Secuencias sedimentarias", "epoca": "Pleistoceno Holoceno", "era": "CENOZOICO", "geo": "Qm", "ha": 0.08, "m2": 755.36, "periodo": "Cuaternario"}}, {"type": "Feature", "geometry": {"type": "Polygon", "coordinates": [[[-72.814, -36.17569], [-72.81427, -36.17565], [-72.81435, -36.17553], [-72.81439, -36.17535], [-72.81431, -36.17514], [-72.81404, -36.17501], [-72.81385, -36.17503], [-72.81374, -36.17513], [-72.81374, -36.17537], [-72.81381, -36.17558], [-72.814, -36.17569]]]}, "properties": {"composicio": "Secuencias sedimentarias", "epoca": "Pleistoceno Holoceno", "era": "CENOZOICO", "geo": "Qm", "ha": 0.35, "m2": 3475.14, "periodo": "Cuaternario"}}, {"type": "Feature", "geometry": {"type": "Polygon", "coordinates": [[[-73.13174, -36.72545], [-73.12976, -36.72142], [-73.13055, -36.71777], [-73.13375, -36.71461], [-73.13878, -36.71181], [-73.1417, -36.70818], [-73.14255, -36.70202], [-73.14499, -36.69525], [-73.13838, -36.69478], [-73.1438, -36.6897], [-73.13843, -36.68753], [-73.13866, -36.67497], [-73.12673, -36.6545], [-73.13435, -36.64221], [-73.123, -36.63354], [-73.12083, -36.61562], [-73.10672, -36.61545], [-73.09252, -36.62691], [-73.09874, -36.64907], [-73.09834, -36.67244], [-73.10478, -36.69331], [-73.11339, -36.70086], [-73.11478, -36.70345], [-73.10596, -36.7225], [-73.10956, -36.72777], [-73.10899, -36.72912], [-73.10679, -36.72911], [-73.10382, -36.72466], [-73.10301, -36.72449], [-73.02039, -36.73795], [-73.02966, -36.73999], [-73.03637, -36.745], [-73.03802, -36.74776], [-73.03796, -36.75029], [-73.03639, -36.75072], [-73.02944, -36.74982], [-73.02963, -36.75361], [-73.03736, -36.75806], [-73.04127, -36.7612], [-73.04456, -36.76674], [-73.04462, -36.7704], [-73.04256, -36.77335], [-73.03346, -36.77918], [-73.0356, -36.77898], [-73.04207, -36.77621], [-73.04734, -36.77593], [-73.05876, -36.78696], [-73.06702, -36.78685], [-73.07153, -36.7884], [-73.07642, -36.7927], [-73.08238, -36.81269], [-73.06429, -36.83235], [-73.09823, -36.80787], [-73.12089, -36.80404], [-73.12724, -36.80537], [-73.13922, -36.80122], [-73.17144, -36.80633], [-73.1601, -36.79986], [-73.16021, -36.79437], [-73.15829, -36.79114], [-73.15832, -36.78965], [-73.16114, -36.78409], [-73.17093, -36.77872], [-73.17335, -36.77189], [-73.17348, -36.76559], [-73.14905, -36.75981], [-73.14029, -36.75456], [-73.13741, -36.75294], [-73.13551, -36.75154], [-73.12918, -36.74138], [-73.0753, -36.75108], [-73.07585, -36.74331], [-73.0805, -36.74004], [-73.12756, -36.73194], [-73.13174, -36.72545]], [[-73.11841, -36.66463], [-73.12927, -36.68753], [-73.1207, -36.68938], [-73.11374, -36.68535], [-73.10858, -36.67893], [-73.1057, -36.67011], [-73.10429, -36.66162], [-73.1058, -36.64489], [-73.11287, -36.64193], [-73.11675, -36.64257], [-73.11841, -36.66463]]]}, "properties": {"composicio": "Secuencias sedimentarias", "epoca": "Pleistoceno Holoceno", "era": "CENOZOICO", "geo": "Qm", "ha": 10043.69, "m2": 100436867.13, "periodo": "Cuaternario"}}, {"type": "Feature", "geometry": {"type": "Polygon", "coordinates": [[[-73.11841, -36.66463], [-73.11675, -36.64257], [-73.11287, -36.64193], [-73.1058, -36.64489], [-73.10429, -36.66162], [-73.1057, -36.67011], [-73.10858, -36.67893], [-73.11374, -36.68535], [-73.1207, -36.68938], [-73.12927, -36.68753], [-73.11841, -36.66463]]]}, "properties": {"composicio": "Secuencias sedimentarias", "epoca": "Eoceno", "era": "CENOZOICO", "geo": "E1c", "ha": 641.27, "m2": 6412677.06, "periodo": "Paleogeno"}}, {"type": "Feature", "geometry": {"type": "Polygon", "coordinates": [[[-72.9809, -36.66701], [-72.98118, -36.66665], [-72.98113, -36.66645], [-72.98084, -36.66617], [-72.98043, -36.66617], [-72.98026, -36.66621], [-72.98036, -36.66672], [-72.98056, -36.66694], [-72.9809, -36.66701]]]}, "properties": {"composicio": "Secuencias sedimentarias", "epoca": "Pleistoceno Holoceno", "era": "CENOZOICO", "geo": "Qm", "ha": 0.55, "m2": 5502.35, "periodo": "Cuaternario"}}, {"type": "Feature", "geometry": {"type": "Polygon", "coordinates": [[[-72.98201, -36.66785], [-72.98222, -36.66775], [-72.98218, -36.66755], [-72.98198, -36.66728], [-72.98176, -36.66735], [-72.98176, -36.66754], [-72.98185, -36.66772], [-72.98201, -36.66785]]]}, "properties": {"composicio": "Secuencias sedimentarias", "epoca": "Pleistoceno Holoceno", "era": "CENOZOICO", "geo": "Qm", "ha": 0.17, "m2": 1731.67, "periodo": "Cuaternario"}}, {"type": "Feature", "geometry": {"type": "Polygon", "coordinates": [[[-72.98335, -36.66841], [-72.98323, -36.66827], [-72.98311, -36.66822], [-72.98287, -36.66824], [-72.98289, -36.66844], [-72.983, -36.6686], [-72.98317, -36.66873], [-72.9834, -36.66864], [-72.98335, -36.66841]]]}, "properties": {"composicio": "Secuencias sedimentarias", "epoca": "Pleistoceno Holoceno", "era": "CENOZOICO", "geo": "Qm", "ha": 0.18, "m2": 1788.93, "periodo": "Cuaternario"}}, {"type": "Feature", "geometry": {"type": "Polygon", "coordinates": [[[-72.97544, -36.65914], [-72.96697, -36.6725], [-72.96887, -36.67606], [-72.97792, -36.68093], [-72.98513, -36.6709], [-72.97544, -36.65914]]]}, "properties": {"composicio": "Secuencias sedimentarias", "epoca": "Pleistoceno Holoceno", "era": "CENOZOICO", "geo": "Qm", "ha": 222.62, "m2": 2226182.74, "periodo": "Cuaternario"}}, {"type": "Feature", "geometry": {"type": "Polygon", "coordinates": [[[-73.15889, -36.71373], [-73.15891, -36.71369], [-73.15889, -36.71372], [-73.15889, -36.71373]]]}, "properties": {"composicio": "Rocas intrusivas", "epoca": "Carbonifero Permico  328-235 Ma", "era": "PALEOZOICO", "geo": "CPg", "ha": 0.0, "m2": 0.61, "periodo": ""}}, {"type": "Feature", "geometry": {"type": "Polygon", "coordinates": [[[-73.14499, -36.69525], [-73.14255, -36.70202], [-73.1417, -36.70818], [-73.12976, -36.72142], [-73.13174, -36.72545], [-73.13746, -36.7259], [-73.14082, -36.72852], [-73.16156, -36.71143], [-73.14499, -36.69525]]]}, "properties": {"composicio": "Rocas intrusivas", "epoca": "Carbonifero Permico  328-235 Ma", "era": "PALEOZOICO", "geo": "CPg", "ha": 483.3, "m2": 4833029.64, "periodo": ""}}, {"type": "Feature", "geometry": {"type": "Polygon", "coordinates": [[[-72.98926, -36.72061], [-72.98873, -36.72031], [-72.98861, -36.7202], [-72.98859, -36.7203], [-72.98887, -36.72051], [-72.98926, -36.72061]]]}, "properties": {"composicio": "Secuencias sedimentarias", "epoca": "Pleistoceno Holoceno", "era": "CENOZOICO", "geo": "Qm", "ha": 0.05, "m2": 503.91, "periodo": "Cuaternario"}}, {"type": "Feature", "geometry": {"type": "Polygon", "coordinates": [[[-72.99358, -36.72716], [-72.99348, -36.72653], [-72.99341, -36.72649], [-72.99315, -36.72649], [-72.99293, -36.72659], [-72.99276, -36.72677], [-72.99276, -36.72698], [-72.99283, -36.72716], [-72.99299, -36.72731], [-72.99322, -36.72733], [-72.99346, -36.72724], [-72.99358, -36.72716]]]}, "properties": {"composicio": "Secuencias sedimentarias", "epoca": "Pleistoceno Holoceno", "era": "CENOZOICO", "geo": "Qm", "ha": 0.54, "m2": 5390.69, "periodo": "Cuaternario"}}, {"type": "Feature", "geometry": {"type": "Polygon", "coordinates": [[[-72.99273, -36.72257], [-72.99248, -36.72243], [-72.99248, -36.72243], [-72.99264, -36.72258], [-72.99273, -36.72257]]]}, "properties": {"composicio": "Secuencias sedimentarias", "epoca": "Pleistoceno Holoceno", "era": "CENOZOICO", "geo": "Qm", "ha": 0.01, "m2": 76.26, "periodo": "Cuaternario"}}, {"type": "Feature", "geometry": {"type": "Polygon", "coordinates": [[[-72.98581, -36.71746], [-72.98574, -36.7174], [-72.98574, -36.7173], [-72.98563, -36.71705], [-72.98535, -36.71708], [-72.9852, -36.71726], [-72.98522, -36.71747], [-72.9854, -36.71758], [-72.98566, -36.7176], [-72.98581, -36.71746], [-72.98581, -36.71746]]]}, "properties": {"composicio": "Secuencias sedimentarias", "epoca": "Pleistoceno Holoceno", "era": "CENOZOICO", "geo": "Qm", "ha": 0.24, "m2": 2420.99, "periodo": "Cuaternario"}}, {"type": "Feature", "geometry": {"type": "Polygon", "coordinates": [[[-72.98566, -36.71614], [-72.98566, -36.71614], [-72.9859, -36.71578], [-72.98586, -36.71568], [-72.98562, -36.71566], [-72.98547, -36.7158], [-72.98549, -36.716], [-72.98563, -36.71614], [-72.98566, -36.71614]]]}, "properties": {"composicio": "Secuencias sedimentarias", "epoca": "Pleistoceno Holoceno", "era": "CENOZOICO", "geo": "Qm", "ha": 0.13, "m2": 1295.64, "periodo": "Cuaternario"}}, {"type": "Feature", "geometry": {"type": "Polygon", "coordinates": [[[-73.00988, -36.73747], [-72.99488, -36.73433], [-72.99209, -36.7237], [-72.98407, -36.71729], [-72.98739, -36.71312], [-72.97925, -36.71093], [-72.97398, -36.74309], [-72.97582, -36.74357], [-72.98207, -36.74378], [-72.98376, -36.74449], [-72.98895, -36.75383], [-72.99146, -36.75581], [-72.99841, -36.7566], [-73.00988, -36.73747]]]}, "properties": {"composicio": "Secuencias sedimentarias", "epoca": "Pleistoceno Holoceno", "era": "CENOZOICO", "geo": "Qm", "ha": 751.56, "m2": 7515603.79, "periodo": "Cuaternario"}}, {"type": "Feature", "geometry": {"type": "Polygon", "coordinates": [[[-73.12756, -36.73194], [-73.08617, -36.73791], [-73.0805, -36.74004], [-73.07585, -36.74331], [-73.0753, -36.75108], [-73.12454, -36.74318], [-73.12918, -36.74138], [-73.12806, -36.73873], [-73.12723, -36.73578], [-73.12756, -36.73194]]]}, "properties": {"composicio": "Secuencias sedimentarias", "epoca": "Cretacico Superior", "era": "MEZOZOICO", "geo": "Ks1m", "ha": 514.67, "m2": 5146733.25, "periodo": "Cretacico"}}, {"type": "Feature", "geometry": {"type": "Polygon", "coordinates": [[[-73.01418, -36.73759], [-73.00988, -36.73747], [-73.00356, -36.74923], [-73.00078, -36.75285], [-73.00075, -36.75411], [-73.0075, -36.75729], [-73.01365, -36.76219], [-73.01515, -36.76484], [-73.0163, -36.77059], [-73.01741, -36.77186], [-73.01924, -36.77257], [-73.02367, -36.7716], [-73.02694, -36.77199], [-73.0296, -36.77397], [-73.03121, -36.77788], [-73.03346, -36.77918], [-73.04256, -36.77335], [-73.04462, -36.7704], [-73.04456, -36.76674], [-73.04127, -36.7612], [-73.03736, -36.75806], [-73.02963, -36.75361], [-73.02944, -36.74982], [-73.03639, -36.75072], [-73.03796, -36.75029], [-73.03802, -36.74776], [-73.03637, -36.745], [-73.02966, -36.73999], [-73.01418, -36.73759]]]}, "properties": {"composicio": "Secuencias sedimentarias", "epoca": "Eoceno", "era": "CENOZOICO", "geo": "E1c", "ha": 1016.13, "m2": 10161256.78, "periodo": "Paleogeno"}}, {"type": "Feature", "geometry": {"type": "Polygon", "coordinates": [[[-73.00075, -36.75411], [-72.99841, -36.7566], [-73.01453, -36.7804], [-73.0215, -36.79861], [-73.02637, -36.80398], [-73.03123, -36.80358], [-73.03346, -36.77918], [-73.03121, -36.77788], [-73.0296, -36.77397], [-73.02694, -36.77199], [-73.02367, -36.7716], [-73.01924, -36.77257], [-73.01741, -36.77186], [-73.0163, -36.77059], [-73.01515, -36.76484], [-73.01365, -36.76219], [-73.0075, -36.75729], [-73.00075, -36.75411]]]}, "properties": {"composicio": "Secuencias sedimentarias", "epoca": "Cretacico Superior", "era": "MEZOZOICO", "geo": "Ks1m", "ha": 648.2, "m2": 6482017.3, "periodo": "Cretacico"}}, {"type": "Feature", "geometry": {"type": "Polygon", "coordinates": [[[-73.17475, -36.76492], [-73.17932, -36.76566], [-73.18593, -36.76918], [-73.19207, -36.77509], [-73.19563, -36.78106], [-73.21319, -36.78613], [-73.21529, -36.78528], [-73.21943, -36.78082], [-73.21469, -36.77735], [-73.21662, -36.77372], [-73.19663, -36.76161], [-73.19909, -36.75777], [-73.19097, -36.75407], [-73.19125, -36.74786], [-73.17696, -36.75613], [-73.17475, -36.76492]]]}, "properties": {"composicio": "Rocas intrusivas", "epoca": "Carbonifero Permico  328-235 Ma", "era": "PALEOZOICO", "geo": "CPg", "ha": 691.1, "m2": 6911025.21, "periodo": ""}}, {"type": "Feature", "geometry": {"type": "Polygon", "coordinates": [[[-73.17348, -36.76559], [-73.17335, -36.77189], [-73.17093, -36.77872], [-73.16114, -36.78409], [-73.15832, -36.78965], [-73.15829, -36.79114], [-73.16021, -36.79437], [-73.1601, -36.79986], [-73.16121, -36.80103], [-73.16788, -36.80203], [-73.17545, -36.8126], [-73.17994, -36.79628], [-73.19563, -36.78106], [-73.19207, -36.77509], [-73.18593, -36.76918], [-73.17348, -36.76559]]]}, "properties": {"composicio": "Rocas metamorficas", "epoca": "Silurico? Carbonifero", "era": "PALEOZOICO", "geo": "Pz4a", "ha": 859.85, "m2": 8598502.8, "periodo": ""}}, {"type": "Feature", "geometry": {"type": "Polygon", "coordinates": [[[-73.03346, -36.77918], [-73.03419, -36.79075], [-73.03278, -36.79679], [-73.03374, -36.80062], [-73.0436, -36.80289], [-73.0511, -36.79853], [-73.05596, -36.79768], [-73.0662, -36.79793], [-73.07165, -36.80259], [-73.07162, -36.80384], [-73.06601, -36.80641], [-73.06339, -36.80912], [-73.06505, -36.81119], [-73.06675, -36.81145], [-73.07891, -36.80595], [-73.07153, -36.7884], [-73.06702, -36.78685], [-73.05876, -36.78696], [-73.04734, -36.77593], [-73.04207, -36.77621], [-73.0356, -36.77898], [-73.03346, -36.77918]]]}, "properties": {"composicio": "Secuencias sedimentarias", "epoca": "Eoceno", "era": "CENOZOICO", "geo": "E1c", "ha": 830.13, "m2": 8301285.36, "periodo": "Paleogeno"}}, {"type": "Feature", "geometry": {"type": "Polygon", "coordinates": [[[-71.59766, -37.21631], [-71.60249, -37.21419], [-71.61939, -37.21448], [-71.62365, -37.21203], [-71.62486, -37.20721], [-71.6179, -37.20225], [-71.60301, -37.20217], [-71.60185, -37.20127], [-71.60179, -37.1976], [-71.60348, -37.19587], [-71.61386, -37.19152], [-71.61757, -37.19069], [-71.62002, -37.19158], [-71.62413, -37.19795], [-71.62759, -37.19939], [-71.63976, -37.19938], [-71.64357, -37.19637], [-71.65211, -37.17647], [-71.65379, -37.17462], [-71.66075, -37.17146], [-71.66157, -37.16927], [-71.66227, -37.15976], [-71.65931, -37.14583], [-71.65566, -37.14139], [-71.65335, -37.13993], [-71.65063, -37.13951], [-71.64606, -37.14024], [-71.64311, -37.14336], [-71.63672, -37.15465], [-71.62013, -37.17223], [-71.6113, -37.17495], [-71.60095, -37.18078], [-71.59823, -37.18092], [-71.59589, -37.17763], [-71.60262, -37.16932], [-71.6125, -37.1612], [-71.61383, -37.15454], [-71.61019, -37.1508], [-71.6076, -37.14991], [-71.60259, -37.14962], [-71.60089, -37.1509], [-71.59824, -37.15505], [-71.59582, -37.15564], [-71.59324, -37.14674], [-71.58892, -37.14483], [-71.58132, -37.14366], [-71.56914, -37.16004], [-71.57161, -37.18108], [-71.56689, -37.18078], [-71.55533, -37.17368], [-71.5516, -37.17349], [-71.54958, -37.18163], [-71.54665, -37.18613], [-71.54396, -37.18799], [-71.54011, -37.18894], [-71.53813, -37.19057], [-71.53621, -37.19631], [-71.53669, -37.20844], [-71.55233, -37.19283], [-71.55465, -37.19419], [-71.55685, -37.19771], [-71.55972, -37.2073], [-71.57181, -37.2026], [-71.57883, -37.21158], [-71.59766, -37.21631]]]}, "properties": {"composicio": "Secuencias volcanicas", "epoca": "Plioceno Pleistoceno", "era": "CENOZOICO", "geo": "PPl3", "ha": 4853.72, "m2": 48537182.09, "periodo": "Neogeno"}}, {"type": "Feature", "geometry": {"type": "Polygon", "coordinates": [[[-71.56514, -36.58774], [-71.51543, -36.60158], [-71.50807, -36.60722], [-71.50489, -36.61507], [-71.50176, -36.61948], [-71.49041, -36.61067], [-71.48828, -36.61059], [-71.47883, -36.61296], [-71.46763, -36.60883], [-71.46665, -36.60931], [-71.46561, -36.61254], [-71.46421, -36.61302], [-71.45609, -36.6125], [-71.4527, -36.61303], [-71.44836, -36.61541], [-71.44839, -36.62605], [-71.44437, -36.62463], [-71.44198, -36.62068], [-71.43868, -36.61937], [-71.43644, -36.6304], [-71.40799, -36.6392], [-71.37266, -36.67135], [-71.36714, -36.68233], [-71.36539, -36.69083], [-71.3658, -36.69528], [-71.37135, -36.70056], [-71.37254, -36.70741], [-71.37508, -36.71193], [-71.40505, -36.73023], [-71.38417, -36.72618], [-71.38208, -36.72782], [-71.37947, -36.73611], [-71.3786, -36.74551], [-71.40189, -36.7739], [-71.41195, -36.79682], [-71.42165, -36.79754], [-71.42229, -36.79009], [-71.42493, -36.78283], [-71.42604, -36.78178], [-71.42989, -36.78204], [-71.43191, -36.78304], [-71.43633, -36.78821], [-71.43702, -36.79221], [-71.4469, -36.79407], [-71.45431, -36.79449], [-71.45998, -36.79335], [-71.47461, -36.78734], [-71.47704, -36.78797], [-71.48114, -36.79167], [-71.4833, -36.79243], [-71.49926, -36.78809], [-71.53102, -36.76971], [-71.53368, -36.76359], [-71.53807, -36.75823], [-71.54594, -36.75476], [-71.55374, -36.74944], [-71.55756, -36.7488], [-71.56505, -36.76992], [-71.56692, -36.77068], [-71.57404, -36.77076], [-71.57652, -36.77289], [-71.57692, -36.77642], [-71.57613, -36.77839], [-71.56644, -36.78294], [-71.56369, -36.78597], [-71.56276, -36.78828], [-71.56394, -36.78963], [-71.57286, -36.79242], [-71.5778, -36.79563], [-71.57945, -36.79846], [-71.57975, -36.80806], [-71.58091, -36.80884], [-71.58746, -36.8087], [-71.60681, -36.80372], [-71.60708, -36.78953], [-71.64192, -36.77035], [-71.63743, -36.76347], [-71.63321, -36.76047], [-71.60937, -36.75801], [-71.61927, -36.73354], [-71.59649, -36.72394], [-71.61632, -36.71429], [-71.61426, -36.71442], [-71.61055, -36.70488], [-71.60873, -36.69703], [-71.60624, -36.67625], [-71.60484, -36.6725], [-71.5995, -36.66529], [-71.5911, -36.6602], [-71.58942, -36.65646], [-71.59808, -36.62882], [-71.59914, -36.62182], [-71.59768, -36.61578], [-71.59048, -36.60826], [-71.57157, -36.59367], [-71.56514, -36.58774]]]}, "properties": {"composicio": "Rocas intrusivas", "epoca": "Mioceno  18 6 Ma", "era": "CENOZOICO", "geo": "Mg", "ha": 38143.01, "m2": 381430145.19, "periodo": "Neogeno"}}, {"type": "Feature", "geometry": {"type": "Polygon", "coordinates": [[[-71.6298, -37.12575], [-71.63151, -37.12528], [-71.63318, -37.12251], [-71.6334, -37.11851], [-71.63207, -37.11577], [-71.62507, -37.10771], [-71.61222, -37.0996], [-71.6026, -37.08859], [-71.60017, -37.08839], [-71.59604, -37.08935], [-71.59203, -37.08893], [-71.58699, -37.08669], [-71.57991, -37.08149], [-71.57501, -37.07902], [-71.55208, -37.05658], [-71.54943, -37.05146], [-71.54904, -37.0447], [-71.55561, -37.01681], [-71.55443, -37.01454], [-71.55086, -37.01457], [-71.54747, -37.01712], [-71.54553, -37.02092], [-71.54452, -37.0294], [-71.5417, -37.03206], [-71.53573, -37.03395], [-71.5339, -37.03557], [-71.53367, -37.03935], [-71.5362, -37.04608], [-71.53571, -37.05147], [-71.51821, -37.06584], [-71.52611, -37.06839], [-71.54196, -37.06767], [-71.54497, -37.06832], [-71.5483, -37.0707], [-71.552, -37.07914], [-71.55566, -37.08483], [-71.56514, -37.07889], [-71.57972, -37.1147], [-71.59693, -37.11796], [-71.60277, -37.11653], [-71.60716, -37.11408], [-71.61059, -37.11404], [-71.62606, -37.12442], [-71.6298, -37.12575]]]}, "properties": {"composicio": "Secuencias volcanicas", "epoca": "Plioceno Pleistoceno", "era": "CENOZOICO", "geo": "PPl3", "ha": 2623.03, "m2": 26230275.59, "periodo": "Neogeno"}}, {"type": "Feature", "geometry": {"type": "Polygon", "coordinates": [[[-71.61928, -36.49141], [-71.61176, -36.48196], [-71.6092, -36.48178], [-71.60598, -36.48322], [-71.60071, -36.487], [-71.59504, -36.49181], [-71.59194, -36.49726], [-71.58998, -36.5029], [-71.59112, -36.51249], [-71.62785, -36.51194], [-71.62974, -36.5087], [-71.62858, -36.50347], [-71.62172, -36.4972], [-71.61928, -36.49141]]]}, "properties": {"composicio": "Secuencias volcanosedimenta", "epoca": "Oligoceno Mioceno", "era": "CENOZOICO", "geo": "OM2c", "ha": 792.46, "m2": 7924589.67, "periodo": "Paleogeno"}}, {"type": "Feature", "geometry": {"type": "Polygon", "coordinates": [[[-71.6033, -36.31015], [-71.60381, -36.30831], [-71.60316, -36.30547], [-71.602, -36.30457], [-71.59774, -36.30409], [-71.58678, -36.30649], [-71.58487, -36.30424], [-71.58333, -36.30004], [-71.57703, -36.30235], [-71.57615, -36.30145], [-71.57531, -36.29689], [-71.57758, -36.28757], [-71.57238, -36.2839], [-71.56856, -36.28398], [-71.56074, -36.28735], [-71.55803, -36.28671], [-71.55623, -36.28309], [-71.55665, -36.27804], [-71.55946, -36.27742], [-71.56504, -36.27982], [-71.56859, -36.28009], [-71.56997, -36.27915], [-71.571, -36.27569], [-71.56733, -36.27085], [-71.56554, -36.2583], [-71.56278, -36.25572], [-71.55843, -36.25695], [-71.55729, -36.25652], [-71.55654, -36.25516], [-71.55634, -36.2483], [-71.55516, -36.2466], [-71.54384, -36.24649], [-71.53143, -36.24275], [-71.52153, -36.24237], [-71.49637, -36.24768], [-71.49093, -36.24527], [-71.48816, -36.24236], [-71.48707, -36.22876], [-71.48401, -36.22573], [-71.47665, -36.22531], [-71.46949, -36.22705], [-71.42798, -36.24915], [-71.41609, -36.27914], [-71.41332, -36.2761], [-71.41268, -36.27371], [-71.41446, -36.2406], [-71.38877, -36.23183], [-71.37676, -36.23721], [-71.36758, -36.24299], [-71.36482, -36.24302], [-71.36726, -36.24447], [-71.37537, -36.24614], [-71.37697, -36.24795], [-71.37778, -36.26189], [-71.38311, -36.28033], [-71.3843, -36.28752], [-71.38379, -36.2897], [-71.38092, -36.29342], [-71.38101, -36.29639], [-71.38506, -36.29974], [-71.38612, -36.30213], [-71.38807, -36.33139], [-71.39202, -36.34104], [-71.40265, -36.35159], [-71.41327, -36.36638], [-71.45709, -36.3931], [-71.48621, -36.42479], [-71.49425, -36.42864], [-71.50328, -36.4368], [-71.51125, -36.44729], [-71.51975, -36.46622], [-71.53338, -36.49055], [-71.54113, -36.49817], [-71.54701, -36.50022], [-71.56578, -36.49516], [-71.57108, -36.49231], [-71.58155, -36.48191], [-71.59321, -36.45958], [-71.57405, -36.4633], [-71.59571, -36.43905], [-71.58167, -36.42446], [-71.56984, -36.42676], [-71.56606, -36.43795], [-71.56384, -36.43959], [-71.56156, -36.43918], [-71.56122, -36.41333], [-71.5602, -36.41255], [-71.55795, -36.41317], [-71.55749, -36.42622], [-71.5567, -36.42818], [-71.55243, -36.4325], [-71.55347, -36.41017], [-71.51996, -36.40742], [-71.51831, -36.39945], [-71.51881, -36.39725], [-71.52226, -36.39398], [-71.53135, -36.39014], [-71.5358, -36.38741], [-71.53788, -36.38085], [-71.53994, -36.37886], [-71.55188, -36.38022], [-71.56163, -36.38437], [-71.56987, -36.38512], [-71.57816, -36.38288], [-71.5872, -36.37743], [-71.59331, -36.3781], [-71.59918, -36.38026], [-71.60456, -36.38027], [-71.6138, -36.37653], [-71.61904, -36.37207], [-71.62124, -36.36515], [-71.60696, -36.35184], [-71.615, -36.33668], [-71.61295, -36.32975], [-71.59431, -36.3267], [-71.59201, -36.32549], [-71.58904, -36.32063], [-71.59562, -36.31374], [-71.6033, -36.31015]], [[-71.50266, -36.41542], [-71.50372, -36.41527], [-71.50398, -36.41523], [-71.50503, -36.41462], [-71.50501, -36.41465], [-71.504, -36.41523], [-71.50266, -36.41542]], [[-71.50545, -36.41406], [-71.5058, -36.41361], [-71.50649, -36.41161], [-71.5058, -36.4136], [-71.50545, -36.41406]], [[-71.50853, -36.41082], [-71.50853, -36.41082], [-71.50966, -36.40992], [-71.51298, -36.40721], [-71.50857, -36.41081], [-71.50853, -36.41082]], [[-71.519, -36.4059], [-71.519, -36.4059], [-71.52003, -36.40757], [-71.51994, -36.40744], [-71.519, -36.4059]], [[-71.52013, -36.40771], [-71.52315, -36.40892], [-71.52218, -36.40855], [-71.52013, -36.40771], [-71.52013, -36.40771]]]}, "properties": {"composicio": "Secuencias volcanosedimenta", "epoca": "Oligoceno Mioceno", "era": "CENOZOICO", "geo": "OM2c", "ha": 35464.76, "m2": 354647616.49, "periodo": "Paleogeno"}}, {"type": "Feature", "geometry": {"type": "Polygon", "coordinates": [[[-71.47369, -36.86677], [-71.46996, -36.87074], [-71.46654, -36.8708], [-71.46574, -36.87277], [-71.46634, -36.87367], [-71.4692, -36.87419], [-71.47212, -36.8763], [-71.47356, -36.88635], [-71.47699, -36.89166], [-71.48066, -36.89501], [-71.48801, -36.89761], [-71.50398, -36.89763], [-71.56717, -36.86635], [-71.51773, -36.84803], [-71.51435, -36.84959], [-71.50721, -36.8582], [-71.50455, -36.86009], [-71.47369, -36.86677]], [[-71.4835, -36.88511], [-71.48057, -36.88242], [-71.47945, -36.87353], [-71.48028, -36.87281], [-71.48022, -36.87088], [-71.48218, -36.86946], [-71.49056, -36.87811], [-71.49052, -36.88142], [-71.4872, -36.88493], [-71.4835, -36.88511]]]}, "properties": {"composicio": "Rocas intrusivas", "epoca": "Mioceno  18 6 Ma", "era": "CENOZOICO", "geo": "Mg", "ha": 2588.28, "m2": 25882795.04, "periodo": "Neogeno"}}, {"type": "Feature", "geometry": {"type": "Polygon", "coordinates": [[[-71.42301, -37.15333], [-71.42126, -37.15419], [-71.41817, -37.15823], [-71.41546, -37.15906], [-71.41762, -37.16041], [-71.41681, -37.16339], [-71.41929, -37.16692], [-71.42274, -37.16804], [-71.43493, -37.16976], [-71.44087, -37.17521], [-71.42849, -37.20119], [-71.45352, -37.22949], [-71.45919, -37.26481], [-71.44042, -37.24483], [-71.43365, -37.22142], [-71.42857, -37.21229], [-71.42457, -37.22768], [-71.42234, -37.23217], [-71.41798, -37.2377], [-71.46958, -37.30937], [-71.47, -37.31899], [-71.46797, -37.32668], [-71.46396, -37.33702], [-71.46112, -37.33945], [-71.4746, -37.34849], [-71.48121, -37.34934], [-71.53136, -37.33719], [-71.53876, -37.32383], [-71.55197, -37.31637], [-71.54802, -37.31115], [-71.54606, -37.3051], [-71.55118, -37.29314], [-71.5526, -37.2834], [-71.55194, -37.25902], [-71.53098, -37.21926], [-71.52931, -37.2132], [-71.52887, -37.2029], [-71.53158, -37.19269], [-71.52264, -37.18854], [-71.52002, -37.1857], [-71.51969, -37.18307], [-71.52116, -37.17584], [-71.52371, -37.17387], [-71.55502, -37.16338], [-71.5588, -37.15796], [-71.56461, -37.14519], [-71.56663, -37.13705], [-71.56414, -37.13306], [-71.55909, -37.1307], [-71.54745, -37.12681], [-71.53181, -37.12387], [-71.53191, -37.1304], [-71.5286, -37.13833], [-71.52503, -37.13859], [-71.50763, -37.13258], [-71.49868, -37.13644], [-71.48809, -37.13631], [-71.47036, -37.15651], [-71.45635, -37.14678], [-71.44339, -37.16133], [-71.42301, -37.15333]]]}, "properties": {"composicio": "Rocas intrusivas", "epoca": "Mioceno  18 6 Ma", "era": "CENOZOICO", "geo": "Mg", "ha": 19892.26, "m2": 198922652.64, "periodo": "Neogeno"}}, {"type": "Feature", "geometry": {"type": "Polygon", "coordinates": [[[-71.28809, -36.31899], [-71.28721, -36.31784], [-71.28233, -36.32044], [-71.271, -36.33073], [-71.26081, -36.34716], [-71.23545, -36.36788], [-71.23813, -36.36761], [-71.23929, -36.37422], [-71.24192, -36.37726], [-71.26319, -36.362], [-71.26572, -36.3615], [-71.26858, -36.36235], [-71.27642, -36.36988], [-71.27977, -36.37863], [-71.28006, -36.38412], [-71.28307, -36.39082], [-71.28597, -36.39317], [-71.29342, -36.39703], [-71.3005, -36.40674], [-71.31744, -36.44088], [-71.34182, -36.47682], [-71.34555, -36.48361], [-71.34961, -36.49716], [-71.35269, -36.52102], [-71.35383, -36.56723], [-71.3531, -36.58166], [-71.33769, -36.61502], [-71.33665, -36.61871], [-71.33733, -36.62785], [-71.3398, -36.63478], [-71.34824, -36.64722], [-71.35049, -36.65392], [-71.36107, -36.6535], [-71.37096, -36.65159], [-71.38004, -36.65072], [-71.42009, -36.62007], [-71.42264, -36.6198], [-71.42637, -36.62133], [-71.42877, -36.62071], [-71.442, -36.60671], [-71.45296, -36.59768], [-71.46066, -36.58895], [-71.48188, -36.59105], [-71.4653, -36.5574], [-71.466, -36.552], [-71.46997, -36.547], [-71.47473, -36.54462], [-71.48155, -36.54494], [-71.49841, -36.55376], [-71.50657, -36.55634], [-71.53414, -36.55235], [-71.53452, -36.55108], [-71.53264, -36.54483], [-71.55863, -36.50275], [-71.54113, -36.49817], [-71.50328, -36.4368], [-71.49425, -36.42864], [-71.48621, -36.42479], [-71.45709, -36.3931], [-71.41327, -36.36638], [-71.40265, -36.35159], [-71.39202, -36.34104], [-71.38807, -36.33139], [-71.38612, -36.30213], [-71.38506, -36.29974], [-71.38101, -36.29639], [-71.38092, -36.29342], [-71.38379, -36.2897], [-71.3843, -36.28752], [-71.37537, -36.24614], [-71.36726, -36.24447], [-71.36482, -36.24302], [-71.35689, -36.24764], [-71.34437, -36.26035], [-71.34087, -36.26694], [-71.33911, -36.27498], [-71.33789, -36.27707], [-71.32137, -36.28848], [-71.31121, -36.28947], [-71.30852, -36.29456], [-71.30397, -36.2991], [-71.29972, -36.31475], [-71.28925, -36.34092], [-71.28958, -36.35351], [-71.2939, -36.36658], [-71.29395, -36.37379], [-71.29263, -36.37737], [-71.29151, -36.37773], [-71.28847, -36.37527], [-71.28153, -36.34885], [-71.27197, -36.34605], [-71.28562, -36.33252], [-71.28806, -36.3232], [-71.28809, -36.31899]], [[-71.35327, -36.51295], [-71.35327, -36.51295], [-71.35455, -36.51246], [-71.35327, -36.51295]], [[-71.41046, -36.49981], [-71.41061, -36.49831], [-71.41063, -36.4983], [-71.41046, -36.49981]], [[-71.41063, -36.4983], [-71.41147, -36.49737], [-71.41253, -36.49662], [-71.41157, -36.4973], [-71.41063, -36.4983]], [[-71.41721, -36.48947], [-71.41721, -36.48945], [-71.4186, -36.48696], [-71.4186, -36.48696], [-71.41721, -36.48947]], [[-71.41862, -36.48475], [-71.41862, -36.4847], [-71.41964, -36.48245], [-71.41862, -36.48471], [-71.41862, -36.48475]], [[-71.41979, -36.48175], [-71.42013, -36.4799], [-71.42016, -36.47986], [-71.41979, -36.48175]], [[-71.42017, -36.47985], [-71.42093, -36.4789], [-71.42094, -36.47889], [-71.42017, -36.47985]], [[-71.42523, -36.47322], [-71.42525, -36.47316], [-71.427, -36.46957], [-71.427, -36.46957], [-71.42523, -36.47322]], [[-71.42764, -36.46903], [-71.42891, -36.46797], [-71.42891, -36.46797], [-71.42764, -36.46903]], [[-71.43098, -36.46547], [-71.43142, -36.46261], [-71.43337, -36.46052], [-71.43337, -36.46052], [-71.43143, -36.4626], [-71.43098, -36.46547]], [[-71.43318, -36.45919], [-71.43249, -36.4548], [-71.43211, -36.45639], [-71.43269, -36.45847], [-71.43318, -36.45919]], [[-71.43364, -36.45355], [-71.43675, -36.45252], [-71.43675, -36.45252], [-71.43364, -36.45355]], [[-71.43752, -36.44439], [-71.43751, -36.44437], [-71.4384, -36.44142], [-71.43752, -36.44439]], [[-71.43803, -36.44641], [-71.4379, -36.4459], [-71.43803, -36.44641], [-71.43803, -36.44641]], [[-71.43752, -36.4386], [-71.43751, -36.43859], [-71.43822, -36.43386], [-71.43908, -36.43163], [-71.43752, -36.4386]], [[-71.43943, -36.43143], [-71.44167, -36.43011], [-71.44242, -36.42999], [-71.44163, -36.43014], [-71.43947, -36.4314], [-71.43943, -36.43143]], [[-71.45287, -36.42302], [-71.46301, -36.41651], [-71.46297, -36.41657], [-71.45287, -36.42302]], [[-71.44978, -36.42429], [-71.44977, -36.4243], [-71.44881, -36.42585], [-71.44851, -36.4282], [-71.44881, -36.42586], [-71.44978, -36.42429]], [[-71.44978, -36.42429], [-71.45155, -36.42356], [-71.45145, -36.42361], [-71.44982, -36.42427], [-71.44978, -36.42429]]]}, "properties": {"composicio": "Rocas intrusivas", "epoca": "Mioceno  18 6 Ma", "era": "CENOZOICO", "geo": "Mg", "ha": 53027.67, "m2": 530276686.15, "periodo": "Neogeno"}}, {"type": "Feature", "geometry": {"type": "Polygon", "coordinates": [[[-71.53206, -37.02746], [-71.53629, -37.02342], [-71.53978, -37.01834], [-71.53946, -37.01606], [-71.53327, -37.01268], [-71.51756, -37.00529], [-71.51108, -37.00478], [-71.50401, -37.00476], [-71.49897, -37.00586], [-71.49438, -37.00938], [-71.49312, -37.01134], [-71.51295, -37.02901], [-71.51582, -37.02979], [-71.52267, -37.02984], [-71.53206, -37.02746]]]}, "properties": {"composicio": "Rocas intrusivas", "epoca": "Mioceno  18 6 Ma", "era": "CENOZOICO", "geo": "Mg", "ha": 765.64, "m2": 7656382.79, "periodo": "Neogeno"}}, {"type": "Feature", "geometry": {"type": "Polygon", "coordinates": [[[-71.53271, -36.55203], [-71.5286, -36.55246], [-71.51283, -36.55656], [-71.50657, -36.55634], [-71.49841, -36.55376], [-71.48155, -36.54494], [-71.47473, -36.54462], [-71.46997, -36.547], [-71.466, -36.552], [-71.4653, -36.5574], [-71.47616, -36.58452], [-71.47853, -36.58814], [-71.48188, -36.59105], [-71.48445, -36.59157], [-71.49687, -36.58399], [-71.5196, -36.5793], [-71.52589, -36.57597], [-71.53168, -36.57013], [-71.53683, -36.5619], [-71.53786, -36.55822], [-71.53679, -36.55561], [-71.53271, -36.55203]]]}, "properties": {"composicio": "Secuencias volcanosedimenta", "epoca": "Oligoceno Mioceno", "era": "CENOZOICO", "geo": "OM2c", "ha": 2004.18, "m2": 20041777.68, "periodo": "Paleogeno"}}, {"type": "Feature", "geometry": {"type": "Polygon", "coordinates": [[[-71.53206, -37.02746], [-71.52267, -37.02984], [-71.51582, -37.02979], [-71.51295, -37.02901], [-71.50325, -37.02029], [-71.49591, -37.01613], [-71.49388, -37.01431], [-71.49312, -37.01134], [-71.49438, -37.00938], [-71.49897, -37.00586], [-71.50401, -37.00476], [-71.51108, -37.00478], [-71.51756, -37.00529], [-71.53327, -37.01268], [-71.53651, -37.00979], [-71.51421, -36.98566], [-71.50927, -36.98292], [-71.50568, -36.98209], [-71.50442, -36.9828], [-71.50355, -36.99815], [-71.47443, -36.99932], [-71.46593, -37.02693], [-71.46299, -37.03096], [-71.45904, -37.03433], [-71.45638, -37.03858], [-71.45803, -37.04429], [-71.45488, -37.05336], [-71.44993, -37.05753], [-71.43955, -37.06048], [-71.43629, -37.06258], [-71.43577, -37.06659], [-71.45535, -37.0765], [-71.45875, -37.07463], [-71.46195, -37.06854], [-71.4656, -37.0638], [-71.48135, -37.05622], [-71.46895, -37.04855], [-71.47967, -37.02921], [-71.48429, -37.02253], [-71.48781, -37.01895], [-71.51894, -37.03789], [-71.52336, -37.03773], [-71.52733, -37.03518], [-71.53069, -37.03102], [-71.53206, -37.02746]]]}, "properties": {"composicio": "Secuencias sedimentarias", "epoca": "Pleistoceno Holoceno", "era": "CENOZOICO", "geo": "Q1", "ha": 2266.67, "m2": 22666740.63, "periodo": "Cuaternario"}}, {"type": "Feature", "geometry": {"type": "Polygon", "coordinates": [[[-71.53181, -37.12387], [-71.51023, -37.11469], [-71.50315, -37.11006], [-71.49604, -37.10291], [-71.50833, -37.08311], [-71.50801, -37.07143], [-71.50639, -37.06835], [-71.45614, -37.08175], [-71.43148, -37.09743], [-71.42589, -37.09622], [-71.42025, -37.09169], [-71.41947, -37.08666], [-71.42094, -37.07931], [-71.42001, -37.07665], [-71.39367, -37.07039], [-71.4242, -37.10791], [-71.44159, -37.10421], [-71.44503, -37.10475], [-71.44634, -37.10703], [-71.44553, -37.11013], [-71.43736, -37.11925], [-71.43466, -37.13015], [-71.4254, -37.13332], [-71.42274, -37.13712], [-71.42217, -37.14755], [-71.42301, -37.15333], [-71.4411, -37.16124], [-71.44339, -37.16133], [-71.44596, -37.16073], [-71.44808, -37.159], [-71.45237, -37.14866], [-71.4535, -37.1475], [-71.45635, -37.14678], [-71.47036, -37.15651], [-71.48809, -37.13631], [-71.49868, -37.13644], [-71.50763, -37.13258], [-71.52503, -37.13859], [-71.5286, -37.13833], [-71.53191, -37.1304], [-71.53181, -37.12387]]]}, "properties": {"composicio": "Secuencias volcanicas", "epoca": "Plioceno Pleistoceno", "era": "CENOZOICO", "geo": "PPl3", "ha": 5852.0, "m2": 58520027.32, "periodo": "Neogeno"}}, {"type": "Feature", "geometry": {"type": "Polygon", "coordinates": [[[-71.3566, -36.80326], [-71.36239, -36.81162], [-71.36333, -36.81481], [-71.36141, -36.82252], [-71.36244, -36.82879], [-71.36483, -36.83251], [-71.37022, -36.83688], [-71.37319, -36.84094], [-71.37253, -36.84301], [-71.36972, -36.84432], [-71.37095, -36.85231], [-71.36454, -36.8577], [-71.36044, -36.85881], [-71.35774, -36.85886], [-71.35049, -36.85465], [-71.34777, -36.85425], [-71.34731, -36.85814], [-71.34967, -36.86096], [-71.34991, -36.86439], [-71.33968, -36.86561], [-71.33945, -36.86756], [-71.34274, -36.87299], [-71.34956, -36.87744], [-71.3656, -36.87507], [-71.36484, -36.87818], [-71.36584, -36.88354], [-71.36809, -36.88727], [-71.37425, -36.89345], [-71.37416, -36.8954], [-71.39057, -36.89565], [-71.39711, -36.89495], [-71.40097, -36.88046], [-71.4245, -36.91524], [-71.46718, -36.91645], [-71.4812, -36.91308], [-71.48916, -36.91234], [-71.4995, -36.91466], [-71.50759, -36.91816], [-71.51314, -36.91758], [-71.51486, -36.91342], [-71.51467, -36.91012], [-71.51037, -36.90631], [-71.51173, -36.90411], [-71.51549, -36.90106], [-71.5161, -36.89784], [-71.48066, -36.89501], [-71.47699, -36.89166], [-71.47356, -36.88635], [-71.47212, -36.8763], [-71.4692, -36.87419], [-71.46634, -36.87367], [-71.46574, -36.87277], [-71.46654, -36.8708], [-71.46996, -36.87074], [-71.47369, -36.86677], [-71.46765, -36.86495], [-71.45824, -36.86502], [-71.45576, -36.8629], [-71.45623, -36.85968], [-71.4582, -36.85861], [-71.47786, -36.85868], [-71.48621, -36.85668], [-71.49452, -36.8532], [-71.49713, -36.85017], [-71.49688, -36.8465], [-71.49599, -36.84549], [-71.46737, -36.84596], [-71.48748, -36.8372], [-71.4836, -36.83613], [-71.47083, -36.83765], [-71.46178, -36.8352], [-71.45712, -36.84147], [-71.45095, -36.83519], [-71.44005, -36.83265], [-71.43657, -36.83055], [-71.43262, -36.83005], [-71.42946, -36.82128], [-71.42635, -36.81583], [-71.41067, -36.81548], [-71.40508, -36.81373], [-71.40184, -36.80107], [-71.3566, -36.80326]], [[-71.45503, -36.91063], [-71.45087, -36.91002], [-71.44438, -36.90752], [-71.43576, -36.90026], [-71.41863, -36.88011], [-71.41711, -36.8766], [-71.4173, -36.8735], [-71.4184, -36.87199], [-71.4251, -36.87209], [-71.43699, -36.87414], [-71.44684, -36.87463], [-71.46325, -36.89467], [-71.46688, -36.89678], [-71.47436, -36.89903], [-71.47698, -36.90081], [-71.47744, -36.90195], [-71.47505, -36.90771], [-71.46954, -36.90943], [-71.45503, -36.91063]]]}, "properties": {"composicio": "Secuencias volcanicas", "epoca": "Cuaternario", "era": "CENOZOICO", "geo": "Q3i", "ha": 9157.61, "m2": 91576107.27, "periodo": "Cuaternario"}}, {"type": "Feature", "geometry": {"type": "Polygon", "coordinates": [[[-71.50759, -36.91816], [-71.4995, -36.91466], [-71.48916, -36.91234], [-71.41247, -36.92361], [-71.40975, -36.92308], [-71.40443, -36.91678], [-71.40111, -36.91524], [-71.38933, -36.9173], [-71.38354, -36.91936], [-71.3813, -36.92089], [-71.43323, -36.95066], [-71.47901, -36.95913], [-71.48575, -36.95075], [-71.47606, -36.93207], [-71.46241, -36.9336], [-71.46064, -36.9318], [-71.45821, -36.92681], [-71.4589, -36.92109], [-71.48803, -36.91752], [-71.49508, -36.91944], [-71.50086, -36.92195], [-71.50015, -36.92403], [-71.50685, -36.92183], [-71.50877, -36.91928], [-71.50759, -36.91816]]]}, "properties": {"composicio": "Rocas intrusivas", "epoca": "Mioceno Inferior Medio  22-16 Ma", "era": "CENOZOICO", "geo": "Mimg", "ha": 2504.04, "m2": 25040422.12, "periodo": "Neogeno"}}, {"type": "Feature", "geometry": {"type": "Polygon", "coordinates": [[[-71.50015, -36.92403], [-71.50086, -36.92195], [-71.49508, -36.91944], [-71.48803, -36.91752], [-71.46101, -36.9199], [-71.4589, -36.92109], [-71.45821, -36.92681], [-71.46064, -36.9318], [-71.46241, -36.9336], [-71.465, -36.93446], [-71.46785, -36.93417], [-71.47233, -36.93146], [-71.47606, -36.93207], [-71.48575, -36.95075], [-71.48658, -36.94993], [-71.49506, -36.95217], [-71.49844, -36.95049], [-71.49849, -36.94764], [-71.48597, -36.92946], [-71.48679, -36.92842], [-71.49826, -36.92578], [-71.50015, -36.92403]]]}, "properties": {"composicio": "Secuencias volcanicas", "epoca": "Plioceno Pleistoceno", "era": "CENOZOICO", "geo": "PPl3", "ha": 655.11, "m2": 6551135.77, "periodo": "Neogeno"}}, {"type": "Feature", "geometry": {"type": "Polygon", "coordinates": [[[-71.39101, -37.36329], [-71.38771, -37.36151], [-71.38642, -37.36152], [-71.38457, -37.36302], [-71.37682, -37.3812], [-71.35655, -37.36829], [-71.35456, -37.36767], [-71.34551, -37.36785], [-71.30557, -37.38279], [-71.30325, -37.39075], [-71.30512, -37.39636], [-71.30165, -37.39861], [-71.30021, -37.39858], [-71.29959, -37.40539], [-71.29867, -37.40691], [-71.2952, -37.4094], [-71.28684, -37.4116], [-71.27421, -37.44072], [-71.28162, -37.44972], [-71.28038, -37.45571], [-71.30149, -37.45823], [-71.30637, -37.46477], [-71.34614, -37.45265], [-71.34746, -37.45458], [-71.34706, -37.457], [-71.34531, -37.45886], [-71.33535, -37.46213], [-71.33004, -37.46263], [-71.32561, -37.4645], [-71.3245, -37.46726], [-71.32553, -37.46976], [-71.3656, -37.46864], [-71.36994, -37.47043], [-71.36995, -37.47169], [-71.3684, -37.47365], [-71.32944, -37.48325], [-71.29481, -37.47601], [-71.26875, -37.48268], [-71.2704, -37.48453], [-71.2926, -37.49018], [-71.31474, -37.49069], [-71.31979, -37.49237], [-71.33342, -37.50153], [-71.3402, -37.50354], [-71.3494, -37.50358], [-71.35126, -37.50311], [-71.35832, -37.50453], [-71.37048, -37.51062], [-71.37827, -37.51318], [-71.38403, -37.52447], [-71.40268, -37.521], [-71.41475, -37.54127], [-71.41907, -37.54134], [-71.42451, -37.53981], [-71.4317, -37.54009], [-71.43529, -37.53914], [-71.43599, -37.53833], [-71.43596, -37.53593], [-71.43231, -37.53241], [-71.42929, -37.53209], [-71.42212, -37.53376], [-71.41994, -37.5316], [-71.4196, -37.52852], [-71.42311, -37.5223], [-71.42346, -37.5168], [-71.42242, -37.51418], [-71.41877, -37.51043], [-71.41844, -37.50745], [-71.42326, -37.50203], [-71.4232, -37.49791], [-71.42217, -37.49643], [-71.41585, -37.49695], [-71.41626, -37.48515], [-71.41567, -37.48423], [-71.39999, -37.49308], [-71.39754, -37.4923], [-71.3955, -37.49059], [-71.39314, -37.48592], [-71.3951, -37.48201], [-71.39895, -37.48049], [-71.39821, -37.47844], [-71.37991, -37.47516], [-71.38133, -37.47342], [-71.38619, -37.47201], [-71.38219, -37.46277], [-71.38588, -37.45942], [-71.39059, -37.45697], [-71.41194, -37.45324], [-71.41096, -37.45497], [-71.4061, -37.45719], [-71.41189, -37.46012], [-71.40633, -37.46302], [-71.40592, -37.46509], [-71.40926, -37.467], [-71.41247, -37.4711], [-71.41723, -37.47209], [-71.41746, -37.45766], [-71.43289, -37.45226], [-71.43492, -37.45372], [-71.43611, -37.45601], [-71.43499, -37.45842], [-71.43088, -37.46212], [-71.43134, -37.4643], [-71.44199, -37.46557], [-71.44819, -37.46734], [-71.47497, -37.49034], [-71.47469, -37.51015], [-71.47163, -37.51706], [-71.46404, -37.52903], [-71.46316, -37.55743], [-71.46479, -37.56063], [-71.47135, -37.56629], [-71.48086, -37.56734], [-71.48343, -37.56606], [-71.48741, -37.56209], [-71.48171, -37.55429], [-71.47707, -37.54209], [-71.47656, -37.53661], [-71.4848, -37.51903], [-71.48894, -37.50709], [-71.48949, -37.49576], [-71.46818, -37.46198], [-71.49666, -37.40474], [-71.49556, -37.39766], [-71.49037, -37.3865], [-71.48974, -37.37909], [-71.46915, -37.38792], [-71.44806, -37.3982], [-71.44564, -37.39959], [-71.43984, -37.40593], [-71.43643, -37.40792], [-71.43214, -37.40909], [-71.42754, -37.40879], [-71.39837, -37.39656], [-71.39778, -37.37401], [-71.39412, -37.3689], [-71.39248, -37.36444], [-71.39101, -37.36329]], [[-71.31757, -37.42002], [-71.31365, -37.41627], [-71.31477, -37.41397], [-71.32341, -37.41563], [-71.32698, -37.41433], [-71.31976, -37.41096], [-71.3167, -37.40743], [-71.31638, -37.40503], [-71.31887, -37.39791], [-71.32239, -37.39215], [-71.33495, -37.38644], [-71.34426, -37.38546], [-71.36856, -37.38926], [-71.37823, -37.3933], [-71.38347, -37.39864], [-71.38287, -37.4283], [-71.39227, -37.42284], [-71.39742, -37.42097], [-71.40414, -37.41953], [-71.42438, -37.4189], [-71.42539, -37.41958], [-71.42437, -37.42829], [-71.42225, -37.43105], [-71.41471, -37.43558], [-71.40952, -37.43472], [-71.40822, -37.43404], [-71.40847, -37.4314], [-71.41046, -37.42944], [-71.41129, -37.42726], [-71.40954, -37.42521], [-71.40809, -37.42476], [-71.40452, -37.42571], [-71.39968, -37.42896], [-71.39208, -37.42937], [-71.38881, -37.43203], [-71.38965, -37.44095], [-71.38824, -37.44268], [-71.38494, -37.44317], [-71.35712, -37.43561], [-71.33806, -37.43887], [-71.33127, -37.43559], [-71.32155, -37.428], [-71.31835, -37.42425], [-71.31757, -37.42002]]]}, "properties": {"composicio": "Secuencias volcanicas", "epoca": "Pleistoceno", "era": "CENOZOICO", "geo": "Pl3", "ha": 17093.44, "m2": 170934439.51, "periodo": "Neogeno"}}, {"type": "Feature", "geometry": {"type": "Polygon", "coordinates": [[[-71.46487, -37.38017], [-71.47765, -37.37113], [-71.47962, -37.36802], [-71.47857, -37.36516], [-71.47609, -37.36256], [-71.46834, -37.36217], [-71.46187, -37.36085], [-71.46261, -37.36291], [-71.45937, -37.36694], [-71.45876, -37.37394], [-71.46053, -37.37735], [-71.46487, -37.38017]]]}, "properties": {"composicio": "Secuencias volcanosedimenta", "epoca": "Oligoceno Mioceno", "era": "CENOZOICO", "geo": "OM2c", "ha": 258.2, "m2": 2582001.48, "periodo": "Paleogeno"}}, {"type": "Feature", "geometry": {"type": "Polygon", "coordinates": [[[-71.46112, -37.33945], [-71.46396, -37.33702], [-71.46797, -37.32668], [-71.47, -37.31899], [-71.46958, -37.30937], [-71.41958, -37.24384], [-71.42033, -37.25268], [-71.42657, -37.27896], [-71.42745, -37.2904], [-71.41385, -37.31193], [-71.41419, -37.31582], [-71.4224, -37.32926], [-71.42524, -37.33714], [-71.42501, -37.34149], [-71.42104, -37.34439], [-71.42076, -37.34542], [-71.4214, -37.34988], [-71.42514, -37.36107], [-71.4252, -37.36519], [-71.41717, -37.38599], [-71.41777, -37.38758], [-71.42574, -37.38339], [-71.43677, -37.37184], [-71.43873, -37.36816], [-71.43721, -37.36245], [-71.43759, -37.3589], [-71.4427, -37.35484], [-71.44635, -37.34897], [-71.45163, -37.34755], [-71.45841, -37.34039], [-71.46112, -37.33945]]]}, "properties": {"composicio": "Secuencias volcanosedimenta", "epoca": "Oligoceno Mioceno", "era": "CENOZOICO", "geo": "OM2c", "ha": 3640.77, "m2": 36407730.68, "periodo": "Paleogeno"}}, {"type": "Feature", "geometry": {"type": "Polygon", "coordinates": [[[-71.43001, -37.2069], [-71.42857, -37.21229], [-71.43365, -37.22142], [-71.44042, -37.24483], [-71.45919, -37.26481], [-71.45352, -37.22949], [-71.43001, -37.2069]]]}, "properties": {"composicio": "Secuencias sedimentarias", "epoca": "Pleistoceno Holoceno", "era": "CENOZOICO", "geo": "Q1", "ha": 637.65, "m2": 6376485.25, "periodo": "Cuaternario"}}, {"type": "Feature", "geometry": {"type": "Polygon", "coordinates": [[[-71.36333, -36.81481], [-71.35406, -36.8143], [-71.35133, -36.81343], [-71.32199, -36.79797], [-71.31928, -36.7979], [-71.31621, -36.80003], [-71.31322, -36.80008], [-71.29126, -36.79408], [-71.29434, -36.80226], [-71.29805, -36.80253], [-71.29949, -36.80343], [-71.30046, -36.8176], [-71.30456, -36.81672], [-71.31383, -36.81701], [-71.31991, -36.82593], [-71.32828, -36.82978], [-71.32934, -36.83194], [-71.32868, -36.834], [-71.32393, -36.83719], [-71.31759, -36.83983], [-71.28611, -36.83492], [-71.30978, -36.86664], [-71.31627, -36.89523], [-71.31326, -36.89472], [-71.30383, -36.88871], [-71.30158, -36.87434], [-71.30065, -36.87138], [-71.29903, -36.86947], [-71.28815, -36.88878], [-71.28687, -36.8888], [-71.28542, -36.88265], [-71.28218, -36.87905], [-71.27583, -36.87619], [-71.27169, -36.87604], [-71.26795, -36.87451], [-71.27262, -36.85222], [-71.25958, -36.83381], [-71.2257, -36.87802], [-71.22235, -36.88048], [-71.21655, -36.8823], [-71.21333, -36.88453], [-71.21211, -36.88708], [-71.21623, -36.89192], [-71.21571, -36.89388], [-71.19128, -36.90827], [-71.19039, -36.91253], [-71.19151, -36.91719], [-71.19045, -36.92008], [-71.17202, -36.91903], [-71.16655, -36.92245], [-71.16115, -36.92894], [-71.15769, -36.93839], [-71.15185, -36.93861], [-71.14695, -36.94247], [-71.14482, -36.94834], [-71.14866, -36.96476], [-71.1482, -36.96923], [-71.14671, -36.97223], [-71.14495, -36.97592], [-71.1418, -36.97933], [-71.18212, -36.96817], [-71.22116, -36.97438], [-71.2232, -36.97757], [-71.22247, -36.98649], [-71.21824, -36.99019], [-71.21277, -36.98681], [-71.20707, -36.98731], [-71.19178, -36.99614], [-71.17693, -36.9958], [-71.15854, -37.01028], [-71.13904, -37.0469], [-71.13893, -37.05117], [-71.14206, -37.05805], [-71.14297, -37.06238], [-71.141, -37.06468], [-71.14074, -37.06629], [-71.13735, -37.06952], [-71.12197, -37.0733], [-71.12073, -37.09032], [-71.11449, -37.09378], [-71.11178, -37.09401], [-71.09532, -37.11329], [-71.09512, -37.11969], [-71.09952, -37.12455], [-71.10273, -37.12023], [-71.10913, -37.11607], [-71.11078, -37.10954], [-71.13319, -37.10516], [-71.13501, -37.10194], [-71.13295, -37.09542], [-71.1342, -37.09244], [-71.15836, -37.09218], [-71.15891, -37.07625], [-71.18799, -37.08202], [-71.19735, -37.06203], [-71.20192, -37.06188], [-71.20255, -37.0668], [-71.20442, -37.0684], [-71.20813, -37.06723], [-71.21223, -37.06353], [-71.21049, -37.04819], [-71.21471, -37.04187], [-71.21929, -37.0297], [-71.21954, -37.0266], [-71.21803, -37.01952], [-71.22027, -37.01481], [-71.23776, -37.00793], [-71.24489, -37.00742], [-71.25292, -37.01046], [-71.25735, -37.01077], [-71.26739, -36.99444], [-71.27498, -36.99475], [-71.27609, -36.99302], [-71.26072, -36.98266], [-71.25914, -36.97468], [-71.24945, -36.96719], [-71.25192, -36.96268], [-71.25705, -36.96259], [-71.26554, -36.95923], [-71.26885, -36.96031], [-71.27205, -36.96334], [-71.27797, -36.96552], [-71.28457, -36.9662], [-71.28682, -36.96456], [-71.28632, -36.96159], [-71.28237, -36.958], [-71.27751, -36.95169], [-71.27337, -36.93425], [-71.30378, -36.94513], [-71.30571, -36.95322], [-71.30702, -36.95434], [-71.31072, -36.95348], [-71.31332, -36.95457], [-71.31445, -36.96485], [-71.31583, -36.96814], [-71.31852, -36.96729], [-71.32169, -36.96803], [-71.32448, -36.97095], [-71.3281, -36.97798], [-71.33368, -36.97787], [-71.33757, -36.97356], [-71.34055, -36.97305], [-71.3419, -36.97028], [-71.34191, -36.96582], [-71.3395, -36.95614], [-71.32044, -36.93292], [-71.32662, -36.9344], [-71.33242, -36.93762], [-71.33893, -36.93577], [-71.34179, -36.93584], [-71.34308, -36.93627], [-71.34706, -36.94066], [-71.35313, -36.94317], [-71.35985, -36.94373], [-71.37192, -36.9419], [-71.37705, -36.94179], [-71.45401, -36.95345], [-71.44796, -36.95139], [-71.43941, -36.95214], [-71.43323, -36.95066], [-71.3813, -36.92089], [-71.38354, -36.91936], [-71.38933, -36.9173], [-71.40111, -36.91524], [-71.40443, -36.91678], [-71.40975, -36.92308], [-71.41247, -36.92361], [-71.42197, -36.92136], [-71.44333, -36.92036], [-71.44602, -36.9195], [-71.45132, -36.91563], [-71.45412, -36.9147], [-71.4245, -36.91524], [-71.40097, -36.88046], [-71.39711, -36.89495], [-71.39057, -36.89565], [-71.37416, -36.8954], [-71.37425, -36.89345], [-71.36809, -36.88727], [-71.36584, -36.88354], [-71.36484, -36.87818], [-71.3656, -36.87507], [-71.34956, -36.87744], [-71.34274, -36.87299], [-71.33945, -36.86756], [-71.33968, -36.86561], [-71.34991, -36.86439], [-71.34967, -36.86096], [-71.34731, -36.85814], [-71.34777, -36.85425], [-71.35049, -36.85465], [-71.35774, -36.85886], [-71.36044, -36.85881], [-71.36454, -36.8577], [-71.37095, -36.85231], [-71.36972, -36.84432], [-71.37253, -36.84301], [-71.37319, -36.84094], [-71.37022, -36.83688], [-71.36483, -36.83251], [-71.36244, -36.82879], [-71.36141, -36.82252], [-71.36333, -36.81481]]]}, "properties": {"composicio": "Secuencias volcanicas", "epoca": "Plioceno Pleistoceno", "era": "CENOZOICO", "geo": "PPl3", "ha": 31577.84, "m2": 315778421.81, "periodo": "Neogeno"}}, {"type": "Feature", "geometry": {"type": "Polygon", "coordinates": [[[-71.41546, -37.15906], [-71.412, -37.15714], [-71.40838, -37.15385], [-71.40689, -37.14997], [-71.4072, -37.14069], [-71.40566, -37.13269], [-71.40017, -37.12861], [-71.38909, -37.12402], [-71.37238, -37.12564], [-71.36092, -37.12436], [-71.34845, -37.12149], [-71.34326, -37.11832], [-71.34195, -37.1165], [-71.3398, -37.10518], [-71.33601, -37.09948], [-71.33428, -37.09789], [-71.33069, -37.09689], [-71.32499, -37.09831], [-71.32205, -37.10314], [-71.32097, -37.10842], [-71.32156, -37.12193], [-71.3428, -37.18371], [-71.32438, -37.22061], [-71.32389, -37.22794], [-71.32627, -37.2348], [-71.32996, -37.23665], [-71.32036, -37.24462], [-71.32781, -37.24189], [-71.33471, -37.2357], [-71.33616, -37.23528], [-71.33286, -37.24293], [-71.33022, -37.24624], [-71.32823, -37.24774], [-71.32348, -37.24808], [-71.3217, -37.24964], [-71.3211, -37.2671], [-71.3358, -37.25766], [-71.33721, -37.25838], [-71.33572, -37.25979], [-71.33257, -37.26841], [-71.33976, -37.27019], [-71.35124, -37.27169], [-71.37002, -37.27177], [-71.3719, -37.2737], [-71.37252, -37.27679], [-71.36818, -37.2956], [-71.36024, -37.30196], [-71.35652, -37.30269], [-71.35164, -37.30226], [-71.34126, -37.298], [-71.3367, -37.29998], [-71.33404, -37.30447], [-71.33355, -37.311], [-71.33458, -37.31339], [-71.33676, -37.31555], [-71.34138, -37.31769], [-71.36069, -37.31467], [-71.36116, -37.31764], [-71.35651, -37.3241], [-71.35457, -37.32926], [-71.35704, -37.33165], [-71.36079, -37.33345], [-71.37425, -37.33162], [-71.37516, -37.33494], [-71.3722, -37.33919], [-71.3693, -37.34724], [-71.37021, -37.35112], [-71.37297, -37.35361], [-71.37542, -37.35439], [-71.37958, -37.35437], [-71.38314, -37.35238], [-71.39442, -37.33798], [-71.39523, -37.34506], [-71.39101, -37.36329], [-71.39248, -37.36444], [-71.39412, -37.3689], [-71.39778, -37.37401], [-71.39754, -37.37791], [-71.39628, -37.37986], [-71.40871, -37.38641], [-71.41504, -37.38784], [-71.41777, -37.38758], [-71.41717, -37.38599], [-71.4252, -37.36519], [-71.42514, -37.36107], [-71.4214, -37.34988], [-71.42076, -37.34542], [-71.42104, -37.34439], [-71.42501, -37.34149], [-71.42524, -37.33714], [-71.4224, -37.32926], [-71.41419, -37.31582], [-71.41385, -37.31193], [-71.42745, -37.2904], [-71.41798, -37.2377], [-71.42234, -37.23217], [-71.42457, -37.22768], [-71.43384, -37.18397], [-71.43679, -37.1804], [-71.43991, -37.1782], [-71.44087, -37.17521], [-71.43493, -37.16976], [-71.42274, -37.16804], [-71.41929, -37.16692], [-71.41681, -37.16339], [-71.41762, -37.16041], [-71.41546, -37.15906]]]}, "properties": {"composicio": "Secuencias volcanicas", "epoca": "Mioceno Inferior Medio", "era": "CENOZOICO", "geo": "M3i", "ha": 19233.83, "m2": 192338270.26, "periodo": "Neogeno"}}, {"type": "Feature", "geometry": {"type": "Polygon", "coordinates": [[[-71.39386, -36.94582], [-71.38256, -36.94455], [-71.37527, -36.94927], [-71.37423, -36.95307], [-71.37424, -36.96394], [-71.37107, -36.96858], [-71.3709, -36.97293], [-71.37358, -36.97722], [-71.39184, -36.99481], [-71.39454, -36.99544], [-71.40049, -37.00185], [-71.39982, -37.00712], [-71.39841, -37.00874], [-71.396, -37.0098], [-71.39015, -37.00996], [-71.38412, -37.00794], [-71.37648, -37.00331], [-71.37042, -36.99551], [-71.35661, -36.96611], [-71.35313, -36.94317], [-71.34706, -36.94066], [-71.34308, -36.93627], [-71.34179, -36.93584], [-71.33893, -36.93577], [-71.33242, -36.93762], [-71.32662, -36.9344], [-71.32044, -36.93292], [-71.3395, -36.95614], [-71.34191, -36.96582], [-71.3419, -36.97028], [-71.34055, -36.97305], [-71.34406, -36.98122], [-71.3468, -36.98295], [-71.34782, -36.98451], [-71.34698, -37.01799], [-71.37485, -37.00894], [-71.39085, -37.01969], [-71.39182, -37.02803], [-71.39471, -37.0311], [-71.39816, -37.03268], [-71.40202, -37.03241], [-71.41079, -37.02673], [-71.42318, -37.02376], [-71.426, -37.02098], [-71.4275, -37.01617], [-71.42328, -37.01002], [-71.42039, -37.00741], [-71.41892, -37.00331], [-71.42386, -36.99684], [-71.42518, -36.99337], [-71.42501, -36.98697], [-71.39706, -36.97001], [-71.39452, -36.95393], [-71.39297, -36.94939], [-71.39386, -36.94582]]]}, "properties": {"composicio": "Rocas intrusivas", "epoca": "Mioceno Inferior Medio  22-16 Ma", "era": "CENOZOICO", "geo": "Mimg", "ha": 4090.74, "m2": 40907445.99, "periodo": "Neogeno"}}, {"type": "Feature", "geometry": {"type": "Polygon", "coordinates": [[[-71.39455, -37.1147], [-71.39811, -37.11398], [-71.40234, -37.10936], [-71.3987, -37.1047], [-71.39178, -37.10063], [-71.38441, -37.0944], [-71.3796, -37.08722], [-71.37751, -37.08083], [-71.37503, -37.07673], [-71.35184, -37.08527], [-71.35058, -37.08746], [-71.35054, -37.09525], [-71.35375, -37.10049], [-71.35708, -37.10321], [-71.39455, -37.1147]]]}, "properties": {"composicio": "Secuencias volcanicas", "epoca": "Mioceno Inferior Medio", "era": "CENOZOICO", "geo": "M3i", "ha": 1016.44, "m2": 10164366.17, "periodo": "Neogeno"}}, {"type": "Feature", "geometry": {"type": "Polygon", "coordinates": [[[-71.38256, -36.94455], [-71.35313, -36.94317], [-71.35661, -36.96611], [-71.37648, -37.00331], [-71.38412, -37.00794], [-71.39015, -37.00996], [-71.396, -37.0098], [-71.39841, -37.00874], [-71.39982, -37.00712], [-71.40049, -37.00185], [-71.3709, -36.97293], [-71.37527, -36.94927], [-71.38256, -36.94455]]]}, "properties": {"composicio": "Secuencias volcanosedimenta", "epoca": "Oligoceno Mioceno", "era": "CENOZOICO", "geo": "OM2c", "ha": 1213.57, "m2": 12135689.14, "periodo": "Paleogeno"}}, {"type": "Feature", "geometry": {"type": "Polygon", "coordinates": [[[-71.39101, -37.36329], [-71.39523, -37.34506], [-71.39442, -37.33798], [-71.38314, -37.35238], [-71.37958, -37.35437], [-71.37542, -37.35439], [-71.37297, -37.35361], [-71.37021, -37.35112], [-71.3693, -37.34724], [-71.3722, -37.33919], [-71.37516, -37.33494], [-71.37425, -37.33162], [-71.36079, -37.33345], [-71.35704, -37.33165], [-71.35457, -37.32926], [-71.35651, -37.3241], [-71.36116, -37.31764], [-71.36069, -37.31467], [-71.34138, -37.31769], [-71.33676, -37.31555], [-71.33458, -37.31339], [-71.33355, -37.311], [-71.33404, -37.30447], [-71.3367, -37.29998], [-71.36024, -37.30196], [-71.36818, -37.2956], [-71.37014, -37.29192], [-71.37093, -37.28693], [-71.34957, -37.28588], [-71.35129, -37.28988], [-71.35583, -37.29486], [-71.35797, -37.29886], [-71.34254, -37.28955], [-71.31344, -37.29635], [-71.30618, -37.32257], [-71.30713, -37.32402], [-71.31324, -37.32371], [-71.31443, -37.32449], [-71.3072, -37.33324], [-71.31385, -37.34142], [-71.3155, -37.34146], [-71.31584, -37.34554], [-71.32343, -37.34624], [-71.33026, -37.344], [-71.3459, -37.32766], [-71.34436, -37.33398], [-71.33949, -37.34107], [-71.34107, -37.34867], [-71.35405, -37.3491], [-71.36633, -37.33966], [-71.36201, -37.35513], [-71.36853, -37.36119], [-71.37496, -37.37349], [-71.3785, -37.3766], [-71.38015, -37.37566], [-71.38297, -37.37197], [-71.38457, -37.36302], [-71.38642, -37.36152], [-71.38771, -37.36151], [-71.39101, -37.36329]]]}, "properties": {"composicio": "Secuencias volcanosedimenta", "epoca": "Oligoceno Mioceno", "era": "CENOZOICO", "geo": "OM2c", "ha": 3005.56, "m2": 30055610.15, "periodo": "Paleogeno"}}, {"type": "Feature", "geometry": {"type": "Polygon", "coordinates": [[[-71.30916, -37.18157], [-71.30805, -37.18373], [-71.3049, -37.18666], [-71.30826, -37.18979], [-71.30993, -37.19236], [-71.31023, -37.19948], [-71.30245, -37.22465], [-71.30219, -37.23135], [-71.3056, -37.23567], [-71.3056, -37.24128], [-71.28411, -37.23331], [-71.28071, -37.23592], [-71.27623, -37.23695], [-71.26941, -37.23718], [-71.268, -37.23657], [-71.26609, -37.23217], [-71.26518, -37.23175], [-71.26436, -37.23419], [-71.26283, -37.23484], [-71.25932, -37.23475], [-71.24174, -37.21346], [-71.23821, -37.21199], [-71.23523, -37.2094], [-71.23294, -37.21112], [-71.25042, -37.24237], [-71.24962, -37.24619], [-71.24807, -37.24741], [-71.24093, -37.25003], [-71.23547, -37.25069], [-71.24451, -37.25379], [-71.24795, -37.25387], [-71.25409, -37.251], [-71.26077, -37.24904], [-71.2874, -37.25028], [-71.29576, -37.26378], [-71.29169, -37.28732], [-71.27279, -37.27889], [-71.26868, -37.27937], [-71.26519, -37.28065], [-71.28287, -37.29827], [-71.27549, -37.31075], [-71.2779, -37.31327], [-71.27804, -37.3154], [-71.26505, -37.32251], [-71.26783, -37.3231], [-71.26849, -37.32438], [-71.26787, -37.32745], [-71.27642, -37.32738], [-71.2768, -37.32871], [-71.27524, -37.33182], [-71.27662, -37.33512], [-71.27095, -37.33681], [-71.26923, -37.33854], [-71.26984, -37.34125], [-71.27523, -37.3431], [-71.27731, -37.34687], [-71.27409, -37.35023], [-71.27283, -37.3565], [-71.29558, -37.37739], [-71.29587, -37.39217], [-71.28217, -37.39339], [-71.27975, -37.38713], [-71.27693, -37.38403], [-71.24392, -37.36299], [-71.24129, -37.35798], [-71.24058, -37.35489], [-71.23947, -37.35383], [-71.23621, -37.36188], [-71.26034, -37.38562], [-71.24104, -37.39413], [-71.22646, -37.39399], [-71.22363, -37.40183], [-71.2645, -37.39311], [-71.27249, -37.39836], [-71.27466, -37.4015], [-71.27677, -37.40282], [-71.27816, -37.40576], [-71.27808, -37.40795], [-71.26087, -37.41611], [-71.25913, -37.41824], [-71.25874, -37.42264], [-71.25939, -37.42437], [-71.25695, -37.42431], [-71.25302, -37.42547], [-71.24865, -37.42869], [-71.24713, -37.44177], [-71.26431, -37.47123], [-71.26729, -37.48688], [-71.27265, -37.47132], [-71.29995, -37.47772], [-71.31448, -37.47567], [-71.30291, -37.45878], [-71.28038, -37.45571], [-71.28162, -37.44972], [-71.27421, -37.44072], [-71.28684, -37.4116], [-71.2952, -37.4094], [-71.29867, -37.40691], [-71.29959, -37.40539], [-71.30021, -37.39858], [-71.30165, -37.39861], [-71.30512, -37.39636], [-71.30325, -37.39075], [-71.30557, -37.38279], [-71.34551, -37.36785], [-71.35456, -37.36767], [-71.35655, -37.36829], [-71.37538, -37.38117], [-71.37682, -37.3812], [-71.37764, -37.38031], [-71.3785, -37.3766], [-71.37496, -37.37349], [-71.36853, -37.36119], [-71.36201, -37.35513], [-71.36633, -37.33966], [-71.35405, -37.3491], [-71.3437, -37.34931], [-71.34107, -37.34867], [-71.33949, -37.34107], [-71.34436, -37.33398], [-71.3459, -37.32766], [-71.32343, -37.34624], [-71.31584, -37.34554], [-71.3155, -37.34146], [-71.31385, -37.34142], [-71.3072, -37.33324], [-71.31443, -37.32449], [-71.31324, -37.32371], [-71.30713, -37.32402], [-71.30618, -37.32257], [-71.30864, -37.30361], [-71.31251, -37.30182], [-71.31344, -37.29635], [-71.31559, -37.2945], [-71.32426, -37.29289], [-71.32736, -37.29078], [-71.34254, -37.28955], [-71.35797, -37.29886], [-71.35583, -37.29486], [-71.35129, -37.28988], [-71.34957, -37.28588], [-71.37093, -37.28693], [-71.37173, -37.283], [-71.33916, -37.27865], [-71.31809, -37.2838], [-71.33721, -37.25838], [-71.3211, -37.2671], [-71.3217, -37.24964], [-71.32348, -37.24808], [-71.32823, -37.24774], [-71.33022, -37.24624], [-71.33286, -37.24293], [-71.33616, -37.23528], [-71.3148, -37.2462], [-71.31954, -37.24232], [-71.3199, -37.23305], [-71.3195, -37.23034], [-71.31477, -37.22284], [-71.33198, -37.20608], [-71.3172, -37.21586], [-71.31111, -37.21376], [-71.31119, -37.2117], [-71.31896, -37.2017], [-71.3191, -37.1982], [-71.30916, -37.18157]]]}, "properties": {"composicio": "S I", "epoca": "S I", "era": "S I", "geo": "S I", "ha": 11570.32, "m2": 115703231.94, "periodo": "S I"}}, {"type": "Feature", "geometry": {"type": "Polygon", "coordinates": [[[-71.37173, -37.283], [-71.37252, -37.27679], [-71.3719, -37.2737], [-71.37002, -37.27177], [-71.35124, -37.27169], [-71.33976, -37.27019], [-71.33257, -37.26841], [-71.33572, -37.25979], [-71.31809, -37.2838], [-71.33916, -37.27865], [-71.37173, -37.283]]]}, "properties": {"composicio": "Secuencias volcanosedimenta", "epoca": "Oligoceno Mioceno", "era": "CENOZOICO", "geo": "OM2c", "ha": 495.76, "m2": 4957601.89, "periodo": "Paleogeno"}}, {"type": "Feature", "geometry": {"type": "Polygon", "coordinates": [[[-71.30921, -37.09443], [-71.31191, -37.09292], [-71.32064, -37.08208], [-71.3246, -37.07896], [-71.33244, -37.07684], [-71.35002, -37.0767], [-71.35601, -37.07562], [-71.35655, -37.07367], [-71.35596, -37.07184], [-71.35207, -37.06947], [-71.33418, -37.06789], [-71.32511, -37.06224], [-71.31522, -37.06025], [-71.30873, -37.05592], [-71.30848, -37.05802], [-71.31086, -37.06544], [-71.31125, -37.07369], [-71.304, -37.08874], [-71.30432, -37.0916], [-71.30664, -37.09422], [-71.30921, -37.09443]]]}, "properties": {"composicio": "Secuencias volcanicas", "epoca": "Plioceno Pleistoceno", "era": "CENOZOICO", "geo": "PPl3", "ha": 721.63, "m2": 7216307.99, "periodo": "Neogeno"}}, {"type": "Feature", "geometry": {"type": "Polygon", "coordinates": [[[-71.32036, -37.24462], [-71.32996, -37.23665], [-71.32627, -37.2348], [-71.32389, -37.22794], [-71.32438, -37.22061], [-71.32718, -37.21624], [-71.3274, -37.21423], [-71.3244, -37.21678], [-71.31613, -37.22115], [-71.31477, -37.22284], [-71.3195, -37.23034], [-71.3199, -37.23305], [-71.31954, -37.24232], [-71.3148, -37.2462], [-71.32036, -37.24462]]]}, "properties": {"composicio": "Secuencias volcanosedimenta", "epoca": "Oligoceno Mioceno", "era": "CENOZOICO", "geo": "OM2c", "ha": 181.94, "m2": 1819403.3, "periodo": "Paleogeno"}}, {"type": "Feature", "geometry": {"type": "Polygon", "coordinates": [[[-71.30826, -37.18979], [-71.3049, -37.18666], [-71.30805, -37.18373], [-71.30916, -37.18157], [-71.30931, -37.1803], [-71.30011, -37.18026], [-71.2912, -37.17713], [-71.28788, -37.17509], [-71.28355, -37.17169], [-71.28021, -37.16736], [-71.27767, -37.15856], [-71.27623, -37.15823], [-71.27266, -37.15906], [-71.2719, -37.17933], [-71.27807, -37.18032], [-71.28071, -37.18591], [-71.28331, -37.18737], [-71.30826, -37.18979]]]}, "properties": {"composicio": "Secuencias sedimentarias", "epoca": "Pleistoceno Holoceno", "era": "CENOZOICO", "geo": "Q1", "ha": 481.32, "m2": 4813206.81, "periodo": "Cuaternario"}}, {"type": "Feature", "geometry": {"type": "Polygon", "coordinates": [[[-71.21633, -37.16278], [-71.22285, -37.15724], [-71.23068, -37.15387], [-71.23093, -37.15066], [-71.22934, -37.14872], [-71.22575, -37.14818], [-71.21904, -37.14902], [-71.21803, -37.14857], [-71.21554, -37.14356], [-71.22997, -37.11574], [-71.23438, -37.11399], [-71.24711, -37.11447], [-71.25325, -37.11339], [-71.27174, -37.11704], [-71.27532, -37.11713], [-71.29857, -37.10103], [-71.2957, -37.09968], [-71.28912, -37.09985], [-71.28228, -37.10174], [-71.27221, -37.10868], [-71.26537, -37.11022], [-71.23401, -37.10621], [-71.2281, -37.10247], [-71.2226, -37.09655], [-71.21917, -37.09681], [-71.21434, -37.09947], [-71.20849, -37.10055], [-71.22319, -37.11098], [-71.21082, -37.13053], [-71.20887, -37.14818], [-71.21, -37.15951], [-71.21175, -37.16271], [-71.21633, -37.16278]]]}, "properties": {"composicio": "Secuencias sedimentarias", "epoca": "Pleistoceno Holoceno", "era": "CENOZOICO", "geo": "Q1", "ha": 1164.7, "m2": 11647037.05, "periodo": "Cuaternario"}}, {"type": "Feature", "geometry": {"type": "Polygon", "coordinates": [[[-71.29698, -37.16987], [-71.29853, -37.16825], [-71.29732, -37.16288], [-71.29766, -37.15566], [-71.29593, -37.15419], [-71.28804, -37.15219], [-71.28208, -37.15705], [-71.28198, -37.16048], [-71.29698, -37.16987]]]}, "properties": {"composicio": "Rocas intrusivas", "epoca": "Mioceno Inferior Medio  22-16 Ma", "era": "CENOZOICO", "geo": "Mimg", "ha": 192.4, "m2": 1923992.08, "periodo": "Neogeno"}}, {"type": "Feature", "geometry": {"type": "Polygon", "coordinates": [[[-71.23838, -37.35768], [-71.23194, -37.35207], [-71.22212, -37.33383], [-71.22062, -37.32788], [-71.2207, -37.32284], [-71.22154, -37.32111], [-71.22383, -37.3203], [-71.22481, -37.31846], [-71.227, -37.32211], [-71.22899, -37.33263], [-71.23031, -37.33548], [-71.23815, -37.34379], [-71.24122, -37.3488], [-71.24199, -37.35338], [-71.24129, -37.35798], [-71.24392, -37.36299], [-71.27693, -37.38403], [-71.27975, -37.38713], [-71.28217, -37.39339], [-71.29587, -37.39217], [-71.29558, -37.37739], [-71.27283, -37.3565], [-71.27409, -37.35023], [-71.27731, -37.34687], [-71.27523, -37.3431], [-71.26984, -37.34125], [-71.26923, -37.33854], [-71.27095, -37.33681], [-71.27662, -37.33512], [-71.27524, -37.33182], [-71.2768, -37.32871], [-71.27642, -37.32738], [-71.26787, -37.32745], [-71.26849, -37.32438], [-71.26783, -37.3231], [-71.26505, -37.32251], [-71.27804, -37.3154], [-71.2779, -37.31327], [-71.27549, -37.31075], [-71.28287, -37.29827], [-71.26519, -37.28065], [-71.26868, -37.27937], [-71.27279, -37.27889], [-71.29009, -37.28786], [-71.29169, -37.28732], [-71.29411, -37.28218], [-71.29424, -37.27898], [-71.2928, -37.27727], [-71.29101, -37.27724], [-71.29576, -37.26378], [-71.2874, -37.25028], [-71.26077, -37.24904], [-71.25409, -37.251], [-71.24795, -37.25387], [-71.24451, -37.25379], [-71.23547, -37.25069], [-71.2309, -37.24846], [-71.22604, -37.2494], [-71.2185, -37.25461], [-71.21825, -37.25747], [-71.21913, -37.25918], [-71.22301, -37.26099], [-71.23447, -37.26068], [-71.23649, -37.26192], [-71.23709, -37.26409], [-71.22902, -37.27262], [-71.22932, -37.27366], [-71.23849, -37.27393], [-71.24482, -37.27561], [-71.24947, -37.29343], [-71.26698, -37.29537], [-71.26904, -37.29948], [-71.26883, -37.30589], [-71.2564, -37.30999], [-71.24644, -37.32849], [-71.25637, -37.34423], [-71.25624, -37.34537], [-71.25115, -37.35125], [-71.24872, -37.35173], [-71.24584, -37.35106], [-71.24293, -37.34741], [-71.23952, -37.33782], [-71.23165, -37.32723], [-71.23204, -37.32357], [-71.2367, -37.31723], [-71.23934, -37.31011], [-71.2372, -37.29845], [-71.23411, -37.29183], [-71.2315, -37.28875], [-71.22805, -37.28809], [-71.22319, -37.28939], [-71.22257, -37.31034], [-71.21302, -37.32828], [-71.21319, -37.33091], [-71.21643, -37.33844], [-71.21513, -37.35013], [-71.20274, -37.35812], [-71.20408, -37.36269], [-71.2064, -37.36519], [-71.209, -37.36621], [-71.21776, -37.36741], [-71.2234, -37.37057], [-71.22573, -37.37411], [-71.22579, -37.37902], [-71.19706, -37.37878], [-71.17733, -37.39754], [-71.17731, -37.40765], [-71.17806, -37.41119], [-71.18026, -37.41496], [-71.20981, -37.43868], [-71.21191, -37.446], [-71.21196, -37.45127], [-71.21035, -37.46066], [-71.20443, -37.47067], [-71.20036, -37.47975], [-71.19439, -37.49857], [-71.19393, -37.50887], [-71.19917, -37.5149], [-71.20713, -37.51989], [-71.21708, -37.52256], [-71.2237, -37.52298], [-71.22599, -37.52182], [-71.22797, -37.51917], [-71.23173, -37.50861], [-71.23303, -37.50871], [-71.2381, -37.51177], [-71.24049, -37.5074], [-71.24475, -37.50313], [-71.24948, -37.50184], [-71.25998, -37.50221], [-71.26241, -37.50117], [-71.26662, -37.49266], [-71.26729, -37.48688], [-71.2631, -37.46864], [-71.25626, -37.46766], [-71.25037, -37.46828], [-71.2441, -37.47199], [-71.24327, -37.47509], [-71.24309, -37.48413], [-71.22621, -37.50315], [-71.22363, -37.50443], [-71.22017, -37.50354], [-71.21754, -37.49909], [-71.23736, -37.47364], [-71.23567, -37.43941], [-71.24007, -37.43492], [-71.24307, -37.43364], [-71.24552, -37.43385], [-71.24872, -37.43594], [-71.24993, -37.43089], [-71.24859, -37.43023], [-71.24865, -37.42869], [-71.25302, -37.42547], [-71.25695, -37.42431], [-71.25939, -37.42437], [-71.25874, -37.42264], [-71.25913, -37.41824], [-71.26087, -37.41611], [-71.27808, -37.40795], [-71.2645, -37.39311], [-71.22363, -37.40183], [-71.22646, -37.39399], [-71.24104, -37.39413], [-71.26034, -37.38562], [-71.23621, -37.36188], [-71.23701, -37.35984], [-71.23845, -37.35988], [-71.23838, -37.35768]], [[-71.28409, -37.27612], [-71.27543, -37.27125], [-71.26658, -37.27396], [-71.26314, -37.27364], [-71.25677, -37.26819], [-71.24984, -37.26389], [-71.24996, -37.26183], [-71.26755, -37.25929], [-71.28747, -37.27117], [-71.28765, -37.27379], [-71.28652, -37.27575], [-71.28409, -37.27612]]]}, "properties": {"composicio": "Secuencias volcanosedimenta", "epoca": "Oligoceno Mioceno", "era": "CENOZOICO", "geo": "OM2c", "ha": 12877.0, "m2": 128770014.27, "periodo": "Paleogeno"}}, {"type": "Feature", "geometry": {"type": "Polygon", "coordinates": [[[-71.2677, -37.15039], [-71.26997, -37.14901], [-71.27231, -37.14097], [-71.28774, -37.1396], [-71.29209, -37.13281], [-71.29428, -37.12455], [-71.29424, -37.12088], [-71.29046, -37.1161], [-71.28558, -37.11441], [-71.28188, -37.11582], [-71.28061, -37.11766], [-71.28, -37.12637], [-71.27787, -37.12787], [-71.27144, -37.12827], [-71.26282, -37.12467], [-71.24307, -37.12389], [-71.23722, -37.1253], [-71.23071, -37.13085], [-71.22432, -37.1349], [-71.22421, -37.138], [-71.22609, -37.13982], [-71.22882, -37.14059], [-71.24262, -37.13409], [-71.24505, -37.13453], [-71.24953, -37.1385], [-71.25211, -37.13871], [-71.25538, -37.13651], [-71.25709, -37.1365], [-71.25981, -37.14862], [-71.26426, -37.15019], [-71.2677, -37.15039]]]}, "properties": {"composicio": "Secuencias volcanicas", "epoca": "Plioceno Pleistoceno", "era": "CENOZOICO", "geo": "PPl3", "ha": 1067.3, "m2": 10672983.74, "periodo": "Neogeno"}}, {"type": "Feature", "geometry": {"type": "Polygon", "coordinates": [[[-71.28409, -37.27612], [-71.28652, -37.27575], [-71.28765, -37.27379], [-71.28747, -37.27117], [-71.26755, -37.25929], [-71.24996, -37.26183], [-71.24984, -37.26389], [-71.25677, -37.26819], [-71.26314, -37.27364], [-71.26658, -37.27396], [-71.27543, -37.27125], [-71.28409, -37.27612]]]}, "properties": {"composicio": "Secuencias volcanicas", "epoca": "Plioceno Pleistoceno", "era": "CENOZOICO", "geo": "PPl3", "ha": 365.25, "m2": 3652528.37, "periodo": "Neogeno"}}, {"type": "Feature", "geometry": {"type": "Polygon", "coordinates": [[[-71.2653, -37.05582], [-71.27733, -37.04588], [-71.2603, -37.01922], [-71.25605, -37.02177], [-71.25426, -37.02808], [-71.25473, -37.04377], [-71.25695, -37.05004], [-71.26158, -37.0555], [-71.2653, -37.05582]]]}, "properties": {"composicio": "Secuencias volcanicas", "epoca": "Plioceno Pleistoceno", "era": "CENOZOICO", "geo": "PPl3", "ha": 484.12, "m2": 4841163.21, "periodo": "Neogeno"}}, {"type": "Feature", "geometry": {"type": "Polygon", "coordinates": [[[-71.24901, -37.23905], [-71.24679, -37.23754], [-71.23885, -37.22735], [-71.2286, -37.22303], [-71.2249, -37.22278], [-71.20847, -37.20246], [-71.20224, -37.19597], [-71.20237, -37.19449], [-71.21163, -37.1903], [-71.2142, -37.19006], [-71.22001, -37.19723], [-71.22246, -37.19881], [-71.22489, -37.19891], [-71.22703, -37.19786], [-71.22954, -37.19212], [-71.23212, -37.19199], [-71.25679, -37.20865], [-71.2626, -37.20322], [-71.2651, -37.19747], [-71.26492, -37.19393], [-71.25854, -37.18699], [-71.25736, -37.18425], [-71.25847, -37.18115], [-71.26413, -37.17573], [-71.26034, -37.16922], [-71.26059, -37.16682], [-71.26569, -37.16232], [-71.26695, -37.15945], [-71.26261, -37.1557], [-71.21599, -37.17057], [-71.20817, -37.17543], [-71.20326, -37.18418], [-71.19513, -37.1872], [-71.1769, -37.16889], [-71.16646, -37.15557], [-71.18729, -37.16378], [-71.18872, -37.16321], [-71.1931, -37.15847], [-71.19708, -37.15627], [-71.19757, -37.14849], [-71.19537, -37.14369], [-71.18799, -37.13561], [-71.18079, -37.1313], [-71.17833, -37.12835], [-71.17816, -37.12537], [-71.18207, -37.11664], [-71.18116, -37.11161], [-71.12507, -37.13413], [-71.13548, -37.14429], [-71.13798, -37.1605], [-71.11506, -37.20854], [-71.14293, -37.2223], [-71.16992, -37.22608], [-71.1581, -37.23968], [-71.18512, -37.25673], [-71.18693, -37.27273], [-71.2169, -37.27271], [-71.2185, -37.29443], [-71.20744, -37.31497], [-71.20725, -37.33346], [-71.19271, -37.35216], [-71.19306, -37.36058], [-71.19471, -37.36341], [-71.203, -37.3651], [-71.203, -37.3651], [-71.19706, -37.37878], [-71.22579, -37.37902], [-71.22573, -37.37411], [-71.2234, -37.37057], [-71.21776, -37.36741], [-71.209, -37.36621], [-71.2064, -37.36519], [-71.20408, -37.36269], [-71.20274, -37.35812], [-71.21513, -37.35013], [-71.21643, -37.33844], [-71.21319, -37.33091], [-71.21302, -37.32828], [-71.22257, -37.31034], [-71.22319, -37.28939], [-71.22805, -37.28809], [-71.2315, -37.28875], [-71.23411, -37.29183], [-71.2372, -37.29845], [-71.23934, -37.31011], [-71.2367, -37.31723], [-71.23204, -37.32357], [-71.23165, -37.32723], [-71.23952, -37.33782], [-71.24293, -37.34741], [-71.24584, -37.35106], [-71.24872, -37.35173], [-71.25115, -37.35125], [-71.25624, -37.34537], [-71.24644, -37.32849], [-71.2564, -37.30999], [-71.25926, -37.30916], [-71.26486, -37.31004], [-71.26743, -37.30888], [-71.26883, -37.30589], [-71.26904, -37.29948], [-71.26698, -37.29537], [-71.26583, -37.29469], [-71.26196, -37.29484], [-71.25481, -37.29683], [-71.24947, -37.29343], [-71.24482, -37.27561], [-71.23849, -37.27393], [-71.22932, -37.27366], [-71.22902, -37.27262], [-71.23709, -37.26409], [-71.23649, -37.26192], [-71.21825, -37.25747], [-71.2185, -37.25461], [-71.22604, -37.2494], [-71.24807, -37.24741], [-71.24962, -37.24619], [-71.25042, -37.24237], [-71.24901, -37.23905]]]}, "properties": {"composicio": "Secuencias volcanicas", "epoca": "Plioceno Pleistoceno", "era": "CENOZOICO", "geo": "PPl3", "ha": 14327.2, "m2": 143271946.65, "periodo": "Neogeno"}}, {"type": "Feature", "geometry": {"type": "Polygon", "coordinates": [[[-71.23838, -37.35768], [-71.24122, -37.3488], [-71.23815, -37.34379], [-71.23031, -37.33548], [-71.22899, -37.33263], [-71.227, -37.32211], [-71.22481, -37.31846], [-71.22383, -37.3203], [-71.22154, -37.32111], [-71.2207, -37.32284], [-71.22062, -37.32788], [-71.22212, -37.33383], [-71.23194, -37.35207], [-71.23838, -37.35768]]]}, "properties": {"composicio": "Secuencias sedimentarias", "epoca": "Pleistoceno Holoceno", "era": "CENOZOICO", "geo": "Q1", "ha": 293.93, "m2": 2939280.04, "periodo": "Cuaternario"}}, {"type": "Feature", "geometry": {"type": "Polygon", "coordinates": [[[-71.14671, -36.97223], [-71.14002, -36.96742], [-71.13674, -36.96187], [-71.13491, -36.94588], [-71.13489, -36.93375], [-71.1064, -36.93001], [-71.10365, -36.93417], [-71.10302, -36.93739], [-71.10433, -36.94411], [-71.10895, -36.95216], [-71.11127, -36.95899], [-71.11039, -36.96381], [-71.10832, -36.96873], [-71.1116, -36.96909], [-71.11588, -36.96898], [-71.12166, -36.96899], [-71.14105, -36.97933], [-71.1418, -36.97933], [-71.14495, -36.97592], [-71.14671, -36.97223]]]}, "properties": {"composicio": "Rocas intrusivas", "epoca": "Mioceno Inferior Medio  22-16 Ma", "era": "CENOZOICO", "geo": "Mimg", "ha": 1231.67, "m2": 12316732.37, "periodo": "Neogeno"}}, {"type": "Feature", "geometry": {"type": "Polygon", "coordinates": [[[-71.38287, -37.4283], [-71.38386, -37.4268], [-71.38592, -37.4095], [-71.38524, -37.40217], [-71.38347, -37.39864], [-71.37823, -37.3933], [-71.34426, -37.38546], [-71.33495, -37.38644], [-71.32239, -37.39215], [-71.31887, -37.39791], [-71.31638, -37.40503], [-71.31882, -37.40489], [-71.32475, -37.40852], [-71.32606, -37.39865], [-71.33546, -37.39274], [-71.36364, -37.41804], [-71.36295, -37.42011], [-71.36068, -37.42219], [-71.35362, -37.42053], [-71.34875, -37.42126], [-71.3482, -37.43455], [-71.34575, -37.43377], [-71.34299, -37.4315], [-71.33682, -37.42009], [-71.32905, -37.41947], [-71.31757, -37.42002], [-71.31835, -37.42425], [-71.32155, -37.428], [-71.33127, -37.43559], [-71.33806, -37.43887], [-71.35712, -37.43561], [-71.36273, -37.43637], [-71.37024, -37.4394], [-71.37419, -37.43866], [-71.37604, -37.43317], [-71.38287, -37.4283]]]}, "properties": {"composicio": "Secuencias volcanicas", "epoca": "Cuaternario", "era": "CENOZOICO", "geo": "Q3i", "ha": 2170.46, "m2": 21704592.86, "periodo": "Cuaternario"}}, {"type": "Feature", "geometry": {"type": "Polygon", "coordinates": [[[-71.31638, -37.40503], [-71.3167, -37.40743], [-71.31976, -37.41096], [-71.32698, -37.41433], [-71.32341, -37.41563], [-71.31477, -37.41397], [-71.31365, -37.41627], [-71.31757, -37.42002], [-71.32905, -37.41947], [-71.33682, -37.42009], [-71.34299, -37.4315], [-71.34575, -37.43377], [-71.3482, -37.43455], [-71.34875, -37.42126], [-71.35362, -37.42053], [-71.36068, -37.42219], [-71.36295, -37.42011], [-71.36364, -37.41804], [-71.33546, -37.39274], [-71.32606, -37.39865], [-71.32704, -37.4078], [-71.32475, -37.40852], [-71.31882, -37.40489], [-71.31638, -37.40503]]]}, "properties": {"composicio": "S I", "epoca": "S I", "era": "S I", "geo": "S I", "ha": 837.62, "m2": 8376227.62, "periodo": "S I"}}, {"type": "Feature", "geometry": {"type": "Polygon", "coordinates": [[[-71.38287, -37.4283], [-71.37604, -37.43317], [-71.37419, -37.43866], [-71.38824, -37.44268], [-71.38965, -37.44095], [-71.38881, -37.43203], [-71.39208, -37.42937], [-71.39968, -37.42896], [-71.40452, -37.42571], [-71.40809, -37.42476], [-71.40954, -37.42521], [-71.41129, -37.42726], [-71.41046, -37.42944], [-71.40847, -37.4314], [-71.40822, -37.43404], [-71.40952, -37.43472], [-71.41471, -37.43558], [-71.42225, -37.43105], [-71.42437, -37.42829], [-71.42539, -37.41958], [-71.42438, -37.4189], [-71.40414, -37.41953], [-71.39742, -37.42097], [-71.39227, -37.42284], [-71.38287, -37.4283]]]}, "properties": {"composicio": "Secuencias sedimentarias", "epoca": "Pleistoceno Holoceno", "era": "CENOZOICO", "geo": "Q1", "ha": 533.07, "m2": 5330690.8, "periodo": "Cuaternario"}}, {"type": "Feature", "geometry": {"type": "Polygon", "coordinates": [[[-71.2631, -37.46864], [-71.25677, -37.46182], [-71.24767, -37.44819], [-71.24713, -37.44177], [-71.24919, -37.43872], [-71.24872, -37.43594], [-71.24552, -37.43385], [-71.24307, -37.43364], [-71.24007, -37.43492], [-71.23567, -37.43941], [-71.23457, -37.44366], [-71.23452, -37.45167], [-71.23709, -37.46254], [-71.23736, -37.47364], [-71.23368, -37.47871], [-71.2209, -37.49151], [-71.21807, -37.49588], [-71.21754, -37.49909], [-71.22017, -37.50354], [-71.22363, -37.50443], [-71.22621, -37.50315], [-71.24252, -37.48505], [-71.24309, -37.48413], [-71.24327, -37.47509], [-71.2441, -37.47199], [-71.25037, -37.46828], [-71.25626, -37.46766], [-71.2631, -37.46864]]]}, "properties": {"composicio": "Rocas intrusivas", "epoca": "Mioceno Inferior Medio  22-16 Ma", "era": "CENOZOICO", "geo": "Mimg", "ha": 913.21, "m2": 9132106.96, "periodo": "Neogeno"}}, {"type": "Feature", "geometry": {"type": "Polygon", "coordinates": [[[-71.30637, -37.46477], [-71.31448, -37.47567], [-71.31331, -37.47633], [-71.30787, -37.47649], [-71.32311, -37.48284], [-71.36995, -37.47169], [-71.32553, -37.46976], [-71.3245, -37.46726], [-71.32561, -37.4645], [-71.33004, -37.46263], [-71.33535, -37.46213], [-71.34531, -37.45886], [-71.34706, -37.457], [-71.34746, -37.45458], [-71.34614, -37.45265], [-71.3437, -37.45232], [-71.30637, -37.46477]]]}, "properties": {"composicio": "Secuencias sedimentarias", "epoca": "Pleistoceno Holoceno", "era": "CENOZOICO", "geo": "Q1", "ha": 752.89, "m2": 7528952.99, "periodo": "Cuaternario"}}, {"type": "Feature", "geometry": {"type": "Polygon", "coordinates": [[[-71.42217, -37.49643], [-71.43132, -37.49315], [-71.43815, -37.4885], [-71.44808, -37.48922], [-71.44936, -37.48841], [-71.44759, -37.48556], [-71.43742, -37.47741], [-71.43607, -37.47352], [-71.43721, -37.47306], [-71.44067, -37.47348], [-71.44964, -37.47775], [-71.45093, -37.47752], [-71.45569, -37.47288], [-71.44819, -37.46734], [-71.44199, -37.46557], [-71.43134, -37.4643], [-71.43088, -37.46212], [-71.43499, -37.45842], [-71.43611, -37.45601], [-71.43492, -37.45372], [-71.43289, -37.45226], [-71.41746, -37.45766], [-71.41723, -37.47209], [-71.41247, -37.4711], [-71.40926, -37.467], [-71.40592, -37.46509], [-71.40633, -37.46302], [-71.41189, -37.46012], [-71.4061, -37.45719], [-71.41096, -37.45497], [-71.41194, -37.45324], [-71.38219, -37.46277], [-71.38619, -37.47201], [-71.38133, -37.47342], [-71.37991, -37.47516], [-71.38094, -37.47687], [-71.38615, -37.47923], [-71.39288, -37.4778], [-71.39821, -37.47844], [-71.39895, -37.48049], [-71.3951, -37.48201], [-71.39314, -37.48592], [-71.3955, -37.49059], [-71.39754, -37.4923], [-71.39999, -37.49308], [-71.41567, -37.48423], [-71.41626, -37.48515], [-71.41585, -37.49695], [-71.42217, -37.49643]]]}, "properties": {"composicio": "S I", "epoca": "S I", "era": "S I", "geo": "S I", "ha": 1775.76, "m2": 17757572.69, "periodo": "S I"}}, {"type": "Feature", "geometry": {"type": "Polygon", "coordinates": [[[-71.29481, -37.47601], [-71.28489, -37.47455], [-71.27655, -37.47084], [-71.27265, -37.47132], [-71.27283, -37.47413], [-71.26929, -37.47432], [-71.26815, -37.47963], [-71.29481, -37.47601]]]}, "properties": {"composicio": "Secuencias sedimentarias", "epoca": "Pleistoceno Holoceno", "era": "CENOZOICO", "geo": "Q1", "ha": 122.75, "m2": 1227490.48, "periodo": "Cuaternario"}}, {"type": "Feature", "geometry": {"type": "Polygon", "coordinates": [[[-71.76512, -36.79306], [-71.76818, -36.80133], [-71.76305, -36.81826], [-71.74441, -36.81857], [-71.73351, -36.81641], [-71.72853, -36.81664], [-71.68635, -36.83736], [-71.68419, -36.84107], [-71.68427, -36.84347], [-71.68632, -36.84515], [-71.68747, -36.84546], [-71.69396, -36.84383], [-71.69714, -36.84525], [-71.69515, -36.84952], [-71.69525, -36.85273], [-71.69223, -36.85612], [-71.65791, -36.86968], [-71.644, -36.86924], [-71.63441, -36.87465], [-71.62797, -36.8828], [-71.62529, -36.88377], [-71.58823, -36.8928], [-71.60576, -36.87457], [-71.60294, -36.87097], [-71.60049, -36.87011], [-71.5931, -36.87084], [-71.55481, -36.89075], [-71.55286, -36.8925], [-71.54701, -36.90144], [-71.54492, -36.9032], [-71.54069, -36.90466], [-71.52733, -36.90619], [-71.51467, -36.91012], [-71.50685, -36.92183], [-71.48597, -36.92946], [-71.49844, -36.95049], [-71.49506, -36.95217], [-71.48658, -36.94993], [-71.48575, -36.95075], [-71.47901, -36.95913], [-71.39386, -36.94582], [-71.39297, -36.94939], [-71.39452, -36.95393], [-71.39706, -36.97001], [-71.42501, -36.98697], [-71.42518, -36.99337], [-71.42386, -36.99684], [-71.41892, -37.00331], [-71.42039, -37.00741], [-71.42328, -37.01002], [-71.4275, -37.01617], [-71.426, -37.02098], [-71.42318, -37.02376], [-71.41079, -37.02673], [-71.40202, -37.03241], [-71.39816, -37.03268], [-71.39471, -37.0311], [-71.39182, -37.02803], [-71.39085, -37.01969], [-71.37485, -37.00894], [-71.34698, -37.01799], [-71.34782, -36.98451], [-71.3468, -36.98295], [-71.34406, -36.98122], [-71.34055, -36.97305], [-71.33757, -36.97356], [-71.33368, -36.97787], [-71.3281, -36.97798], [-71.32448, -36.97095], [-71.32169, -36.96803], [-71.31852, -36.96729], [-71.31583, -36.96814], [-71.31445, -36.96485], [-71.31332, -36.95457], [-71.31072, -36.95348], [-71.30702, -36.95434], [-71.30571, -36.95322], [-71.30378, -36.94513], [-71.27337, -36.93425], [-71.27751, -36.95169], [-71.28237, -36.958], [-71.28632, -36.96159], [-71.28682, -36.96456], [-71.28457, -36.9662], [-71.27797, -36.96552], [-71.27205, -36.96334], [-71.26885, -36.96031], [-71.26554, -36.95923], [-71.25705, -36.96259], [-71.25192, -36.96268], [-71.24945, -36.96719], [-71.25914, -36.97468], [-71.26072, -36.98266], [-71.27609, -36.99302], [-71.27498, -36.99475], [-71.26739, -36.99444], [-71.25735, -37.01077], [-71.25292, -37.01046], [-71.24489, -37.00742], [-71.23776, -37.00793], [-71.22027, -37.01481], [-71.21803, -37.01952], [-71.21954, -37.0266], [-71.21929, -37.0297], [-71.21471, -37.04187], [-71.21049, -37.04819], [-71.21223, -37.06353], [-71.20813, -37.06723], [-71.20442, -37.0684], [-71.20255, -37.0668], [-71.20192, -37.06188], [-71.19735, -37.06203], [-71.18799, -37.08202], [-71.15891, -37.07625], [-71.15836, -37.09218], [-71.1342, -37.09244], [-71.13295, -37.09542], [-71.13501, -37.10194], [-71.13319, -37.10516], [-71.11078, -37.10954], [-71.10913, -37.11607], [-71.10273, -37.12023], [-71.09952, -37.12455], [-71.12507, -37.13413], [-71.12603, -37.13326], [-71.1339, -37.13321], [-71.18116, -37.11161], [-71.18207, -37.11664], [-71.17816, -37.12537], [-71.17833, -37.12835], [-71.18079, -37.1313], [-71.18799, -37.13561], [-71.19537, -37.14369], [-71.19757, -37.14849], [-71.19708, -37.15627], [-71.1931, -37.15847], [-71.18872, -37.16321], [-71.18729, -37.16378], [-71.16646, -37.15557], [-71.1769, -37.16889], [-71.19513, -37.1872], [-71.20326, -37.18418], [-71.20817, -37.17543], [-71.21599, -37.17057], [-71.26261, -37.1557], [-71.26695, -37.15945], [-71.26569, -37.16232], [-71.26059, -37.16682], [-71.26034, -37.16922], [-71.26413, -37.17573], [-71.25847, -37.18115], [-71.25736, -37.18425], [-71.25854, -37.18699], [-71.26492, -37.19393], [-71.2651, -37.19747], [-71.2626, -37.20322], [-71.25679, -37.20865], [-71.23212, -37.19199], [-71.22954, -37.19212], [-71.22703, -37.19786], [-71.22489, -37.19891], [-71.22246, -37.19881], [-71.22001, -37.19723], [-71.2142, -37.19006], [-71.21163, -37.1903], [-71.20237, -37.19449], [-71.20224, -37.19597], [-71.20847, -37.20246], [-71.2249, -37.22278], [-71.2286, -37.22303], [-71.23885, -37.22735], [-71.24679, -37.23754], [-71.24901, -37.23905], [-71.23523, -37.2094], [-71.25932, -37.23475], [-71.26283, -37.23484], [-71.26436, -37.23419], [-71.26518, -37.23175], [-71.26609, -37.23217], [-71.268, -37.23657], [-71.26941, -37.23718], [-71.27623, -37.23695], [-71.28071, -37.23592], [-71.28411, -37.23331], [-71.28612, -37.2353], [-71.2936, -37.23824], [-71.30182, -37.24256], [-71.3056, -37.24128], [-71.3056, -37.23567], [-71.30219, -37.23135], [-71.30245, -37.22465], [-71.30993, -37.19236], [-71.28331, -37.18737], [-71.28071, -37.18591], [-71.27807, -37.18032], [-71.2719, -37.17933], [-71.27266, -37.15906], [-71.27623, -37.15823], [-71.27767, -37.15856], [-71.28021, -37.16736], [-71.28355, -37.17169], [-71.28788, -37.17509], [-71.2912, -37.17713], [-71.31038, -37.18087], [-71.31064, -37.1815], [-71.30912, -37.18559], [-71.31135, -37.19108], [-71.3191, -37.1982], [-71.31896, -37.2017], [-71.31119, -37.2117], [-71.31111, -37.21376], [-71.3172, -37.21586], [-71.33099, -37.20579], [-71.34063, -37.193], [-71.34202, -37.18955], [-71.3428, -37.18371], [-71.32156, -37.12193], [-71.32097, -37.10842], [-71.32205, -37.10314], [-71.32499, -37.09831], [-71.33069, -37.09689], [-71.33428, -37.09789], [-71.33601, -37.09948], [-71.3398, -37.10518], [-71.34195, -37.1165], [-71.34326, -37.11832], [-71.34845, -37.12149], [-71.36092, -37.12436], [-71.37238, -37.12564], [-71.38909, -37.12402], [-71.40017, -37.12861], [-71.40566, -37.13269], [-71.4072, -37.14069], [-71.40689, -37.14997], [-71.40838, -37.15385], [-71.412, -37.15714], [-71.41546, -37.15906], [-71.41817, -37.15823], [-71.42126, -37.15419], [-71.42301, -37.15333], [-71.42217, -37.14755], [-71.42274, -37.13712], [-71.4254, -37.13332], [-71.43466, -37.13015], [-71.43736, -37.11925], [-71.44553, -37.11013], [-71.44634, -37.10703], [-71.44503, -37.10475], [-71.44159, -37.10421], [-71.4242, -37.10791], [-71.39367, -37.07039], [-71.42001, -37.07665], [-71.42094, -37.07931], [-71.41947, -37.08666], [-71.42025, -37.09169], [-71.42589, -37.09622], [-71.43148, -37.09743], [-71.45614, -37.08175], [-71.50639, -37.06835], [-71.50801, -37.07143], [-71.50833, -37.08311], [-71.49604, -37.10291], [-71.50315, -37.11006], [-71.51023, -37.11469], [-71.53181, -37.12387], [-71.54745, -37.12681], [-71.55909, -37.1307], [-71.56414, -37.13306], [-71.56663, -37.13705], [-71.56461, -37.14519], [-71.5588, -37.15796], [-71.55502, -37.16338], [-71.52371, -37.17387], [-71.52116, -37.17584], [-71.51969, -37.18307], [-71.52002, -37.1857], [-71.52264, -37.18854], [-71.53158, -37.19269], [-71.52887, -37.2029], [-71.52931, -37.2132], [-71.53098, -37.21926], [-71.55101, -37.25478], [-71.55194, -37.25902], [-71.5526, -37.2834], [-71.55118, -37.29314], [-71.54606, -37.3051], [-71.54802, -37.31115], [-71.55197, -37.31637], [-71.60999, -37.31327], [-71.63207, -37.30537], [-71.65622, -37.30042], [-71.68128, -37.2911], [-71.70697, -37.28498], [-71.73399, -37.28135], [-71.7431, -37.2785], [-71.74655, -37.27881], [-71.76096, -37.28334], [-71.76353, -37.28262], [-71.7662, -37.27984], [-71.76891, -37.27935], [-71.77632, -37.28477], [-71.78035, -37.28563], [-71.78436, -37.28559], [-71.78834, -37.28405], [-71.79626, -37.27811], [-71.79778, -37.27557], [-71.77996, -37.27224], [-71.77928, -37.26676], [-71.77997, -37.26549], [-71.78337, -37.26327], [-71.79054, -37.26353], [-71.79127, -37.25653], [-71.79514, -37.25695], [-71.79717, -37.25807], [-71.80039, -37.26169], [-71.80584, -37.25476], [-71.81128, -37.25435], [-71.81267, -37.2596], [-71.81368, -37.26005], [-71.81718, -37.25588], [-71.82057, -37.25333], [-71.82341, -37.25226], [-71.85188, -37.25798], [-71.85371, -37.25613], [-71.85411, -37.2544], [-71.8525, -37.25282], [-71.84744, -37.25025], [-71.82902, -37.246], [-71.80598, -37.22431], [-71.80195, -37.22332], [-71.79266, -37.22389], [-71.7892, -37.2229], [-71.78014, -37.20503], [-71.77631, -37.19947], [-71.7757, -37.19753], [-71.77937, -37.19451], [-71.78593, -37.19363], [-71.79435, -37.19949], [-71.82735, -37.17413], [-71.81585, -37.16363], [-71.7935, -37.16183], [-71.80446, -37.13628], [-71.78701, -37.12871], [-71.75768, -37.15114], [-71.75569, -37.15208], [-71.75127, -37.15259], [-71.74681, -37.15126], [-71.74995, -37.1431], [-71.75001, -37.13051], [-71.75083, -37.12832], [-71.77192, -37.10872], [-71.7306, -37.125], [-71.71857, -37.12376], [-71.71101, -37.12477], [-71.70734, -37.12733], [-71.70174, -37.13437], [-71.69736, -37.13762], [-71.68857, -37.14196], [-71.68429, -37.1428], [-71.65206, -37.13101], [-71.64571, -37.12753], [-71.64067, -37.11716], [-71.63781, -37.10849], [-71.63771, -37.10277], [-71.64235, -37.08933], [-71.64205, -37.07994], [-71.63952, -37.06497], [-71.62102, -37.05246], [-71.6181, -37.04859], [-71.61511, -37.04038], [-71.6355, -37.02974], [-71.63458, -37.02564], [-71.62946, -37.01824], [-71.65749, -37.02058], [-71.66153, -37.02329], [-71.66575, -37.02782], [-71.66935, -37.02973], [-71.67522, -37.03012], [-71.67959, -37.02926], [-71.70479, -37.01446], [-71.70949, -37.01361], [-71.72534, -37.01377], [-71.73595, -37.00793], [-71.74925, -37.00332], [-71.75352, -36.99642], [-71.76064, -36.99179], [-71.74772, -36.97709], [-71.74826, -36.97193], [-71.74733, -36.96978], [-71.74358, -36.9686], [-71.73099, -36.96763], [-71.72413, -36.9632], [-71.72644, -36.95102], [-71.73107, -36.9444], [-71.72962, -36.94374], [-71.72347, -36.94353], [-71.72104, -36.93913], [-71.72991, -36.92256], [-71.7429, -36.91885], [-71.72933, -36.91377], [-71.72752, -36.91083], [-71.72758, -36.90408], [-71.7226, -36.90018], [-71.72581, -36.89382], [-71.75868, -36.89183], [-71.76187, -36.88935], [-71.76282, -36.88773], [-71.76273, -36.8851], [-71.76093, -36.88239], [-71.75573, -36.88045], [-71.7526, -36.88052], [-71.74845, -36.88439], [-71.74704, -36.88477], [-71.74132, -36.88443], [-71.73153, -36.88145], [-71.72611, -36.88122], [-71.7222, -36.87937], [-71.71749, -36.8749], [-71.71978, -36.87084], [-71.72264, -36.871], [-71.72569, -36.87277], [-71.72778, -36.87146], [-71.72588, -36.86556], [-71.72667, -36.86382], [-71.74247, -36.86313], [-71.745, -36.86204], [-71.7466, -36.8588], [-71.74394, -36.85589], [-71.7396, -36.85392], [-71.73703, -36.84963], [-71.74211, -36.84803], [-71.75421, -36.84765], [-71.76182, -36.84518], [-71.74342, -36.83175], [-71.74185, -36.83178], [-71.73356, -36.83518], [-71.72857, -36.83483], [-71.7274, -36.83394], [-71.73007, -36.82861], [-71.73905, -36.82442], [-71.74288, -36.8241], [-71.77521, -36.83241], [-71.77749, -36.82401], [-71.78109, -36.82106], [-71.78433, -36.81985], [-71.78625, -36.81763], [-71.78615, -36.81043], [-71.78703, -36.80708], [-71.79275, -36.79517], [-71.79204, -36.79095], [-71.78978, -36.78734], [-71.78717, -36.78603], [-71.78177, -36.78626], [-71.76512, -36.79306]], [[-71.53327, -37.01268], [-71.53946, -37.01606], [-71.53978, -37.01834], [-71.52336, -37.03773], [-71.48781, -37.01895], [-71.48429, -37.02253], [-71.47967, -37.02921], [-71.46895, -37.04855], [-71.48135, -37.05622], [-71.4656, -37.0638], [-71.46195, -37.06854], [-71.45875, -37.07463], [-71.45535, -37.0765], [-71.45277, -37.07629], [-71.44423, -37.06846], [-71.43694, -37.06896], [-71.43577, -37.06659], [-71.43629, -37.06258], [-71.43955, -37.06048], [-71.44993, -37.05753], [-71.45488, -37.05336], [-71.45803, -37.04429], [-71.45638, -37.03858], [-71.45904, -37.03433], [-71.46299, -37.03096], [-71.46593, -37.02693], [-71.47443, -36.99932], [-71.50355, -36.99815], [-71.50442, -36.9828], [-71.50568, -36.98209], [-71.53189, -37.0024], [-71.53605, -37.00773], [-71.53651, -37.00979], [-71.53327, -37.01268]], [[-71.2653, -37.05582], [-71.26158, -37.0555], [-71.25695, -37.05004], [-71.25473, -37.04377], [-71.25426, -37.02808], [-71.25605, -37.02177], [-71.2603, -37.01922], [-71.27733, -37.04588], [-71.2653, -37.05582]], [[-71.30921, -37.09443], [-71.30664, -37.09422], [-71.30432, -37.0916], [-71.304, -37.08874], [-71.31125, -37.07369], [-71.31086, -37.06544], [-71.30848, -37.05802], [-71.30873, -37.05592], [-71.31522, -37.06025], [-71.32511, -37.06224], [-71.33418, -37.06789], [-71.35207, -37.06947], [-71.35596, -37.07184], [-71.35655, -37.07367], [-71.35601, -37.07562], [-71.35002, -37.0767], [-71.33244, -37.07684], [-71.3246, -37.07896], [-71.32064, -37.08208], [-71.31191, -37.09292], [-71.30921, -37.09443]], [[-71.39455, -37.1147], [-71.35708, -37.10321], [-71.35375, -37.10049], [-71.35054, -37.09525], [-71.35058, -37.08746], [-71.35184, -37.08527], [-71.37503, -37.07673], [-71.37751, -37.08083], [-71.3796, -37.08722], [-71.38441, -37.0944], [-71.39178, -37.10063], [-71.3987, -37.1047], [-71.40234, -37.10936], [-71.39811, -37.11398], [-71.39455, -37.1147]], [[-71.6298, -37.12575], [-71.62606, -37.12442], [-71.61059, -37.11404], [-71.60716, -37.11408], [-71.60277, -37.11653], [-71.59693, -37.11796], [-71.57972, -37.1147], [-71.56514, -37.07889], [-71.55566, -37.08483], [-71.552, -37.07914], [-71.5483, -37.0707], [-71.54497, -37.06832], [-71.54196, -37.06767], [-71.52611, -37.06839], [-71.51821, -37.06584], [-71.53571, -37.05147], [-71.5362, -37.04608], [-71.53367, -37.03935], [-71.5339, -37.03557], [-71.53573, -37.03395], [-71.5417, -37.03206], [-71.54452, -37.0294], [-71.54553, -37.02092], [-71.54747, -37.01712], [-71.55086, -37.01457], [-71.55443, -37.01454], [-71.55561, -37.01681], [-71.54904, -37.0447], [-71.54943, -37.05146], [-71.55208, -37.05658], [-71.57501, -37.07902], [-71.57991, -37.08149], [-71.58699, -37.08669], [-71.59203, -37.08893], [-71.59604, -37.08935], [-71.60017, -37.08839], [-71.6026, -37.08859], [-71.61222, -37.0996], [-71.62507, -37.10771], [-71.63207, -37.11577], [-71.6334, -37.11851], [-71.63318, -37.12251], [-71.63151, -37.12528], [-71.6298, -37.12575]], [[-71.2677, -37.15039], [-71.26426, -37.15019], [-71.25981, -37.14862], [-71.25709, -37.1365], [-71.25538, -37.13651], [-71.25211, -37.13871], [-71.24953, -37.1385], [-71.24505, -37.13453], [-71.24262, -37.13409], [-71.22882, -37.14059], [-71.22609, -37.13982], [-71.22421, -37.138], [-71.22432, -37.1349], [-71.23071, -37.13085], [-71.23722, -37.1253], [-71.24307, -37.12389], [-71.26282, -37.12467], [-71.27144, -37.12827], [-71.27787, -37.12787], [-71.28, -37.12637], [-71.28061, -37.11766], [-71.28188, -37.11582], [-71.28558, -37.11441], [-71.29046, -37.1161], [-71.29424, -37.12088], [-71.29428, -37.12455], [-71.29209, -37.13281], [-71.28774, -37.1396], [-71.27231, -37.14097], [-71.26997, -37.14901], [-71.2677, -37.15039]], [[-71.21633, -37.16278], [-71.21175, -37.16271], [-71.21, -37.15951], [-71.20887, -37.14818], [-71.21082, -37.13053], [-71.22319, -37.11098], [-71.20849, -37.10055], [-71.21434, -37.09947], [-71.21917, -37.09681], [-71.2226, -37.09655], [-71.2281, -37.10247], [-71.23401, -37.10621], [-71.26537, -37.11022], [-71.27221, -37.10868], [-71.28228, -37.10174], [-71.28912, -37.09985], [-71.2957, -37.09968], [-71.29857, -37.10103], [-71.27532, -37.11713], [-71.27174, -37.11704], [-71.25325, -37.11339], [-71.24711, -37.11447], [-71.23438, -37.11399], [-71.22997, -37.11574], [-71.21554, -37.14356], [-71.21803, -37.14857], [-71.21904, -37.14902], [-71.22575, -37.14818], [-71.22934, -37.14872], [-71.23093, -37.15066], [-71.23068, -37.15387], [-71.22285, -37.15724], [-71.21633, -37.16278]], [[-71.29698, -37.16987], [-71.28198, -37.16048], [-71.28208, -37.15705], [-71.28804, -37.15219], [-71.29593, -37.15419], [-71.29766, -37.15566], [-71.29732, -37.16288], [-71.29853, -37.16825], [-71.29698, -37.16987]], [[-71.59766, -37.21631], [-71.57883, -37.21158], [-71.57181, -37.2026], [-71.55972, -37.2073], [-71.55685, -37.19771], [-71.55465, -37.19419], [-71.55233, -37.19283], [-71.53669, -37.20844], [-71.53621, -37.19631], [-71.53813, -37.19057], [-71.54011, -37.18894], [-71.54396, -37.18799], [-71.54665, -37.18613], [-71.54958, -37.18163], [-71.5516, -37.17349], [-71.55533, -37.17368], [-71.56689, -37.18078], [-71.57161, -37.18108], [-71.56914, -37.16004], [-71.58132, -37.14366], [-71.58892, -37.14483], [-71.59324, -37.14674], [-71.59582, -37.15564], [-71.59824, -37.15505], [-71.60089, -37.1509], [-71.60259, -37.14962], [-71.6076, -37.14991], [-71.61019, -37.1508], [-71.61383, -37.15454], [-71.6125, -37.1612], [-71.60262, -37.16932], [-71.59589, -37.17763], [-71.59823, -37.18092], [-71.60095, -37.18078], [-71.6113, -37.17495], [-71.62013, -37.17223], [-71.63672, -37.15465], [-71.64311, -37.14336], [-71.64606, -37.14024], [-71.65063, -37.13951], [-71.65335, -37.13993], [-71.65566, -37.14139], [-71.65931, -37.14583], [-71.66227, -37.15976], [-71.66157, -37.16927], [-71.66075, -37.17146], [-71.65379, -37.17462], [-71.65211, -37.17647], [-71.64357, -37.19637], [-71.63976, -37.19938], [-71.62759, -37.19939], [-71.62413, -37.19795], [-71.62002, -37.19158], [-71.61757, -37.19069], [-71.61386, -37.19152], [-71.60348, -37.19587], [-71.60179, -37.1976], [-71.60185, -37.20127], [-71.60301, -37.20217], [-71.6179, -37.20225], [-71.62486, -37.20721], [-71.62365, -37.21203], [-71.61939, -37.21448], [-71.60249, -37.21419], [-71.59766, -37.21631]], [[-71.75011, -37.2387], [-71.70383, -37.22926], [-71.70057, -37.23079], [-71.69752, -37.23642], [-71.6951, -37.23725], [-71.67794, -37.23893], [-71.67001, -37.2191], [-71.68489, -37.21024], [-71.6883, -37.20905], [-71.69175, -37.20982], [-71.76189, -37.23238], [-71.76153, -37.23616], [-71.75926, -37.23733], [-71.75011, -37.2387]]]}, "properties": {"composicio": "Secuencias volcanosedimenta", "epoca": "Oligoceno Mioceno", "era": "CENOZOICO", "geo": "OM2c", "ha": 128211.05, "m2": 1282110467.46, "periodo": "Paleogeno"}}, {"type": "Feature", "geometry": {"type": "Polygon", "coordinates": [[[-71.71152, -36.7016], [-71.71644, -36.69209], [-71.72681, -36.67858], [-71.72972, -36.67177], [-71.72383, -36.65221], [-71.73363, -36.62546], [-71.72916, -36.6235], [-71.72646, -36.62344], [-71.72343, -36.62637], [-71.72064, -36.63238], [-71.71759, -36.63484], [-71.71493, -36.63605], [-71.7141, -36.63229], [-71.73855, -36.60166], [-71.72534, -36.59302], [-71.73954, -36.57978], [-71.70346, -36.56123], [-71.66987, -36.56277], [-71.66522, -36.56412], [-71.65114, -36.5721], [-71.61153, -36.57695], [-71.62801, -36.55874], [-71.63084, -36.5493], [-71.63459, -36.54213], [-71.63505, -36.53387], [-71.62898, -36.53503], [-71.62784, -36.53483], [-71.62664, -36.5328], [-71.62752, -36.529], [-71.63208, -36.52502], [-71.63173, -36.52296], [-71.62813, -36.52109], [-71.62288, -36.5212], [-71.60347, -36.52654], [-71.59865, -36.52663], [-71.59733, -36.5301], [-71.59643, -36.53778], [-71.58019, -36.55449], [-71.57339, -36.56916], [-71.56784, -36.57808], [-71.56514, -36.58774], [-71.57157, -36.59367], [-71.59048, -36.60826], [-71.59768, -36.61578], [-71.59914, -36.62182], [-71.59808, -36.62882], [-71.58942, -36.65646], [-71.5911, -36.6602], [-71.5995, -36.66529], [-71.60484, -36.6725], [-71.61426, -36.71442], [-71.66286, -36.70856], [-71.67515, -36.71929], [-71.71152, -36.7016]]]}, "properties": {"composicio": "Secuencias volcanosedimenta", "epoca": "Oligoceno Mioceno", "era": "CENOZOICO", "geo": "OM2c", "ha": 21025.15, "m2": 210251527.6, "periodo": "Paleogeno"}}, {"type": "Feature", "geometry": {"type": "Polygon", "coordinates": [[[-71.71152, -36.7016], [-71.67515, -36.71929], [-71.66286, -36.70856], [-71.61632, -36.71429], [-71.61261, -36.71617], [-71.6002, -36.71986], [-71.59838, -36.72082], [-71.59649, -36.72394], [-71.59755, -36.72587], [-71.61927, -36.73354], [-71.60937, -36.75801], [-71.63321, -36.76047], [-71.63743, -36.76347], [-71.64192, -36.77035], [-71.60708, -36.78953], [-71.60681, -36.80372], [-71.58746, -36.8087], [-71.58091, -36.80884], [-71.57975, -36.80806], [-71.57945, -36.79846], [-71.5778, -36.79563], [-71.57286, -36.79242], [-71.56394, -36.78963], [-71.56276, -36.78828], [-71.56369, -36.78597], [-71.56644, -36.78294], [-71.57613, -36.77839], [-71.57692, -36.77642], [-71.57652, -36.77289], [-71.57404, -36.77076], [-71.56692, -36.77068], [-71.56505, -36.76992], [-71.55756, -36.7488], [-71.55374, -36.74944], [-71.54594, -36.75476], [-71.53807, -36.75823], [-71.53368, -36.76359], [-71.53102, -36.76971], [-71.49926, -36.78809], [-71.4833, -36.79243], [-71.48114, -36.79167], [-71.47704, -36.78797], [-71.47461, -36.78734], [-71.45998, -36.79335], [-71.45431, -36.79449], [-71.4469, -36.79407], [-71.43702, -36.79221], [-71.43403, -36.79237], [-71.43237, -36.7939], [-71.43329, -36.80098], [-71.41136, -36.79625], [-71.40785, -36.78786], [-71.40474, -36.78368], [-71.40189, -36.7739], [-71.38398, -36.75244], [-71.38615, -36.78095], [-71.38536, -36.78303], [-71.38297, -36.78433], [-71.3793, -36.78532], [-71.35599, -36.76507], [-71.35354, -36.76556], [-71.34907, -36.76861], [-71.34883, -36.77526], [-71.35362, -36.77826], [-71.35626, -36.78107], [-71.35901, -36.78715], [-71.33556, -36.77917], [-71.32371, -36.77803], [-71.31868, -36.7764], [-71.31318, -36.77296], [-71.30514, -36.76521], [-71.30109, -36.76277], [-71.2941, -36.76233], [-71.29229, -36.76396], [-71.29296, -36.7675], [-71.29616, -36.76995], [-71.30958, -36.77669], [-71.3371, -36.79368], [-71.3566, -36.80326], [-71.40184, -36.80107], [-71.40508, -36.81373], [-71.41067, -36.81548], [-71.42635, -36.81583], [-71.42946, -36.82128], [-71.43262, -36.83005], [-71.43657, -36.83055], [-71.44005, -36.83265], [-71.45095, -36.83519], [-71.45712, -36.84147], [-71.46178, -36.8352], [-71.48822, -36.8381], [-71.46737, -36.84596], [-71.49688, -36.8465], [-71.49713, -36.85017], [-71.49452, -36.8532], [-71.48621, -36.85668], [-71.47786, -36.85868], [-71.4582, -36.85861], [-71.45623, -36.85968], [-71.45576, -36.8629], [-71.45824, -36.86502], [-71.46765, -36.86495], [-71.47369, -36.86677], [-71.4834, -36.86268], [-71.48992, -36.86164], [-71.50074, -36.86119], [-71.51773, -36.84803], [-71.56717, -36.86635], [-71.50398, -36.89763], [-71.5043, -36.89877], [-71.51166, -36.89724], [-71.5161, -36.89784], [-71.51549, -36.90106], [-71.51173, -36.90411], [-71.51037, -36.90631], [-71.51467, -36.91012], [-71.52733, -36.90619], [-71.54069, -36.90466], [-71.54492, -36.9032], [-71.54701, -36.90144], [-71.55286, -36.8925], [-71.55481, -36.89075], [-71.5931, -36.87084], [-71.60049, -36.87011], [-71.60294, -36.87097], [-71.60576, -36.87457], [-71.58823, -36.8928], [-71.62529, -36.88377], [-71.62797, -36.8828], [-71.63441, -36.87465], [-71.644, -36.86924], [-71.65791, -36.86968], [-71.69223, -36.85612], [-71.69525, -36.85273], [-71.69515, -36.84952], [-71.69714, -36.84525], [-71.69396, -36.84383], [-71.68747, -36.84546], [-71.68632, -36.84515], [-71.68427, -36.84347], [-71.68419, -36.84107], [-71.68635, -36.83736], [-71.72487, -36.81775], [-71.76305, -36.81826], [-71.76818, -36.80133], [-71.76512, -36.79306], [-71.75714, -36.7938], [-71.7547, -36.79328], [-71.75206, -36.79083], [-71.75041, -36.77987], [-71.74898, -36.77968], [-71.74491, -36.78148], [-71.74275, -36.78051], [-71.74292, -36.77718], [-71.74777, -36.76895], [-71.74699, -36.76679], [-71.72158, -36.78178], [-71.70785, -36.77556], [-71.71906, -36.77027], [-71.72427, -36.76398], [-71.73139, -36.75982], [-71.72153, -36.75431], [-71.72058, -36.75124], [-71.72201, -36.74721], [-71.73071, -36.74358], [-71.73275, -36.74079], [-71.73511, -36.73467], [-71.73704, -36.7328], [-71.74195, -36.73075], [-71.7525, -36.73142], [-71.76227, -36.72148], [-71.76828, -36.71199], [-71.77211, -36.70744], [-71.77077, -36.70106], [-71.77524, -36.69455], [-71.77599, -36.69133], [-71.77325, -36.69014], [-71.76771, -36.69026], [-71.76541, -36.68962], [-71.76263, -36.68717], [-71.76085, -36.68057], [-71.75925, -36.67923], [-71.75412, -36.67889], [-71.7495, -36.68117], [-71.74371, -36.69125], [-71.73691, -36.69621], [-71.72293, -36.69938], [-71.71471, -36.70036], [-71.71152, -36.7016]]]}, "properties": {"composicio": "Secuencias volcanicas", "epoca": "Plioceno Pleistoceno", "era": "CENOZOICO", "geo": "PPl3", "ha": 36035.86, "m2": 360358621.94, "periodo": "Neogeno"}}, {"type": "Feature", "geometry": {"type": "Polygon", "coordinates": [[[-71.2704, -37.48453], [-71.26241, -37.50117], [-71.25998, -37.50221], [-71.24948, -37.50184], [-71.24475, -37.50313], [-71.24049, -37.5074], [-71.2381, -37.51177], [-71.23303, -37.50871], [-71.23173, -37.50861], [-71.22797, -37.51917], [-71.22599, -37.52182], [-71.2237, -37.52298], [-71.21708, -37.52256], [-71.20713, -37.51989], [-71.19917, -37.5149], [-71.19393, -37.50887], [-71.18518, -37.51053], [-71.17801, -37.51276], [-71.17556, -37.51221], [-71.17396, -37.51004], [-71.17316, -37.5026], [-71.17186, -37.50192], [-71.16798, -37.50252], [-71.16395, -37.50141], [-71.16001, -37.49639], [-71.15247, -37.48945], [-71.15453, -37.48039], [-71.15394, -37.47914], [-71.14692, -37.48148], [-71.14417, -37.4792], [-71.14429, -37.47691], [-71.14994, -37.46828], [-71.1672, -37.4565], [-71.14715, -37.46247], [-71.15796, -37.45163], [-71.15622, -37.45004], [-71.15363, -37.45006], [-71.13179, -37.46359], [-71.13115, -37.48502], [-71.13207, -37.49016], [-71.13413, -37.49542], [-71.13632, -37.4985], [-71.14488, -37.50623], [-71.14641, -37.51537], [-71.17181, -37.53742], [-71.17426, -37.53752], [-71.17835, -37.53074], [-71.17978, -37.52969], [-71.18079, -37.53038], [-71.1833, -37.53585], [-71.20232, -37.5395], [-71.18377, -37.56551], [-71.1598, -37.57059], [-71.16255, -37.57195], [-71.16803, -37.57317], [-71.19294, -37.57472], [-71.19479, -37.57322], [-71.19353, -37.56327], [-71.19506, -37.55844], [-71.19847, -37.55544], [-71.20622, -37.5539], [-71.20896, -37.55445], [-71.21231, -37.55764], [-71.21646, -37.56861], [-71.2231, -37.57073], [-71.23395, -37.57546], [-71.23847, -37.58024], [-71.24067, -37.58434], [-71.24012, -37.59866], [-71.24122, -37.60609], [-71.24106, -37.61686], [-71.23911, -37.62237], [-71.23698, -37.62525], [-71.23442, -37.62745], [-71.23297, -37.62722], [-71.22579, -37.629], [-71.2238, -37.63095], [-71.22325, -37.63325], [-71.22345, -37.6376], [-71.23273, -37.63954], [-71.24279, -37.63549], [-71.24764, -37.62958], [-71.25121, -37.61651], [-71.25067, -37.59716], [-71.24851, -37.58969], [-71.22271, -37.54905], [-71.22608, -37.54755], [-71.23297, -37.5473], [-71.24515, -37.54869], [-71.25446, -37.55041], [-71.27219, -37.55583], [-71.28741, -37.54519], [-71.23565, -37.54125], [-71.23193, -37.53909], [-71.23122, -37.53682], [-71.23193, -37.53416], [-71.23479, -37.5312], [-71.23972, -37.5293], [-71.2494, -37.52757], [-71.26423, -37.52268], [-71.27487, -37.51507], [-71.28183, -37.50851], [-71.28754, -37.50532], [-71.29815, -37.50459], [-71.30838, -37.50489], [-71.31808, -37.50591], [-71.32677, -37.51177], [-71.34124, -37.5181], [-71.35102, -37.53952], [-71.36327, -37.52007], [-71.3494, -37.50358], [-71.3402, -37.50354], [-71.33342, -37.50153], [-71.31979, -37.49237], [-71.31474, -37.49069], [-71.2926, -37.49018], [-71.2704, -37.48453]]]}, "properties": {"composicio": "Secuencias sedimentarias", "epoca": "Pleistoceno Holoceno", "era": "CENOZOICO", "geo": "Q1", "ha": 7552.86, "m2": 75528598.86, "periodo": "Cuaternario"}}, {"type": "Feature", "geometry": {"type": "Polygon", "coordinates": [[[-71.2231, -37.57073], [-71.23442, -37.62745], [-71.23698, -37.62525], [-71.23911, -37.62237], [-71.24106, -37.61686], [-71.24122, -37.60609], [-71.24012, -37.59866], [-71.24067, -37.58434], [-71.23847, -37.58024], [-71.23395, -37.57546], [-71.2231, -37.57073]]]}, "properties": {"composicio": "Secuencias volcanosedimenta", "epoca": "Oligoceno Mioceno", "era": "CENOZOICO", "geo": "OM2c", "ha": 579.61, "m2": 5796102.1, "periodo": "Paleogeno"}}, {"type": "Feature", "geometry": {"type": "Polygon", "coordinates": [[[-71.19393, -37.50887], [-71.19439, -37.49857], [-71.20036, -37.47975], [-71.20443, -37.47067], [-71.21035, -37.46066], [-71.21196, -37.45127], [-71.21191, -37.446], [-71.20981, -37.43868], [-71.18026, -37.41496], [-71.17806, -37.41119], [-71.17731, -37.40765], [-71.17733, -37.39754], [-71.15591, -37.39762], [-71.1446, -37.4344], [-71.12107, -37.45987], [-71.11924, -37.48801], [-71.13307, -37.52544], [-71.14977, -37.53901], [-71.13634, -37.54891], [-71.12684, -37.57736], [-71.15494, -37.60109], [-71.16056, -37.60105], [-71.17341, -37.6052], [-71.1934, -37.61674], [-71.22406, -37.61584], [-71.22408, -37.61778], [-71.22025, -37.62274], [-71.2, -37.62734], [-71.21187, -37.64513], [-71.19926, -37.66415], [-71.21155, -37.68576], [-71.21132, -37.68727], [-71.21059, -37.69227], [-71.19459, -37.70824], [-71.19531, -37.71785], [-71.19466, -37.72429], [-71.19083, -37.73543], [-71.18616, -37.74224], [-71.17843, -37.74847], [-71.17691, -37.75219], [-71.17627, -37.76126], [-71.17009, -37.76411], [-71.16971, -37.76517], [-71.18391, -37.76603], [-71.16765, -37.7925], [-71.17233, -37.80871], [-71.20897, -37.78505], [-71.2066, -37.78158], [-71.20613, -37.77336], [-71.21412, -37.73653], [-71.21069, -37.73207], [-71.20957, -37.72764], [-71.21976, -37.71158], [-71.22631, -37.69748], [-71.22906, -37.68261], [-71.23273, -37.63954], [-71.22345, -37.6376], [-71.22325, -37.63325], [-71.2238, -37.63095], [-71.22579, -37.629], [-71.23297, -37.62722], [-71.23194, -37.62528], [-71.22929, -37.60755], [-71.22637, -37.5793], [-71.20896, -37.55445], [-71.20622, -37.5539], [-71.19847, -37.55544], [-71.19506, -37.55844], [-71.19353, -37.56327], [-71.19479, -37.57322], [-71.19294, -37.57472], [-71.16803, -37.57317], [-71.16255, -37.57195], [-71.1598, -37.57059], [-71.18377, -37.56551], [-71.20232, -37.5395], [-71.1833, -37.53585], [-71.18079, -37.53038], [-71.17978, -37.52969], [-71.17835, -37.53074], [-71.17426, -37.53752], [-71.17181, -37.53742], [-71.14641, -37.51537], [-71.14488, -37.50623], [-71.13632, -37.4985], [-71.13413, -37.49542], [-71.13207, -37.49016], [-71.13115, -37.48502], [-71.13179, -37.46359], [-71.15363, -37.45006], [-71.15622, -37.45004], [-71.15796, -37.45163], [-71.14715, -37.46247], [-71.1672, -37.4565], [-71.14994, -37.46828], [-71.14429, -37.47691], [-71.14417, -37.4792], [-71.14692, -37.48148], [-71.15394, -37.47914], [-71.15453, -37.48039], [-71.15247, -37.48945], [-71.16001, -37.49639], [-71.16395, -37.50141], [-71.16798, -37.50252], [-71.17186, -37.50192], [-71.17316, -37.5026], [-71.17396, -37.51004], [-71.17556, -37.51221], [-71.17801, -37.51276], [-71.18518, -37.51053], [-71.19393, -37.50887]]]}, "properties": {"composicio": "Secuencias volcanicas", "epoca": "Mioceno Inferior Medio", "era": "CENOZOICO", "geo": "M3i", "ha": 16441.93, "m2": 164419280.94, "periodo": "Neogeno"}}, {"type": "Feature", "geometry": {"type": "Polygon", "coordinates": [[[-71.12684, -37.57736], [-71.12806, -37.58415], [-71.14044, -37.60078], [-71.14747, -37.60479], [-71.15152, -37.60961], [-71.17242, -37.61196], [-71.1917, -37.62734], [-71.19291, -37.6305], [-71.19326, -37.63663], [-71.19476, -37.63998], [-71.20626, -37.64669], [-71.20513, -37.64868], [-71.20505, -37.6487], [-71.20113, -37.65005], [-71.20097, -37.66215], [-71.2105, -37.65109], [-71.21187, -37.64513], [-71.2, -37.62734], [-71.22025, -37.62274], [-71.22408, -37.61778], [-71.22406, -37.61584], [-71.1934, -37.61674], [-71.17341, -37.6052], [-71.16056, -37.60105], [-71.15494, -37.60109], [-71.12684, -37.57736]]]}, "properties": {"composicio": "Secuencias volcanicas", "epoca": "Plioceno Pleistoceno", "era": "CENOZOICO", "geo": "PPl3", "ha": 1162.84, "m2": 11628400.29, "periodo": "Neogeno"}}, {"type": "Feature", "geometry": {"type": "Polygon", "coordinates": [[[-71.52401, -37.74259], [-71.51817, -37.73435], [-71.51225, -37.72003], [-71.50792, -37.71275], [-71.49907, -37.70461], [-71.48734, -37.69899], [-71.48356, -37.69123], [-71.48023, -37.6885], [-71.37972, -37.71007], [-71.3668, -37.70861], [-71.35183, -37.70402], [-71.3407, -37.69618], [-71.32718, -37.69165], [-71.31154, -37.68798], [-71.30736, -37.68803], [-71.3034, -37.68921], [-71.35547, -37.71705], [-71.39066, -37.71711], [-71.3902, -37.71907], [-71.37977, -37.72565], [-71.37464, -37.73168], [-71.35664, -37.77416], [-71.35253, -37.78039], [-71.34561, -37.78809], [-71.34484, -37.78973], [-71.36473, -37.77433], [-71.38552, -37.72783], [-71.41566, -37.71077], [-71.41809, -37.71035], [-71.42599, -37.71234], [-71.4306, -37.71216], [-71.43535, -37.70958], [-71.45324, -37.70259], [-71.46344, -37.70186], [-71.50365, -37.72563], [-71.51062, -37.73349], [-71.52005, -37.7487], [-71.52798, -37.75813], [-71.5293, -37.75372], [-71.52919, -37.74961], [-71.52394, -37.74626], [-71.52401, -37.74259]]]}, "properties": {"composicio": "Secuencias sedimentarias", "epoca": "Pleistoceno Holoceno", "era": "CENOZOICO", "geo": "Q1", "ha": 3067.99, "m2": 30679881.82, "periodo": "Cuaternario"}}, {"type": "Feature", "geometry": {"type": "Polygon", "coordinates": [[[-71.78017, -37.70603], [-71.79769, -37.68481], [-71.76418, -37.68824], [-71.77202, -37.70487], [-71.77482, -37.70578], [-71.78017, -37.70603]]]}, "properties": {"composicio": "Rocas intrusivas", "epoca": "Mioceno  18 6 Ma", "era": "CENOZOICO", "geo": "Mg", "ha": 407.16, "m2": 4071577.86, "periodo": "Neogeno"}}, {"type": "Feature", "geometry": {"type": "Polygon", "coordinates": [[[-71.567, -37.36611], [-71.53703, -37.34955], [-71.53391, -37.35164], [-71.53011, -37.35683], [-71.52672, -37.35995], [-71.52173, -37.36217], [-71.51243, -37.36386], [-71.50401, -37.36681], [-71.50016, -37.3689], [-71.49364, -37.37411], [-71.48974, -37.37909], [-71.49037, -37.3865], [-71.49556, -37.39766], [-71.49666, -37.40474], [-71.46818, -37.46198], [-71.48949, -37.49576], [-71.48894, -37.50709], [-71.4848, -37.51903], [-71.47656, -37.53661], [-71.47707, -37.54209], [-71.48171, -37.55429], [-71.48741, -37.56209], [-71.52809, -37.55807], [-71.53422, -37.55469], [-71.54841, -37.54231], [-71.55099, -37.54137], [-71.56405, -37.53987], [-71.57048, -37.53774], [-71.57403, -37.53495], [-71.57656, -37.53093], [-71.58068, -37.52768], [-71.59412, -37.53258], [-71.59994, -37.52748], [-71.60395, -37.52686], [-71.65569, -37.54324], [-71.66819, -37.54298], [-71.67505, -37.54074], [-71.67666, -37.53351], [-71.6861, -37.53077], [-71.654, -37.51122], [-71.63823, -37.49539], [-71.63343, -37.49211], [-71.62938, -37.49021], [-71.62563, -37.48957], [-71.60867, -37.48918], [-71.60314, -37.48443], [-71.59435, -37.474], [-71.59072, -37.4714], [-71.58567, -37.46986], [-71.5803, -37.46671], [-71.57514, -37.467], [-71.57087, -37.46978], [-71.56527, -37.46995], [-71.56137, -37.46862], [-71.55161, -37.45969], [-71.54788, -37.45022], [-71.54792, -37.44337], [-71.55888, -37.41785], [-71.56078, -37.41075], [-71.56088, -37.37928], [-71.56224, -37.37458], [-71.567, -37.36611]]]}, "properties": {"composicio": "Rocas intrusivas", "epoca": "Mioceno  18 6 Ma", "era": "CENOZOICO", "geo": "Mg", "ha": 19414.89, "m2": 194148864.04, "periodo": "Neogeno"}}, {"type": "Feature", "geometry": {"type": "Polygon", "coordinates": [[[-71.71206, -37.53677], [-71.71508, -37.52872], [-71.72316, -37.52189], [-71.73075, -37.51219], [-71.75047, -37.50657], [-71.72447, -37.50733], [-71.71103, -37.51462], [-71.70835, -37.51899], [-71.70301, -37.51755], [-71.69885, -37.51779], [-71.69905, -37.52386], [-71.69784, -37.52736], [-71.69654, -37.52807], [-71.68321, -37.52803], [-71.68536, -37.52941], [-71.6861, -37.53077], [-71.68554, -37.5317], [-71.68455, -37.5325], [-71.67765, -37.53281], [-71.67666, -37.53351], [-71.67505, -37.54074], [-71.66819, -37.54298], [-71.65569, -37.54324], [-71.64673, -37.54105], [-71.63873, -37.53518], [-71.63383, -37.53409], [-71.62233, -37.53445], [-71.60395, -37.52686], [-71.59994, -37.52748], [-71.59412, -37.53258], [-71.58068, -37.52768], [-71.57656, -37.53093], [-71.57403, -37.53495], [-71.57048, -37.53774], [-71.56405, -37.53987], [-71.55099, -37.54137], [-71.54841, -37.54231], [-71.53422, -37.55469], [-71.52809, -37.55807], [-71.47135, -37.56629], [-71.46479, -37.56063], [-71.46316, -37.55743], [-71.46404, -37.52903], [-71.47163, -37.51706], [-71.47469, -37.51015], [-71.47401, -37.49356], [-71.4653, -37.51711], [-71.46118, -37.52058], [-71.43969, -37.51517], [-71.42637, -37.51918], [-71.43787, -37.52892], [-71.45137, -37.52755], [-71.45445, -37.53175], [-71.457, -37.53917], [-71.45688, -37.55039], [-71.45029, -37.56224], [-71.48074, -37.57846], [-71.47807, -37.5826], [-71.46815, -37.59277], [-71.4687, -37.60066], [-71.46011, -37.6138], [-71.43494, -37.60498], [-71.43217, -37.61244], [-71.41903, -37.59997], [-71.41717, -37.6001], [-71.41575, -37.60205], [-71.41627, -37.60789], [-71.41906, -37.61221], [-71.42575, -37.61663], [-71.43007, -37.61704], [-71.48127, -37.61206], [-71.48246, -37.59345], [-71.48478, -37.5889], [-71.48788, -37.58534], [-71.4912, -37.57834], [-71.49828, -37.57406], [-71.50816, -37.57081], [-71.51873, -37.56949], [-71.52337, -37.5724], [-71.52603, -37.56621], [-71.53212, -37.56009], [-71.53583, -37.55765], [-71.56238, -37.55429], [-71.56651, -37.55173], [-71.57824, -37.5475], [-71.5905, -37.54073], [-71.67209, -37.55369], [-71.71206, -37.53677]]]}, "properties": {"composicio": "Secuencias sedimentarias", "epoca": "Pleistoceno Holoceno", "era": "CENOZOICO", "geo": "Q1", "ha": 5063.29, "m2": 50632882.31, "periodo": "Cuaternario"}}, {"type": "Feature", "geometry": {"type": "Polygon", "coordinates": [[[-71.47401, -37.49356], [-71.47497, -37.49034], [-71.47159, -37.48534], [-71.46285, -37.47775], [-71.45569, -37.47288], [-71.45093, -37.47752], [-71.44964, -37.47775], [-71.44067, -37.47348], [-71.43721, -37.47306], [-71.43607, -37.47352], [-71.43742, -37.47741], [-71.44759, -37.48556], [-71.44936, -37.48841], [-71.44808, -37.48922], [-71.43815, -37.4885], [-71.43132, -37.49315], [-71.42217, -37.49643], [-71.4232, -37.49791], [-71.42326, -37.50203], [-71.41844, -37.50745], [-71.41877, -37.51043], [-71.42242, -37.51418], [-71.42346, -37.5168], [-71.42311, -37.5223], [-71.4196, -37.52852], [-71.41994, -37.5316], [-71.42212, -37.53376], [-71.42929, -37.53209], [-71.43231, -37.53241], [-71.43596, -37.53593], [-71.43599, -37.53833], [-71.41907, -37.54134], [-71.41475, -37.54127], [-71.41315, -37.54014], [-71.41159, -37.53145], [-71.40719, -37.52473], [-71.40268, -37.521], [-71.38403, -37.52447], [-71.37827, -37.51318], [-71.3494, -37.50358], [-71.36327, -37.52007], [-71.36075, -37.52501], [-71.35635, -37.52928], [-71.35417, -37.53846], [-71.35332, -37.53927], [-71.35102, -37.53952], [-71.34728, -37.53814], [-71.34789, -37.54217], [-71.36513, -37.55143], [-71.34936, -37.56632], [-71.34562, -37.56635], [-71.33796, -37.56322], [-71.33523, -37.56369], [-71.32041, -37.57469], [-71.30908, -37.58597], [-71.31003, -37.59246], [-71.30934, -37.60532], [-71.31061, -37.61225], [-71.32781, -37.64518], [-71.32931, -37.66815], [-71.38789, -37.70862], [-71.48023, -37.6885], [-71.48356, -37.69123], [-71.48734, -37.69899], [-71.49907, -37.70461], [-71.50792, -37.71275], [-71.51225, -37.72003], [-71.51817, -37.73435], [-71.52401, -37.74259], [-71.53182, -37.68833], [-71.53345, -37.68667], [-71.53604, -37.68657], [-71.54389, -37.69474], [-71.54963, -37.69681], [-71.55142, -37.69536], [-71.55281, -37.6897], [-71.55629, -37.68303], [-71.55614, -37.68052], [-71.55403, -37.679], [-71.54418, -37.67824], [-71.5416, -37.67364], [-71.54067, -37.66783], [-71.54127, -37.66586], [-71.54521, -37.66434], [-71.54984, -37.65991], [-71.55273, -37.65052], [-71.55237, -37.6471], [-71.534, -37.63865], [-71.53442, -37.61951], [-71.53241, -37.61477], [-71.52925, -37.61249], [-71.52469, -37.61095], [-71.52041, -37.61398], [-71.51829, -37.61463], [-71.51406, -37.61136], [-71.51242, -37.6081], [-71.51643, -37.59099], [-71.52337, -37.5724], [-71.51873, -37.56949], [-71.50816, -37.57081], [-71.49828, -37.57406], [-71.4912, -37.57834], [-71.48788, -37.58534], [-71.48478, -37.5889], [-71.48246, -37.59345], [-71.48127, -37.61206], [-71.48255, -37.61301], [-71.48173, -37.61543], [-71.47723, -37.62269], [-71.47014, -37.62973], [-71.46213, -37.63381], [-71.4075, -37.61919], [-71.39547, -37.62364], [-71.38524, -37.63347], [-71.37469, -37.64088], [-71.37081, -37.64171], [-71.36706, -37.6414], [-71.35706, -37.63668], [-71.35371, -37.63327], [-71.3866, -37.59636], [-71.38869, -37.59153], [-71.38975, -37.58488], [-71.38969, -37.58053], [-71.38674, -37.57471], [-71.38641, -37.57174], [-71.39589, -37.57086], [-71.40244, -37.57641], [-71.40843, -37.58288], [-71.41075, -37.58401], [-71.42367, -37.58161], [-71.43398, -37.58839], [-71.44276, -37.59838], [-71.44989, -37.60415], [-71.46232, -37.60759], [-71.46772, -37.6025], [-71.4687, -37.60066], [-71.46815, -37.59277], [-71.47807, -37.5826], [-71.48074, -37.57846], [-71.48085, -37.57627], [-71.45029, -37.56224], [-71.45688, -37.55039], [-71.457, -37.53917], [-71.45445, -37.53175], [-71.45137, -37.52755], [-71.45021, -37.52733], [-71.44691, -37.52747], [-71.44176, -37.52935], [-71.43787, -37.52892], [-71.42637, -37.51918], [-71.43969, -37.51517], [-71.46118, -37.52058], [-71.4653, -37.51711], [-71.47401, -37.49356]], [[-71.33884, -37.63065], [-71.3213, -37.62174], [-71.32312, -37.61749], [-71.33492, -37.6064], [-71.33639, -37.5978], [-71.33768, -37.59665], [-71.34545, -37.59704], [-71.34858, -37.5945], [-71.35141, -37.59059], [-71.35108, -37.58761], [-71.33236, -37.58639], [-71.36369, -37.57251], [-71.37246, -37.56167], [-71.37198, -37.60048], [-71.36939, -37.60051], [-71.36403, -37.59804], [-71.36145, -37.59863], [-71.35767, -37.60633], [-71.35907, -37.61445], [-71.35796, -37.61755], [-71.35554, -37.61952], [-71.35252, -37.62011], [-71.34702, -37.61753], [-71.34504, -37.62006], [-71.34013, -37.63041], [-71.33884, -37.63065]]]}, "properties": {"composicio": "Secuencias volcanicas", "epoca": "Mioceno Inferior Medio", "era": "CENOZOICO", "geo": "M3i", "ha": 27143.15, "m2": 271431533.55, "periodo": "Neogeno"}}, {"type": "Feature", "geometry": {"type": "Polygon", "coordinates": [[[-71.48127, -37.61206], [-71.42575, -37.61663], [-71.41906, -37.61221], [-71.41627, -37.60789], [-71.41575, -37.60205], [-71.41717, -37.6001], [-71.43217, -37.61244], [-71.43494, -37.60498], [-71.45637, -37.61383], [-71.46011, -37.6138], [-71.46125, -37.61276], [-71.46232, -37.60759], [-71.44989, -37.60415], [-71.44276, -37.59838], [-71.43398, -37.58839], [-71.42367, -37.58161], [-71.41075, -37.58401], [-71.40843, -37.58288], [-71.40244, -37.57641], [-71.39589, -37.57086], [-71.38641, -37.57174], [-71.38674, -37.57471], [-71.38969, -37.58053], [-71.38975, -37.58488], [-71.38869, -37.59153], [-71.3866, -37.59636], [-71.35371, -37.63327], [-71.35706, -37.63668], [-71.36706, -37.6414], [-71.37081, -37.64171], [-71.37469, -37.64088], [-71.38524, -37.63347], [-71.39547, -37.62364], [-71.4075, -37.61919], [-71.46213, -37.63381], [-71.47014, -37.62973], [-71.47723, -37.62269], [-71.48173, -37.61543], [-71.48255, -37.61301], [-71.48127, -37.61206]]]}, "properties": {"composicio": "Rocas intrusivas", "epoca": "Mioceno Inferior Medio  22-16 Ma", "era": "CENOZOICO", "geo": "Mimg", "ha": 3584.52, "m2": 35845159.76, "periodo": "Neogeno"}}, {"type": "Feature", "geometry": {"type": "Polygon", "coordinates": [[[-71.33884, -37.63065], [-71.34013, -37.63041], [-71.34504, -37.62006], [-71.34702, -37.61753], [-71.35252, -37.62011], [-71.35554, -37.61952], [-71.35796, -37.61755], [-71.35907, -37.61445], [-71.35767, -37.60633], [-71.36145, -37.59863], [-71.36403, -37.59804], [-71.36939, -37.60051], [-71.37198, -37.60048], [-71.37246, -37.56167], [-71.36369, -37.57251], [-71.33236, -37.58639], [-71.35108, -37.58761], [-71.35141, -37.59059], [-71.34858, -37.5945], [-71.34545, -37.59704], [-71.33768, -37.59665], [-71.33639, -37.5978], [-71.33492, -37.6064], [-71.32312, -37.61749], [-71.3213, -37.62174], [-71.33884, -37.63065]]]}, "properties": {"composicio": "Secuencias volcanicas", "epoca": "Plioceno Pleistoceno", "era": "CENOZOICO", "geo": "PPl3", "ha": 1510.27, "m2": 15102721.91, "periodo": "Neogeno"}}, {"type": "Feature", "geometry": {"type": "Polygon", "coordinates": [[[-71.34728, -37.53814], [-71.34687, -37.53564], [-71.34278, -37.53202], [-71.32431, -37.52137], [-71.31783, -37.51898], [-71.31312, -37.5195], [-71.32806, -37.54861], [-71.31727, -37.56104], [-71.3037, -37.57288], [-71.27431, -37.57499], [-71.27248, -37.57827], [-71.27277, -37.58078], [-71.27873, -37.58916], [-71.27956, -37.59359], [-71.27479, -37.59583], [-71.27106, -37.59608], [-71.27053, -37.5969], [-71.26897, -37.60222], [-71.27059, -37.6103], [-71.26317, -37.62661], [-71.26344, -37.63118], [-71.26664, -37.63416], [-71.29005, -37.61794], [-71.29221, -37.61534], [-71.30023, -37.59981], [-71.30463, -37.58877], [-71.30801, -37.58497], [-71.30908, -37.58597], [-71.32041, -37.57469], [-71.33523, -37.56369], [-71.33796, -37.56322], [-71.34562, -37.56635], [-71.34936, -37.56632], [-71.3636, -37.55533], [-71.36513, -37.55143], [-71.36352, -37.54926], [-71.35268, -37.54534], [-71.34891, -37.5432], [-71.34789, -37.54217], [-71.34728, -37.53814]]]}, "properties": {"composicio": "Secuencias volcanicas", "epoca": "Plioceno Pleistoceno", "era": "CENOZOICO", "geo": "PPl3", "ha": 2923.08, "m2": 29230781.27, "periodo": "Neogeno"}}, {"type": "Feature", "geometry": {"type": "Polygon", "coordinates": [[[-71.72113, -37.76204], [-71.72483, -37.75891], [-71.727, -37.75218], [-71.72745, -37.72971], [-71.7247, -37.72948], [-71.72218, -37.73073], [-71.7197, -37.73713], [-71.71213, -37.74511], [-71.71032, -37.75068], [-71.71055, -37.75433], [-71.71329, -37.76121], [-71.71449, -37.76196], [-71.72113, -37.76204]]]}, "properties": {"composicio": "Rocas intrusivas", "epoca": "Mioceno  18 6 Ma", "era": "CENOZOICO", "geo": "Mg", "ha": 379.06, "m2": 3790601.5, "periodo": "Neogeno"}}, {"type": "Feature", "geometry": {"type": "Polygon", "coordinates": [[[-71.50367, -37.78324], [-71.50447, -37.77989], [-71.49527, -37.76844], [-71.49141, -37.76184], [-71.49073, -37.75545], [-71.49236, -37.73924], [-71.48826, -37.73824], [-71.48603, -37.73959], [-71.48475, -37.74227], [-71.48292, -37.75266], [-71.48066, -37.75343], [-71.47666, -37.75175], [-71.47321, -37.75189], [-71.48301, -37.76858], [-71.49308, -37.78239], [-71.50367, -37.78324]]]}, "properties": {"composicio": "Rocas intrusivas", "epoca": "Mioceno Inferior Medio  22-16 Ma", "era": "CENOZOICO", "geo": "Mimg", "ha": 491.5, "m2": 4915004.35, "periodo": "Neogeno"}}, {"type": "Feature", "geometry": {"type": "Polygon", "coordinates": [[[-71.21412, -37.73653], [-71.20613, -37.77336], [-71.2066, -37.78158], [-71.20897, -37.78505], [-71.21523, -37.78093], [-71.22227, -37.76785], [-71.22723, -37.74865], [-71.23389, -37.7365], [-71.2431, -37.72849], [-71.25578, -37.72069], [-71.26262, -37.71918], [-71.26536, -37.71919], [-71.27036, -37.72073], [-71.2807, -37.7373], [-71.28369, -37.74647], [-71.28048, -37.79058], [-71.27802, -37.8004], [-71.27415, -37.80581], [-71.26033, -37.81915], [-71.2558, -37.82786], [-71.26889, -37.8246], [-71.27781, -37.8189], [-71.28315, -37.81137], [-71.28627, -37.80277], [-71.29024, -37.78144], [-71.29203, -37.76236], [-71.2922, -37.75033], [-71.29065, -37.73847], [-71.28333, -37.72396], [-71.28226, -37.71793], [-71.28749, -37.69598], [-71.28341, -37.69521], [-71.28098, -37.69553], [-71.26714, -37.70807], [-71.25479, -37.71402], [-71.2501, -37.71533], [-71.23327, -37.71594], [-71.22273, -37.71838], [-71.21895, -37.72288], [-71.21482, -37.73665], [-71.21412, -37.73653]]]}, "properties": {"composicio": "Secuencias sedimentarias", "epoca": "Pleistoceno Holoceno", "era": "CENOZOICO", "geo": "Q1", "ha": 2762.96, "m2": 27629556.12, "periodo": "Cuaternario"}}, {"type": "Feature", "geometry": {"type": "Polygon", "coordinates": [[[-71.20897, -37.78505], [-71.21281, -37.79167], [-71.21495, -37.79366], [-71.21745, -37.79448], [-71.22162, -37.79422], [-71.22326, -37.79255], [-71.22621, -37.78603], [-71.23334, -37.77947], [-71.23642, -37.77283], [-71.24124, -37.76635], [-71.23999, -37.74212], [-71.26564, -37.74897], [-71.26139, -37.76023], [-71.26472, -37.80524], [-71.26177, -37.81165], [-71.25479, -37.82073], [-71.25338, -37.82387], [-71.25355, -37.82672], [-71.2558, -37.82786], [-71.26033, -37.81915], [-71.27415, -37.80581], [-71.27802, -37.8004], [-71.28048, -37.79058], [-71.28369, -37.74647], [-71.2807, -37.7373], [-71.27036, -37.72073], [-71.26536, -37.71919], [-71.26262, -37.71918], [-71.25578, -37.72069], [-71.2431, -37.72849], [-71.23389, -37.7365], [-71.22723, -37.74865], [-71.22227, -37.76785], [-71.21523, -37.78093], [-71.20897, -37.78505]]]}, "properties": {"composicio": "Secuencias volcanosedimenta", "epoca": "Oligoceno Mioceno", "era": "CENOZOICO", "geo": "OM2c", "ha": 2742.21, "m2": 27422059.55, "periodo": "Paleogeno"}}, {"type": "Feature", "geometry": {"type": "Polygon", "coordinates": [[[-71.63756, -37.33181], [-71.59671, -37.34059], [-71.58622, -37.34802], [-71.58127, -37.35265], [-71.58017, -37.35586], [-71.58108, -37.35894], [-71.58053, -37.36067], [-71.567, -37.36611], [-71.56224, -37.37458], [-71.56088, -37.37928], [-71.56078, -37.41075], [-71.55888, -37.41785], [-71.54792, -37.44337], [-71.54788, -37.45022], [-71.55161, -37.45969], [-71.56137, -37.46862], [-71.5803, -37.46671], [-71.58567, -37.46986], [-71.59072, -37.4714], [-71.59435, -37.474], [-71.60314, -37.48443], [-71.60867, -37.48918], [-71.62563, -37.48957], [-71.62938, -37.49021], [-71.63343, -37.49211], [-71.63823, -37.49539], [-71.654, -37.51122], [-71.67129, -37.52202], [-71.68321, -37.52803], [-71.69654, -37.52807], [-71.69784, -37.52736], [-71.69905, -37.52386], [-71.69885, -37.51779], [-71.70301, -37.51755], [-71.70835, -37.51899], [-71.71103, -37.51462], [-71.72447, -37.50733], [-71.75047, -37.50657], [-71.73075, -37.51219], [-71.72316, -37.52189], [-71.71508, -37.52872], [-71.7058, -37.55708], [-71.70736, -37.56416], [-71.71264, -37.57051], [-71.67298, -37.62346], [-71.67352, -37.62974], [-71.67777, -37.63428], [-71.67719, -37.63632], [-71.68559, -37.63713], [-71.68943, -37.63857], [-71.71148, -37.65018], [-71.71655, -37.65065], [-71.72522, -37.64881], [-71.7394, -37.64973], [-71.76185, -37.63793], [-71.76215, -37.63585], [-71.75982, -37.63321], [-71.75967, -37.63092], [-71.76145, -37.62947], [-71.76634, -37.62939], [-71.76941, -37.62777], [-71.77172, -37.62562], [-71.77558, -37.61847], [-71.77778, -37.61677], [-71.78522, -37.61601], [-71.78755, -37.61191], [-71.78559, -37.60833], [-71.78656, -37.60542], [-71.78945, -37.60335], [-71.79576, -37.60298], [-71.7987, -37.6016], [-71.80788, -37.58759], [-71.83398, -37.58834], [-71.83498, -37.58589], [-71.83397, -37.58365], [-71.82661, -37.58109], [-71.82396, -37.57799], [-71.8238, -37.57559], [-71.82752, -37.57075], [-71.82848, -37.56772], [-71.82462, -37.56364], [-71.82293, -37.55535], [-71.82066, -37.5535], [-71.81776, -37.55316], [-71.79865, -37.56254], [-71.78375, -37.56361], [-71.78166, -37.56255], [-71.78185, -37.55877], [-71.78436, -37.55511], [-71.79, -37.5511], [-71.81013, -37.53962], [-71.81208, -37.53644], [-71.81237, -37.53426], [-71.79718, -37.53293], [-71.816, -37.51463], [-71.81339, -37.50981], [-71.80544, -37.50693], [-71.76614, -37.51072], [-71.76262, -37.50743], [-71.77093, -37.50457], [-71.77283, -37.50289], [-71.76019, -37.49848], [-71.76103, -37.49593], [-71.76727, -37.49223], [-71.76598, -37.48981], [-71.74113, -37.48964], [-71.73349, -37.48848], [-71.73045, -37.48725], [-71.72011, -37.47891], [-71.67061, -37.46528], [-71.6653, -37.46546], [-71.65561, -37.47025], [-71.64031, -37.48335], [-71.63485, -37.4834], [-71.63037, -37.48186], [-71.61963, -37.47488], [-71.60149, -37.44544], [-71.6037, -37.43982], [-71.60707, -37.43463], [-71.62103, -37.41881], [-71.66491, -37.39065], [-71.66906, -37.38991], [-71.68543, -37.39042], [-71.69967, -37.38431], [-71.70293, -37.38176], [-71.7099, -37.37814], [-71.71778, -37.3777], [-71.72081, -37.3787], [-71.72446, -37.37419], [-71.7251, -37.36972], [-71.72262, -37.36746], [-71.71338, -37.36367], [-71.71061, -37.36108], [-71.71666, -37.35461], [-71.71173, -37.34276], [-71.70776, -37.33732], [-71.70485, -37.33472], [-71.66281, -37.34113], [-71.65732, -37.33914], [-71.6512, -37.3328], [-71.64874, -37.3318], [-71.64615, -37.33125], [-71.63756, -37.33181]]]}, "properties": {"composicio": "Secuencias volcanosedimenta", "epoca": "Oligoceno Mioceno", "era": "CENOZOICO", "geo": "OM2c", "ha": 30581.03, "m2": 305810254.44, "periodo": "Paleogeno"}}, {"type": "Feature", "geometry": {"type": "Polygon", "coordinates": [[[-71.80707, -37.63115], [-71.81152, -37.63086], [-71.81758, -37.62877], [-71.82366, -37.62257], [-71.81021, -37.61717], [-71.80227, -37.62138], [-71.8011, -37.62327], [-71.80113, -37.62613], [-71.80707, -37.63115]]]}, "properties": {"composicio": "Secuencias volcanosedimenta", "epoca": "Oligoceno Mioceno", "era": "CENOZOICO", "geo": "OM2c", "ha": 199.22, "m2": 1992249.52, "periodo": "Paleogeno"}}, {"type": "Feature", "geometry": {"type": "Polygon", "coordinates": [[[-71.80982, -37.61557], [-71.8152, -37.61409], [-71.81792, -37.61169], [-71.81752, -37.60094], [-71.81546, -37.60252], [-71.81008, -37.604], [-71.80548, -37.60625], [-71.80479, -37.6112], [-71.80982, -37.61557]]]}, "properties": {"composicio": "Secuencias volcanosedimenta", "epoca": "Oligoceno Mioceno", "era": "CENOZOICO", "geo": "OM2c", "ha": 126.55, "m2": 1265489.61, "periodo": "Paleogeno"}}, {"type": "Feature", "geometry": {"type": "Polygon", "coordinates": [[[-71.80659, -37.66394], [-71.80919, -37.66188], [-71.81193, -37.65283], [-71.80877, -37.64849], [-71.8091, -37.64699], [-71.80465, -37.64271], [-71.80196, -37.6435], [-71.79883, -37.64627], [-71.79676, -37.65002], [-71.79541, -37.65821], [-71.7968, -37.66193], [-71.79877, -37.66345], [-71.80659, -37.66394]]]}, "properties": {"composicio": "Secuencias volcanosedimenta", "epoca": "Oligoceno Mioceno", "era": "CENOZOICO", "geo": "OM2c", "ha": 247.65, "m2": 2476543.98, "periodo": "Paleogeno"}}, {"type": "Feature", "geometry": {"type": "Polygon", "coordinates": [[[-73.67022, -37.59583], [-73.66293, -37.60631], [-73.65848, -37.60917], [-73.6612, -37.62394], [-73.65901, -37.63223], [-73.65434, -37.63648], [-73.64745, -37.64833], [-73.64498, -37.65069], [-73.65452, -37.66411], [-73.65847, -37.66807], [-73.66558, -37.6551], [-73.6669, -37.6347], [-73.67157, -37.62828], [-73.67971, -37.62772], [-73.67022, -37.59583]]]}, "properties": {"composicio": "Secuencias sedimentarias", "epoca": "Eoceno", "era": "CENOZOICO", "geo": "E1c", "ha": 896.28, "m2": 8962786.8, "periodo": "Paleogeno"}}, {"type": "Feature", "geometry": {"type": "Polygon", "coordinates": [[[-73.67022, -37.59583], [-73.64754, -37.58981], [-73.63954, -37.59831], [-73.64366, -37.60528], [-73.64439, -37.60846], [-73.63839, -37.62098], [-73.63459, -37.62566], [-73.63329, -37.6347], [-73.67022, -37.59583]]]}, "properties": {"composicio": "Secuencias sedimentarias", "epoca": "Pleistoceno Holoceno", "era": "CENOZOICO", "geo": "Q1", "ha": 566.16, "m2": 5661592.85, "periodo": "Cuaternario"}}, {"type": "Feature", "geometry": {"type": "Polygon", "coordinates": [[[-73.65847, -37.66807], [-73.65452, -37.66411], [-73.64498, -37.65069], [-73.60982, -37.65998], [-73.63074, -37.72061], [-73.6404, -37.7377], [-73.65329, -37.72508], [-73.66519, -37.72167], [-73.6557, -37.7211], [-73.6505, -37.71402], [-73.6632, -37.70823], [-73.65467, -37.70726], [-73.65034, -37.69733], [-73.65716, -37.69294], [-73.65504, -37.68607], [-73.65946, -37.6861], [-73.65345, -37.67895], [-73.65847, -37.66807]]]}, "properties": {"composicio": "Secuencias sedimentarias", "epoca": "Eoceno", "era": "CENOZOICO", "geo": "E1m", "ha": 2443.78, "m2": 24437745.32, "periodo": "Paleogeno"}}, {"type": "Feature", "geometry": {"type": "Polygon", "coordinates": [[[-73.60724, -37.53758], [-73.60629, -37.53991], [-73.60638, -37.54378], [-73.60239, -37.55466], [-73.6149, -37.56756], [-73.61995, -37.57129], [-73.63584, -37.57972], [-73.63846, -37.58055], [-73.6411, -37.57997], [-73.63989, -37.57302], [-73.64726, -37.56833], [-73.64303, -37.55486], [-73.6339, -37.55545], [-73.62753, -37.54504], [-73.60724, -37.53758]]]}, "properties": {"composicio": "Secuencias sedimentarias", "epoca": "Eoceno", "era": "CENOZOICO", "geo": "E1c", "ha": 988.19, "m2": 9881919.7, "periodo": "Paleogeno"}}, {"type": "Feature", "geometry": {"type": "Polygon", "coordinates": [[[-73.60239, -37.55466], [-73.59956, -37.57076], [-73.60632, -37.57421], [-73.61643, -37.58167], [-73.62995, -37.59451], [-73.63954, -37.59831], [-73.64132, -37.59828], [-73.64571, -37.59426], [-73.64759, -37.59147], [-73.64754, -37.58981], [-73.64584, -37.58856], [-73.6411, -37.57997], [-73.63846, -37.58055], [-73.63584, -37.57972], [-73.61995, -37.57129], [-73.6149, -37.56756], [-73.60239, -37.55466]]]}, "properties": {"composicio": "Secuencias sedimentarias", "epoca": "Paleoceno Eoceno", "era": "CENOZOICO", "geo": "PE1", "ha": 684.63, "m2": 6846343.8, "periodo": "Paleogeno"}}, {"type": "Feature", "geometry": {"type": "Polygon", "coordinates": [[[-73.59956, -37.57076], [-73.59567, -37.59749], [-73.61908, -37.62544], [-73.63038, -37.63355], [-73.63329, -37.6347], [-73.64366, -37.60528], [-73.59956, -37.57076]]]}, "properties": {"composicio": "Secuencias sedimentarias", "epoca": "Permico", "era": "PALEOZOICO", "geo": "P1m", "ha": 1514.11, "m2": 15141106.74, "periodo": "PALEOZOICO"}}, {"type": "Feature", "geometry": {"type": "Polygon", "coordinates": [[[-73.63329, -37.6347], [-73.63038, -37.63355], [-73.61908, -37.62544], [-73.59567, -37.59749], [-73.58714, -37.63732], [-73.58903, -37.63936], [-73.61357, -37.64228], [-73.61799, -37.64466], [-73.62285, -37.65022], [-73.62636, -37.65171], [-73.62835, -37.65119], [-73.63168, -37.64881], [-73.63512, -37.64277], [-73.63329, -37.6347]]]}, "properties": {"composicio": "Secuencias sedimentarias", "epoca": "Eoceno", "era": "CENOZOICO", "geo": "E1m", "ha": 1185.76, "m2": 11857628.58, "periodo": "Paleogeno"}}, {"type": "Feature", "geometry": {"type": "Polygon", "coordinates": [[[-73.56736, -37.1932], [-73.60611, -37.30175], [-73.6846, -37.36548], [-73.66956, -37.34106], [-73.67527, -37.33445], [-73.6836, -37.33457], [-73.6557, -37.29865], [-73.66295, -37.28816], [-73.67266, -37.29126], [-73.65742, -37.2758], [-73.65772, -37.26708], [-73.66073, -37.26332], [-73.66407, -37.26231], [-73.65865, -37.25527], [-73.66225, -37.24967], [-73.6554, -37.24246], [-73.66043, -37.23698], [-73.65389, -37.23373], [-73.65387, -37.22669], [-73.65139, -37.22388], [-73.64963, -37.21731], [-73.64224, -37.21074], [-73.64282, -37.1947], [-73.62786, -37.18788], [-73.60801, -37.16272], [-73.58437, -37.14679], [-73.57523, -37.1512], [-73.57361, -37.16409], [-73.56029, -37.16779], [-73.56736, -37.1932]]]}, "properties": {"composicio": "Secuencias sedimentarias", "epoca": "Eoceno", "era": "CENOZOICO", "geo": "E1c", "ha": 11055.05, "m2": 110550489.19, "periodo": "Paleogeno"}}, {"type": "Feature", "geometry": {"type": "Polygon", "coordinates": [[[-73.57912, -37.33234], [-73.57781, -37.33146], [-73.57551, -37.33093], [-73.57419, -37.33158], [-73.57292, -37.33395], [-73.57365, -37.33683], [-73.58182, -37.34315], [-73.58654, -37.3497], [-73.58893, -37.36283], [-73.59817, -37.36482], [-73.61085, -37.37], [-73.61254, -37.37383], [-73.59973, -37.42307], [-73.59552, -37.43669], [-73.59447, -37.44011], [-73.58992, -37.44502], [-73.55022, -37.44833], [-73.54301, -37.45476], [-73.57949, -37.45572], [-73.58469, -37.45518], [-73.58908, -37.4537], [-73.59407, -37.45082], [-73.6042, -37.42508], [-73.61333, -37.41807], [-73.61203, -37.40215], [-73.63406, -37.37489], [-73.6438, -37.3727], [-73.63582, -37.37061], [-73.62924, -37.37306], [-73.62636, -37.37309], [-73.61875, -37.36405], [-73.61121, -37.35947], [-73.61096, -37.35557], [-73.61516, -37.34859], [-73.61891, -37.33907], [-73.61902, -37.33369], [-73.61708, -37.32916], [-73.60347, -37.35294], [-73.59875, -37.35246], [-73.59774, -37.34648], [-73.59189, -37.33359], [-73.5903, -37.33377], [-73.58811, -37.3376], [-73.58507, -37.3382], [-73.57912, -37.33234]]]}, "properties": {"composicio": "Secuencias sedimentarias", "epoca": "Pleistoceno Holoceno", "era": "CENOZOICO", "geo": "Q1", "ha": 1953.47, "m2": 19534704.4, "periodo": "Cuaternario"}}, {"type": "Feature", "geometry": {"type": "Polygon", "coordinates": [[[-73.57781, -37.33146], [-73.53264, -37.29048], [-73.59552, -37.43669], [-73.61254, -37.37383], [-73.61085, -37.37], [-73.59817, -37.36482], [-73.58893, -37.36283], [-73.58654, -37.3497], [-73.58182, -37.34315], [-73.57365, -37.33683], [-73.57781, -37.33146]]]}, "properties": {"composicio": "Secuencias sedimentarias", "epoca": "Eoceno", "era": "CENOZOICO", "geo": "E1m", "ha": 3115.92, "m2": 31159167.66, "periodo": "Paleogeno"}}, {"type": "Feature", "geometry": {"type": "Polygon", "coordinates": [[[-73.56736, -37.1932], [-73.56455, -37.19456], [-73.56522, -37.20011], [-73.56319, -37.20372], [-73.5271, -37.22397], [-73.5467, -37.24288], [-73.55246, -37.25153], [-73.5542, -37.25274], [-73.55386, -37.25658], [-73.53842, -37.25707], [-73.53515, -37.24746], [-73.53095, -37.2454], [-73.52488, -37.24636], [-73.51723, -37.24441], [-73.51393, -37.24443], [-73.51142, -37.24596], [-73.50944, -37.24965], [-73.51744, -37.25594], [-73.54013, -37.27127], [-73.55911, -37.2803], [-73.5705, -37.29184], [-73.5751, -37.29856], [-73.57935, -37.31009], [-73.58021, -37.32856], [-73.57912, -37.33234], [-73.58507, -37.3382], [-73.58811, -37.3376], [-73.5903, -37.33377], [-73.59189, -37.33359], [-73.59774, -37.34648], [-73.59875, -37.35246], [-73.60347, -37.35294], [-73.60624, -37.352], [-73.61708, -37.32916], [-73.61902, -37.33369], [-73.61891, -37.33907], [-73.61516, -37.34859], [-73.61096, -37.35557], [-73.61121, -37.35947], [-73.61875, -37.36405], [-73.62636, -37.37309], [-73.62924, -37.37306], [-73.63582, -37.37061], [-73.6438, -37.3727], [-73.64734, -37.3674], [-73.66251, -37.3647], [-73.67176, -37.35731], [-73.62452, -37.3165], [-73.60611, -37.30175], [-73.56736, -37.1932]]]}, "properties": {"composicio": "Secuencias sedimentarias", "epoca": "Eoceno", "era": "CENOZOICO", "geo": "E1m", "ha": 7579.12, "m2": 75791230.06, "periodo": "Paleogeno"}}, {"type": "Feature", "geometry": {"type": "Polygon", "coordinates": [[[-73.50944, -37.24965], [-73.50477, -37.25607], [-73.50185, -37.25797], [-73.57912, -37.33234], [-73.58021, -37.32856], [-73.57935, -37.31009], [-73.5751, -37.29856], [-73.5705, -37.29184], [-73.55911, -37.2803], [-73.54013, -37.27127], [-73.51744, -37.25594], [-73.50944, -37.24965]]]}, "properties": {"composicio": "Secuencias sedimentarias", "epoca": "Eoceno", "era": "CENOZOICO", "geo": "E1c", "ha": 1919.43, "m2": 19194263.26, "periodo": "Paleogeno"}}, {"type": "Feature", "geometry": {"type": "Polygon", "coordinates": [[[-73.50185, -37.25797], [-73.4878, -37.248], [-73.47301, -37.25431], [-73.46417, -37.26207], [-73.47756, -37.27588], [-73.47547, -37.27754], [-73.46979, -37.2792], [-73.45979, -37.28428], [-73.45314, -37.28523], [-73.45123, -37.28133], [-73.38609, -37.41317], [-73.40612, -37.41947], [-73.41092, -37.41796], [-73.42016, -37.41336], [-73.42349, -37.41098], [-73.4248, -37.40843], [-73.42387, -37.40023], [-73.42193, -37.39526], [-73.42173, -37.3907], [-73.442, -37.38967], [-73.44561, -37.38728], [-73.44806, -37.38447], [-73.44813, -37.37327], [-73.44516, -37.36445], [-73.44516, -37.35806], [-73.45639, -37.3534], [-73.46579, -37.34752], [-73.46954, -37.34737], [-73.47299, -37.34867], [-73.47632, -37.35146], [-73.47187, -37.4112], [-73.48067, -37.43492], [-73.4697, -37.44552], [-73.44733, -37.43839], [-73.44549, -37.4421], [-73.44562, -37.44507], [-73.44696, -37.44937], [-73.4516, -37.457], [-73.43366, -37.47328], [-73.43924, -37.48796], [-73.44632, -37.49256], [-73.46756, -37.48301], [-73.46982, -37.4838], [-73.47159, -37.48564], [-73.47205, -37.49114], [-73.44387, -37.52072], [-73.44823, -37.52836], [-73.46071, -37.53805], [-73.46795, -37.54607], [-73.46829, -37.57255], [-73.47161, -37.57611], [-73.47426, -37.57764], [-73.48539, -37.5764], [-73.48866, -37.57882], [-73.49029, -37.58311], [-73.49051, -37.5879], [-73.48731, -37.60158], [-73.49184, -37.60318], [-73.49245, -37.60594], [-73.49489, -37.61004], [-73.49662, -37.61695], [-73.4956, -37.62188], [-73.49148, -37.62807], [-73.49276, -37.64333], [-73.49408, -37.64717], [-73.49905, -37.65494], [-73.50527, -37.65942], [-73.51614, -37.66481], [-73.52976, -37.66738], [-73.5417, -37.6661], [-73.54345, -37.66538], [-73.54536, -37.66326], [-73.54835, -37.65578], [-73.55497, -37.64768], [-73.58714, -37.63732], [-73.60724, -37.53758], [-73.60005, -37.5334], [-73.59586, -37.51194], [-73.58898, -37.5044], [-73.59644, -37.47347], [-73.59115, -37.46423], [-73.59407, -37.45082], [-73.58908, -37.4537], [-73.58469, -37.45518], [-73.57949, -37.45572], [-73.54175, -37.45403], [-73.54216, -37.45164], [-73.54468, -37.44999], [-73.55022, -37.44833], [-73.58256, -37.44859], [-73.58992, -37.44502], [-73.59447, -37.44011], [-73.59552, -37.43669], [-73.53264, -37.29048], [-73.52201, -37.28009], [-73.50185, -37.25797]]]}, "properties": {"composicio": "Secuencias sedimentarias", "epoca": "Mioceno", "era": "CENOZOICO", "geo": "M1m", "ha": 46324.51, "m2": 463245084.61, "periodo": "Neogeno"}}, {"type": "Feature", "geometry": {"type": "Polygon", "coordinates": [[[-73.44387, -37.52072], [-73.44018, -37.52151], [-73.43236, -37.51968], [-73.42587, -37.51552], [-73.42166, -37.51108], [-73.42054, -37.5054], [-73.42286, -37.49322], [-73.42204, -37.48691], [-73.40171, -37.44906], [-73.39726, -37.44552], [-73.39028, -37.4432], [-73.38238, -37.44571], [-73.37933, -37.44808], [-73.3783, -37.45062], [-73.38205, -37.49026], [-73.38551, -37.49725], [-73.39071, -37.50464], [-73.39266, -37.50984], [-73.39565, -37.53213], [-73.40276, -37.53719], [-73.42539, -37.54956], [-73.43035, -37.55788], [-73.43606, -37.56388], [-73.41671, -37.57357], [-73.42707, -37.57489], [-73.43912, -37.5797], [-73.449, -37.57934], [-73.45305, -37.58728], [-73.45729, -37.60484], [-73.46873, -37.61278], [-73.47742, -37.6114], [-73.4794, -37.60736], [-73.48731, -37.60158], [-73.49051, -37.5879], [-73.49029, -37.58311], [-73.48866, -37.57882], [-73.48539, -37.5764], [-73.47426, -37.57764], [-73.47161, -37.57611], [-73.46829, -37.57255], [-73.46795, -37.54607], [-73.46071, -37.53805], [-73.44823, -37.52836], [-73.44387, -37.52072]]]}, "properties": {"composicio": "Secuencias sedimentarias", "epoca": "Eoceno", "era": "CENOZOICO", "geo": "E1m", "ha": 6135.05, "m2": 61350528.6, "periodo": "Paleogeno"}}, {"type": "Feature", "geometry": {"type": "Polygon", "coordinates": [[[-73.41671, -37.57357], [-73.41525, -37.5764], [-73.41508, -37.58095], [-73.41264, -37.58418], [-73.39951, -37.58468], [-73.38532, -37.55778], [-73.38076, -37.55836], [-73.3783, -37.56118], [-73.37843, -37.56414], [-73.38122, -37.56886], [-73.38098, -37.57605], [-73.34505, -37.6636], [-73.37717, -37.7398], [-73.36386, -37.76753], [-73.35632, -37.77371], [-73.34248, -37.7789], [-73.34002, -37.78191], [-73.33983, -37.78557], [-73.34094, -37.78641], [-73.34568, -37.7869], [-73.35061, -37.78649], [-73.35174, -37.78996], [-73.35097, -37.7936], [-73.32935, -37.80481], [-73.3341, -37.80932], [-73.35054, -37.81663], [-73.37292, -37.82148], [-73.38471, -37.82137], [-73.39183, -37.81958], [-73.39836, -37.81779], [-73.40466, -37.81463], [-73.40704, -37.8123], [-73.41271, -37.82332], [-73.4143, -37.82911], [-73.40158, -37.83163], [-73.39135, -37.83192], [-73.37742, -37.86191], [-73.36059, -37.87422], [-73.35225, -37.87328], [-73.34933, -37.87387], [-73.34856, -37.87487], [-73.34975, -37.87973], [-73.3494, -37.88109], [-73.34805, -37.88197], [-73.33909, -37.8818], [-73.33523, -37.88374], [-73.33234, -37.88927], [-73.32931, -37.89192], [-73.32876, -37.89431], [-73.33411, -37.89711], [-73.3356, -37.89911], [-73.33582, -37.90604], [-73.33691, -37.90715], [-73.33802, -37.90559], [-73.34338, -37.90432], [-73.34868, -37.91192], [-73.35796, -37.90148], [-73.34967, -37.89873], [-73.35719, -37.89102], [-73.35688, -37.89353], [-73.3577, -37.89431], [-73.36418, -37.8936], [-73.36802, -37.89238], [-73.36887, -37.88709], [-73.36818, -37.88306], [-73.3686, -37.88222], [-73.38716, -37.89051], [-73.38931, -37.89203], [-73.39007, -37.89372], [-73.38887, -37.89767], [-73.37672, -37.89318], [-73.3651, -37.9054], [-73.37219, -37.90494], [-73.37518, -37.90584], [-73.3775, -37.91152], [-73.37881, -37.91992], [-73.3788, -37.92864], [-73.3826, -37.93071], [-73.39188, -37.93317], [-73.39598, -37.93502], [-73.40257, -37.94532], [-73.4087, -37.94171], [-73.41018, -37.93254], [-73.40751, -37.92193], [-73.40752, -37.91067], [-73.41192, -37.90514], [-73.41411, -37.89649], [-73.41319, -37.86973], [-73.41849, -37.86792], [-73.42924, -37.86698], [-73.43371, -37.87378], [-73.43766, -37.88328], [-73.44344, -37.88949], [-73.49886, -37.88899], [-73.50196, -37.88021], [-73.49903, -37.86969], [-73.50098, -37.85729], [-73.50964, -37.8441], [-73.51605, -37.83623], [-73.51234, -37.812], [-73.51244, -37.80173], [-73.51398, -37.79779], [-73.51853, -37.79675], [-73.5245, -37.80137], [-73.53168, -37.80968], [-73.54528, -37.79413], [-73.54794, -37.78965], [-73.5518, -37.7895], [-73.56209, -37.7934], [-73.56504, -37.79114], [-73.56567, -37.78866], [-73.55713, -37.78194], [-73.55756, -37.77639], [-73.57957, -37.74926], [-73.5873, -37.75452], [-73.59589, -37.74786], [-73.59857, -37.74984], [-73.60037, -37.75732], [-73.60367, -37.76019], [-73.60628, -37.75463], [-73.60618, -37.74664], [-73.61879, -37.75175], [-73.62045, -37.75032], [-73.62173, -37.74709], [-73.6229, -37.74751], [-73.63074, -37.72061], [-73.60982, -37.65998], [-73.64165, -37.65308], [-73.6612, -37.62394], [-73.65848, -37.60917], [-73.63329, -37.6347], [-73.63512, -37.64277], [-73.63168, -37.64881], [-73.62835, -37.65119], [-73.61357, -37.64228], [-73.58714, -37.63732], [-73.55497, -37.64768], [-73.5417, -37.6661], [-73.52976, -37.66738], [-73.51614, -37.66481], [-73.50527, -37.65942], [-73.49905, -37.65494], [-73.49408, -37.64717], [-73.49276, -37.64333], [-73.49148, -37.62807], [-73.4956, -37.62188], [-73.49662, -37.61695], [-73.49489, -37.61004], [-73.49245, -37.60594], [-73.49184, -37.60318], [-73.48731, -37.60158], [-73.4794, -37.60736], [-73.47742, -37.6114], [-73.46873, -37.61278], [-73.45729, -37.60484], [-73.45305, -37.58728], [-73.449, -37.57934], [-73.43912, -37.5797], [-73.42707, -37.57489], [-73.41671, -37.57357]]]}, "properties": {"composicio": "Secuencias sedimentarias", "epoca": "Pleistoceno", "era": "CENOZOICO", "geo": "Pl1m", "ha": 58035.08, "m2": 580350802.21, "periodo": "Cuaternario"}}, {"type": "Feature", "geometry": {"type": "Polygon", "coordinates": [[[-73.3783, -37.45062], [-73.37271, -37.44735], [-73.36609, -37.44662], [-73.35902, -37.44865], [-73.35794, -37.45005], [-73.35306, -37.45242], [-73.35023, -37.46118], [-73.34902, -37.46922], [-73.34452, -37.47804], [-73.33729, -37.48297], [-73.32728, -37.48334], [-73.31787, -37.47969], [-73.30972, -37.47409], [-73.31264, -37.48278], [-73.31809, -37.49065], [-73.32538, -37.49752], [-73.33421, -37.50315], [-73.34822, -37.51726], [-73.38098, -37.57605], [-73.38122, -37.56886], [-73.37843, -37.56414], [-73.3783, -37.56118], [-73.38076, -37.55836], [-73.38532, -37.55778], [-73.39951, -37.58468], [-73.41264, -37.58418], [-73.42025, -37.56935], [-73.43606, -37.56388], [-73.43035, -37.55788], [-73.42539, -37.54956], [-73.40276, -37.53719], [-73.39565, -37.53213], [-73.39266, -37.50984], [-73.39071, -37.50464], [-73.38551, -37.49725], [-73.38205, -37.49026], [-73.3783, -37.45062]]]}, "properties": {"composicio": "Secuencias sedimentarias", "epoca": "Eoceno", "era": "CENOZOICO", "geo": "E1c", "ha": 5884.66, "m2": 58846564.37, "periodo": "Paleogeno"}}, {"type": "Feature", "geometry": {"type": "Polygon", "coordinates": [[[-73.37033, -37.60159], [-73.33243, -37.53229], [-73.31449, -37.51078], [-73.30154, -37.49706], [-73.30125, -37.51031], [-73.30313, -37.52054], [-73.30807, -37.52885], [-73.32624, -37.55097], [-73.3449, -37.6039], [-73.34736, -37.60771], [-73.35487, -37.61527], [-73.36102, -37.6247], [-73.37033, -37.60159]]]}, "properties": {"composicio": "Secuencias sedimentarias", "epoca": "Cretacico Superior", "era": "MEZOZOICO", "geo": "Ks1m", "ha": 2232.28, "m2": 22322812.9, "periodo": "Cretacico"}}, {"type": "Feature", "geometry": {"type": "Polygon", "coordinates": [[[-73.30381, -37.23192], [-73.30004, -37.23113], [-73.29828, -37.23155], [-73.30381, -37.23192]]]}, "properties": {"composicio": "Secuencias sedimentarias", "epoca": "Pleistoceno Holoceno", "era": "CENOZOICO", "geo": "Q1", "ha": 1.48, "m2": 14787.82, "periodo": "Cuaternario"}}, {"type": "Feature", "geometry": {"type": "Polygon", "coordinates": [[[-73.30972, -37.47409], [-73.3027, -37.43617], [-73.30401, -37.42719], [-73.30948, -37.41948], [-73.31102, -37.41192], [-73.32013, -37.40632], [-73.32348, -37.3981], [-73.32479, -37.38892], [-73.32471, -37.37986], [-73.31936, -37.37169], [-73.31941, -37.36549], [-73.29962, -37.34383], [-73.28526, -37.32954], [-73.23399, -37.31428], [-73.25063, -37.33763], [-73.27015, -37.35876], [-73.29103, -37.39889], [-73.2922, -37.40617], [-73.29062, -37.41603], [-73.28847, -37.41982], [-73.27829, -37.42894], [-73.28357, -37.45871], [-73.29343, -37.47489], [-73.30154, -37.49706], [-73.31449, -37.51078], [-73.33243, -37.53229], [-73.37033, -37.60159], [-73.37411, -37.58961], [-73.38098, -37.57605], [-73.34822, -37.51726], [-73.33421, -37.50315], [-73.32538, -37.49752], [-73.31809, -37.49065], [-73.31264, -37.48278], [-73.30972, -37.47409]]]}, "properties": {"composicio": "Secuencias sedimentarias", "epoca": "Paleoceno Eoceno", "era": "CENOZOICO", "geo": "PE1", "ha": 7370.37, "m2": 73703720.55, "periodo": "Paleogeno"}}, {"type": "Feature", "geometry": {"type": "Polygon", "coordinates": [[[-73.45123, -37.28133], [-73.44139, -37.2733], [-73.43892, -37.25637], [-73.43734, -37.25358], [-73.43258, -37.25114], [-73.36944, -37.26627], [-73.36692, -37.26493], [-73.36621, -37.26205], [-73.36675, -37.25977], [-73.37413, -37.25863], [-73.3772, -37.25746], [-73.37671, -37.25274], [-73.37455, -37.25016], [-73.32403, -37.25099], [-73.31327, -37.24813], [-73.29215, -37.24047], [-73.28164, -37.23853], [-73.2784, -37.24007], [-73.27587, -37.24453], [-73.2779, -37.24712], [-73.27907, -37.25507], [-73.25726, -37.27006], [-73.26209, -37.28598], [-73.24206, -37.28211], [-73.23208, -37.27599], [-73.22366, -37.26571], [-73.21776, -37.26129], [-73.21261, -37.2612], [-73.20585, -37.26343], [-73.21858, -37.28114], [-73.22095, -37.28313], [-73.23032, -37.30353], [-73.23399, -37.31428], [-73.28526, -37.32954], [-73.29962, -37.34383], [-73.31941, -37.36549], [-73.31936, -37.37169], [-73.32471, -37.37986], [-73.32479, -37.38892], [-73.32348, -37.3981], [-73.32013, -37.40632], [-73.31102, -37.41192], [-73.30948, -37.41948], [-73.30401, -37.42719], [-73.3027, -37.43617], [-73.30972, -37.47409], [-73.31787, -37.47969], [-73.32728, -37.48334], [-73.33729, -37.48297], [-73.34452, -37.47804], [-73.34902, -37.46922], [-73.35023, -37.46118], [-73.35306, -37.45242], [-73.35794, -37.45005], [-73.35902, -37.44865], [-73.36609, -37.44662], [-73.37271, -37.44735], [-73.3783, -37.45062], [-73.37933, -37.44808], [-73.38238, -37.44571], [-73.39028, -37.4432], [-73.39726, -37.44552], [-73.42204, -37.48691], [-73.42286, -37.49322], [-73.42054, -37.5054], [-73.42166, -37.51108], [-73.42587, -37.51552], [-73.43236, -37.51968], [-73.44018, -37.52151], [-73.44387, -37.52072], [-73.44559, -37.52067], [-73.44809, -37.519], [-73.45659, -37.51053], [-73.47205, -37.49114], [-73.47159, -37.48564], [-73.46982, -37.4838], [-73.46756, -37.48301], [-73.44632, -37.49256], [-73.43924, -37.48796], [-73.43366, -37.47328], [-73.4516, -37.457], [-73.44696, -37.44937], [-73.44562, -37.44507], [-73.44549, -37.4421], [-73.44733, -37.43839], [-73.4697, -37.44552], [-73.48067, -37.43492], [-73.47187, -37.4112], [-73.47632, -37.35146], [-73.47299, -37.34867], [-73.46954, -37.34737], [-73.46579, -37.34752], [-73.45639, -37.3534], [-73.44516, -37.35806], [-73.44516, -37.36445], [-73.44813, -37.37327], [-73.44806, -37.38447], [-73.44561, -37.38728], [-73.442, -37.38967], [-73.42173, -37.3907], [-73.42193, -37.39526], [-73.42387, -37.40023], [-73.4248, -37.40843], [-73.42349, -37.41098], [-73.42016, -37.41336], [-73.41092, -37.41796], [-73.40612, -37.41947], [-73.38609, -37.41317], [-73.45123, -37.28133]]]}, "properties": {"composicio": "Secuencias sedimentarias", "epoca": "Permico", "era": "PALEOZOICO", "geo": "P1m", "ha": 34277.79, "m2": 342777909.37, "periodo": "PALEOZOICO"}}, {"type": "Feature", "geometry": {"type": "Polygon", "coordinates": [[[-73.30381, -37.23192], [-73.31337, -37.23729], [-73.2805, -37.23492], [-73.29541, -37.23031], [-73.23291, -37.20296], [-73.19748, -37.17583], [-73.18699, -37.15377], [-73.18001, -37.15092], [-73.17182, -37.16473], [-73.17317, -37.21175], [-73.19979, -37.22919], [-73.20024, -37.23731], [-73.18801, -37.25339], [-73.18994, -37.2586], [-73.19584, -37.26324], [-73.20049, -37.26495], [-73.20585, -37.26343], [-73.21261, -37.2612], [-73.21776, -37.26129], [-73.22366, -37.26571], [-73.23208, -37.27599], [-73.25792, -37.28655], [-73.26209, -37.28598], [-73.26305, -37.28426], [-73.25726, -37.27006], [-73.27907, -37.25507], [-73.2779, -37.24712], [-73.27587, -37.24453], [-73.2784, -37.24007], [-73.28164, -37.23853], [-73.29215, -37.24047], [-73.31327, -37.24813], [-73.32403, -37.25099], [-73.37455, -37.25016], [-73.37671, -37.25274], [-73.3772, -37.25746], [-73.37413, -37.25863], [-73.36675, -37.25977], [-73.36621, -37.26205], [-73.36692, -37.26493], [-73.36944, -37.26627], [-73.43258, -37.25114], [-73.43734, -37.25358], [-73.43892, -37.25637], [-73.44139, -37.2733], [-73.45123, -37.28133], [-73.45314, -37.28523], [-73.47756, -37.27588], [-73.46417, -37.26207], [-73.47301, -37.25431], [-73.4878, -37.248], [-73.50092, -37.25859], [-73.51393, -37.24443], [-73.51723, -37.24441], [-73.52488, -37.24636], [-73.53095, -37.2454], [-73.53515, -37.24746], [-73.53842, -37.25707], [-73.54596, -37.25833], [-73.54882, -37.25963], [-73.55159, -37.25858], [-73.55386, -37.25658], [-73.5542, -37.25274], [-73.5271, -37.22397], [-73.56319, -37.20372], [-73.56522, -37.20011], [-73.56455, -37.19456], [-73.52896, -37.20747], [-73.49098, -37.20144], [-73.48415, -37.20563], [-73.45834, -37.20444], [-73.43704, -37.22509], [-73.44001, -37.23369], [-73.40099, -37.24172], [-73.38628, -37.24202], [-73.37297, -37.24327], [-73.35973, -37.24275], [-73.34555, -37.24066], [-73.30381, -37.23192]]]}, "properties": {"composicio": "Secuencias sedimentarias", "epoca": "Pleistoceno Holoceno", "era": "CENOZOICO", "geo": "Qm", "ha": 14343.64, "m2": 143436439.91, "periodo": "Cuaternario"}}, {"type": "Feature", "geometry": {"type": "Polygon", "coordinates": [[[-73.17175, -37.02427], [-73.17126, -37.01805], [-73.17679, -36.99785], [-73.17547, -36.99322], [-73.15436, -37.00502], [-73.14867, -37.00288], [-73.14583, -36.99936], [-73.14338, -36.99817], [-73.10723, -36.99688], [-73.11965, -37.05637], [-73.12506, -37.06445], [-73.13214, -37.06819], [-73.14731, -37.07286], [-73.15149, -37.07236], [-73.14215, -37.0557], [-73.14497, -37.03559], [-73.15444, -37.0237], [-73.17175, -37.02427]]]}, "properties": {"composicio": "Secuencias sedimentarias", "epoca": "Paleoceno Eoceno", "era": "CENOZOICO", "geo": "PE1", "ha": 2768.27, "m2": 27682737.93, "periodo": "Paleogeno"}}, {"type": "Feature", "geometry": {"type": "Polygon", "coordinates": [[[-73.119, -36.86599], [-73.11258, -36.84614], [-73.11129, -36.84543], [-73.10251, -36.85103], [-73.10156, -36.85468], [-73.10439, -36.8529], [-73.10588, -36.85337], [-73.10999, -36.85947], [-73.11128, -36.86932], [-73.119, -36.86599]]]}, "properties": {"composicio": "S I", "epoca": "S I", "era": "S I", "geo": "S I", "ha": 164.69, "m2": 1646915.89, "periodo": "S I"}}, {"type": "Feature", "geometry": {"type": "Polygon", "coordinates": [[[-73.17029, -36.81145], [-73.15626, -36.82392], [-73.14535, -36.81921], [-73.14027, -36.82145], [-73.13067, -36.82221], [-73.12143, -36.82474], [-73.11437, -36.82229], [-73.11645, -36.82442], [-73.11201, -36.82514], [-73.10987, -36.82842], [-73.10297, -36.82921], [-73.09238, -36.83517], [-73.09306, -36.83858], [-73.09656, -36.84149], [-73.10011, -36.84165], [-73.10769, -36.84026], [-73.11249, -36.84228], [-73.11483, -36.84597], [-73.119, -36.86599], [-73.12504, -36.86762], [-73.1298, -36.87157], [-73.13131, -36.87411], [-73.13593, -36.89786], [-73.13527, -36.90231], [-73.1317, -36.90879], [-73.1321, -36.91017], [-73.14707, -36.92306], [-73.14745, -36.94516], [-73.14224, -36.94887], [-73.14033, -36.95124], [-73.13813, -36.95957], [-73.13668, -36.96058], [-73.12926, -36.96071], [-73.12693, -36.96228], [-73.12436, -36.97288], [-73.12047, -36.97867], [-73.12201, -36.97973], [-73.13068, -36.98121], [-73.13276, -36.98341], [-73.13262, -36.98833], [-73.12879, -36.99206], [-73.11641, -36.99815], [-73.13261, -37.00025], [-73.14338, -36.99817], [-73.14583, -36.99936], [-73.14867, -37.00288], [-73.15436, -37.00502], [-73.17547, -36.99322], [-73.17679, -36.99785], [-73.17126, -37.01805], [-73.1776, -37.02846], [-73.18814, -36.99516], [-73.16193, -36.93653], [-73.1533, -36.88596], [-73.15694, -36.82915], [-73.17029, -36.81145]]]}, "properties": {"composicio": "Secuencias sedimentarias", "epoca": "Pleistoceno Holoceno", "era": "CENOZOICO", "geo": "Qm", "ha": 6314.39, "m2": 63143910.4, "periodo": "Cuaternario"}}, {"type": "Feature", "geometry": {"type": "Polygon", "coordinates": [[[-73.08554, -36.94789], [-73.08298, -36.95645], [-73.08494, -36.96485], [-73.09567, -36.96811], [-73.10307, -36.96543], [-73.10863, -36.95677], [-73.10648, -36.94474], [-73.10164, -36.93886], [-73.08979, -36.9429], [-73.08554, -36.94789]]]}, "properties": {"composicio": "Secuencias sedimentarias", "epoca": "Paleoceno Eoceno", "era": "CENOZOICO", "geo": "PE1", "ha": 538.74, "m2": 5387407.8, "periodo": "Paleogeno"}}, {"type": "Feature", "geometry": {"type": "Polygon", "coordinates": [[[-72.97909, -37.00328], [-72.98398, -37.01672], [-72.98146, -37.02199], [-72.97817, -37.02515], [-72.97739, -37.02811], [-72.99296, -37.0855], [-72.97654, -37.14636], [-72.98417, -37.15041], [-72.98547, -37.15274], [-72.98729, -37.16129], [-72.98752, -37.17288], [-72.96949, -37.18806], [-72.97276, -37.20925], [-72.9785, -37.20395], [-72.99405, -37.19304], [-73.00148, -37.1847], [-73.00672, -37.17021], [-73.00615, -37.15701], [-73.00277, -37.14281], [-73.00453, -37.13164], [-73.01615, -37.09697], [-73.02203, -37.07311], [-73.0241, -37.0718], [-73.04267, -37.07503], [-73.05043, -37.04071], [-73.04974, -37.03338], [-73.05029, -37.02947], [-73.04421, -37.01733], [-73.02462, -37.00073], [-73.01822, -37.00047], [-73.00013, -36.9975], [-72.98705, -36.99698], [-72.98366, -36.99809], [-72.981, -37.00013], [-72.97909, -37.00328]]]}, "properties": {"composicio": "Secuencias sedimentarias", "epoca": "Triasico Superior", "era": "MEZOZOICO", "geo": "Tr1c", "ha": 7532.66, "m2": 75326581.1, "periodo": "Triasico"}}, {"type": "Feature", "geometry": {"type": "Polygon", "coordinates": [[[-73.04966, -36.94362], [-73.04889, -36.94437], [-73.04554, -36.94363], [-73.04179, -36.94712], [-73.04089, -36.95399], [-73.03606, -36.95859], [-73.03421, -36.95883], [-73.02968, -36.95774], [-73.0274, -36.95809], [-73.00397, -36.97862], [-72.98771, -36.97977], [-72.97905, -36.97456], [-72.97364, -36.97378], [-72.9694, -36.97231], [-72.96485, -36.97319], [-72.95927, -36.97693], [-72.958, -36.98181], [-72.95877, -36.98533], [-72.95992, -36.98151], [-72.96426, -36.97988], [-72.97242, -36.98028], [-72.98696, -36.98298], [-72.99808, -36.98323], [-73.01891, -36.98151], [-73.0288, -36.97841], [-73.03674, -36.97369], [-73.0439, -36.96587], [-73.04871, -36.95438], [-73.04966, -36.94362]]]}, "properties": {"composicio": "Secuencias sedimentarias", "epoca": "Pleistoceno Holoceno", "era": "CENOZOICO", "geo": "Qf", "ha": 879.53, "m2": 8795353.3, "periodo": "Cuaternario"}}, {"type": "Feature", "geometry": {"type": "Polygon", "coordinates": [[[-72.97654, -37.14636], [-72.97399, -37.15034], [-72.96947, -37.15376], [-72.9332, -37.17428], [-72.93525, -37.17769], [-72.93543, -37.18469], [-72.93839, -37.19338], [-72.94372, -37.19793], [-72.95732, -37.20597], [-72.96131, -37.21161], [-72.96311, -37.21797], [-72.967, -37.24606], [-72.96776, -37.24541], [-72.97186, -37.24647], [-72.97449, -37.24553], [-72.97589, -37.24088], [-72.97597, -37.23423], [-72.96843, -37.19169], [-72.98752, -37.17288], [-72.98729, -37.16129], [-72.98547, -37.15274], [-72.98417, -37.15041], [-72.97654, -37.14636]]]}, "properties": {"composicio": "Secuencias sedimentarias", "epoca": "Pleistoceno Holoceno", "era": "CENOZOICO", "geo": "Q1", "ha": 2215.68, "m2": 22156755.93, "periodo": "Cuaternario"}}, {"type": "Feature", "geometry": {"type": "Polygon", "coordinates": [[[-72.95383, -37.06719], [-72.94865, -37.07022], [-72.93888, -37.07366], [-72.93374, -37.07851], [-72.93194, -37.08269], [-72.93266, -37.08513], [-72.93857, -37.08946], [-72.95128, -37.09254], [-72.95955, -37.09665], [-72.95383, -37.06719]]]}, "properties": {"composicio": "Secuencias sedimentarias", "epoca": "Pleistoceno Holoceno", "era": "CENOZOICO", "geo": "Q1", "ha": 440.39, "m2": 4403874.91, "periodo": "Cuaternario"}}, {"type": "Feature", "geometry": {"type": "Polygon", "coordinates": [[[-72.99718, -36.962], [-72.96845, -36.92084], [-72.97033, -36.90538], [-72.96877, -36.90515], [-72.96575, -36.90638], [-72.95897, -36.91274], [-72.95358, -36.91019], [-72.95158, -36.90995], [-72.94801, -36.91072], [-72.92941, -36.93818], [-72.92918, -36.94527], [-72.93217, -36.95235], [-72.93658, -36.95551], [-72.94139, -36.96305], [-72.94478, -36.96519], [-72.99718, -36.962]]]}, "properties": {"composicio": "Rocas metamorficas", "epoca": "Silurico? Carbonifero", "era": "PALEOZOICO", "geo": "Pz4b", "ha": 2412.86, "m2": 24128611.55, "periodo": ""}}, {"type": "Feature", "geometry": {"type": "Polygon", "coordinates": [[[-72.94478, -36.96519], [-72.9301, -36.9521], [-72.91536, -36.97732], [-72.93359, -36.97863], [-72.93943, -36.96898], [-72.94478, -36.96519]]]}, "properties": {"composicio": "Secuencias sedimentarias", "epoca": "Pleistoceno Holoceno", "era": "CENOZOICO", "geo": "Q1", "ha": 422.94, "m2": 4229436.36, "periodo": "Cuaternario"}}, {"type": "Feature", "geometry": {"type": "Polygon", "coordinates": [[[-73.03964, -36.91346], [-73.03404, -36.90965], [-73.0298, -36.92081], [-73.02292, -36.92872], [-73.01465, -36.94132], [-73.01432, -36.94932], [-73.01276, -36.95503], [-73.01054, -36.95854], [-72.94478, -36.96519], [-72.93943, -36.96898], [-72.93359, -36.97863], [-72.93553, -36.98095], [-72.94475, -36.99982], [-72.97043, -37.0201], [-72.96311, -37.04403], [-72.96141, -37.04648], [-72.95729, -37.04852], [-72.95522, -37.05234], [-72.95475, -37.06332], [-72.95383, -37.06719], [-72.96366, -37.10672], [-72.95141, -37.12394], [-72.94685, -37.12871], [-72.93741, -37.13629], [-72.92743, -37.14063], [-72.924, -37.14303], [-72.92158, -37.15304], [-72.9198, -37.15664], [-72.91378, -37.16192], [-72.9045, -37.16653], [-72.90371, -37.16956], [-72.91011, -37.16759], [-72.91576, -37.16776], [-72.91992, -37.16594], [-72.92854, -37.15481], [-72.94977, -37.13554], [-72.96442, -37.11778], [-72.97305, -37.0951], [-72.97171, -37.08877], [-72.96876, -37.08146], [-72.96859, -37.07733], [-72.97574, -37.04826], [-72.97098, -37.04501], [-72.96769, -37.04138], [-72.97322, -37.03021], [-72.9757, -37.01778], [-72.97507, -37.01179], [-72.97089, -37.00328], [-72.97122, -37.00023], [-72.95308, -36.98858], [-72.95116, -36.98476], [-72.95152, -36.97664], [-72.9601, -36.97221], [-72.9636, -36.96838], [-72.97682, -36.97138], [-72.9862, -36.971], [-72.99899, -36.97162], [-73.01586, -36.9606], [-73.03061, -36.94584], [-73.04374, -36.922], [-73.04339, -36.91826], [-73.03964, -36.91346]]]}, "properties": {"composicio": "Secuencias sedimentarias", "epoca": "Pleistoceno Holoceno", "era": "CENOZOICO", "geo": "Qf", "ha": 3586.3, "m2": 35863024.8, "periodo": "Cuaternario"}}, {"type": "Feature", "geometry": {"type": "Polygon", "coordinates": [[[-72.9332, -37.17428], [-72.88815, -37.18202], [-72.85317, -37.20505], [-72.84321, -37.20645], [-72.82226, -37.20426], [-72.81958, -37.20486], [-72.80627, -37.23326], [-72.80928, -37.2384], [-72.87447, -37.25953], [-72.967, -37.24606], [-72.96311, -37.21797], [-72.96131, -37.21161], [-72.95732, -37.20597], [-72.94372, -37.19793], [-72.93839, -37.19338], [-72.93543, -37.18469], [-72.93525, -37.17769], [-72.9332, -37.17428]]]}, "properties": {"composicio": "Secuencias sedimentarias", "epoca": "Triasico Superior", "era": "MEZOZOICO", "geo": "Tr1c", "ha": 8776.93, "m2": 87769260.83, "periodo": "Triasico"}}, {"type": "Feature", "geometry": {"type": "Polygon", "coordinates": [[[-72.815, -37.20995], [-72.81173, -37.21154], [-72.806, -37.21147], [-72.799, -37.21251], [-72.79446, -37.20871], [-72.79228, -37.20504], [-72.79019, -37.2052], [-72.78388, -37.2079], [-72.79021, -37.21353], [-72.79191, -37.21886], [-72.79108, -37.23316], [-72.78788, -37.24897], [-72.78926, -37.25234], [-72.79216, -37.25428], [-72.80928, -37.2384], [-72.80627, -37.23326], [-72.80599, -37.23072], [-72.815, -37.20995]]]}, "properties": {"composicio": "Secuencias sedimentarias", "epoca": "Pleistoceno Holoceno", "era": "CENOZOICO", "geo": "Q1", "ha": 740.63, "m2": 7406314.02, "periodo": "Cuaternario"}}, {"type": "Feature", "geometry": {"type": "Polygon", "coordinates": [[[-72.95383, -37.06719], [-72.95475, -37.06332], [-72.95522, -37.05234], [-72.95729, -37.04852], [-72.96141, -37.04648], [-72.96311, -37.04403], [-72.96432, -37.04028], [-72.96445, -37.03021], [-72.96992, -37.0232], [-72.97043, -37.0201], [-72.96972, -37.01755], [-72.96677, -37.01653], [-72.8872, -37.04616], [-72.86007, -37.07063], [-72.85891, -37.07598], [-72.8542, -37.08337], [-72.85054, -37.09241], [-72.83771, -37.11165], [-72.82672, -37.12627], [-72.79765, -37.14126], [-72.78753, -37.1504], [-72.78154, -37.15993], [-72.76929, -37.16625], [-72.76229, -37.17332], [-72.74989, -37.19946], [-72.75024, -37.20325], [-72.7571, -37.21958], [-72.78157, -37.19983], [-72.79142, -37.20198], [-72.79883, -37.20576], [-72.80635, -37.20725], [-72.81386, -37.20319], [-72.81842, -37.19767], [-72.82164, -37.19629], [-72.85867, -37.19783], [-72.86448, -37.18731], [-72.87962, -37.17616], [-72.8865, -37.17317], [-72.90371, -37.16956], [-72.9045, -37.16653], [-72.91378, -37.16192], [-72.9198, -37.15664], [-72.92158, -37.15304], [-72.924, -37.14303], [-72.92743, -37.14063], [-72.93741, -37.13629], [-72.94685, -37.12871], [-72.95141, -37.12394], [-72.96366, -37.10672], [-72.96374, -37.1002], [-72.95955, -37.09665], [-72.95128, -37.09254], [-72.93857, -37.08946], [-72.93266, -37.08513], [-72.93194, -37.08269], [-72.93374, -37.07851], [-72.93888, -37.07366], [-72.94865, -37.07022], [-72.95383, -37.06719]]]}, "properties": {"composicio": "Secuencias sedimentarias", "epoca": "Triasico Superior", "era": "MEZOZOICO", "geo": "Tr1c", "ha": 18181.82, "m2": 181818164.37, "periodo": "Triasico"}}, {"type": "Feature", "geometry": {"type": "Polygon", "coordinates": [[[-72.87736, -36.43058], [-72.87348, -36.43593], [-72.85218, -36.41523], [-72.82676, -36.3955], [-72.82214, -36.39325], [-72.74676, -36.41197], [-72.74714, -36.41358], [-72.75881, -36.43299], [-72.76198, -36.43648], [-72.77234, -36.44145], [-72.77699, -36.44759], [-72.77873, -36.45185], [-72.78147, -36.45544], [-72.7858, -36.4578], [-72.79086, -36.45925], [-72.80343, -36.46117], [-72.82557, -36.47651], [-72.83833, -36.48197], [-72.84615, -36.48667], [-72.86808, -36.50578], [-72.87428, -36.50735], [-72.88491, -36.50763], [-72.89847, -36.51562], [-72.90522, -36.51801], [-72.90952, -36.51804], [-72.91029, -36.51934], [-72.9094, -36.527], [-72.91291, -36.54009], [-72.91746, -36.54542], [-72.91936, -36.549], [-72.91768, -36.5777], [-72.93779, -36.62687], [-72.93493, -36.65726], [-72.93945, -36.66465], [-72.95013, -36.66962], [-72.95798, -36.68598], [-72.9671, -36.69091], [-72.97542, -36.6918], [-72.97792, -36.68093], [-72.96887, -36.67606], [-72.96697, -36.6725], [-72.97544, -36.65914], [-72.95756, -36.63118], [-72.96496, -36.61468], [-72.94476, -36.60854], [-72.94144, -36.60494], [-72.93609, -36.59101], [-72.93114, -36.58454], [-72.92982, -36.57456], [-72.93075, -36.56531], [-72.93007, -36.55808], [-72.93692, -36.53182], [-72.93051, -36.52553], [-72.93264, -36.52105], [-72.92811, -36.52223], [-72.90657, -36.49736], [-72.90739, -36.48469], [-72.91602, -36.4793], [-72.90604, -36.46813], [-72.90142, -36.45105], [-72.89703, -36.4443], [-72.88216, -36.44078], [-72.88351, -36.4351], [-72.87736, -36.43058]]]}, "properties": {"composicio": "Rocas metamorficas", "epoca": "Silurico? Carbonifero", "era": "PALEOZOICO", "geo": "Pz4b", "ha": 13422.82, "m2": 134228235.98, "periodo": ""}}, {"type": "Feature", "geometry": {"type": "Polygon", "coordinates": [[[-72.75351, -37.79646], [-72.76095, -37.79536], [-72.7902, -37.78428], [-72.80718, -37.78032], [-72.8087, -37.77167], [-72.80852, -37.75985], [-72.80665, -37.73985], [-72.80511, -37.72902], [-72.80418, -37.72762], [-72.79298, -37.72412], [-72.7868, -37.72378], [-72.76984, -37.73244], [-72.76713, -37.72203], [-72.76558, -37.71155], [-72.76472, -37.66742], [-72.76037, -37.67011], [-72.75903, -37.67315], [-72.7564, -37.67385], [-72.7548, -37.67162], [-72.75232, -37.66465], [-72.74936, -37.66351], [-72.73056, -37.68403], [-72.72967, -37.68926], [-72.73369, -37.69685], [-72.73332, -37.70567], [-72.73246, -37.70803], [-72.72717, -37.71449], [-72.72571, -37.71971], [-72.74532, -37.73223], [-72.74975, -37.74271], [-72.74872, -37.75034], [-72.74922, -37.75174], [-72.75407, -37.75764], [-72.75664, -37.76301], [-72.75675, -37.76599], [-72.75496, -37.772], [-72.72891, -37.76073], [-72.72214, -37.76289], [-72.71421, -37.76993], [-72.74252, -37.78844], [-72.75194, -37.7963], [-72.75351, -37.79646]]]}, "properties": {"composicio": "Rocas metamorficas", "epoca": "Devonico Carbonifero", "era": "PALEOZOICO", "geo": "DC4", "ha": 5930.95, "m2": 59309473.48, "periodo": ""}}, {"type": "Feature", "geometry": {"type": "Polygon", "coordinates": [[[-73.11576, -36.8588], [-73.11657, -36.85114], [-73.11483, -36.84597], [-73.11249, -36.84228], [-73.10769, -36.84026], [-73.10011, -36.84165], [-73.09656, -36.84149], [-73.09306, -36.83858], [-73.09238, -36.83517], [-73.08909, -36.83781], [-73.0779, -36.84285], [-73.07504, -36.84691], [-73.05181, -36.92198], [-73.04871, -36.95438], [-73.0439, -36.96587], [-73.03674, -36.97369], [-73.0288, -36.97841], [-73.01891, -36.98151], [-72.96426, -36.97988], [-72.95992, -36.98151], [-72.95877, -36.98533], [-72.96366, -36.99131], [-72.97909, -37.00328], [-72.981, -37.00013], [-72.98366, -36.99809], [-72.98705, -36.99698], [-73.00013, -36.9975], [-73.01822, -37.00047], [-73.02462, -37.00073], [-73.04421, -37.01733], [-73.05029, -37.02947], [-73.04267, -37.07503], [-73.0241, -37.0718], [-73.02203, -37.07311], [-73.01615, -37.09697], [-73.00453, -37.13164], [-73.00277, -37.14281], [-73.00615, -37.15701], [-73.00672, -37.17021], [-73.00148, -37.1847], [-72.99405, -37.19304], [-73.02316, -37.21558], [-73.02748, -37.21505], [-73.03407, -37.21], [-73.03669, -37.20918], [-73.04308, -37.21019], [-73.05011, -37.21273], [-73.05314, -37.21249], [-73.05697, -37.21055], [-73.06408, -37.20358], [-73.06909, -37.20363], [-73.07003, -37.20493], [-73.06931, -37.20754], [-73.05913, -37.21555], [-73.05758, -37.21779], [-73.06568, -37.23766], [-73.06469, -37.24004], [-73.05954, -37.24514], [-73.05582, -37.25039], [-73.0564, -37.26348], [-73.05357, -37.26808], [-73.02846, -37.29976], [-73.02935, -37.30448], [-73.03343, -37.30864], [-73.03301, -37.31114], [-73.01641, -37.32593], [-73.01632, -37.33017], [-73.01731, -37.33306], [-73.01952, -37.33474], [-73.02535, -37.33563], [-73.02709, -37.33798], [-73.02836, -37.34113], [-73.0286, -37.34709], [-73.0339, -37.34749], [-73.04466, -37.35028], [-73.05465, -37.35394], [-73.16043, -37.39841], [-73.18305, -37.40546], [-73.209, -37.41204], [-73.21512, -37.41499], [-73.21313, -37.42472], [-73.21229, -37.45168], [-73.22905, -37.4611], [-73.2339, -37.46469], [-73.23783, -37.46929], [-73.22959, -37.50581], [-73.21757, -37.53201], [-73.21463, -37.57694], [-73.20949, -37.61722], [-73.19589, -37.65895], [-73.16912, -37.68995], [-73.16896, -37.69578], [-73.1722, -37.70804], [-73.17629, -37.71802], [-73.19251, -37.74685], [-73.19702, -37.76534], [-73.19235, -37.78524], [-73.18699, -37.79653], [-73.17216, -37.83625], [-73.17201, -37.84175], [-73.17512, -37.85125], [-73.1606, -37.88194], [-73.14628, -37.9061], [-73.14031, -37.91484], [-73.1166, -37.94317], [-73.11084, -37.95283], [-73.10805, -37.96381], [-73.1037, -37.97026], [-73.09467, -37.9814], [-73.08541, -37.98821], [-73.05321, -38.00327], [-73.05411, -38.00704], [-73.05783, -38.01038], [-73.09522, -38.01512], [-73.1029, -38.02021], [-73.10628, -38.02456], [-73.10709, -38.03318], [-73.10503, -38.03632], [-73.10048, -38.03993], [-73.09621, -38.04127], [-73.09331, -38.04128], [-73.07827, -38.03824], [-73.07333, -38.03841], [-73.05203, -38.04601], [-73.04015, -38.05109], [-73.02544, -38.05995], [-73.01983, -38.06422], [-73.01439, -38.07067], [-73.01003, -38.07086], [-73.00471, -38.0725], [-73.0022, -38.07584], [-73.00182, -38.08499], [-72.99946, -38.08811], [-72.99639, -38.08858], [-72.99082, -38.08712], [-72.98136, -38.08024], [-72.97392, -38.08113], [-72.96872, -38.08083], [-72.93789, -38.09471], [-72.93628, -38.09739], [-72.93557, -38.10218], [-72.90888, -38.0949], [-72.8929, -38.08321], [-72.88816, -38.08247], [-72.88452, -38.08508], [-72.90839, -38.10818], [-72.91175, -38.11505], [-72.9169, -38.1212], [-72.91776, -38.12386], [-72.89978, -38.14565], [-72.89962, -38.1508], [-72.90109, -38.15291], [-72.91108, -38.15831], [-72.91394, -38.16152], [-72.91479, -38.1912], [-72.91365, -38.19334], [-72.90694, -38.19881], [-72.90608, -38.20108], [-72.90728, -38.21017], [-72.91107, -38.21982], [-72.90725, -38.22792], [-72.90839, -38.25269], [-72.89566, -38.25657], [-72.89221, -38.25107], [-72.89287, -38.23999], [-72.89207, -38.2364], [-72.88875, -38.23365], [-72.87943, -38.23159], [-72.87817, -38.22822], [-72.88113, -38.22249], [-72.8895, -38.21856], [-72.89577, -38.2133], [-72.89903, -38.20735], [-72.90142, -38.19632], [-72.90104, -38.19047], [-72.89413, -38.16754], [-72.88946, -38.16073], [-72.88441, -38.15527], [-72.88101, -38.14908], [-72.8795, -38.12314], [-72.87495, -38.11958], [-72.87, -38.13906], [-72.86587, -38.1499], [-72.84543, -38.17845], [-72.8135, -38.21196], [-72.77486, -38.25013], [-72.7512, -38.27569], [-72.72668, -38.29846], [-72.71644, -38.30414], [-72.71464, -38.30919], [-72.71096, -38.31415], [-72.71225, -38.31772], [-72.71586, -38.3205], [-72.71811, -38.32641], [-72.72958, -38.33144], [-72.74624, -38.32554], [-72.75033, -38.33222], [-72.76658, -38.33776], [-72.76751, -38.33677], [-72.76898, -38.33179], [-72.77191, -38.33156], [-72.77692, -38.33289], [-72.77855, -38.33238], [-72.77678, -38.32327], [-72.7805, -38.3218], [-72.7869, -38.32181], [-72.79015, -38.32113], [-72.81257, -38.33515], [-72.8198, -38.33336], [-72.82885, -38.33529], [-72.84974, -38.31947], [-72.8524, -38.32117], [-72.85348, -38.32488], [-72.84923, -38.33514], [-72.84657, -38.33824], [-72.84737, -38.33943], [-72.85261, -38.33939], [-72.85358, -38.34022], [-72.85551, -38.34682], [-72.85727, -38.34895], [-72.86026, -38.35009], [-72.87278, -38.34998], [-72.87725, -38.35061], [-72.8814, -38.35431], [-72.88379, -38.36047], [-72.88615, -38.36238], [-72.89081, -38.36233], [-72.89755, -38.35914], [-72.9017, -38.35861], [-72.90583, -38.3496], [-72.91542, -38.33277], [-72.94801, -38.29067], [-72.97268, -38.26167], [-73.0166, -38.21595], [-73.04402, -38.18349], [-73.05651, -38.16391], [-73.06949, -38.14741], [-73.11475, -38.1024], [-73.14201, -38.07949], [-73.16776, -38.05414], [-73.18002, -38.04001], [-73.18659, -38.02942], [-73.19681, -38.01795], [-73.24869, -37.98024], [-73.25348, -37.96247], [-73.24256, -37.95712], [-73.23361, -37.9566], [-73.2238, -37.95857], [-73.22108, -37.95802], [-73.2199, -37.95559], [-73.22253, -37.95247], [-73.23064, -37.94986], [-73.22966, -37.94651], [-73.23066, -37.94401], [-73.25715, -37.94885], [-73.25726, -37.94568], [-73.25215, -37.9397], [-73.25831, -37.92868], [-73.27386, -37.91987], [-73.28153, -37.91108], [-73.2834, -37.91008], [-73.29672, -37.91325], [-73.3122, -37.9089], [-73.31463, -37.90591], [-73.31383, -37.90152], [-73.31477, -37.89939], [-73.31868, -37.89715], [-73.32138, -37.89673], [-73.33582, -37.90604], [-73.3356, -37.89911], [-73.33411, -37.89711], [-73.32876, -37.89431], [-73.32931, -37.89192], [-73.33234, -37.88927], [-73.33523, -37.88374], [-73.33909, -37.8818], [-73.34805, -37.88197], [-73.34933, -37.87387], [-73.35225, -37.87328], [-73.36059, -37.87422], [-73.37742, -37.86191], [-73.39006, -37.83766], [-73.39135, -37.83192], [-73.37107, -37.83181], [-73.36024, -37.83012], [-73.34714, -37.84035], [-73.3256, -37.86007], [-73.32017, -37.86162], [-73.31794, -37.86006], [-73.31483, -37.85583], [-73.31482, -37.85034], [-73.31645, -37.84969], [-73.32704, -37.849], [-73.33237, -37.84653], [-73.33607, -37.84196], [-73.34185, -37.82219], [-73.34204, -37.81842], [-73.34048, -37.81504], [-73.33196, -37.81214], [-73.32661, -37.8112], [-73.31081, -37.81044], [-73.29701, -37.8147], [-73.28201, -37.82248], [-73.27777, -37.82338], [-73.27414, -37.82372], [-73.26942, -37.82277], [-73.26041, -37.81824], [-73.25456, -37.81966], [-73.24923, -37.82212], [-73.24459, -37.82244], [-73.24632, -37.81412], [-73.24394, -37.81279], [-73.23448, -37.81123], [-73.22874, -37.80783], [-73.22713, -37.79987], [-73.23097, -37.79839], [-73.24403, -37.80545], [-73.25189, -37.80709], [-73.26013, -37.80712], [-73.30328, -37.79691], [-73.30936, -37.79092], [-73.31215, -37.79021], [-73.32935, -37.80481], [-73.33247, -37.80505], [-73.33498, -37.80398], [-73.35097, -37.7936], [-73.35174, -37.78996], [-73.35061, -37.78649], [-73.34568, -37.7869], [-73.34094, -37.78641], [-73.33983, -37.78557], [-73.34002, -37.78191], [-73.34248, -37.7789], [-73.35632, -37.77371], [-73.36386, -37.76753], [-73.37717, -37.7398], [-73.34505, -37.6636], [-73.36102, -37.6247], [-73.35487, -37.61527], [-73.34736, -37.60771], [-73.3449, -37.6039], [-73.32624, -37.55097], [-73.30807, -37.52885], [-73.30313, -37.52054], [-73.30125, -37.51031], [-73.30154, -37.49706], [-73.29343, -37.47489], [-73.28357, -37.45871], [-73.27829, -37.42894], [-73.28847, -37.41982], [-73.29062, -37.41603], [-73.2922, -37.40617], [-73.29103, -37.39889], [-73.27015, -37.35876], [-73.25063, -37.33763], [-73.23399, -37.31428], [-73.23032, -37.30353], [-73.22095, -37.28313], [-73.21858, -37.28114], [-73.20585, -37.26343], [-73.20049, -37.26495], [-73.19584, -37.26324], [-73.18994, -37.2586], [-73.18801, -37.25339], [-73.20024, -37.23731], [-73.19979, -37.22919], [-73.17186, -37.20767], [-73.17265, -37.19897], [-73.17496, -37.19251], [-73.1749, -37.18407], [-73.17021, -37.17413], [-73.1701, -37.1714], [-73.17182, -37.16473], [-73.18001, -37.15092], [-73.1729, -37.14519], [-73.17211, -37.12576], [-73.15734, -37.11928], [-73.15151, -37.11087], [-73.15222, -37.10945], [-73.15883, -37.10712], [-73.15891, -37.09638], [-73.17155, -37.09413], [-73.17396, -37.087], [-73.16283, -37.07317], [-73.13214, -37.06819], [-73.12506, -37.06445], [-73.11965, -37.05637], [-73.1059, -37.00182], [-73.10723, -36.99688], [-73.11165, -36.99524], [-73.11641, -36.99815], [-73.12879, -36.99206], [-73.13262, -36.98833], [-73.13276, -36.98341], [-73.13068, -36.98121], [-73.12201, -36.97973], [-73.12047, -36.97867], [-73.12436, -36.97288], [-73.12693, -36.96228], [-73.12926, -36.96071], [-73.13668, -36.96058], [-73.13813, -36.95957], [-73.14033, -36.95124], [-73.14224, -36.94887], [-73.14745, -36.94516], [-73.14707, -36.92306], [-73.1321, -36.91017], [-73.1317, -36.90879], [-73.13527, -36.90231], [-73.13593, -36.89786], [-73.1298, -36.87157], [-73.12504, -36.86762], [-73.119, -36.86599], [-73.11128, -36.86932], [-73.10999, -36.85947], [-73.10588, -36.85337], [-73.10439, -36.8529], [-73.10156, -36.85468], [-73.10251, -36.85103], [-73.11129, -36.84543], [-73.11258, -36.84614], [-73.11576, -36.8588]], [[-73.08554, -36.94789], [-73.08979, -36.9429], [-73.10164, -36.93886], [-73.10648, -36.94474], [-73.10863, -36.95677], [-73.10307, -36.96543], [-73.09567, -36.96811], [-73.08494, -36.96485], [-73.08298, -36.95645], [-73.08554, -36.94789]]]}, "properties": {"composicio": "Rocas metamorficas", "epoca": "Silurico? Carbonifero", "era": "PALEOZOICO", "geo": "Pz4b", "ha": 210724.29, "m2": 2107242858.33, "periodo": ""}}, {"type": "Feature", "geometry": {"type": "Polygon", "coordinates": [[[-72.69655, -37.47972], [-72.70937, -37.46966], [-72.72261, -37.47186], [-72.72368, -37.47086], [-72.74911, -37.42467], [-72.74201, -37.37391], [-72.73948, -37.3682], [-72.73528, -37.36381], [-72.71968, -37.39704], [-72.71314, -37.41296], [-72.69655, -37.47972]]]}, "properties": {"composicio": "Rocas metamorficas", "epoca": "Devonico Carbonifero", "era": "PALEOZOICO", "geo": "DC4", "ha": 2926.67, "m2": 29266721.04, "periodo": ""}}, {"type": "Feature", "geometry": {"type": "Polygon", "coordinates": [[[-72.73782, -37.65862], [-72.74074, -37.65816], [-72.75847, -37.64093], [-72.76244, -37.6397], [-72.76546, -37.63969], [-72.76713, -37.64091], [-72.76918, -37.61993], [-72.76982, -37.61947], [-72.76653, -37.61647], [-72.76084, -37.6079], [-72.74982, -37.59673], [-72.7459, -37.59486], [-72.73805, -37.59354], [-72.73515, -37.59401], [-72.73023, -37.5967], [-72.72696, -37.60081], [-72.72275, -37.60879], [-72.71729, -37.61341], [-72.71154, -37.61549], [-72.70288, -37.61592], [-72.70397, -37.62312], [-72.70065, -37.62424], [-72.69448, -37.6286], [-72.69318, -37.63349], [-72.7282, -37.64337], [-72.72997, -37.64516], [-72.73196, -37.65532], [-72.73454, -37.65805], [-72.73782, -37.65862]]]}, "properties": {"composicio": "Rocas metamorficas", "epoca": "Devonico Carbonifero", "era": "PALEOZOICO", "geo": "DC4", "ha": 2681.56, "m2": 26815580.19, "periodo": ""}}, {"type": "Feature", "geometry": {"type": "Polygon", "coordinates": [[[-73.6404, -37.7377], [-73.63074, -37.72061], [-73.61879, -37.75175], [-73.60618, -37.74664], [-73.60628, -37.75463], [-73.60367, -37.76019], [-73.60037, -37.75732], [-73.59857, -37.74984], [-73.59589, -37.74786], [-73.5873, -37.75452], [-73.57957, -37.74926], [-73.5694, -37.75916], [-73.55833, -37.77433], [-73.55885, -37.77465], [-73.55756, -37.77639], [-73.55713, -37.78194], [-73.56567, -37.78866], [-73.56504, -37.79114], [-73.56209, -37.7934], [-73.5518, -37.7895], [-73.54794, -37.78965], [-73.54528, -37.79413], [-73.53168, -37.80968], [-73.5245, -37.80137], [-73.51853, -37.79675], [-73.51398, -37.79779], [-73.51244, -37.80173], [-73.51234, -37.812], [-73.51605, -37.83623], [-73.50964, -37.8441], [-73.50098, -37.85729], [-73.49903, -37.86969], [-73.50196, -37.88021], [-73.49886, -37.88899], [-73.44344, -37.88949], [-73.43766, -37.88328], [-73.43371, -37.87378], [-73.42924, -37.86698], [-73.41849, -37.86792], [-73.41319, -37.86973], [-73.41411, -37.89649], [-73.41192, -37.90514], [-73.40752, -37.91067], [-73.40751, -37.92193], [-73.41018, -37.93254], [-73.4087, -37.94171], [-73.40257, -37.94532], [-73.40252, -37.94852], [-73.39244, -37.95899], [-73.39167, -37.98271], [-73.38907, -37.98561], [-73.38243, -37.98802], [-73.37415, -37.98855], [-73.36008, -37.98341], [-73.35784, -37.98483], [-73.35486, -37.98932], [-73.35274, -37.99096], [-73.34103, -37.99347], [-73.33805, -37.99509], [-73.3373, -37.99839], [-73.34665, -38.00325], [-73.3502, -38.00326], [-73.35328, -38.01324], [-73.35079, -38.01637], [-73.34637, -38.01783], [-73.34286, -38.01576], [-73.33965, -38.01073], [-73.33338, -38.01144], [-73.32909, -38.01314], [-73.32638, -38.01511], [-73.32047, -38.02281], [-73.30882, -38.03204], [-73.31069, -38.03508], [-73.31396, -38.03622], [-73.31728, -38.03633], [-73.32491, -38.03463], [-73.33184, -38.02948], [-73.33477, -38.02889], [-73.35625, -38.03361], [-73.36401, -38.03214], [-73.37637, -38.02579], [-73.38109, -38.02698], [-73.38413, -38.02971], [-73.39171, -38.06476], [-73.38879, -38.06788], [-73.37895, -38.07306], [-73.38009, -38.07893], [-73.37617, -38.08739], [-73.37653, -38.09702], [-73.35622, -38.09178], [-73.35488, -38.09243], [-73.35703, -38.10193], [-73.35835, -38.09816], [-73.36125, -38.09856], [-73.37284, -38.12099], [-73.38646, -38.12096], [-73.38683, -38.12261], [-73.38901, -38.12467], [-73.38696, -38.13832], [-73.39217, -38.14425], [-73.39362, -38.14992], [-73.39146, -38.16335], [-73.38348, -38.17706], [-73.38313, -38.18381], [-73.38468, -38.18741], [-73.38786, -38.19038], [-73.39903, -38.21822], [-73.40362, -38.22204], [-73.41464, -38.22239], [-73.42481, -38.22524], [-73.42988, -38.22815], [-73.43158, -38.23176], [-73.39353, -38.26201], [-73.41633, -38.2623], [-73.41671, -38.26345], [-73.41558, -38.26559], [-73.40472, -38.27578], [-73.40549, -38.28061], [-73.40676, -38.28123], [-73.4114, -38.28148], [-73.42277, -38.27807], [-73.43297, -38.27772], [-73.44815, -38.28473], [-73.45053, -38.28664], [-73.44873, -38.31281], [-73.45436, -38.31928], [-73.4639, -38.33436], [-73.47666, -38.34762], [-73.47308, -38.36293], [-73.4736, -38.36904], [-73.47666, -38.37447], [-73.48404, -38.37874], [-73.49451, -38.38626], [-73.5007, -38.39437], [-73.50396, -38.40268], [-73.50575, -38.42375], [-73.49476, -38.45671], [-73.47179, -38.49688], [-73.47297, -38.53422], [-73.45241, -38.58013], [-73.45187, -38.58491], [-73.45311, -38.60012], [-73.44527, -38.6244], [-73.42964, -38.65608], [-73.42392, -38.66153], [-73.41915, -38.66439], [-73.4159, -38.6648], [-73.41178, -38.66321], [-73.40774, -38.659], [-73.4058, -38.65235], [-73.40437, -38.65022], [-73.3937, -38.64487], [-73.39407, -38.63157], [-73.38779, -38.6261], [-73.38133, -38.61762], [-73.37825, -38.61597], [-73.37272, -38.61569], [-73.37866, -38.64445], [-73.37646, -38.64629], [-73.36369, -38.65034], [-73.34757, -38.65755], [-73.34805, -38.66057], [-73.35037, -38.66091], [-73.36035, -38.65878], [-73.35762, -38.66691], [-73.36338, -38.66628], [-73.36259, -38.67048], [-73.36293, -38.67165], [-73.36435, -38.67217], [-73.36769, -38.67257], [-73.37371, -38.67059], [-73.37605, -38.67059], [-73.37729, -38.67146], [-73.37836, -38.67794], [-73.38285, -38.68034], [-73.39043, -38.67889], [-73.39844, -38.67413], [-73.40171, -38.67349], [-73.42923, -38.67878], [-73.42762, -38.68408], [-73.42026, -38.6882], [-73.41847, -38.69028], [-73.43107, -38.69023], [-73.43128, -38.693], [-73.42936, -38.69668], [-73.42569, -38.70039], [-73.4179, -38.70609], [-73.40521, -38.70728], [-73.40351, -38.70835], [-73.43639, -38.73274], [-73.41907, -38.77426], [-73.48578, -38.66519], [-73.48909, -38.65369], [-73.48342, -38.64365], [-73.50374, -38.59263], [-73.50061, -38.57898], [-73.5052, -38.5656], [-73.50335, -38.5459], [-73.51802, -38.50786], [-73.515, -38.50152], [-73.51496, -38.49318], [-73.52642, -38.45881], [-73.52306, -38.44322], [-73.52835, -38.42612], [-73.52702, -38.42282], [-73.52396, -38.42054], [-73.52632, -38.41413], [-73.5254, -38.40585], [-73.53351, -38.38657], [-73.51249, -38.37098], [-73.51233, -38.36886], [-73.50956, -38.36665], [-73.50896, -38.36356], [-73.51177, -38.34579], [-73.4974, -38.33458], [-73.51626, -38.28128], [-73.51561, -38.26064], [-73.49347, -38.24122], [-73.48613, -38.24486], [-73.47622, -38.23803], [-73.46288, -38.20887], [-73.45301, -38.11542], [-73.46173, -38.05712], [-73.48514, -37.97916], [-73.52139, -37.90643], [-73.59363, -37.7954], [-73.6404, -37.7377]], [[-73.46618, -38.29248], [-73.46371, -38.29082], [-73.4632, -38.28871], [-73.46784, -38.2839], [-73.47161, -38.27618], [-73.4727, -38.27607], [-73.47444, -38.27727], [-73.47734, -38.2763], [-73.47734, -38.27515], [-73.47378, -38.27344], [-73.47479, -38.26961], [-73.47849, -38.26812], [-73.48214, -38.26876], [-73.48278, -38.27617], [-73.46618, -38.29248]], [[-73.44315, -38.71534], [-73.4238, -38.70796], [-73.44552, -38.698], [-73.45428, -38.6984], [-73.45556, -38.69913], [-73.45518, -38.70622], [-73.45174, -38.71046], [-73.44609, -38.71509], [-73.44315, -38.71534]], [[-73.50327, -38.48262], [-73.50051, -38.48107], [-73.49936, -38.48042], [-73.50327, -38.48262]], [[-73.49813, -38.47931], [-73.49721, -38.47848], [-73.49719, -38.47847], [-73.49813, -38.47931]], [[-73.49647, -38.47782], [-73.49647, -38.47782], [-73.49607, -38.47719], [-73.49647, -38.47782]], [[-73.49516, -38.47523], [-73.49513, -38.47511], [-73.49467, -38.47329], [-73.49467, -38.4733], [-73.49516, -38.47523]], [[-73.49372, -38.47176], [-73.49363, -38.47162], [-73.49363, -38.47162], [-73.49372, -38.47176]], [[-73.49276, -38.47128], [-73.49136, -38.47124], [-73.49276, -38.47128], [-73.49276, -38.47128]]]}, "properties": {"composicio": "Secuencias sedimentarias", "epoca": "Pleistoceno Holoceno", "era": "CENOZOICO", "geo": "Qm", "ha": 61883.47, "m2": 618834751.12, "periodo": "Cuaternario"}}, {"type": "Feature", "geometry": {"type": "Polygon", "coordinates": [[[-73.32935, -37.80481], [-73.31215, -37.79021], [-73.30936, -37.79092], [-73.30328, -37.79691], [-73.26013, -37.80712], [-73.22713, -37.79987], [-73.22874, -37.80783], [-73.23448, -37.81123], [-73.24394, -37.81279], [-73.24632, -37.81412], [-73.24459, -37.82244], [-73.24923, -37.82212], [-73.25456, -37.81966], [-73.26041, -37.81824], [-73.26942, -37.82277], [-73.27414, -37.82372], [-73.27777, -37.82338], [-73.28201, -37.82248], [-73.29701, -37.8147], [-73.31081, -37.81044], [-73.32661, -37.8112], [-73.33196, -37.81214], [-73.34048, -37.81504], [-73.34204, -37.81842], [-73.34185, -37.82219], [-73.34693, -37.82609], [-73.36024, -37.83012], [-73.4143, -37.82911], [-73.41271, -37.82332], [-73.40704, -37.8123], [-73.40466, -37.81463], [-73.39836, -37.81779], [-73.39183, -37.81958], [-73.38471, -37.82137], [-73.37292, -37.82148], [-73.35054, -37.81663], [-73.3341, -37.80932], [-73.32935, -37.80481]]]}, "properties": {"composicio": "Secuencias sedimentarias", "epoca": "Pleistoceno Holoceno", "era": "CENOZOICO", "geo": "Q1", "ha": 2406.36, "m2": 24063638.44, "periodo": "Cuaternario"}}, {"type": "Feature", "geometry": {"type": "Polygon", "coordinates": [[[-72.97809, -37.85338], [-72.98634, -37.85224], [-72.99553, -37.84836], [-73.0164, -37.80389], [-73.01182, -37.80212], [-73.00446, -37.80236], [-72.99436, -37.80862], [-72.97791, -37.81527], [-72.96056, -37.83608], [-72.95915, -37.84133], [-72.97809, -37.85338]]]}, "properties": {"composicio": "Rocas metamorficas", "epoca": "Devonico Carbonifero", "era": "PALEOZOICO", "geo": "DC4", "ha": 1514.41, "m2": 15144060.01, "periodo": ""}}, {"type": "Feature", "geometry": {"type": "Polygon", "coordinates": [[[-73.36024, -37.83012], [-73.34693, -37.82609], [-73.34185, -37.82219], [-73.33607, -37.84196], [-73.33237, -37.84653], [-73.32704, -37.849], [-73.31645, -37.84969], [-73.31482, -37.85034], [-73.31483, -37.85583], [-73.31794, -37.86006], [-73.32017, -37.86162], [-73.3256, -37.86007], [-73.34714, -37.84035], [-73.36024, -37.83012]]]}, "properties": {"composicio": "Secuencias sedimentarias", "epoca": "Permico", "era": "PALEOZOICO", "geo": "P1m", "ha": 475.46, "m2": 4754653.34, "periodo": "PALEOZOICO"}}, {"type": "Feature", "geometry": {"type": "Polygon", "coordinates": [[[-73.3651, -37.9054], [-73.37672, -37.89318], [-73.37951, -37.89364], [-73.38402, -37.89668], [-73.38776, -37.89815], [-73.38887, -37.89767], [-73.39007, -37.89372], [-73.38931, -37.89203], [-73.3686, -37.88222], [-73.36818, -37.88306], [-73.36887, -37.88709], [-73.36802, -37.89238], [-73.36418, -37.8936], [-73.3577, -37.89431], [-73.35688, -37.89353], [-73.35719, -37.89102], [-73.34967, -37.89873], [-73.35796, -37.90148], [-73.34868, -37.91192], [-73.34338, -37.90432], [-73.33802, -37.90559], [-73.33691, -37.90715], [-73.32138, -37.89673], [-73.31868, -37.89715], [-73.31477, -37.89939], [-73.31383, -37.90152], [-73.31463, -37.90591], [-73.3122, -37.9089], [-73.29672, -37.91325], [-73.29449, -37.91305], [-73.29257, -37.91039], [-73.2899, -37.90908], [-73.2834, -37.91008], [-73.28153, -37.91108], [-73.27386, -37.91987], [-73.25831, -37.92868], [-73.25215, -37.9397], [-73.25726, -37.94568], [-73.25715, -37.94885], [-73.25811, -37.95367], [-73.24721, -37.9796], [-73.24869, -37.98024], [-73.25147, -37.98419], [-73.25501, -37.98547], [-73.26226, -37.98418], [-73.26627, -37.98262], [-73.26688, -37.97784], [-73.26546, -37.97188], [-73.26618, -37.96425], [-73.26358, -37.95979], [-73.26109, -37.959], [-73.26013, -37.95719], [-73.26493, -37.95132], [-73.26614, -37.94713], [-73.29393, -37.95611], [-73.28363, -37.94099], [-73.28472, -37.93753], [-73.2903, -37.93296], [-73.32169, -37.93326], [-73.3292, -37.9279], [-73.33474, -37.92509], [-73.33761, -37.92423], [-73.34697, -37.92386], [-73.34943, -37.92282], [-73.35274, -37.91517], [-73.35916, -37.90879], [-73.3651, -37.9054]]]}, "properties": {"composicio": "S I", "epoca": "S I", "era": "S I", "geo": "S I", "ha": 3271.15, "m2": 32711505.56, "periodo": "S I"}}, {"type": "Feature", "geometry": {"type": "Polygon", "coordinates": [[[-73.40257, -37.94532], [-73.39598, -37.93502], [-73.39188, -37.93317], [-73.3826, -37.93071], [-73.3788, -37.92864], [-73.37881, -37.91992], [-73.3775, -37.91152], [-73.37518, -37.90584], [-73.37219, -37.90494], [-73.3651, -37.9054], [-73.35916, -37.90879], [-73.35274, -37.91517], [-73.34943, -37.92282], [-73.34697, -37.92386], [-73.33761, -37.92423], [-73.33474, -37.92509], [-73.3292, -37.9279], [-73.32169, -37.93326], [-73.2903, -37.93296], [-73.28472, -37.93753], [-73.28363, -37.94099], [-73.29393, -37.95611], [-73.26614, -37.94713], [-73.26493, -37.95132], [-73.26013, -37.95719], [-73.26109, -37.959], [-73.26358, -37.95979], [-73.26618, -37.96425], [-73.26546, -37.97188], [-73.26688, -37.97784], [-73.26627, -37.98262], [-73.26226, -37.98418], [-73.25501, -37.98547], [-73.25147, -37.98419], [-73.24869, -37.98024], [-73.19681, -38.01795], [-73.18659, -38.02942], [-73.18002, -38.04001], [-73.16776, -38.05414], [-73.14201, -38.07949], [-73.11475, -38.1024], [-73.06949, -38.14741], [-73.05651, -38.16391], [-73.04402, -38.18349], [-73.0166, -38.21595], [-72.97268, -38.26167], [-72.94801, -38.29067], [-72.91542, -38.33277], [-72.90583, -38.3496], [-72.9017, -38.35861], [-72.90937, -38.35866], [-72.91463, -38.36069], [-72.91542, -38.36449], [-72.91499, -38.36699], [-72.90462, -38.36993], [-72.90397, -38.37117], [-72.92129, -38.37363], [-72.92283, -38.37713], [-72.92382, -38.38976], [-72.91943, -38.39018], [-72.90714, -38.38628], [-72.8967, -38.38808], [-72.89431, -38.38662], [-72.89194, -38.38252], [-72.89066, -38.38202], [-72.88784, -38.38284], [-72.87904, -38.3888], [-72.8744, -38.38852], [-72.87049, -38.38672], [-72.8406, -38.41533], [-72.84537, -38.41595], [-72.84619, -38.4169], [-72.84772, -38.42521], [-72.85132, -38.43072], [-72.85549, -38.43167], [-72.86001, -38.43161], [-72.86315, -38.43276], [-72.86322, -38.43391], [-72.86047, -38.43851], [-72.86071, -38.44184], [-72.86662, -38.44034], [-72.86935, -38.44101], [-72.87016, -38.44207], [-72.87077, -38.45125], [-72.87173, -38.45232], [-72.87457, -38.45357], [-72.88424, -38.45518], [-72.8855, -38.45603], [-72.88428, -38.45931], [-72.87614, -38.46614], [-72.87508, -38.46928], [-72.87788, -38.47373], [-72.88153, -38.47604], [-72.89788, -38.48282], [-72.90778, -38.488], [-72.9083, -38.48904], [-72.90929, -38.49195], [-72.90842, -38.49684], [-72.90384, -38.50514], [-72.89854, -38.5108], [-72.89698, -38.5175], [-72.89799, -38.52005], [-72.90845, -38.52318], [-72.9108, -38.52533], [-72.90956, -38.53146], [-72.90472, -38.53919], [-72.90506, -38.54332], [-72.946, -38.56646], [-72.94724, -38.57017], [-72.94323, -38.58846], [-72.94115, -38.59406], [-72.93906, -38.59773], [-72.93358, -38.6034], [-72.92231, -38.60841], [-72.92215, -38.61517], [-72.92065, -38.62048], [-72.92088, -38.6244], [-72.92393, -38.62789], [-72.92975, -38.63153], [-72.94008, -38.62728], [-72.94708, -38.62915], [-72.94845, -38.63026], [-72.9494, -38.63272], [-72.94801, -38.63677], [-72.93542, -38.64343], [-72.93167, -38.64771], [-72.93615, -38.66471], [-72.93163, -38.67433], [-72.93273, -38.67679], [-72.93782, -38.67879], [-72.96454, -38.68127], [-72.97232, -38.68261], [-72.97624, -38.6748], [-72.97662, -38.67045], [-72.97543, -38.66912], [-72.97219, -38.66769], [-72.96024, -38.66544], [-72.95882, -38.66329], [-72.9588, -38.66191], [-72.95992, -38.66083], [-72.96636, -38.65911], [-72.97864, -38.65932], [-72.98207, -38.65858], [-72.99386, -38.65268], [-73.00536, -38.64848], [-73.00888, -38.64833], [-73.01637, -38.65137], [-73.02228, -38.65077], [-73.03858, -38.63845], [-73.04262, -38.64234], [-73.04323, -38.6504], [-73.02508, -38.68201], [-73.02851, -38.68128], [-73.04046, -38.67366], [-73.04345, -38.6729], [-73.04502, -38.67333], [-73.04707, -38.67665], [-73.0489, -38.67755], [-73.05244, -38.67717], [-73.05863, -38.67509], [-73.06415, -38.67562], [-73.07875, -38.68775], [-73.09941, -38.68081], [-73.09995, -38.6797], [-73.09458, -38.67574], [-73.09377, -38.67328], [-73.09701, -38.66634], [-73.1013, -38.66416], [-73.10392, -38.66602], [-73.10971, -38.67344], [-73.11252, -38.67485], [-73.1354, -38.67262], [-73.14118, -38.67349], [-73.15013, -38.67661], [-73.15411, -38.6814], [-73.1537, -38.69125], [-73.15455, -38.69497], [-73.15997, -38.70339], [-73.16215, -38.70469], [-73.16401, -38.70579], [-73.16909, -38.70629], [-73.17348, -38.69446], [-73.17877, -38.69084], [-73.18416, -38.69113], [-73.19627, -38.69669], [-73.20085, -38.69797], [-73.22548, -38.69936], [-73.25256, -38.69594], [-73.25574, -38.69473], [-73.27357, -38.68131], [-73.28061, -38.67765], [-73.29148, -38.67374], [-73.30078, -38.6694], [-73.30784, -38.66895], [-73.32991, -38.68144], [-73.33325, -38.68183], [-73.34063, -38.68107], [-73.35106, -38.68241], [-73.35774, -38.6848], [-73.36883, -38.69225], [-73.38134, -38.69495], [-73.3844, -38.69683], [-73.39143, -38.70396], [-73.39611, -38.71108], [-73.40011, -38.73342], [-73.40139, -38.73566], [-73.41702, -38.73083], [-73.41855, -38.72764], [-73.4192, -38.72356], [-73.41939, -38.72165], [-73.40647, -38.71321], [-73.40445, -38.71115], [-73.40351, -38.70835], [-73.40521, -38.70728], [-73.4179, -38.70609], [-73.42569, -38.70039], [-73.42936, -38.69668], [-73.43128, -38.693], [-73.43107, -38.69023], [-73.41847, -38.69028], [-73.42026, -38.6882], [-73.42762, -38.68408], [-73.42923, -38.67878], [-73.42751, -38.67662], [-73.40171, -38.67349], [-73.39844, -38.67413], [-73.39043, -38.67889], [-73.38285, -38.68034], [-73.37836, -38.67794], [-73.37729, -38.67146], [-73.37605, -38.67059], [-73.37371, -38.67059], [-73.36769, -38.67257], [-73.36435, -38.67217], [-73.36293, -38.67165], [-73.36259, -38.67048], [-73.36338, -38.66628], [-73.35762, -38.66691], [-73.36035, -38.65878], [-73.35037, -38.66091], [-73.34805, -38.66057], [-73.34757, -38.65755], [-73.36369, -38.65034], [-73.37646, -38.64629], [-73.37866, -38.64445], [-73.37272, -38.61569], [-73.37825, -38.61597], [-73.38133, -38.61762], [-73.38779, -38.6261], [-73.39407, -38.63157], [-73.3937, -38.64487], [-73.40437, -38.65022], [-73.4058, -38.65235], [-73.40774, -38.659], [-73.41178, -38.66321], [-73.4159, -38.6648], [-73.41915, -38.66439], [-73.42392, -38.66153], [-73.42964, -38.65608], [-73.44527, -38.6244], [-73.45311, -38.60012], [-73.45187, -38.58491], [-73.45241, -38.58013], [-73.47297, -38.53422], [-73.47179, -38.49688], [-73.49476, -38.45671], [-73.50575, -38.42375], [-73.50396, -38.40268], [-73.5007, -38.39437], [-73.49451, -38.38626], [-73.48404, -38.37874], [-73.47666, -38.37447], [-73.4736, -38.36904], [-73.47308, -38.36293], [-73.47666, -38.34762], [-73.4639, -38.33436], [-73.45436, -38.31928], [-73.44873, -38.31281], [-73.45053, -38.28664], [-73.44815, -38.28473], [-73.43297, -38.27772], [-73.42277, -38.27807], [-73.4114, -38.28148], [-73.40676, -38.28123], [-73.40549, -38.28061], [-73.40472, -38.27578], [-73.41558, -38.26559], [-73.41671, -38.26345], [-73.41633, -38.2623], [-73.39353, -38.26201], [-73.43158, -38.23176], [-73.42988, -38.22815], [-73.42481, -38.22524], [-73.41464, -38.22239], [-73.40362, -38.22204], [-73.39903, -38.21822], [-73.38786, -38.19038], [-73.38468, -38.18741], [-73.38313, -38.18381], [-73.38348, -38.17706], [-73.39146, -38.16335], [-73.39362, -38.14992], [-73.39217, -38.14425], [-73.38696, -38.13832], [-73.37523, -38.14052], [-73.36976, -38.13042], [-73.36398, -38.13655], [-73.35913, -38.13867], [-73.36309, -38.13163], [-73.35946, -38.12725], [-73.35177, -38.1252], [-73.34648, -38.1247], [-73.33683, -38.12055], [-73.32549, -38.13393], [-73.32558, -38.13753], [-73.3277, -38.14433], [-73.34269, -38.16396], [-73.34494, -38.1651], [-73.35001, -38.16566], [-73.35081, -38.18776], [-73.35414, -38.18747], [-73.35726, -38.18564], [-73.35885, -38.18592], [-73.36019, -38.19706], [-73.37782, -38.21862], [-73.38211, -38.22084], [-73.38901, -38.22208], [-73.38894, -38.22311], [-73.3859, -38.22546], [-73.38177, -38.22644], [-73.38258, -38.23095], [-73.38614, -38.23249], [-73.38615, -38.23403], [-73.38354, -38.23403], [-73.38136, -38.23529], [-73.37984, -38.23518], [-73.37379, -38.22645], [-73.36972, -38.22641], [-73.36712, -38.22876], [-73.36537, -38.22796], [-73.36271, -38.21174], [-73.35638, -38.20615], [-73.35144, -38.20445], [-73.3365, -38.18076], [-73.31106, -38.18475], [-73.29756, -38.20728], [-73.26527, -38.20555], [-73.29506, -38.19677], [-73.29678, -38.1874], [-73.29838, -38.18734], [-73.29998, -38.18945], [-73.30251, -38.18876], [-73.3184, -38.16519], [-73.31543, -38.16497], [-73.31398, -38.16401], [-73.31562, -38.15525], [-73.31388, -38.15372], [-73.31083, -38.15367], [-73.31004, -38.15288], [-73.31922, -38.1208], [-73.31763, -38.11915], [-73.30827, -38.11488], [-73.27582, -38.11995], [-73.2722, -38.11738], [-73.27205, -38.11579], [-73.27537, -38.1119], [-73.27522, -38.10944], [-73.27717, -38.10555], [-73.28327, -38.11457], [-73.29087, -38.10919], [-73.29586, -38.10707], [-73.29879, -38.09227], [-73.30169, -38.09004], [-73.30472, -38.08506], [-73.30655, -38.08421], [-73.30759, -38.10329], [-73.31035, -38.10568], [-73.31556, -38.10652], [-73.32224, -38.11034], [-73.35367, -38.10783], [-73.35622, -38.09178], [-73.37653, -38.09702], [-73.37617, -38.08739], [-73.38009, -38.07893], [-73.37895, -38.07306], [-73.38879, -38.06788], [-73.39171, -38.06476], [-73.39236, -38.06067], [-73.39141, -38.05389], [-73.387, -38.03564], [-73.38413, -38.02971], [-73.38109, -38.02698], [-73.37637, -38.02579], [-73.36401, -38.03214], [-73.35625, -38.03361], [-73.33477, -38.02889], [-73.33184, -38.02948], [-73.32491, -38.03463], [-73.31728, -38.03633], [-73.31396, -38.03622], [-73.31069, -38.03508], [-73.30882, -38.03204], [-73.32047, -38.02281], [-73.32638, -38.01511], [-73.32909, -38.01314], [-73.33338, -38.01144], [-73.33965, -38.01073], [-73.34286, -38.01576], [-73.34637, -38.01783], [-73.35079, -38.01637], [-73.35328, -38.01324], [-73.3502, -38.00326], [-73.34665, -38.00325], [-73.3373, -37.99839], [-73.33805, -37.99509], [-73.34103, -37.99347], [-73.35274, -37.99096], [-73.35486, -37.98932], [-73.35784, -37.98483], [-73.36008, -37.98341], [-73.37415, -37.98855], [-73.38243, -37.98802], [-73.38907, -37.98561], [-73.39167, -37.98271], [-73.39407, -37.97534], [-73.39361, -37.97004], [-73.39161, -37.96378], [-73.39244, -37.95899], [-73.40252, -37.94852], [-73.40257, -37.94532]], [[-73.2189, -38.51134], [-73.21475, -38.51006], [-73.2137, -38.50796], [-73.23081, -38.4885], [-73.23592, -38.4857], [-73.24658, -38.48548], [-73.25721, -38.48835], [-73.23647, -38.49419], [-73.23253, -38.50493], [-73.23031, -38.50818], [-73.2246, -38.50856], [-73.2189, -38.51134]], [[-73.22865, -38.53285], [-73.22705, -38.5328], [-73.22578, -38.52932], [-73.23002, -38.51696], [-73.24035, -38.5139], [-73.24671, -38.50953], [-73.25256, -38.50663], [-73.25619, -38.50687], [-73.2654, -38.50913], [-73.26637, -38.50997], [-73.26545, -38.51359], [-73.26424, -38.51424], [-73.25531, -38.51223], [-73.25408, -38.52134], [-73.25217, -38.52437], [-73.23919, -38.52165], [-73.23749, -38.52342], [-73.23388, -38.53063], [-73.22865, -38.53285]], [[-73.19824, -38.53674], [-73.19363, -38.53052], [-73.19288, -38.52821], [-73.19281, -38.52167], [-73.19448, -38.50742], [-73.19328, -38.5028], [-73.18399, -38.49675], [-73.17544, -38.49852], [-73.1715, -38.49598], [-73.16296, -38.49488], [-73.14636, -38.50485], [-73.14218, -38.50138], [-73.13947, -38.49762], [-73.13656, -38.48974], [-73.12753, -38.48462], [-73.12365, -38.48093], [-73.12537, -38.47126], [-73.13048, -38.46594], [-73.1397, -38.46259], [-73.15048, -38.46262], [-73.15423, -38.45565], [-73.16165, -38.45316], [-73.17066, -38.45358], [-73.17482, -38.45487], [-73.17706, -38.45655], [-73.18794, -38.47571], [-73.19987, -38.47088], [-73.20166, -38.5356], [-73.19824, -38.53674]], [[-73.34672, -38.65486], [-73.32791, -38.64461], [-73.33747, -38.64222], [-73.34046, -38.64473], [-73.34067, -38.64731], [-73.34417, -38.64868], [-73.34374, -38.64731], [-73.34469, -38.64445], [-73.34681, -38.6436], [-73.35343, -38.65178], [-73.34672, -38.65486]], [[-73.26118, -38.28226], [-73.2612, -38.28227], [-73.26258, -38.28301], [-73.26118, -38.28226]], [[-73.26261, -38.28303], [-73.26484, -38.28424], [-73.26697, -38.28625], [-73.26866, -38.28865], [-73.26693, -38.28622], [-73.26485, -38.28425], [-73.26261, -38.28303]], [[-73.27272, -38.29355], [-73.27274, -38.29356], [-73.27272, -38.29355], [-73.27272, -38.29355]], [[-73.20821, -38.24899], [-73.21148, -38.24982], [-73.21527, -38.25135], [-73.21527, -38.25135], [-73.21146, -38.24981], [-73.20821, -38.24899]], [[-73.21535, -38.25148], [-73.21535, -38.25149], [-73.21553, -38.25179], [-73.21566, -38.25202], [-73.21599, -38.25258], [-73.21535, -38.25148]], [[-73.22082, -38.25689], [-73.22086, -38.25692], [-73.22159, -38.25878], [-73.22082, -38.25689]], [[-73.22159, -38.25878], [-73.22162, -38.25884], [-73.2215, -38.26652], [-73.2215, -38.26652], [-73.22159, -38.25878]], [[-73.24165, -38.27463], [-73.24249, -38.275], [-73.24257, -38.27508], [-73.24256, -38.27507], [-73.24165, -38.27463]], [[-73.24674, -38.27891], [-73.24862, -38.28023], [-73.24716, -38.2792], [-73.24674, -38.27891]], [[-73.24478, -38.27752], [-73.24524, -38.27785], [-73.24478, -38.27753], [-73.24478, -38.27752]], [[-73.28701, -38.45338], [-73.28718, -38.45201], [-73.28718, -38.45219], [-73.28701, -38.45338]], [[-73.28572, -38.44683], [-73.28571, -38.44683], [-73.28571, -38.44683], [-73.28572, -38.44683]], [[-73.27563, -38.44092], [-73.27519, -38.44071], [-73.27519, -38.44071], [-73.27509, -38.44067], [-73.27505, -38.44065], [-73.27505, -38.44064], [-73.27563, -38.44092]], [[-73.27477, -38.44052], [-73.27459, -38.44043], [-73.27459, -38.44043], [-73.27477, -38.44052]], [[-73.27456, -38.44041], [-73.27456, -38.44041], [-73.27456, -38.44041], [-73.27456, -38.44041]], [[-73.27303, -38.43884], [-73.27287, -38.43853], [-73.27287, -38.43852], [-73.27269, -38.43819], [-73.27265, -38.43811], [-73.27265, -38.43811], [-73.2723, -38.43741], [-73.2723, -38.43741], [-73.27303, -38.43884]], [[-73.27229, -38.43737], [-73.27229, -38.43737], [-73.27221, -38.43698], [-73.27217, -38.43676], [-73.27229, -38.43737]], [[-73.27203, -38.43605], [-73.27198, -38.43577], [-73.27198, -38.43577], [-73.27203, -38.43605]], [[-73.27199, -38.43574], [-73.27203, -38.43561], [-73.27204, -38.43561], [-73.27273, -38.43406], [-73.27199, -38.43574]], [[-73.27821, -38.43272], [-73.27951, -38.43236], [-73.27948, -38.43239], [-73.27821, -38.43272]], [[-73.27964, -38.43223], [-73.28019, -38.43167], [-73.28058, -38.43097], [-73.28021, -38.43166], [-73.27964, -38.43223]], [[-73.29845, -38.42328], [-73.30039, -38.41764], [-73.29845, -38.42328]], [[-73.3017, -38.41615], [-73.30171, -38.41615], [-73.30171, -38.41615], [-73.3017, -38.41615]], [[-73.30266, -38.41576], [-73.30322, -38.41553], [-73.30447, -38.41514], [-73.30485, -38.41491], [-73.30463, -38.41509], [-73.30266, -38.41576]], [[-73.305, -38.41479], [-73.3066, -38.41352], [-73.3066, -38.41352], [-73.305, -38.41479]], [[-73.3078, -38.41287], [-73.30785, -38.41284], [-73.30849, -38.41249], [-73.3078, -38.41287]], [[-73.30877, -38.41234], [-73.30983, -38.41051], [-73.30879, -38.41233], [-73.30877, -38.41234]], [[-73.31035, -38.40959], [-73.31033, -38.40872], [-73.31036, -38.40958], [-73.31035, -38.40959]], [[-73.31033, -38.40871], [-73.3102, -38.40582], [-73.31022, -38.40587], [-73.31033, -38.40871]], [[-73.30642, -38.38125], [-73.3068, -38.38114], [-73.30674, -38.38117], [-73.30642, -38.38125]], [[-73.30839, -38.37622], [-73.30839, -38.37622], [-73.3084, -38.37621], [-73.30839, -38.37622]], [[-73.3095, -38.37443], [-73.3095, -38.37443], [-73.31053, -38.37372], [-73.3095, -38.37443]], [[-73.31627, -38.37396], [-73.31847, -38.37359], [-73.31879, -38.37357], [-73.3217, -38.37203], [-73.31876, -38.37359], [-73.31627, -38.37396]], [[-73.33442, -38.36906], [-73.33794, -38.36811], [-73.33749, -38.36832], [-73.33442, -38.36906]], [[-73.33998, -38.36713], [-73.34008, -38.36708], [-73.34033, -38.36695], [-73.34035, -38.36693], [-73.34031, -38.36697], [-73.33998, -38.36713]], [[-73.34037, -38.36692], [-73.34042, -38.36686], [-73.34058, -38.3667], [-73.34172, -38.36554], [-73.3417, -38.36561], [-73.34037, -38.36692]], [[-73.34172, -38.36554], [-73.34201, -38.36455], [-73.34153, -38.36378], [-73.34203, -38.36458], [-73.34172, -38.36554]], [[-73.33084, -38.34659], [-73.33083, -38.34658], [-73.32967, -38.34347], [-73.33081, -38.3465], [-73.33084, -38.34659]], [[-73.31529, -38.32542], [-73.31529, -38.32542], [-73.31525, -38.3254], [-73.31529, -38.32542]], [[-73.31055, -38.32295], [-73.31055, -38.32295], [-73.30687, -38.31995], [-73.31055, -38.32295]], [[-73.30351, -38.3172], [-73.29672, -38.31393], [-73.30339, -38.3171], [-73.30351, -38.3172]], [[-73.28757, -38.30782], [-73.28757, -38.30782], [-73.28488, -38.3064], [-73.28747, -38.30773], [-73.28757, -38.30782]], [[-73.28162, -38.30123], [-73.27992, -38.29692], [-73.2787, -38.29675], [-73.27994, -38.29692], [-73.28162, -38.30123]], [[-73.47257, -38.46159], [-73.47258, -38.46154], [-73.47346, -38.4608], [-73.47258, -38.46158], [-73.47257, -38.46159]], [[-73.46683, -38.45434], [-73.46444, -38.45336], [-73.46681, -38.45433], [-73.46683, -38.45434]], [[-73.45476, -38.45298], [-73.45186, -38.45211], [-73.45183, -38.45209], [-73.45476, -38.45298]], [[-73.44798, -38.44997], [-73.44605, -38.44982], [-73.44753, -38.44993], [-73.44798, -38.44997]], [[-73.43832, -38.44916], [-73.43832, -38.44916], [-73.4383, -38.44914], [-73.43832, -38.44916]], [[-73.43195, -38.43897], [-73.43195, -38.43895], [-73.43195, -38.43894], [-73.43195, -38.43897]], [[-73.43177, -38.43505], [-73.4324, -38.43289], [-73.43226, -38.43275], [-73.43241, -38.4329], [-73.43177, -38.43505]], [[-73.43177, -38.4323], [-73.43084, -38.43144], [-73.43085, -38.43145], [-73.43177, -38.4323]], [[-73.42458, -38.43045], [-73.42345, -38.42981], [-73.42349, -38.42982], [-73.42458, -38.43045]], [[-73.4217, -38.42936], [-73.41953, -38.42455], [-73.41954, -38.42455], [-73.42049, -38.42573], [-73.4217, -38.42936]], [[-73.41673, -38.42331], [-73.41673, -38.42331], [-73.41667, -38.4224], [-73.41667, -38.4224], [-73.41673, -38.42331]], [[-73.41688, -38.4219], [-73.4173, -38.42091], [-73.41666, -38.41961], [-73.41731, -38.42093], [-73.41688, -38.4219]], [[-73.38829, -38.40787], [-73.38826, -38.40785], [-73.38826, -38.40785], [-73.38829, -38.40787]], [[-73.38856, -38.40473], [-73.38875, -38.40349], [-73.38857, -38.40471], [-73.38856, -38.40473]], [[-73.38876, -38.40348], [-73.38841, -38.40252], [-73.38842, -38.40254], [-73.38876, -38.40346], [-73.38876, -38.40348]], [[-73.38841, -38.40252], [-73.38749, -38.40166], [-73.38751, -38.40167], [-73.38841, -38.40252]], [[-73.38549, -38.39935], [-73.3859, -38.39877], [-73.3855, -38.39934], [-73.38549, -38.39935]], [[-73.38591, -38.39876], [-73.3858, -38.39831], [-73.38591, -38.39875], [-73.38591, -38.39876]], [[-73.38579, -38.39831], [-73.38493, -38.39775], [-73.38579, -38.3983], [-73.38579, -38.39831]], [[-73.38492, -38.39775], [-73.38445, -38.39766], [-73.3849, -38.39773], [-73.38492, -38.39775]], [[-73.38307, -38.39753], [-73.3814, -38.39833], [-73.3814, -38.39832], [-73.38307, -38.39753]], [[-73.47464, -38.4724], [-73.47414, -38.47224], [-73.47414, -38.47222], [-73.47414, -38.47224], [-73.47464, -38.4724]], [[-73.47413, -38.47221], [-73.47357, -38.47076], [-73.47357, -38.47075], [-73.47413, -38.47221]], [[-73.47139, -38.46519], [-73.4721, -38.46404], [-73.4721, -38.46404], [-73.47139, -38.46519]], [[-73.31171, -38.48935], [-73.31171, -38.48936], [-73.30939, -38.49057], [-73.31171, -38.48935]], [[-73.3122, -38.48862], [-73.3122, -38.48863], [-73.3121, -38.48878], [-73.3122, -38.48863], [-73.3122, -38.48862]], [[-73.30935, -38.49059], [-73.30932, -38.49061], [-73.30636, -38.49116], [-73.30935, -38.49059]], [[-73.27343, -38.48128], [-73.27341, -38.48118], [-73.27406, -38.47922], [-73.27634, -38.47581], [-73.27634, -38.47581], [-73.27415, -38.47908], [-73.27343, -38.48128]], [[-73.2746, -38.47017], [-73.27458, -38.47012], [-73.27446, -38.46856], [-73.2746, -38.47017]], [[-73.28486, -38.4611], [-73.28551, -38.45926], [-73.28551, -38.45926], [-73.28509, -38.46052], [-73.28486, -38.4611]], [[-73.28607, -38.4557], [-73.28609, -38.45558], [-73.28691, -38.45406], [-73.28608, -38.45569], [-73.28607, -38.4557]], [[-73.37823, -38.40244], [-73.37823, -38.40244], [-73.37764, -38.40269], [-73.37823, -38.40244]], [[-73.37123, -38.40323], [-73.37005, -38.40261], [-73.36853, -38.40243], [-73.37004, -38.40261], [-73.37123, -38.40323]], [[-73.36237, -38.40398], [-73.36211, -38.40365], [-73.36181, -38.40364], [-73.3621, -38.40364], [-73.36237, -38.40398]], [[-73.35475, -38.40815], [-73.35475, -38.40816], [-73.3525, -38.40923], [-73.35475, -38.40815]], [[-73.34924, -38.41079], [-73.34723, -38.41382], [-73.34722, -38.41383], [-73.34924, -38.41079]], [[-73.34462, -38.41562], [-73.34245, -38.41833], [-73.33962, -38.4208], [-73.34462, -38.41562]], [[-73.33687, -38.42434], [-73.33555, -38.4264], [-73.33183, -38.42876], [-73.33554, -38.4264], [-73.33687, -38.42434]], [[-73.31882, -38.44435], [-73.31881, -38.44439], [-73.31658, -38.44807], [-73.31882, -38.44435]], [[-73.31465, -38.45125], [-73.31433, -38.45365], [-73.31433, -38.45365], [-73.31465, -38.45125]], [[-73.31418, -38.45482], [-73.31438, -38.45591], [-73.31438, -38.45591], [-73.31418, -38.45482], [-73.31418, -38.45482]], [[-73.31458, -38.45695], [-73.31479, -38.45734], [-73.31478, -38.45734], [-73.31458, -38.45695], [-73.31458, -38.45695]], [[-73.31574, -38.45909], [-73.31872, -38.46168], [-73.31957, -38.46258], [-73.3188, -38.46176], [-73.31574, -38.45909]], [[-73.32162, -38.46475], [-73.32231, -38.46813], [-73.32223, -38.46594], [-73.32162, -38.46475]], [[-73.32107, -38.47513], [-73.32111, -38.48016], [-73.32109, -38.48019], [-73.32107, -38.47513]], [[-73.32108, -38.4802], [-73.32045, -38.48108], [-73.31748, -38.48293], [-73.31749, -38.48292], [-73.32043, -38.48109], [-73.32108, -38.4802]], [[-73.32338, -38.32892], [-73.32525, -38.33056], [-73.3259, -38.33266], [-73.32525, -38.33057], [-73.32338, -38.32892]], [[-73.32338, -38.32892], [-73.32262, -38.32869], [-73.3158, -38.32565], [-73.32338, -38.32892]], [[-73.30128, -38.38368], [-73.30165, -38.3827], [-73.30165, -38.3827], [-73.30128, -38.38368]], [[-73.30128, -38.38368], [-73.30445, -38.39265], [-73.30447, -38.39277], [-73.30128, -38.38368]], [[-73.39855, -38.41373], [-73.40404, -38.41512], [-73.40417, -38.4152], [-73.40406, -38.41513], [-73.39855, -38.41373]], [[-73.28144, -38.46488], [-73.28368, -38.46313], [-73.28368, -38.46313], [-73.28214, -38.46434], [-73.28144, -38.46488]], [[-73.28144, -38.46488], [-73.27583, -38.46677], [-73.27446, -38.46856], [-73.27446, -38.46855], [-73.27585, -38.46675], [-73.28144, -38.46488]], [[-73.39855, -38.41373], [-73.39713, -38.41251], [-73.39211, -38.40996], [-73.38876, -38.40827], [-73.38876, -38.40827], [-73.39709, -38.41248], [-73.39855, -38.41373]], [[-73.42874, -38.43058], [-73.42941, -38.4307], [-73.43084, -38.43144], [-73.42936, -38.43069], [-73.42874, -38.43058]], [[-73.27498, -38.48942], [-73.27626, -38.48936], [-73.27625, -38.48936], [-73.27498, -38.48942]], [[-73.27498, -38.48942], [-73.27428, -38.48913], [-73.27413, -38.48876], [-73.27437, -38.4857], [-73.27498, -38.48942]], [[-73.42874, -38.43058], [-73.42839, -38.43043], [-73.42735, -38.43033], [-73.42842, -38.43043], [-73.42874, -38.43058]]]}, "properties": {"composicio": "Rocas metamorficas", "epoca": "Paleozoico Triasico", "era": "PALEOZOICO", "geo": "PzTr4 a", "ha": 298751.68, "m2": 2987516764.82, "periodo": ""}}, {"type": "Feature", "geometry": {"type": "Polygon", "coordinates": [[[-73.25348, -37.96247], [-73.25545, -37.95889], [-73.25513, -37.95613], [-73.25811, -37.95367], [-73.25715, -37.94885], [-73.25553, -37.94733], [-73.25339, -37.9468], [-73.23066, -37.94401], [-73.22966, -37.94651], [-73.23064, -37.94986], [-73.22253, -37.95247], [-73.2199, -37.95559], [-73.24256, -37.95712], [-73.25348, -37.96247]]]}, "properties": {"composicio": "Secuencias sedimentarias", "epoca": "Pleistoceno Holoceno", "era": "CENOZOICO", "geo": "Qm", "ha": 380.84, "m2": 3808377.57, "periodo": "Cuaternario"}}, {"type": "Feature", "geometry": {"type": "Polygon", "coordinates": [[[-72.7112, -37.93676], [-72.71389, -37.93548], [-72.718, -37.92727], [-72.72964, -37.9238], [-72.74716, -37.92354], [-72.76222, -37.92088], [-72.77576, -37.91439], [-72.78618, -37.90686], [-72.80242, -37.90379], [-72.80406, -37.90294], [-72.80356, -37.89901], [-72.79838, -37.89356], [-72.79742, -37.88779], [-72.78604, -37.88692], [-72.71961, -37.91003], [-72.69299, -37.90504], [-72.6948, -37.91346], [-72.70265, -37.92487], [-72.706, -37.93416], [-72.7112, -37.93676]]]}, "properties": {"composicio": "Secuencias sedimentarias", "epoca": "Pleistoceno Holoceno", "era": "CENOZOICO", "geo": "Q1", "ha": 2217.21, "m2": 22172109.94, "periodo": "Cuaternario"}}, {"type": "Feature", "geometry": {"type": "Polygon", "coordinates": [[[-72.99405, -37.19304], [-72.9785, -37.20395], [-72.97276, -37.20925], [-72.97449, -37.24553], [-72.8812, -37.25966], [-72.87447, -37.25953], [-72.86237, -37.25796], [-72.80928, -37.2384], [-72.79216, -37.25428], [-72.78926, -37.25234], [-72.78788, -37.24897], [-72.79108, -37.23316], [-72.79191, -37.21886], [-72.79021, -37.21353], [-72.78388, -37.2079], [-72.77814, -37.20843], [-72.74877, -37.23296], [-72.74416, -37.245], [-72.74393, -37.25815], [-72.74269, -37.25869], [-72.74076, -37.25702], [-72.73986, -37.25785], [-72.72582, -37.28487], [-72.71994, -37.30631], [-72.71241, -37.32764], [-72.71018, -37.33776], [-72.71113, -37.34882], [-72.71043, -37.35264], [-72.68546, -37.36254], [-72.68016, -37.36797], [-72.67503, -37.37141], [-72.67238, -37.37545], [-72.66915, -37.41499], [-72.69166, -37.45547], [-72.69325, -37.46733], [-72.69252, -37.47246], [-72.68875, -37.48023], [-72.70248, -37.50836], [-72.70101, -37.51861], [-72.6987, -37.52356], [-72.69234, -37.53136], [-72.67958, -37.54004], [-72.65596, -37.56185], [-72.63814, -37.57025], [-72.63857, -37.57278], [-72.64205, -37.58437], [-72.6376, -37.59119], [-72.63526, -37.60142], [-72.6372, -37.60516], [-72.64671, -37.61228], [-72.65034, -37.61665], [-72.65153, -37.62552], [-72.64828, -37.63411], [-72.64853, -37.63721], [-72.64944, -37.63885], [-72.65902, -37.64494], [-72.6615, -37.64915], [-72.65863, -37.65855], [-72.65266, -37.67163], [-72.65337, -37.6909], [-72.65261, -37.69638], [-72.63933, -37.71089], [-72.63826, -37.71669], [-72.63811, -37.7263], [-72.65301, -37.77843], [-72.65583, -37.77957], [-72.67122, -37.78072], [-72.68296, -37.77749], [-72.68738, -37.77846], [-72.69475, -37.78331], [-72.70083, -37.77827], [-72.71022, -37.77815], [-72.71459, -37.78003], [-72.71774, -37.78291], [-72.72088, -37.7884], [-72.72216, -37.79349], [-72.7194, -37.80107], [-72.70946, -37.81285], [-72.70233, -37.82576], [-72.70868, -37.84294], [-72.7068, -37.84769], [-72.69548, -37.86067], [-72.69682, -37.87219], [-72.6958, -37.87719], [-72.69138, -37.88103], [-72.68638, -37.87753], [-72.68163, -37.87701], [-72.67857, -37.87987], [-72.67438, -37.88223], [-72.67339, -37.88426], [-72.67352, -37.89171], [-72.66715, -37.89422], [-72.66443, -37.89848], [-72.66309, -37.91115], [-72.65981, -37.91756], [-72.65861, -37.9182], [-72.65545, -37.91774], [-72.64748, -37.91319], [-72.64136, -37.91629], [-72.63955, -37.91977], [-72.63573, -37.92318], [-72.63149, -37.92394], [-72.62878, -37.92315], [-72.62627, -37.92168], [-72.62439, -37.91921], [-72.62356, -37.9162], [-72.6262, -37.9038], [-72.62354, -37.90473], [-72.61115, -37.91321], [-72.60401, -37.91179], [-72.59665, -37.91609], [-72.58269, -37.91968], [-72.57869, -37.92354], [-72.58089, -37.93485], [-72.58133, -37.94186], [-72.58059, -37.94687], [-72.57994, -37.948], [-72.57587, -37.9459], [-72.57282, -37.94612], [-72.57195, -37.95078], [-72.57376, -37.9544], [-72.57415, -37.95752], [-72.56762, -37.96482], [-72.56323, -37.9752], [-72.56084, -37.97637], [-72.55652, -37.97597], [-72.55531, -37.97673], [-72.55179, -37.9798], [-72.54727, -37.98742], [-72.54295, -37.98931], [-72.53785, -37.96861], [-72.51544, -37.97739], [-72.51687, -37.97057], [-72.52468, -37.96147], [-72.52588, -37.95613], [-72.52451, -37.94553], [-72.51769, -37.93416], [-72.5137, -37.93067], [-72.50526, -37.9268], [-72.49896, -37.92575], [-72.49153, -37.92661], [-72.48403, -37.93078], [-72.47244, -37.94019], [-72.46766, -37.94711], [-72.46482, -37.95548], [-72.46049, -37.9575], [-72.44908, -37.95934], [-72.44591, -37.96139], [-72.44515, -37.96434], [-72.44555, -37.98534], [-72.44368, -37.99202], [-72.43691, -38.00337], [-72.43495, -38.00896], [-72.42469, -38.01826], [-72.42997, -38.02057], [-72.45129, -38.01939], [-72.49886, -37.99478], [-72.50527, -37.99422], [-72.51294, -38.00127], [-72.52039, -38.00258], [-72.52416, -37.9979], [-72.52573, -37.99818], [-72.52998, -38.00224], [-72.53154, -38.00276], [-72.56206, -37.99992], [-72.57925, -38.01294], [-72.52198, -38.0251], [-72.54106, -38.03479], [-72.5683, -38.0258], [-72.57082, -38.02704], [-72.57204, -38.03076], [-72.56664, -38.03592], [-72.56919, -38.03911], [-72.57038, -38.04317], [-72.56293, -38.04173], [-72.55867, -38.04271], [-72.54633, -38.05218], [-72.54064, -38.05505], [-72.53793, -38.05425], [-72.5337, -38.05019], [-72.52374, -38.04281], [-72.52062, -38.04177], [-72.51566, -38.04226], [-72.52335, -38.05562], [-72.52219, -38.05786], [-72.51778, -38.05894], [-72.51386, -38.06131], [-72.49616, -38.05705], [-72.49505, -38.05621], [-72.49421, -38.05136], [-72.49092, -38.04848], [-72.48824, -38.04734], [-72.48359, -38.04749], [-72.4813, -38.04935], [-72.48084, -38.05197], [-72.48352, -38.06193], [-72.47799, -38.06456], [-72.45756, -38.05332], [-72.45556, -38.05518], [-72.45477, -38.06053], [-72.45734, -38.0722], [-72.46036, -38.07931], [-72.46081, -38.08357], [-72.42602, -38.09899], [-72.42313, -38.1054], [-72.42312, -38.11892], [-72.42034, -38.12362], [-72.41729, -38.12361], [-72.39757, -38.11708], [-72.39695, -38.11327], [-72.39827, -38.10658], [-72.39183, -38.09875], [-72.38818, -38.09689], [-72.38483, -38.09709], [-72.37671, -38.10145], [-72.3723, -38.1023], [-72.36963, -38.1054], [-72.3662, -38.11339], [-72.35666, -38.11493], [-72.35367, -38.1163], [-72.34564, -38.12352], [-72.3452, -38.12579], [-72.36036, -38.13123], [-72.36351, -38.134], [-72.3668, -38.14123], [-72.38453, -38.15386], [-72.38617, -38.15748], [-72.38587, -38.1664], [-72.38709, -38.16772], [-72.39152, -38.16881], [-72.39345, -38.17255], [-72.39772, -38.17376], [-72.40082, -38.17308], [-72.40273, -38.16835], [-72.40502, -38.16661], [-72.41101, -38.16823], [-72.41367, -38.16972], [-72.4157, -38.17186], [-72.41827, -38.17701], [-72.42284, -38.19357], [-72.43433, -38.19976], [-72.442, -38.19355], [-72.43563, -38.16684], [-72.47684, -38.16702], [-72.48027, -38.17013], [-72.48112, -38.17268], [-72.48077, -38.18252], [-72.48157, -38.18358], [-72.48791, -38.18429], [-72.48966, -38.18643], [-72.49027, -38.19035], [-72.48874, -38.1983], [-72.4897, -38.20361], [-72.49507, -38.20588], [-72.49713, -38.20768], [-72.51216, -38.22455], [-72.5124, -38.22765], [-72.50667, -38.23532], [-72.50648, -38.24058], [-72.51445, -38.24755], [-72.52025, -38.25007], [-72.52958, -38.24952], [-72.55334, -38.23707], [-72.5621, -38.2365], [-72.57541, -38.23736], [-72.57839, -38.23611], [-72.58421, -38.22913], [-72.58458, -38.21883], [-72.58206, -38.21507], [-72.57998, -38.2135], [-72.57332, -38.21323], [-72.5673, -38.21197], [-72.56635, -38.2109], [-72.56645, -38.20713], [-72.58942, -38.19291], [-72.59085, -38.19331], [-72.59461, -38.19816], [-72.62681, -38.18258], [-72.63644, -38.18182], [-72.64105, -38.18246], [-72.64457, -38.18179], [-72.64686, -38.18004], [-72.64944, -38.17591], [-72.6512, -38.17564], [-72.66333, -38.18366], [-72.67162, -38.18341], [-72.67289, -38.18403], [-72.675, -38.19213], [-72.68202, -38.18896], [-72.68672, -38.188], [-72.6902, -38.18814], [-72.70637, -38.19196], [-72.70858, -38.19376], [-72.7081, -38.19913], [-72.70502, -38.2021], [-72.69948, -38.20475], [-72.70037, -38.20902], [-72.70621, -38.21555], [-72.70655, -38.22643], [-72.70925, -38.22746], [-72.71542, -38.22643], [-72.71811, -38.22757], [-72.72367, -38.23396], [-72.72437, -38.24372], [-72.73897, -38.25196], [-72.73797, -38.2612], [-72.73625, -38.26319], [-72.72658, -38.26912], [-72.72083, -38.27508], [-72.72069, -38.29615], [-72.71772, -38.30176], [-72.71491, -38.30498], [-72.71464, -38.30919], [-72.84543, -38.17845], [-72.86587, -38.1499], [-72.87, -38.13906], [-72.87495, -38.11958], [-72.8687, -38.11461], [-72.86683, -38.11191], [-72.86604, -38.1081], [-72.86652, -38.1025], [-72.86491, -38.09786], [-72.86225, -38.09628], [-72.85557, -38.09408], [-72.85174, -38.09016], [-72.84522, -38.06599], [-72.84035, -38.06249], [-72.83463, -38.06365], [-72.82697, -38.06325], [-72.82006, -38.06493], [-72.81963, -38.06251], [-72.82831, -38.05792], [-72.83142, -38.05437], [-72.83141, -38.05208], [-72.82926, -38.04696], [-72.8231, -38.04569], [-72.81351, -38.04614], [-72.80821, -38.04274], [-72.802, -38.03529], [-72.79328, -38.03083], [-72.78703, -38.02888], [-72.78253, -38.02905], [-72.77501, -38.03599], [-72.76998, -38.08034], [-72.74811, -38.08719], [-72.74337, -38.09113], [-72.7418, -38.09073], [-72.73968, -38.08755], [-72.74263, -38.08434], [-72.7476, -38.08133], [-72.74901, -38.07726], [-72.74593, -38.04943], [-72.7414, -38.04296], [-72.73283, -38.03851], [-72.72779, -38.03797], [-72.72497, -38.03912], [-72.71978, -38.04351], [-72.70937, -38.0454], [-72.70565, -38.04468], [-72.68967, -38.03834], [-72.68209, -38.04366], [-72.67744, -38.04394], [-72.67507, -38.04236], [-72.67377, -38.04002], [-72.68339, -38.02733], [-72.68137, -38.02256], [-72.65622, -38.03327], [-72.65233, -38.0306], [-72.65018, -38.0257], [-72.65448, -38.01706], [-72.65793, -38.01295], [-72.66793, -38.00807], [-72.67072, -38.00749], [-72.68958, -38.00708], [-72.71208, -38.01092], [-72.73051, -38.01036], [-72.75977, -37.99425], [-72.77259, -37.98983], [-72.78635, -37.98739], [-72.80188, -37.98188], [-72.81799, -37.96714], [-72.82223, -37.96889], [-72.82717, -37.97606], [-72.83124, -37.97827], [-72.86033, -37.96821], [-72.89383, -37.98246], [-72.89959, -37.98301], [-72.90569, -37.98264], [-72.92264, -37.98003], [-72.92879, -37.98139], [-72.94253, -37.98658], [-72.95115, -37.9878], [-72.97591, -37.97961], [-72.98124, -37.98243], [-72.98368, -37.9852], [-73.01674, -37.98551], [-73.0271, -37.99498], [-73.05321, -38.00327], [-73.08541, -37.98821], [-73.09467, -37.9814], [-73.1037, -37.97026], [-73.10805, -37.96381], [-73.11084, -37.95283], [-73.1166, -37.94317], [-73.14031, -37.91484], [-73.14628, -37.9061], [-73.1606, -37.88194], [-73.17512, -37.85125], [-73.17201, -37.84175], [-73.17216, -37.83625], [-73.18699, -37.79653], [-73.19235, -37.78524], [-73.19702, -37.76534], [-73.19251, -37.74685], [-73.17629, -37.71802], [-73.1722, -37.70804], [-73.16896, -37.69578], [-73.16912, -37.68995], [-73.19589, -37.65895], [-73.20949, -37.61722], [-73.21463, -37.57694], [-73.21757, -37.53201], [-73.22959, -37.50581], [-73.23783, -37.46929], [-73.2339, -37.46469], [-73.22905, -37.4611], [-73.21229, -37.45168], [-73.21313, -37.42472], [-73.21512, -37.41499], [-73.209, -37.41204], [-73.18305, -37.40546], [-73.16043, -37.39841], [-73.05465, -37.35394], [-73.04466, -37.35028], [-73.0339, -37.34749], [-73.0286, -37.34709], [-73.02836, -37.34113], [-73.02709, -37.33798], [-73.02535, -37.33563], [-73.01952, -37.33474], [-73.01731, -37.33306], [-73.01632, -37.33017], [-73.01641, -37.32593], [-73.03301, -37.31114], [-73.03343, -37.30864], [-73.02935, -37.30448], [-73.02846, -37.29976], [-73.05357, -37.26808], [-73.0564, -37.26348], [-73.05582, -37.25039], [-73.05954, -37.24514], [-73.06469, -37.24004], [-73.06568, -37.23766], [-73.05758, -37.21779], [-73.05913, -37.21555], [-73.06931, -37.20754], [-73.07003, -37.20493], [-73.06909, -37.20363], [-73.06408, -37.20358], [-73.05697, -37.21055], [-73.05314, -37.21249], [-73.05011, -37.21273], [-73.04308, -37.21019], [-73.03669, -37.20918], [-73.03407, -37.21], [-73.02748, -37.21505], [-73.02316, -37.21558], [-72.99405, -37.19304]], [[-72.69655, -37.47972], [-72.71314, -37.41296], [-72.71968, -37.39704], [-72.73528, -37.36381], [-72.73948, -37.3682], [-72.74201, -37.37391], [-72.74911, -37.42467], [-72.72368, -37.47086], [-72.72261, -37.47186], [-72.70937, -37.46966], [-72.69655, -37.47972]], [[-72.73782, -37.65862], [-72.73454, -37.65805], [-72.73196, -37.65532], [-72.72997, -37.64516], [-72.7282, -37.64337], [-72.69318, -37.63349], [-72.69448, -37.6286], [-72.70065, -37.62424], [-72.70397, -37.62312], [-72.70288, -37.61592], [-72.71154, -37.61549], [-72.71729, -37.61341], [-72.72275, -37.60879], [-72.72696, -37.60081], [-72.73023, -37.5967], [-72.73515, -37.59401], [-72.73805, -37.59354], [-72.7459, -37.59486], [-72.74982, -37.59673], [-72.76084, -37.6079], [-72.76653, -37.61647], [-72.76982, -37.61947], [-72.76918, -37.61993], [-72.76713, -37.64091], [-72.76546, -37.63969], [-72.76244, -37.6397], [-72.75847, -37.64093], [-72.74074, -37.65816], [-72.73782, -37.65862]], [[-72.67365, -37.74069], [-72.66691, -37.73998], [-72.66282, -37.73834], [-72.66079, -37.7362], [-72.66009, -37.72621], [-72.6628, -37.70511], [-72.66826, -37.68136], [-72.67176, -37.67107], [-72.67869, -37.65643], [-72.68265, -37.65062], [-72.68865, -37.6466], [-72.69561, -37.64354], [-72.70495, -37.64159], [-72.70515, -37.66497], [-72.70389, -37.67398], [-72.70251, -37.67783], [-72.71325, -37.67451], [-72.71421, -37.69213], [-72.7086, -37.71609], [-72.70217, -37.73453], [-72.69111, -37.73848], [-72.68322, -37.74002], [-72.67365, -37.74069]], [[-72.75351, -37.79646], [-72.75194, -37.7963], [-72.74252, -37.78844], [-72.71421, -37.76993], [-72.72214, -37.76289], [-72.72891, -37.76073], [-72.75496, -37.772], [-72.75675, -37.76599], [-72.75664, -37.76301], [-72.75407, -37.75764], [-72.74922, -37.75174], [-72.74872, -37.75034], [-72.74975, -37.74271], [-72.74532, -37.73223], [-72.72571, -37.71971], [-72.72717, -37.71449], [-72.73246, -37.70803], [-72.73332, -37.70567], [-72.73369, -37.69685], [-72.72967, -37.68926], [-72.73056, -37.68403], [-72.74936, -37.66351], [-72.75232, -37.66465], [-72.7548, -37.67162], [-72.7564, -37.67385], [-72.75903, -37.67315], [-72.76037, -37.67011], [-72.76472, -37.66742], [-72.76558, -37.71155], [-72.76713, -37.72203], [-72.76984, -37.73244], [-72.7868, -37.72378], [-72.79298, -37.72412], [-72.80418, -37.72762], [-72.80511, -37.72902], [-72.80665, -37.73985], [-72.80852, -37.75985], [-72.8087, -37.77167], [-72.80718, -37.78032], [-72.7902, -37.78428], [-72.76095, -37.79536], [-72.75351, -37.79646]], [[-72.97809, -37.85338], [-72.95915, -37.84133], [-72.96056, -37.83608], [-72.97791, -37.81527], [-72.99436, -37.80862], [-73.00446, -37.80236], [-73.01182, -37.80212], [-73.0164, -37.80389], [-72.99553, -37.84836], [-72.98634, -37.85224], [-72.97809, -37.85338]], [[-72.7112, -37.93676], [-72.706, -37.93416], [-72.70265, -37.92487], [-72.6948, -37.91346], [-72.69299, -37.90504], [-72.71961, -37.91003], [-72.78604, -37.88692], [-72.79742, -37.88779], [-72.79838, -37.89356], [-72.80356, -37.89901], [-72.80406, -37.90294], [-72.80242, -37.90379], [-72.78618, -37.90686], [-72.77576, -37.91439], [-72.76222, -37.92088], [-72.74716, -37.92354], [-72.72964, -37.9238], [-72.718, -37.92727], [-72.71389, -37.93548], [-72.7112, -37.93676]], [[-73.11348, -37.90543], [-73.11367, -37.90526], [-73.11526, -37.90437], [-73.11348, -37.90543]], [[-73.04396, -37.61654], [-73.04563, -37.61708], [-73.04494, -37.61688], [-73.04396, -37.61654]], [[-73.04563, -37.61708], [-73.04609, -37.61722], [-73.04616, -37.61727], [-73.04563, -37.61708]], [[-73.04764, -37.61825], [-73.04829, -37.61868], [-73.04887, -37.61922], [-73.04881, -37.61916], [-73.04853, -37.61891], [-73.04852, -37.6189], [-73.04843, -37.61881], [-73.04835, -37.61874], [-73.04799, -37.61848], [-73.04764, -37.61825]], [[-73.04717, -37.61794], [-73.04758, -37.61821], [-73.04755, -37.61819], [-73.04717, -37.61794]], [[-73.04625, -37.61733], [-73.04631, -37.61737], [-73.04626, -37.61734], [-73.04625, -37.61733]], [[-73.04941, -37.61972], [-73.05021, -37.62046], [-73.0501, -37.62037], [-73.04972, -37.62001], [-73.04941, -37.61972]], [[-73.04909, -37.61942], [-73.04927, -37.61959], [-73.04917, -37.6195], [-73.04909, -37.61942]], [[-73.05205, -37.62118], [-73.0532, -37.62158], [-73.05323, -37.6216], [-73.05271, -37.62141], [-73.05218, -37.62122], [-73.05205, -37.62118]], [[-73.05393, -37.62212], [-73.05472, -37.62271], [-73.05431, -37.6224], [-73.05409, -37.62224], [-73.05393, -37.62212]], [[-73.05344, -37.62175], [-73.05349, -37.62179], [-73.05344, -37.62176], [-73.05344, -37.62175]], [[-73.02089, -37.62849], [-73.02131, -37.62829], [-73.02131, -37.62828], [-73.02134, -37.62827], [-73.02138, -37.62825], [-73.0214, -37.62824], [-73.0216, -37.62814], [-73.0217, -37.62802], [-73.02175, -37.62795], [-73.02175, -37.62795], [-73.02161, -37.62814], [-73.02089, -37.62849]], [[-73.02205, -37.62755], [-73.02222, -37.62711], [-73.02214, -37.62743], [-73.02205, -37.62755]], [[-73.02807, -37.62483], [-73.02808, -37.62482], [-73.02808, -37.62482], [-73.02807, -37.62483]], [[-73.02773, -37.62495], [-73.02803, -37.62484], [-73.02802, -37.62485], [-73.02797, -37.62486], [-73.02794, -37.62487], [-73.02773, -37.62495]], [[-73.02748, -37.62503], [-73.02769, -37.62496], [-73.0275, -37.62503], [-73.02748, -37.62503]], [[-73.02849, -37.62412], [-73.0285, -37.62409], [-73.02849, -37.62411], [-73.02849, -37.62412]], [[-73.02827, -37.62468], [-73.02831, -37.62459], [-73.02827, -37.62468], [-73.02827, -37.62468]], [[-73.02864, -37.62115], [-73.02864, -37.6211], [-73.02895, -37.62074], [-73.02864, -37.62113], [-73.02864, -37.62115]], [[-73.02865, -37.6227], [-73.02865, -37.62251], [-73.02865, -37.62255], [-73.02865, -37.6227]], [[-73.02865, -37.62336], [-73.02865, -37.62335], [-73.02865, -37.62336], [-73.02865, -37.62336]], [[-73.02942, -37.6202], [-73.02963, -37.61995], [-73.02971, -37.61992], [-73.02961, -37.61997], [-73.02942, -37.6202]], [[-73.02971, -37.61992], [-73.03018, -37.61978], [-73.0307, -37.61962], [-73.03099, -37.6196], [-73.03094, -37.61961], [-73.03018, -37.61979], [-73.03015, -37.61979], [-73.03012, -37.61984], [-73.02971, -37.61992]], [[-73.0337, -37.62026], [-73.03378, -37.62004], [-73.03373, -37.62025], [-73.0337, -37.62026]], [[-73.03412, -37.61911], [-73.03423, -37.61881], [-73.03425, -37.6188], [-73.03412, -37.61911]], [[-73.03379, -37.62001], [-73.03399, -37.61948], [-73.03395, -37.61958], [-73.03392, -37.61966], [-73.03379, -37.62001]], [[-73.03431, -37.61876], [-73.03495, -37.61835], [-73.03793, -37.61903], [-73.03431, -37.61876]], [[-73.04058, -37.61872], [-73.04075, -37.61839], [-73.04058, -37.61872], [-73.04058, -37.61872]], [[-73.04209, -37.6166], [-73.04229, -37.61651], [-73.04239, -37.61651], [-73.04227, -37.61655], [-73.04209, -37.6166]], [[-73.04157, -37.61684], [-73.04209, -37.6166], [-73.04203, -37.61663], [-73.04157, -37.61684]], [[-72.85748, -37.59135], [-72.85805, -37.59144], [-72.85809, -37.59149], [-72.85748, -37.59135]], [[-73.00465, -37.62306], [-73.0046, -37.62349], [-73.0046, -37.62346], [-73.0046, -37.62346], [-73.00465, -37.62306], [-73.00465, -37.62306]], [[-73.00806, -37.62614], [-73.00817, -37.62619], [-73.00845, -37.62648], [-73.00831, -37.62636], [-73.00807, -37.62614], [-73.00806, -37.62614]], [[-73.00573, -37.62493], [-73.00678, -37.62547], [-73.0067, -37.62543], [-73.00621, -37.62517], [-73.00573, -37.62493], [-73.00573, -37.62493]], [[-73.00986, -37.62795], [-73.00986, -37.62796], [-73.00986, -37.62796], [-73.00986, -37.62795]], [[-73.00978, -37.62787], [-73.00982, -37.62792], [-73.00982, -37.62791], [-73.00978, -37.62787]], [[-73.00902, -37.62707], [-73.00915, -37.62721], [-73.00905, -37.62711], [-73.00902, -37.62707]], [[-73.00876, -37.62681], [-73.009, -37.62705], [-73.00899, -37.62704], [-73.00881, -37.62685], [-73.00876, -37.62681]], [[-73.01021, -37.62823], [-73.01145, -37.62893], [-73.01145, -37.62893], [-73.01127, -37.62884], [-73.01107, -37.62872], [-73.01081, -37.62857], [-73.01031, -37.62829], [-73.01021, -37.62823]], [[-73.01184, -37.62896], [-73.01187, -37.62895], [-73.01187, -37.62895], [-73.01184, -37.62896], [-73.01184, -37.62896]], [[-73.01861, -37.62887], [-73.01893, -37.62882], [-73.01966, -37.62877], [-73.01975, -37.62876], [-73.01861, -37.62887]], [[-73.02029, -37.62871], [-73.02029, -37.62871], [-73.02032, -37.62871], [-73.02029, -37.62871]], [[-72.93061, -37.61438], [-72.93063, -37.61436], [-72.93099, -37.61425], [-72.93085, -37.6143], [-72.93061, -37.61438]], [[-72.93001, -37.61483], [-72.93051, -37.61445], [-72.9304, -37.61454], [-72.93038, -37.61455], [-72.93001, -37.61483]], [[-72.92932, -37.61707], [-72.92962, -37.61513], [-72.92994, -37.61488], [-72.92963, -37.61512], [-72.92962, -37.61512], [-72.92961, -37.61521], [-72.92961, -37.61522], [-72.92954, -37.61563], [-72.92947, -37.61612], [-72.9294, -37.61659], [-72.92932, -37.61707], [-72.92932, -37.61707]], [[-72.93158, -37.61407], [-72.93177, -37.61401], [-72.93177, -37.61401], [-72.93158, -37.61407]], [[-72.93498, -37.61075], [-72.93499, -37.61074], [-72.93528, -37.61067], [-72.93498, -37.61075]], [[-72.93375, -37.61308], [-72.93383, -37.61292], [-72.93375, -37.61308], [-72.93375, -37.61308]], [[-72.93531, -37.61067], [-72.93562, -37.61059], [-72.93713, -37.61077], [-72.93729, -37.61083], [-72.93713, -37.61077], [-72.93695, -37.61075], [-72.9369, -37.61075], [-72.9369, -37.61075], [-72.93687, -37.61074], [-72.93609, -37.61065], [-72.93607, -37.61065], [-72.93578, -37.61062], [-72.93571, -37.61061], [-72.93562, -37.61059], [-72.93562, -37.61059], [-72.93531, -37.61067]], [[-72.9381, -37.61098], [-72.9383, -37.61101], [-72.93837, -37.61105], [-72.9381, -37.61098]], [[-72.93742, -37.61087], [-72.93742, -37.61087], [-72.93742, -37.61087], [-72.93742, -37.61087]], [[-72.93962, -37.6117], [-72.93966, -37.61172], [-72.93966, -37.61172], [-72.93962, -37.6117]], [[-72.93895, -37.61135], [-72.93912, -37.61144], [-72.93895, -37.61136], [-72.93895, -37.61135]], [[-72.94047, -37.61183], [-72.94546, -37.61275], [-72.95024, -37.61404], [-72.94542, -37.61275], [-72.94047, -37.61183]], [[-72.9576, -37.61384], [-72.95907, -37.61411], [-72.9605, -37.615], [-72.95905, -37.6141], [-72.9576, -37.61384]], [[-72.96838, -37.61504], [-72.97059, -37.61542], [-72.97062, -37.61543], [-72.97059, -37.61542], [-72.96838, -37.61504]], [[-73.00361, -37.61809], [-73.00482, -37.61852], [-73.00478, -37.6185], [-73.00424, -37.61831], [-73.00371, -37.61813], [-73.0037, -37.61813], [-73.00361, -37.61809]], [[-73.00607, -37.61896], [-73.00612, -37.61898], [-73.00619, -37.61908], [-73.00612, -37.619], [-73.00607, -37.61896]], [[-73.00658, -37.61963], [-73.00677, -37.61988], [-73.00661, -37.61967], [-73.00659, -37.61964], [-73.00658, -37.61963]], [[-73.00542, -37.62236], [-73.00482, -37.62281], [-73.00512, -37.62258], [-73.00542, -37.62236]], [[-73.0069, -37.62128], [-73.00674, -37.62139], [-73.00687, -37.6213], [-73.0069, -37.62128]], [[-72.90809, -37.60571], [-72.9098, -37.60605], [-72.90981, -37.60605], [-72.9098, -37.60605], [-72.9096, -37.60601], [-72.90944, -37.60598], [-72.90809, -37.60571]], [[-72.9113, -37.60634], [-72.9113, -37.60634], [-72.91141, -37.60642], [-72.91141, -37.60642], [-72.9113, -37.60634]], [[-72.91025, -37.60613], [-72.91126, -37.60633], [-72.91096, -37.60627], [-72.91038, -37.60616], [-72.91025, -37.60613], [-72.91025, -37.60613]], [[-72.91197, -37.60658], [-72.912, -37.60659], [-72.91216, -37.60717], [-72.91214, -37.60709], [-72.91201, -37.60662], [-72.91197, -37.60658]], [[-72.91256, -37.60857], [-72.9126, -37.60872], [-72.9126, -37.60872], [-72.91256, -37.60857]], [[-72.91223, -37.60742], [-72.91237, -37.60792], [-72.91227, -37.60756], [-72.91223, -37.60742]], [[-72.91481, -37.61129], [-72.91494, -37.61144], [-72.91493, -37.61143], [-72.91481, -37.61129]], [[-72.91466, -37.61112], [-72.91468, -37.61113], [-72.91467, -37.61113], [-72.91466, -37.61112]], [[-72.91355, -37.60983], [-72.91373, -37.61004], [-72.91358, -37.60987], [-72.91355, -37.60983]], [[-72.91324, -37.60947], [-72.91324, -37.60948], [-72.91324, -37.60947], [-72.91324, -37.60947]], [[-72.91802, -37.61271], [-72.91808, -37.61271], [-72.9184, -37.61286], [-72.91816, -37.61276], [-72.91804, -37.61271], [-72.91802, -37.61271]], [[-72.91894, -37.61312], [-72.91974, -37.6135], [-72.91969, -37.61348], [-72.91919, -37.61324], [-72.91894, -37.61312]], [[-72.92092, -37.61546], [-72.92135, -37.61573], [-72.92125, -37.61567], [-72.92121, -37.61564], [-72.92092, -37.61546]], [[-72.92062, -37.61527], [-72.92079, -37.61537], [-72.92076, -37.61536], [-72.92066, -37.6153], [-72.92062, -37.61527]], [[-72.9225, -37.61546], [-72.92291, -37.61537], [-72.92307, -37.61539], [-72.92291, -37.61537], [-72.92291, -37.61537], [-72.92277, -37.6154], [-72.92275, -37.6154], [-72.9225, -37.61546]], [[-72.92337, -37.61543], [-72.92369, -37.61548], [-72.92339, -37.61544], [-72.92337, -37.61543]], [[-72.9253, -37.61654], [-72.9253, -37.61654], [-72.9253, -37.61654], [-72.9253, -37.61654]], [[-72.92607, -37.61801], [-72.92609, -37.61808], [-72.92609, -37.61808], [-72.92607, -37.61801]], [[-72.92623, -37.61826], [-72.92703, -37.61883], [-72.92703, -37.61883], [-72.92702, -37.61882], [-72.92679, -37.61866], [-72.92674, -37.61862], [-72.92631, -37.61832], [-72.92623, -37.61826], [-72.92623, -37.61826]], [[-72.92704, -37.61883], [-72.92709, -37.61882], [-72.92771, -37.61878], [-72.92763, -37.61878], [-72.92757, -37.61879], [-72.92733, -37.6188], [-72.9271, -37.61882], [-72.92704, -37.61883], [-72.92704, -37.61883]], [[-72.92835, -37.61851], [-72.92875, -37.61825], [-72.92875, -37.61825], [-72.92866, -37.61831], [-72.92838, -37.61849], [-72.92835, -37.61851]], [[-72.92881, -37.61818], [-72.92916, -37.6175], [-72.92916, -37.6175], [-72.92897, -37.61787], [-72.9289, -37.61807], [-72.92881, -37.61818]], [[-73.02036, -37.6287], [-73.02047, -37.62869], [-73.02047, -37.62869], [-73.02036, -37.6287]], [[-73.02075, -37.62856], [-73.02081, -37.62853], [-73.02084, -37.62852], [-73.02075, -37.62856]], [[-73.05519, -37.62655], [-73.05518, -37.62729], [-73.05518, -37.62729], [-73.05519, -37.62684], [-73.05519, -37.62655]], [[-73.05523, -37.62439], [-73.0552, -37.62622], [-73.0552, -37.6259], [-73.05521, -37.62542], [-73.05522, -37.62494], [-73.05523, -37.6245], [-73.05523, -37.6244], [-73.05523, -37.62439]], [[-73.05523, -37.62398], [-73.05523, -37.62431], [-73.05523, -37.6241], [-73.05523, -37.62398]], [[-73.05524, -37.62344], [-73.05524, -37.62377], [-73.05524, -37.62345], [-73.05524, -37.62344]], [[-73.05561, -37.62942], [-73.05564, -37.62956], [-73.05564, -37.62956], [-73.05561, -37.62942]], [[-73.05689, -37.63257], [-73.05715, -37.63317], [-73.05737, -37.63429], [-73.05736, -37.63428], [-73.05727, -37.63382], [-73.05718, -37.63333], [-73.05703, -37.63289], [-73.05689, -37.63257]], [[-73.05651, -37.63168], [-73.05662, -37.63193], [-73.05652, -37.6317], [-73.05651, -37.63168]], [[-73.0558, -37.63001], [-73.05633, -37.63125], [-73.05631, -37.63122], [-73.05618, -37.63092], [-73.05598, -37.63045], [-73.0558, -37.63001], [-73.0558, -37.63001]], [[-73.05787, -37.63684], [-73.05798, -37.6374], [-73.05798, -37.6374], [-73.05789, -37.63693], [-73.05787, -37.63684]], [[-73.05763, -37.63561], [-73.05775, -37.63626], [-73.0577, -37.63601], [-73.05763, -37.63561]], [[-73.05876, -37.63947], [-73.05894, -37.63993], [-73.0589, -37.63983], [-73.05876, -37.63947]], [[-73.05839, -37.63858], [-73.05861, -37.63912], [-73.05854, -37.63894], [-73.05852, -37.63891], [-73.05847, -37.63877], [-73.05839, -37.63858]], [[-73.0581, -37.63786], [-73.0582, -37.63811], [-73.0581, -37.63786], [-73.0581, -37.63786]], [[-73.06052, -37.64203], [-73.06097, -37.64258], [-73.06069, -37.64223], [-73.06052, -37.64203]], [[-73.05981, -37.64117], [-73.06004, -37.64144], [-73.05993, -37.64131], [-73.05981, -37.64117]], [[-73.05938, -37.64064], [-73.05954, -37.64083], [-73.0594, -37.64066], [-73.05938, -37.64064]], [[-73.07189, -37.65232], [-73.07304, -37.65332], [-73.07188, -37.65234], [-73.07189, -37.65232]], [[-73.07095, -37.65151], [-73.07122, -37.65174], [-73.07108, -37.65163], [-73.07095, -37.65151]], [[-73.06945, -37.65021], [-73.06991, -37.65061], [-73.06989, -37.65059], [-73.06986, -37.65057], [-73.06947, -37.65023], [-73.06945, -37.65021]], [[-73.06821, -37.64915], [-73.06871, -37.64958], [-73.06842, -37.64932], [-73.06821, -37.64915]], [[-73.06614, -37.64736], [-73.06649, -37.64766], [-73.06626, -37.64746], [-73.06614, -37.64736]], [[-73.06506, -37.64642], [-73.06559, -37.64688], [-73.0654, -37.64672], [-73.06506, -37.64642]], [[-73.06395, -37.64546], [-73.06397, -37.64548], [-73.06397, -37.64548], [-73.06395, -37.64546]], [[-73.06364, -37.64519], [-73.06368, -37.64523], [-73.06367, -37.64523], [-73.06364, -37.64519]], [[-73.111, -37.86966], [-73.11112, -37.86962], [-73.11178, -37.86981], [-73.111, -37.86966]], [[-72.92795, -37.61876], [-72.92784, -37.61877], [-72.92782, -37.61877], [-72.92782, -37.61877], [-72.92795, -37.61876]], [[-72.92564, -37.61676], [-72.92552, -37.61669], [-72.92549, -37.61667], [-72.92542, -37.61662], [-72.92564, -37.61676]], [[-72.92564, -37.61676], [-72.92597, -37.61772], [-72.92589, -37.61748], [-72.9257, -37.61693], [-72.92564, -37.61676]], [[-73.00454, -37.62398], [-73.00455, -37.62391], [-73.00456, -37.62382], [-73.00457, -37.62373], [-73.00454, -37.62398]], [[-73.00454, -37.62398], [-73.00528, -37.62465], [-73.00528, -37.62465], [-73.00524, -37.62462], [-73.00488, -37.62429], [-73.00454, -37.62398]], [[-73.0072, -37.62049], [-73.00714, -37.6204], [-73.00708, -37.62032], [-73.0072, -37.62049]], [[-73.0072, -37.62049], [-73.00716, -37.62089], [-73.00716, -37.62089], [-73.00717, -37.62088], [-73.0072, -37.62049]], [[-72.92795, -37.61876], [-72.92829, -37.61854], [-72.92828, -37.61855], [-72.92815, -37.61864], [-72.92808, -37.61868], [-72.92795, -37.61876]]]}, "properties": {"composicio": "Rocas intrusivas", "epoca": "Carbonifero Permico  328-235 Ma", "era": "PALEOZOICO", "geo": "CPg", "ha": 424275.34, "m2": 4242753377.95, "periodo": ""}}, {"type": "Feature", "geometry": {"type": "Polygon", "coordinates": [[[-72.63898, -37.56864], [-72.64785, -37.5643], [-72.64786, -37.56207], [-72.64522, -37.55629], [-72.64473, -37.55258], [-72.64757, -37.5448], [-72.64788, -37.53709], [-72.64883, -37.53464], [-72.65481, -37.53071], [-72.6633, -37.52697], [-72.66582, -37.52463], [-72.66279, -37.49], [-72.60241, -37.50158], [-72.59813, -37.50974], [-72.59841, -37.51203], [-72.60318, -37.52107], [-72.60336, -37.5234], [-72.59489, -37.53598], [-72.59444, -37.54746], [-72.59238, -37.5565], [-72.58828, -37.56208], [-72.5829, -37.56574], [-72.58212, -37.57235], [-72.57988, -37.5768], [-72.57473, -37.58022], [-72.56767, -37.58022], [-72.56631, -37.57875], [-72.55812, -37.58479], [-72.5461, -37.59365], [-72.53697, -37.6055], [-72.51971, -37.61628], [-72.47406, -37.64206], [-72.44561, -37.65574], [-72.41171, -37.65673], [-72.38963, -37.66892], [-72.36432, -37.68122], [-72.33415, -37.69364], [-72.31892, -37.71464], [-72.29854, -37.72935], [-72.26846, -37.74433], [-72.2609, -37.79341], [-72.25388, -37.81804], [-72.21867, -37.8653], [-72.20058, -37.89667], [-72.18013, -37.91136], [-72.15297, -37.92107], [-72.11041, -37.95037], [-72.05466, -37.9748], [-72.04578, -37.97776], [-72.04447, -37.98142], [-72.0025, -37.97287], [-71.99594, -37.97851], [-71.96425, -37.98012], [-71.95877, -37.98494], [-71.95584, -37.98633], [-71.94791, -37.99548], [-71.91853, -38.0411], [-71.87696, -38.06769], [-71.87276, -38.06782], [-71.86498, -38.06576], [-71.84203, -38.04391], [-71.82508, -38.04385], [-71.79846, -38.03871], [-71.78799, -38.03787], [-71.85885, -38.06492], [-71.85683, -38.0862], [-71.86294, -38.08621], [-71.86988, -38.08279], [-71.8746, -38.07864], [-71.90909, -38.07551], [-71.92397, -38.06291], [-71.92965, -38.05483], [-71.93944, -38.02173], [-71.94953, -38.01453], [-71.95327, -38.00937], [-71.95616, -38.00834], [-71.97003, -38.00935], [-71.97119, -38.01199], [-71.96904, -38.01805], [-71.96904, -38.0208], [-71.97338, -38.02331], [-71.97483, -38.02273], [-71.97756, -38.01575], [-71.98113, -38.00991], [-71.98722, -38.00566], [-71.98993, -38.00473], [-72.03344, -38.00661], [-72.04691, -38.017], [-72.04734, -38.01814], [-72.04505, -38.02501], [-72.04492, -38.02937], [-72.04739, -38.0312], [-72.051, -38.03222], [-72.0368, -38.05549], [-72.03743, -38.07086], [-72.04137, -38.08744], [-72.03494, -38.08888], [-72.01575, -38.09579], [-72.00309, -38.10381], [-71.99368, -38.11174], [-71.99436, -38.12839], [-72.00577, -38.12938], [-72.00603, -38.13579], [-71.99059, -38.15542], [-71.99766, -38.16935], [-71.99813, -38.18088], [-71.99211, -38.19257], [-71.98279, -38.20307], [-71.97001, -38.20852], [-71.95702, -38.20885], [-71.95404, -38.21534], [-71.95592, -38.22171], [-71.95937, -38.22675], [-71.94649, -38.22964], [-71.94711, -38.24501], [-71.94909, -38.25393], [-71.95915, -38.26137], [-71.98237, -38.27233], [-71.98751, -38.27861], [-71.92327, -38.29947], [-71.89736, -38.30268], [-71.87313, -38.30712], [-71.86195, -38.31252], [-71.85422, -38.32297], [-71.86779, -38.33675], [-71.87312, -38.34816], [-71.86687, -38.35473], [-71.85568, -38.36013], [-71.84642, -38.37317], [-71.84677, -38.38214], [-71.85053, -38.39487], [-71.85098, -38.4064], [-71.83953, -38.4054], [-71.83973, -38.41052], [-71.83673, -38.41701], [-71.82054, -38.41997], [-71.81235, -38.41888], [-71.81047, -38.41252], [-71.80223, -38.41015], [-71.79246, -38.41038], [-71.7597, -38.4069], [-71.73759, -38.41317], [-71.74549, -38.41706], [-71.75878, -38.41792], [-71.76203, -38.41885], [-71.79562, -38.4357], [-71.80015, -38.43603], [-71.80609, -38.43539], [-71.81401, -38.43343], [-71.8215, -38.43767], [-71.82592, -38.43857], [-71.83041, -38.4382], [-71.84148, -38.43523], [-71.85102, -38.43368], [-71.85976, -38.43364], [-71.86946, -38.43552], [-71.87368, -38.43539], [-71.92753, -38.41998], [-71.96452, -38.4344], [-71.97353, -38.43102], [-71.97634, -38.42624], [-71.9786, -38.41907], [-71.98432, -38.42003], [-71.99558, -38.42357], [-72.00464, -38.42431], [-72.04052, -38.41401], [-72.03078, -38.4229], [-72.00204, -38.43034], [-71.99794, -38.43265], [-71.99292, -38.43704], [-71.98922, -38.43877], [-71.97713, -38.43881], [-71.97027, -38.44143], [-71.95678, -38.45674], [-71.9326, -38.46562], [-71.9261, -38.46674], [-71.92391, -38.47305], [-71.93641, -38.47265], [-71.95163, -38.46805], [-72.03886, -38.42792], [-72.04089, -38.42785], [-72.04199, -38.43217], [-72.04494, -38.43287], [-72.06038, -38.43019], [-72.07159, -38.42742], [-72.08604, -38.42534], [-72.10862, -38.42288], [-72.12039, -38.42237], [-72.12934, -38.42367], [-72.13422, -38.42511], [-72.14984, -38.43146], [-72.17706, -38.43661], [-72.18499, -38.4407], [-72.20276, -38.45417], [-72.20847, -38.45753], [-72.26029, -38.46395], [-72.27945, -38.47159], [-72.28354, -38.47459], [-72.28422, -38.47754], [-72.31386, -38.48132], [-72.33187, -38.48853], [-72.35397, -38.49872], [-72.40195, -38.51586], [-72.41962, -38.51535], [-72.44055, -38.50084], [-72.45966, -38.48945], [-72.47543, -38.49053], [-72.48751, -38.49635], [-72.51506, -38.49707], [-72.52442, -38.48752], [-72.53159, -38.4734], [-72.55876, -38.4664], [-72.59126, -38.44841], [-72.62045, -38.44288], [-72.64782, -38.44048], [-72.66424, -38.44406], [-72.69435, -38.42824], [-72.71764, -38.42286], [-72.72508, -38.41491], [-72.72609, -38.39634], [-72.71135, -38.37673], [-72.69685, -38.36174], [-72.69387, -38.34176], [-72.72069, -38.29615], [-72.72083, -38.27508], [-72.72658, -38.26912], [-72.73625, -38.26319], [-72.73797, -38.2612], [-72.73897, -38.25196], [-72.72437, -38.24372], [-72.72367, -38.23396], [-72.71811, -38.22757], [-72.71542, -38.22643], [-72.70925, -38.22746], [-72.70655, -38.22643], [-72.70621, -38.21555], [-72.70037, -38.20902], [-72.69948, -38.20475], [-72.70502, -38.2021], [-72.7081, -38.19913], [-72.70858, -38.19376], [-72.70637, -38.19196], [-72.6902, -38.18814], [-72.68672, -38.188], [-72.68202, -38.18896], [-72.675, -38.19213], [-72.67289, -38.18403], [-72.67162, -38.18341], [-72.66333, -38.18366], [-72.6512, -38.17564], [-72.64944, -38.17591], [-72.64686, -38.18004], [-72.64457, -38.18179], [-72.64105, -38.18246], [-72.63644, -38.18182], [-72.62681, -38.18258], [-72.59461, -38.19816], [-72.59085, -38.19331], [-72.58942, -38.19291], [-72.56645, -38.20713], [-72.56635, -38.2109], [-72.5673, -38.21197], [-72.57332, -38.21323], [-72.57998, -38.2135], [-72.58206, -38.21507], [-72.58458, -38.21883], [-72.58421, -38.22913], [-72.57839, -38.23611], [-72.57541, -38.23736], [-72.5621, -38.2365], [-72.55334, -38.23707], [-72.55036, -38.23832], [-72.54591, -38.24192], [-72.53593, -38.24805], [-72.52958, -38.24952], [-72.52025, -38.25007], [-72.51445, -38.24755], [-72.50648, -38.24058], [-72.50667, -38.23532], [-72.5124, -38.22765], [-72.51216, -38.22455], [-72.49713, -38.20768], [-72.49507, -38.20588], [-72.4897, -38.20361], [-72.48874, -38.1983], [-72.49027, -38.19035], [-72.48966, -38.18643], [-72.48791, -38.18429], [-72.48157, -38.18358], [-72.48077, -38.18252], [-72.48112, -38.17268], [-72.48027, -38.17013], [-72.47684, -38.16702], [-72.43563, -38.16684], [-72.442, -38.19355], [-72.43433, -38.19976], [-72.42284, -38.19357], [-72.41827, -38.17701], [-72.4157, -38.17186], [-72.41367, -38.16972], [-72.41101, -38.16823], [-72.40502, -38.16661], [-72.40273, -38.16835], [-72.40082, -38.17308], [-72.39772, -38.17376], [-72.39345, -38.17255], [-72.39152, -38.16881], [-72.38709, -38.16772], [-72.38587, -38.1664], [-72.38617, -38.15748], [-72.38453, -38.15386], [-72.3668, -38.14123], [-72.36351, -38.134], [-72.36036, -38.13123], [-72.3452, -38.12579], [-72.34564, -38.12352], [-72.35367, -38.1163], [-72.35666, -38.11493], [-72.3662, -38.11339], [-72.36963, -38.1054], [-72.3723, -38.1023], [-72.37671, -38.10145], [-72.38483, -38.09709], [-72.38818, -38.09689], [-72.39183, -38.09875], [-72.39827, -38.10658], [-72.39695, -38.11327], [-72.39757, -38.11708], [-72.41729, -38.12361], [-72.42034, -38.12362], [-72.42312, -38.11892], [-72.42313, -38.1054], [-72.42602, -38.09899], [-72.46081, -38.08357], [-72.46036, -38.07931], [-72.45734, -38.0722], [-72.45477, -38.06053], [-72.45556, -38.05518], [-72.45756, -38.05332], [-72.47799, -38.06456], [-72.48352, -38.06193], [-72.48084, -38.05197], [-72.4813, -38.04935], [-72.48359, -38.04749], [-72.48824, -38.04734], [-72.49092, -38.04848], [-72.49421, -38.05136], [-72.49505, -38.05621], [-72.49616, -38.05705], [-72.51386, -38.06131], [-72.51778, -38.05894], [-72.52219, -38.05786], [-72.52335, -38.05562], [-72.51566, -38.04226], [-72.52062, -38.04177], [-72.52374, -38.04281], [-72.5337, -38.05019], [-72.53793, -38.05425], [-72.54064, -38.05505], [-72.54633, -38.05218], [-72.55867, -38.04271], [-72.56293, -38.04173], [-72.57038, -38.04317], [-72.56919, -38.03911], [-72.56664, -38.03592], [-72.57204, -38.03076], [-72.57082, -38.02704], [-72.5683, -38.0258], [-72.54106, -38.03479], [-72.52198, -38.0251], [-72.57925, -38.01294], [-72.56206, -37.99992], [-72.53154, -38.00276], [-72.52998, -38.00224], [-72.52573, -37.99818], [-72.52416, -37.9979], [-72.52039, -38.00258], [-72.51294, -38.00127], [-72.50527, -37.99422], [-72.49886, -37.99478], [-72.45129, -38.01939], [-72.42997, -38.02057], [-72.42469, -38.01826], [-72.43495, -38.00896], [-72.43691, -38.00337], [-72.44368, -37.99202], [-72.44555, -37.98534], [-72.44515, -37.96434], [-72.44591, -37.96139], [-72.44908, -37.95934], [-72.46049, -37.9575], [-72.46482, -37.95548], [-72.46766, -37.94711], [-72.47244, -37.94019], [-72.48403, -37.93078], [-72.49153, -37.92661], [-72.49896, -37.92575], [-72.50526, -37.9268], [-72.5137, -37.93067], [-72.51769, -37.93416], [-72.52451, -37.94553], [-72.52588, -37.95613], [-72.52468, -37.96147], [-72.51687, -37.97057], [-72.51544, -37.97739], [-72.53785, -37.96861], [-72.54295, -37.98931], [-72.54727, -37.98742], [-72.55179, -37.9798], [-72.55531, -37.97673], [-72.55652, -37.97597], [-72.56084, -37.97637], [-72.56323, -37.9752], [-72.56762, -37.96482], [-72.57415, -37.95752], [-72.57376, -37.9544], [-72.57195, -37.95078], [-72.57282, -37.94612], [-72.57587, -37.9459], [-72.57994, -37.948], [-72.58059, -37.94687], [-72.58133, -37.94186], [-72.58089, -37.93485], [-72.57869, -37.92354], [-72.58269, -37.91968], [-72.59665, -37.91609], [-72.60401, -37.91179], [-72.61115, -37.91321], [-72.62354, -37.90473], [-72.6262, -37.9038], [-72.62356, -37.9162], [-72.62439, -37.91921], [-72.62627, -37.92168], [-72.62878, -37.92315], [-72.63149, -37.92394], [-72.63573, -37.92318], [-72.63955, -37.91977], [-72.64136, -37.91629], [-72.64748, -37.91319], [-72.65545, -37.91774], [-72.65861, -37.9182], [-72.65981, -37.91756], [-72.66309, -37.91115], [-72.66443, -37.89848], [-72.66715, -37.89422], [-72.67352, -37.89171], [-72.67339, -37.88426], [-72.67438, -37.88223], [-72.67857, -37.87987], [-72.68163, -37.87701], [-72.68638, -37.87753], [-72.69138, -37.88103], [-72.6958, -37.87719], [-72.69682, -37.87219], [-72.69548, -37.86067], [-72.7068, -37.84769], [-72.70868, -37.84294], [-72.70233, -37.82576], [-72.70946, -37.81285], [-72.7194, -37.80107], [-72.72216, -37.79349], [-72.72088, -37.7884], [-72.71774, -37.78291], [-72.71459, -37.78003], [-72.71022, -37.77815], [-72.70083, -37.77827], [-72.69475, -37.78331], [-72.68738, -37.77846], [-72.68296, -37.77749], [-72.67122, -37.78072], [-72.65583, -37.77957], [-72.65301, -37.77843], [-72.64762, -37.76241], [-72.64452, -37.75875], [-72.63826, -37.71669], [-72.63933, -37.71089], [-72.64191, -37.70628], [-72.64312, -37.70541], [-72.64868, -37.70413], [-72.65261, -37.69638], [-72.65337, -37.6909], [-72.65266, -37.67163], [-72.65863, -37.65855], [-72.6615, -37.64915], [-72.65902, -37.64494], [-72.64944, -37.63885], [-72.64853, -37.63721], [-72.64828, -37.63411], [-72.65153, -37.62552], [-72.65034, -37.61665], [-72.64671, -37.61228], [-72.6372, -37.60516], [-72.63526, -37.60142], [-72.6376, -37.59119], [-72.64205, -37.58437], [-72.63857, -37.57278], [-72.63814, -37.57025], [-72.63898, -37.56864]], [[-72.41612, -37.81376], [-72.41282, -37.81328], [-72.40996, -37.81053], [-72.41054, -37.80368], [-72.41536, -37.78474], [-72.42198, -37.77365], [-72.42813, -37.76783], [-72.43105, -37.76726], [-72.43545, -37.76846], [-72.43279, -37.79229], [-72.42706, -37.79608], [-72.42548, -37.79832], [-72.43021, -37.80114], [-72.43068, -37.80517], [-72.42986, -37.80891], [-72.42428, -37.81042], [-72.41933, -37.8132], [-72.41612, -37.81376]], [[-72.50725, -37.81481], [-72.50857, -37.81452], [-72.51279, -37.81751], [-72.52166, -37.82132], [-72.52217, -37.82249], [-72.51967, -37.83706], [-72.52059, -37.83859], [-72.52594, -37.83627], [-72.52997, -37.82955], [-72.53228, -37.82724], [-72.53373, -37.82718], [-72.53469, -37.82801], [-72.53677, -37.83176], [-72.53815, -37.83754], [-72.53769, -37.84257], [-72.53571, -37.8489], [-72.53227, -37.85301], [-72.5273, -37.85626], [-72.52127, -37.85787], [-72.51343, -37.85848], [-72.49925, -37.85633], [-72.48937, -37.8525], [-72.46625, -37.82926], [-72.45297, -37.86116], [-72.45031, -37.8598], [-72.44547, -37.85399], [-72.44137, -37.8434], [-72.44147, -37.83722], [-72.44715, -37.8206], [-72.44723, -37.81705], [-72.44483, -37.81375], [-72.44516, -37.81079], [-72.46195, -37.7805], [-72.46464, -37.77912], [-72.47196, -37.77986], [-72.47623, -37.77843], [-72.47771, -37.76417], [-72.47909, -37.76055], [-72.49765, -37.75462], [-72.49745, -37.75095], [-72.49335, -37.74723], [-72.4927, -37.74366], [-72.49316, -37.73864], [-72.49671, -37.7327], [-72.49687, -37.73008], [-72.49464, -37.72885], [-72.4848, -37.72697], [-72.48355, -37.72612], [-72.48499, -37.72388], [-72.48944, -37.72199], [-72.49082, -37.71598], [-72.50218, -37.71206], [-72.49698, -37.70521], [-72.49647, -37.69947], [-72.50228, -37.69888], [-72.51887, -37.70113], [-72.52136, -37.70283], [-72.52158, -37.70628], [-72.5203, -37.7083], [-72.50938, -37.71452], [-72.50717, -37.71764], [-72.50789, -37.72466], [-72.51418, -37.72788], [-72.51593, -37.7299], [-72.51634, -37.74195], [-72.51172, -37.74887], [-72.50733, -37.76153], [-72.50699, -37.76931], [-72.51198, -37.77959], [-72.51138, -37.78461], [-72.50867, -37.78634], [-72.50561, -37.78679], [-72.49601, -37.7855], [-72.49537, -37.78662], [-72.49653, -37.79113], [-72.49614, -37.79502], [-72.49013, -37.79879], [-72.50725, -37.81481]], [[-72.63031, -38.2518], [-72.62653, -38.24959], [-72.62553, -38.24703], [-72.62618, -38.23893], [-72.62937, -38.23447], [-72.63586, -38.22831], [-72.63872, -38.2267], [-72.64486, -38.22613], [-72.65254, -38.22872], [-72.65612, -38.23185], [-72.65731, -38.23601], [-72.65674, -38.23828], [-72.65553, -38.23904], [-72.64992, -38.24031], [-72.64871, -38.24118], [-72.65233, -38.2483], [-72.65218, -38.2507], [-72.64939, -38.25105], [-72.64597, -38.25012], [-72.63981, -38.24404], [-72.63848, -38.24444], [-72.63325, -38.25134], [-72.63031, -38.2518]], [[-72.68179, -38.25117], [-72.66501, -38.23541], [-72.67973, -38.226], [-72.68512, -38.22816], [-72.69102, -38.22666], [-72.69388, -38.22735], [-72.6975, -38.23001], [-72.69858, -38.2336], [-72.68908, -38.23919], [-72.68571, -38.24422], [-72.68405, -38.24987], [-72.68179, -38.25117]], [[-72.66085, -38.34872], [-72.64397, -38.33718], [-72.66604, -38.31469], [-72.66918, -38.31331], [-72.68799, -38.32183], [-72.68937, -38.32314], [-72.68978, -38.32819], [-72.68261, -38.33582], [-72.66085, -38.34872]], [[-71.83587, -38.05185], [-71.83601, -38.05186], [-71.83604, -38.05187], [-71.83587, -38.05185]], [[-71.83757, -38.05236], [-71.83823, -38.05257], [-71.83823, -38.05257], [-71.83808, -38.05252], [-71.83792, -38.05247], [-71.83757, -38.05236]], [[-71.83665, -38.05207], [-71.8373, -38.05227], [-71.83699, -38.05217], [-71.83665, -38.05207]], [[-71.8385, -38.0526], [-71.84214, -38.05302], [-71.8385, -38.0526], [-71.8385, -38.0526]], [[-72.20922, -37.90329], [-72.20954, -37.90321], [-72.20985, -37.90314], [-72.20922, -37.90329]], [[-72.2105, -37.90298], [-72.21068, -37.90293], [-72.21099, -37.90286], [-72.21117, -37.90281], [-72.21123, -37.90278], [-72.21129, -37.90275], [-72.21115, -37.90282], [-72.2105, -37.90298]], [[-72.63118, -37.66592], [-72.63118, -37.66592], [-72.63118, -37.66592], [-72.63118, -37.66592]], [[-72.6354, -37.66436], [-72.63565, -37.66426], [-72.63552, -37.66432], [-72.6354, -37.66436]], [[-72.6334, -37.66512], [-72.63366, -37.66502], [-72.63341, -37.66512], [-72.6334, -37.66512], [-72.6334, -37.66512], [-72.6334, -37.66512]], [[-72.63172, -37.66576], [-72.63187, -37.6657], [-72.63174, -37.66575], [-72.63172, -37.66576]], [[-72.64378, -37.64432], [-72.64331, -37.64412], [-72.64278, -37.64376], [-72.64378, -37.64432]], [[-72.47679, -37.74881], [-72.47756, -37.7485], [-72.47689, -37.74877], [-72.47679, -37.74881]], [[-71.83531, -38.05181], [-71.83528, -38.0518], [-71.83528, -38.0518], [-71.83355, -38.05166], [-71.83531, -38.05181]], [[-72.47679, -37.74881], [-72.47672, -37.74884], [-72.47672, -37.74884], [-72.47648, -37.74893], [-72.47621, -37.74904], [-72.47588, -37.74917], [-72.47588, -37.74917], [-72.47679, -37.74881]], [[-71.83531, -38.05181], [-71.83567, -38.05183], [-71.83545, -38.05182], [-71.83531, -38.05181]]]}, "properties": {"composicio": "Secuencias volcanicas", "epoca": "Pleistoceno", "era": "CENOZOICO", "geo": "Pl3t", "ha": 436829.22, "m2": 4368292165.62, "periodo": "Neogeno"}}, {"type": "Feature", "geometry": {"type": "Polygon", "coordinates": [[[-72.04578, -37.97776], [-72.0392, -37.96116], [-72.03678, -37.95843], [-72.03155, -37.95649], [-71.99039, -37.96446], [-71.99021, -37.96183], [-71.99312, -37.9577], [-72.00577, -37.94719], [-72.00726, -37.94152], [-72.00713, -37.93852], [-72.0044, -37.93724], [-71.96626, -37.9561], [-71.96161, -37.9579], [-71.95786, -37.95806], [-71.95521, -37.95737], [-71.95434, -37.95305], [-71.95751, -37.95074], [-71.97365, -37.94559], [-72.01999, -37.91469], [-72.02425, -37.90658], [-72.02219, -37.90117], [-72.01833, -37.89689], [-72.01722, -37.89217], [-72.0025, -37.88522], [-71.99314, -37.88484], [-71.97028, -37.90392], [-71.96723, -37.90383], [-71.96524, -37.90207], [-71.96729, -37.89603], [-71.96659, -37.89411], [-71.96415, -37.89434], [-71.949, -37.89921], [-71.93458, -37.89971], [-71.93619, -37.89781], [-71.94554, -37.89272], [-71.94634, -37.89166], [-71.93997, -37.88505], [-71.98254, -37.86674], [-72.0161, -37.82661], [-72.01737, -37.81913], [-72.01712, -37.8129], [-72.01547, -37.81107], [-71.97216, -37.81541], [-71.96775, -37.81205], [-71.96846, -37.80755], [-71.96789, -37.80563], [-71.96562, -37.80401], [-71.96053, -37.80342], [-71.95928, -37.80199], [-71.96086, -37.79974], [-71.96471, -37.79683], [-71.96406, -37.79354], [-71.96051, -37.79231], [-71.95374, -37.79249], [-71.95111, -37.78767], [-71.91228, -37.81394], [-71.90841, -37.81433], [-71.91629, -37.80255], [-71.91459, -37.80078], [-71.90848, -37.80012], [-71.90106, -37.80147], [-71.89783, -37.80275], [-71.87667, -37.81475], [-71.85046, -37.81452], [-71.85669, -37.81799], [-71.86177, -37.82499], [-71.89103, -37.82193], [-71.89196, -37.82293], [-71.89246, -37.82611], [-71.88874, -37.83543], [-71.93352, -37.83114], [-71.93263, -37.83301], [-71.92852, -37.83639], [-71.921, -37.84061], [-71.87758, -37.85698], [-71.85759, -37.88713], [-71.85774, -37.88942], [-71.85985, -37.893], [-71.90435, -37.89709], [-71.88576, -37.92662], [-71.89166, -37.93703], [-71.87712, -37.96031], [-71.88, -37.96226], [-71.88302, -37.9619], [-71.88809, -37.95985], [-71.89956, -37.95159], [-71.90558, -37.94858], [-71.90807, -37.94894], [-71.90914, -37.94981], [-71.9084, -37.95179], [-71.90517, -37.95536], [-71.90876, -37.95498], [-71.91137, -37.95727], [-71.90914, -37.96069], [-71.90989, -37.96329], [-71.92519, -37.95623], [-71.9319, -37.95492], [-71.93571, -37.95556], [-71.9357, -37.95762], [-71.93312, -37.96014], [-71.91452, -37.97192], [-71.8994, -37.99489], [-71.90748, -37.99638], [-71.91719, -37.99621], [-71.92159, -37.99477], [-71.9269, -37.99179], [-71.93484, -37.99146], [-71.93704, -37.98987], [-71.94656, -37.97732], [-71.95276, -37.97488], [-71.95697, -37.97734], [-71.95767, -37.97925], [-71.95446, -37.98317], [-71.95446, -37.98546], [-71.95584, -37.98633], [-71.95877, -37.98494], [-71.96425, -37.98012], [-71.99594, -37.97851], [-72.0025, -37.97287], [-72.0372, -37.9818], [-72.04181, -37.98222], [-72.04447, -37.98142], [-72.04578, -37.97776]]]}, "properties": {"composicio": "Secuencias sedimentarias", "epoca": "Pleistoceno Holoceno", "era": "CENOZOICO", "geo": "Q1g", "ha": 19234.33, "m2": 192343254.67, "periodo": "Cuaternario"}}, {"type": "Feature", "geometry": {"type": "Polygon", "coordinates": [[[-72.6185, -37.38317], [-72.60575, -37.38498], [-72.60716, -37.39501], [-72.60478, -37.4058], [-72.60203, -37.40856], [-72.59499, -37.41081], [-72.589, -37.41013], [-72.58445, -37.40698], [-72.58141, -37.40262], [-72.5776, -37.38953], [-72.5758, -37.38602], [-72.5728, -37.38338], [-72.5683, -37.38184], [-72.56252, -37.38242], [-72.55583, -37.38617], [-72.55263, -37.38903], [-72.54988, -37.39649], [-72.54632, -37.39842], [-72.54315, -37.39852], [-72.54065, -37.39705], [-72.53806, -37.38778], [-72.53685, -37.38636], [-72.53414, -37.38603], [-72.50166, -37.41193], [-72.49822, -37.41168], [-72.49728, -37.41062], [-72.49682, -37.39719], [-72.49596, -37.39486], [-72.49266, -37.39245], [-72.48778, -37.39237], [-72.46745, -37.40956], [-72.44337, -37.43395], [-72.4363, -37.43894], [-72.42675, -37.44223], [-72.41964, -37.44321], [-72.40551, -37.44162], [-72.39527, -37.4417], [-72.39546, -37.44363], [-72.39395, -37.447], [-72.38822, -37.45125], [-72.37946, -37.4533], [-72.36979, -37.45842], [-72.36516, -37.45892], [-72.33875, -37.44905], [-72.33719, -37.44646], [-72.33736, -37.44165], [-72.34013, -37.43878], [-72.35251, -37.43401], [-72.34735, -37.42935], [-72.34346, -37.42725], [-72.33402, -37.42434], [-72.32151, -37.42211], [-72.31218, -37.42196], [-72.29491, -37.42893], [-72.28599, -37.43131], [-72.27532, -37.43179], [-72.26591, -37.43049], [-72.22831, -37.40532], [-72.18467, -37.39159], [-72.18014, -37.39266], [-72.17563, -37.39796], [-72.17162, -37.39986], [-72.16545, -37.39972], [-72.14822, -37.39521], [-72.13992, -37.39475], [-72.09326, -37.40928], [-72.12595, -37.41253], [-72.13248, -37.41588], [-72.14179, -37.42485], [-72.14431, -37.42587], [-72.14963, -37.42598], [-72.16101, -37.42335], [-72.16691, -37.42326], [-72.17553, -37.42556], [-72.19247, -37.43234], [-72.20139, -37.43443], [-72.19116, -37.45669], [-72.19381, -37.46882], [-72.1934, -37.47064], [-72.18639, -37.47229], [-72.17456, -37.47065], [-72.16875, -37.47144], [-72.16939, -37.47479], [-72.17254, -37.47721], [-72.17615, -37.48343], [-72.1804, -37.48452], [-72.19071, -37.4853], [-72.19352, -37.48852], [-72.18643, -37.49566], [-72.18724, -37.50508], [-72.18497, -37.51324], [-72.1862, -37.5252], [-72.18435, -37.52696], [-72.17683, -37.52974], [-72.17709, -37.53227], [-72.17894, -37.53487], [-72.18197, -37.53683], [-72.18913, -37.53747], [-72.22866, -37.52745], [-72.26559, -37.53954], [-72.26548, -37.54343], [-72.2632, -37.54528], [-72.25906, -37.54694], [-72.24961, -37.54827], [-72.24615, -37.55054], [-72.23471, -37.57572], [-72.22949, -37.57849], [-72.22207, -37.57956], [-72.19033, -37.5781], [-72.1527, -37.58306], [-72.15065, -37.58126], [-72.1494, -37.57846], [-72.14685, -37.56058], [-72.15562, -37.55647], [-72.16478, -37.54621], [-72.14979, -37.53239], [-72.14875, -37.53418], [-72.14311, -37.53681], [-72.13183, -37.53749], [-72.13055, -37.54156], [-72.13005, -37.54911], [-72.1285, -37.55283], [-72.12403, -37.55517], [-72.11356, -37.55669], [-72.10967, -37.55664], [-72.10101, -37.55493], [-72.09712, -37.55271], [-72.091, -37.54744], [-72.08359, -37.54419], [-72.07257, -37.54334], [-72.05996, -37.54668], [-72.05305, -37.54679], [-72.01871, -37.54175], [-71.96387, -37.52551], [-71.95075, -37.5136], [-71.95228, -37.52161], [-71.94629, -37.5284], [-71.93287, -37.53206], [-71.89422, -37.53052], [-71.87916, -37.51843], [-71.87363, -37.51026], [-71.86684, -37.4963], [-71.84667, -37.48682], [-71.82111, -37.47249], [-71.80531, -37.46788], [-71.79803, -37.45888], [-71.79476, -37.4763], [-71.7898, -37.48003], [-71.78367, -37.48285], [-71.78358, -37.48594], [-71.7867, -37.49116], [-71.78643, -37.4922], [-71.77954, -37.4925], [-71.76787, -37.49071], [-71.76727, -37.49223], [-71.76103, -37.49593], [-71.76019, -37.49848], [-71.77283, -37.50289], [-71.77093, -37.50457], [-71.76262, -37.50743], [-71.76614, -37.51072], [-71.80544, -37.50693], [-71.81339, -37.50981], [-71.816, -37.51463], [-71.81579, -37.51796], [-71.81, -37.52187], [-71.80499, -37.52688], [-71.79718, -37.53293], [-71.81208, -37.53644], [-71.81013, -37.53962], [-71.79, -37.5511], [-71.78436, -37.55511], [-71.78185, -37.55877], [-71.78166, -37.56255], [-71.78375, -37.56361], [-71.79865, -37.56254], [-71.81776, -37.55316], [-71.82066, -37.5535], [-71.82293, -37.55535], [-71.82462, -37.56364], [-71.82848, -37.56772], [-71.82752, -37.57075], [-71.8238, -37.57559], [-71.82396, -37.57799], [-71.82661, -37.58109], [-71.83397, -37.58365], [-71.83498, -37.58589], [-71.83398, -37.58834], [-71.80788, -37.58759], [-71.7987, -37.6016], [-71.79576, -37.60298], [-71.78945, -37.60335], [-71.78656, -37.60542], [-71.78559, -37.60833], [-71.78755, -37.61191], [-71.78522, -37.61601], [-71.77778, -37.61677], [-71.77558, -37.61847], [-71.77172, -37.62562], [-71.76941, -37.62777], [-71.76634, -37.62939], [-71.76145, -37.62947], [-71.75967, -37.63092], [-71.75982, -37.63321], [-71.76215, -37.63585], [-71.76185, -37.63793], [-71.7394, -37.64973], [-71.72522, -37.64881], [-71.71655, -37.65065], [-71.71148, -37.65018], [-71.68943, -37.63857], [-71.68559, -37.63713], [-71.67719, -37.63632], [-71.67766, -37.6434], [-71.68295, -37.6496], [-71.6936, -37.65639], [-71.69568, -37.66651], [-71.69798, -37.66881], [-71.70616, -37.66814], [-71.71842, -37.65929], [-71.7212, -37.65986], [-71.7246, -37.66362], [-71.72562, -37.66598], [-71.72584, -37.6741], [-71.71769, -37.68887], [-71.70649, -37.71235], [-71.69462, -37.74616], [-71.6874, -37.75057], [-71.68703, -37.7515], [-71.70137, -37.75699], [-71.69674, -37.77757], [-71.67172, -37.81581], [-71.64093, -37.85483], [-71.63886, -37.85641], [-71.63472, -37.85726], [-71.63265, -37.85883], [-71.63307, -37.86797], [-71.63195, -37.87088], [-71.63018, -37.87267], [-71.61098, -37.8614], [-71.60723, -37.86602], [-71.60226, -37.86736], [-71.60268, -37.87181], [-71.60472, -37.87448], [-71.6083, -37.8764], [-71.62541, -37.88202], [-71.62828, -37.88397], [-71.60951, -37.89605], [-71.6149, -37.90134], [-71.61873, -37.90715], [-71.62641, -37.90272], [-71.63068, -37.90164], [-71.63027, -37.89981], [-71.63293, -37.89364], [-71.63594, -37.891], [-71.64807, -37.88376], [-71.65921, -37.87002], [-71.67618, -37.86408], [-71.67552, -37.85345], [-71.68603, -37.84375], [-71.69446, -37.83757], [-71.69387, -37.82362], [-71.69447, -37.81489], [-71.69739, -37.80389], [-71.70044, -37.79964], [-71.70456, -37.79857], [-71.70826, -37.79991], [-71.71348, -37.80485], [-71.71678, -37.81136], [-71.71977, -37.81307], [-71.75804, -37.79777], [-71.76332, -37.80122], [-71.764, -37.81195], [-71.76533, -37.81465], [-71.76928, -37.81323], [-71.77289, -37.8132], [-71.7753, -37.81241], [-71.78237, -37.80559], [-71.78622, -37.80039], [-71.78975, -37.79922], [-71.79806, -37.80048], [-71.80785, -37.81119], [-71.82711, -37.80982], [-71.83387, -37.82272], [-71.8362, -37.8209], [-71.84042, -37.81465], [-71.84334, -37.81293], [-71.87667, -37.81475], [-71.89783, -37.80275], [-71.90106, -37.80147], [-71.90848, -37.80012], [-71.91459, -37.80078], [-71.91629, -37.80255], [-71.90841, -37.81433], [-71.91228, -37.81394], [-71.95111, -37.78767], [-71.95374, -37.79249], [-71.96051, -37.79231], [-71.96406, -37.79354], [-71.96471, -37.79683], [-71.96086, -37.79974], [-71.95928, -37.80199], [-71.96053, -37.80342], [-71.96562, -37.80401], [-71.96789, -37.80563], [-71.96846, -37.80755], [-71.96775, -37.81205], [-71.97216, -37.81541], [-72.0107, -37.80994], [-72.01547, -37.81107], [-72.01712, -37.8129], [-72.01737, -37.81913], [-72.0161, -37.82661], [-71.98254, -37.86674], [-71.93997, -37.88505], [-71.94634, -37.89166], [-71.94554, -37.89272], [-71.93619, -37.89781], [-71.93458, -37.89971], [-71.949, -37.89921], [-71.96415, -37.89434], [-71.96659, -37.89411], [-71.96729, -37.89603], [-71.96524, -37.90207], [-71.96723, -37.90383], [-71.97028, -37.90392], [-71.97486, -37.90109], [-71.98248, -37.89184], [-71.98831, -37.8862], [-71.99314, -37.88484], [-72.0025, -37.88522], [-72.01722, -37.89217], [-72.01833, -37.89689], [-72.02219, -37.90117], [-72.02425, -37.90658], [-72.01999, -37.91469], [-72.00839, -37.92334], [-72.0025, -37.92574], [-71.98404, -37.93666], [-71.97365, -37.94559], [-71.95751, -37.95074], [-71.95434, -37.95305], [-71.95521, -37.95737], [-71.95786, -37.95806], [-71.96161, -37.9579], [-71.96626, -37.9561], [-72.0044, -37.93724], [-72.00713, -37.93852], [-72.00726, -37.94152], [-72.00577, -37.94719], [-71.99312, -37.9577], [-71.99021, -37.96183], [-71.99039, -37.96446], [-72.03155, -37.95649], [-72.03678, -37.95843], [-72.0392, -37.96116], [-72.04578, -37.97776], [-72.05466, -37.9748], [-72.11041, -37.95037], [-72.15297, -37.92107], [-72.18013, -37.91136], [-72.20058, -37.89667], [-72.21867, -37.8653], [-72.25388, -37.81804], [-72.2609, -37.79341], [-72.26846, -37.74433], [-72.29854, -37.72935], [-72.31892, -37.71464], [-72.33415, -37.69364], [-72.36432, -37.68122], [-72.38963, -37.66892], [-72.41171, -37.65673], [-72.44561, -37.65574], [-72.47406, -37.64206], [-72.51971, -37.61628], [-72.53697, -37.6055], [-72.5461, -37.59365], [-72.55812, -37.58479], [-72.48074, -37.5942], [-72.47989, -37.5761], [-72.47415, -37.56958], [-72.46608, -37.56628], [-72.44519, -37.56413], [-72.43696, -37.56791], [-72.42951, -37.56735], [-72.42979, -37.56261], [-72.4331, -37.55936], [-72.44282, -37.55554], [-72.4521, -37.55289], [-72.45499, -37.55123], [-72.45325, -37.54577], [-72.44919, -37.54353], [-72.4324, -37.54402], [-72.42707, -37.54653], [-72.41721, -37.54722], [-72.40822, -37.54551], [-72.40014, -37.5418], [-72.39365, -37.54041], [-72.3684, -37.53995], [-72.35167, -37.54201], [-72.34072, -37.54035], [-72.33858, -37.53686], [-72.34042, -37.53366], [-72.36095, -37.52836], [-72.37427, -37.52758], [-72.39653, -37.52773], [-72.43175, -37.52986], [-72.44495, -37.52672], [-72.45061, -37.52064], [-72.45304, -37.51979], [-72.45769, -37.52398], [-72.46105, -37.53255], [-72.46535, -37.5399], [-72.46996, -37.54332], [-72.47477, -37.54403], [-72.47595, -37.53881], [-72.48005, -37.53542], [-72.47781, -37.52754], [-72.47941, -37.52485], [-72.50534, -37.53617], [-72.50812, -37.53548], [-72.51352, -37.53202], [-72.52038, -37.53504], [-72.52492, -37.53383], [-72.52786, -37.52822], [-72.52868, -37.51943], [-72.53107, -37.51803], [-72.5325, -37.5182], [-72.53888, -37.52211], [-72.54624, -37.52411], [-72.55217, -37.52365], [-72.56328, -37.52087], [-72.57876, -37.4841], [-72.58526, -37.48137], [-72.58812, -37.47678], [-72.59318, -37.47171], [-72.59579, -37.47134], [-72.60257, -37.47344], [-72.606, -37.47369], [-72.60812, -37.47193], [-72.60944, -37.46671], [-72.61836, -37.46441], [-72.61857, -37.45124], [-72.60975, -37.44495], [-72.60899, -37.44331], [-72.62392, -37.43162], [-72.62313, -37.42575], [-72.61774, -37.4268], [-72.61293, -37.4256], [-72.61421, -37.42105], [-72.6208, -37.41432], [-72.61943, -37.41071], [-72.61642, -37.40819], [-72.61938, -37.39478], [-72.6185, -37.38317]], [[-71.80982, -37.61557], [-71.80479, -37.6112], [-71.80548, -37.60625], [-71.81008, -37.604], [-71.81546, -37.60252], [-71.81752, -37.60094], [-71.81792, -37.61169], [-71.8152, -37.61409], [-71.80982, -37.61557]], [[-72.29984, -37.61752], [-72.2846, -37.61255], [-72.27984, -37.61258], [-72.26666, -37.61583], [-72.24189, -37.60897], [-72.24173, -37.60484], [-72.24426, -37.59921], [-72.25881, -37.59041], [-72.25931, -37.58928], [-72.25291, -37.57047], [-72.27397, -37.55883], [-72.28626, -37.55589], [-72.35599, -37.56203], [-72.35636, -37.56525], [-72.35518, -37.56795], [-72.34198, -37.57395], [-72.33919, -37.57706], [-72.33748, -37.5834], [-72.33696, -37.59152], [-72.33364, -37.59838], [-72.29984, -37.61752]], [[-71.80707, -37.63115], [-71.80113, -37.62613], [-71.8011, -37.62327], [-71.80227, -37.62138], [-71.81021, -37.61717], [-71.82366, -37.62257], [-71.81758, -37.62877], [-71.81152, -37.63086], [-71.80707, -37.63115]], [[-72.21773, -37.62363], [-72.211, -37.62072], [-72.20817, -37.61784], [-72.20618, -37.60652], [-72.20453, -37.60313], [-72.19997, -37.59789], [-72.19372, -37.59441], [-72.19396, -37.58857], [-72.19525, -37.58656], [-72.22527, -37.58783], [-72.24848, -37.58101], [-72.24962, -37.58564], [-72.24939, -37.58919], [-72.24822, -37.59154], [-72.23558, -37.60203], [-72.22968, -37.61095], [-72.22526, -37.62085], [-72.22221, -37.62348], [-72.21773, -37.62363]], [[-72.02646, -37.65621], [-72.02343, -37.65622], [-72.02063, -37.65501], [-72.01466, -37.64979], [-72.01137, -37.64319], [-72.00746, -37.62909], [-72.00247, -37.62238], [-71.9917, -37.61179], [-71.98677, -37.61037], [-71.97262, -37.5983], [-71.97124, -37.58823], [-71.98726, -37.57385], [-72.06409, -37.5623], [-72.07593, -37.56594], [-72.0852, -37.57156], [-72.08943, -37.57285], [-72.13147, -37.58162], [-72.13283, -37.585], [-72.13217, -37.58841], [-72.13304, -37.59258], [-72.12311, -37.59689], [-72.1226, -37.59802], [-72.12393, -37.60392], [-72.12307, -37.60607], [-72.12013, -37.60687], [-72.10972, -37.60739], [-72.10546, -37.60872], [-72.1041, -37.60959], [-72.10129, -37.61706], [-72.09915, -37.61894], [-72.07175, -37.6365], [-72.06344, -37.63798], [-72.04569, -37.63846], [-72.04038, -37.64027], [-72.03843, -37.6435], [-72.03689, -37.65123], [-72.03354, -37.65383], [-72.02646, -37.65621]], [[-71.80659, -37.66394], [-71.79877, -37.66345], [-71.7968, -37.66193], [-71.79541, -37.65821], [-71.79676, -37.65002], [-71.79883, -37.64627], [-71.80196, -37.6435], [-71.80465, -37.64271], [-71.8091, -37.64699], [-71.80877, -37.64849], [-71.81193, -37.65283], [-71.80919, -37.66188], [-71.80659, -37.66394]], [[-71.78017, -37.70603], [-71.77482, -37.70578], [-71.77202, -37.70487], [-71.76418, -37.68824], [-71.79769, -37.68481], [-71.78017, -37.70603]], [[-72.25265, -37.6957], [-72.24803, -37.69563], [-72.24506, -37.69481], [-72.24119, -37.69213], [-72.23983, -37.6844], [-72.24051, -37.67835], [-72.23479, -37.67548], [-72.23239, -37.67241], [-72.23004, -37.66658], [-72.22866, -37.65908], [-72.23431, -37.63661], [-72.23501, -37.62817], [-72.23336, -37.61824], [-72.23764, -37.61441], [-72.2416, -37.61343], [-72.24722, -37.6156], [-72.25119, -37.62104], [-72.25603, -37.6241], [-72.26511, -37.62195], [-72.27264, -37.62134], [-72.28252, -37.62678], [-72.28081, -37.63313], [-72.27662, -37.63766], [-72.26292, -37.64226], [-72.2581, -37.64538], [-72.25693, -37.64786], [-72.2576, -37.65533], [-72.25118, -37.6608], [-72.24837, -37.66848], [-72.24309, -37.67639], [-72.27431, -37.67767], [-72.2666, -37.6919], [-72.25265, -37.6957]], [[-72.29387, -37.71181], [-72.27602, -37.70455], [-72.27638, -37.70125], [-72.28119, -37.69823], [-72.30033, -37.69225], [-72.30161, -37.68806], [-72.30024, -37.68469], [-72.29322, -37.68188], [-72.28934, -37.67942], [-72.28948, -37.67714], [-72.29417, -37.67378], [-72.29867, -37.67339], [-72.31116, -37.67424], [-72.31743, -37.6777], [-72.32446, -37.68727], [-72.32496, -37.69279], [-72.32285, -37.69877], [-72.32127, -37.70089], [-72.30457, -37.70697], [-72.29387, -37.71181]], [[-72.20642, -37.6291], [-72.21124, -37.63005], [-72.21272, -37.63273], [-72.21159, -37.63819], [-72.20848, -37.64534], [-72.20337, -37.65363], [-72.19476, -37.65984], [-72.18131, -37.66508], [-72.16312, -37.67102], [-72.15087, -37.67242], [-72.14266, -37.6721], [-72.13488, -37.66579], [-72.1258, -37.66115], [-72.11058, -37.65666], [-72.09349, -37.65657], [-72.08066, -37.66016], [-72.04248, -37.67908], [-72.02955, -37.6805], [-72.01512, -37.6787], [-72.00418, -37.67843], [-71.99633, -37.68732], [-71.99034, -37.69128], [-71.97961, -37.69644], [-71.96271, -37.70121], [-71.92091, -37.71638], [-71.90409, -37.72331], [-71.89456, -37.72464], [-71.89151, -37.71656], [-71.89064, -37.71169], [-71.90926, -37.6982], [-71.92064, -37.69194], [-71.94219, -37.68379], [-71.95032, -37.68196], [-71.95918, -37.6812], [-71.96607, -37.68265], [-71.98759, -37.67397], [-71.99698, -37.66938], [-72.03721, -37.66726], [-72.05868, -37.65747], [-72.07664, -37.6456], [-72.11624, -37.6451], [-72.16404, -37.66067], [-72.17148, -37.65883], [-72.20642, -37.6291]], [[-72.24415, -37.74163], [-72.24071, -37.74115], [-72.23962, -37.74019], [-72.23909, -37.73513], [-72.2448, -37.7207], [-72.26712, -37.71256], [-72.28069, -37.71918], [-72.28061, -37.72033], [-72.26906, -37.73589], [-72.24415, -37.74163]], [[-71.72113, -37.76204], [-71.71449, -37.76196], [-71.71329, -37.76121], [-71.71055, -37.75433], [-71.71032, -37.75068], [-71.71213, -37.74511], [-71.7197, -37.73713], [-71.72218, -37.73073], [-71.7247, -37.72948], [-71.72745, -37.72971], [-71.727, -37.75218], [-71.72483, -37.75891], [-71.72113, -37.76204]], [[-71.88149, -37.78258], [-71.87985, -37.78174], [-71.88219, -37.77339], [-71.88901, -37.7652], [-71.89952, -37.76041], [-71.90613, -37.75349], [-71.90773, -37.75365], [-71.9037, -37.76917], [-71.89585, -37.77923], [-71.88812, -37.78242], [-71.88149, -37.78258]], [[-71.84234, -37.78869], [-71.84, -37.78821], [-71.83046, -37.78127], [-71.82541, -37.77919], [-71.81085, -37.77945], [-71.80552, -37.77726], [-71.80615, -37.77369], [-71.81141, -37.76568], [-71.81239, -37.76518], [-71.81587, -37.76549], [-71.82201, -37.76891], [-71.82288, -37.76452], [-71.82497, -37.76123], [-71.8332, -37.77246], [-71.84808, -37.77493], [-71.85853, -37.7714], [-71.86058, -37.77625], [-71.86044, -37.77854], [-71.85698, -37.78292], [-71.84893, -37.78795], [-71.84234, -37.78869]], [[-71.87061, -37.78843], [-71.86703, -37.78663], [-71.86606, -37.78495], [-71.87189, -37.77038], [-71.8754, -37.77105], [-71.87619, -37.77215], [-71.87393, -37.78611], [-71.87204, -37.78814], [-71.87061, -37.78843]]]}, "properties": {"composicio": "Secuencias sedimentarias", "epoca": "Pleistoceno Holoceno", "era": "CENOZOICO", "geo": "Q1", "ha": 225321.0, "m2": 2253210008.7, "periodo": "Cuaternario"}}, {"type": "Feature", "geometry": {"type": "Polygon", "coordinates": [[[-72.51279, -37.81751], [-72.51342, -37.8205], [-72.51779, -37.82471], [-72.51686, -37.82748], [-72.50496, -37.83006], [-72.50725, -37.81481], [-72.49013, -37.79879], [-72.49614, -37.79502], [-72.49653, -37.79113], [-72.49537, -37.78662], [-72.49601, -37.7855], [-72.50561, -37.78679], [-72.50867, -37.78634], [-72.51138, -37.78461], [-72.51198, -37.77959], [-72.50699, -37.76931], [-72.50733, -37.76153], [-72.51172, -37.74887], [-72.51634, -37.74195], [-72.51593, -37.7299], [-72.51418, -37.72788], [-72.50789, -37.72466], [-72.50717, -37.71764], [-72.50938, -37.71452], [-72.5203, -37.7083], [-72.52158, -37.70628], [-72.52136, -37.70283], [-72.51887, -37.70113], [-72.50228, -37.69888], [-72.49647, -37.69947], [-72.49698, -37.70521], [-72.50218, -37.71206], [-72.49082, -37.71598], [-72.48944, -37.72199], [-72.48499, -37.72388], [-72.48355, -37.72612], [-72.4848, -37.72697], [-72.49464, -37.72885], [-72.49687, -37.73008], [-72.49671, -37.7327], [-72.49316, -37.73864], [-72.4927, -37.74366], [-72.49335, -37.74723], [-72.49745, -37.75095], [-72.49765, -37.75462], [-72.47909, -37.76055], [-72.47771, -37.76417], [-72.47623, -37.77843], [-72.47196, -37.77986], [-72.46464, -37.77912], [-72.46195, -37.7805], [-72.46003, -37.78352], [-72.45604, -37.79402], [-72.4472, -37.80605], [-72.44147, -37.83722], [-72.44137, -37.8434], [-72.44547, -37.85399], [-72.45031, -37.8598], [-72.45297, -37.86116], [-72.46625, -37.82926], [-72.48937, -37.8525], [-72.49925, -37.85633], [-72.51343, -37.85848], [-72.52127, -37.85787], [-72.5273, -37.85626], [-72.53227, -37.85301], [-72.53571, -37.8489], [-72.53769, -37.84257], [-72.53815, -37.83754], [-72.53677, -37.83176], [-72.53469, -37.82801], [-72.53373, -37.82718], [-72.53228, -37.82724], [-72.52997, -37.82955], [-72.52594, -37.83627], [-72.52059, -37.83859], [-72.51967, -37.83706], [-72.52217, -37.82249], [-72.52166, -37.82132], [-72.51279, -37.81751]]]}, "properties": {"composicio": "Secuencias volcanicas", "epoca": "Oligoceno Mioceno", "era": "CENOZOICO", "geo": "OM3b", "ha": 6198.17, "m2": 61981679.96, "periodo": "Paleogeno"}}, {"type": "Feature", "geometry": {"type": "Polygon", "coordinates": [[[-72.51279, -37.81751], [-72.50857, -37.81452], [-72.50725, -37.81481], [-72.50587, -37.81511], [-72.50496, -37.83006], [-72.51686, -37.82748], [-72.51779, -37.82471], [-72.51342, -37.8205], [-72.51279, -37.81751]]]}, "properties": {"composicio": "S I", "epoca": "S I", "era": "S I", "geo": "S I", "ha": 115.43, "m2": 1154259.66, "periodo": "S I"}}, {"type": "Feature", "geometry": {"type": "Polygon", "coordinates": [[[-72.41612, -37.81376], [-72.41933, -37.8132], [-72.42428, -37.81042], [-72.42986, -37.80891], [-72.43068, -37.80517], [-72.43021, -37.80114], [-72.42548, -37.79832], [-72.42706, -37.79608], [-72.43279, -37.79229], [-72.43545, -37.76846], [-72.43105, -37.76726], [-72.42813, -37.76783], [-72.42198, -37.77365], [-72.41536, -37.78474], [-72.41054, -37.80368], [-72.40996, -37.81053], [-72.41282, -37.81328], [-72.41612, -37.81376]]]}, "properties": {"composicio": "Secuencias volcanicas", "epoca": "Oligoceno Mioceno", "era": "CENOZOICO", "geo": "OM3b", "ha": 700.85, "m2": 7008446.12, "periodo": "Paleogeno"}}, {"type": "Feature", "geometry": {"type": "Polygon", "coordinates": [[[-72.24415, -37.74163], [-72.26906, -37.73589], [-72.28061, -37.72033], [-72.28069, -37.71918], [-72.26712, -37.71256], [-72.2448, -37.7207], [-72.23909, -37.73513], [-72.23962, -37.74019], [-72.24071, -37.74115], [-72.24415, -37.74163]]]}, "properties": {"composicio": "Secuencias volcanicas", "epoca": "Oligoceno Mioceno", "era": "CENOZOICO", "geo": "OM3b", "ha": 737.19, "m2": 7371915.07, "periodo": "Paleogeno"}}, {"type": "Feature", "geometry": {"type": "Polygon", "coordinates": [[[-72.67365, -37.74069], [-72.68322, -37.74002], [-72.69111, -37.73848], [-72.70217, -37.73453], [-72.7086, -37.71609], [-72.71421, -37.69213], [-72.71325, -37.67451], [-72.70251, -37.67783], [-72.70389, -37.67398], [-72.70515, -37.66497], [-72.70495, -37.64159], [-72.69561, -37.64354], [-72.68865, -37.6466], [-72.68265, -37.65062], [-72.67869, -37.65643], [-72.67176, -37.67107], [-72.66826, -37.68136], [-72.6628, -37.70511], [-72.66009, -37.72621], [-72.66079, -37.7362], [-72.66282, -37.73834], [-72.66691, -37.73998], [-72.67365, -37.74069]]]}, "properties": {"composicio": "Rocas metamorficas", "epoca": "Devonico Carbonifero", "era": "PALEOZOICO", "geo": "DC4", "ha": 3704.83, "m2": 37048259.28, "periodo": ""}}, {"type": "Feature", "geometry": {"type": "Polygon", "coordinates": [[[-72.20642, -37.6291], [-72.17148, -37.65883], [-72.16404, -37.66067], [-72.11624, -37.6451], [-72.07664, -37.6456], [-72.05868, -37.65747], [-72.03721, -37.66726], [-71.99698, -37.66938], [-71.98759, -37.67397], [-71.96607, -37.68265], [-71.95918, -37.6812], [-71.95032, -37.68196], [-71.94219, -37.68379], [-71.92064, -37.69194], [-71.90926, -37.6982], [-71.89064, -37.71169], [-71.89151, -37.71656], [-71.89456, -37.72464], [-71.90409, -37.72331], [-71.92091, -37.71638], [-71.96271, -37.70121], [-71.97961, -37.69644], [-71.99034, -37.69128], [-71.99633, -37.68732], [-72.00418, -37.67843], [-72.01512, -37.6787], [-72.02955, -37.6805], [-72.04248, -37.67908], [-72.08066, -37.66016], [-72.09349, -37.65657], [-72.11058, -37.65666], [-72.1258, -37.66115], [-72.13488, -37.66579], [-72.14266, -37.6721], [-72.15087, -37.67242], [-72.16312, -37.67102], [-72.18131, -37.66508], [-72.19476, -37.65984], [-72.20337, -37.65363], [-72.20848, -37.64534], [-72.21159, -37.63819], [-72.21272, -37.63273], [-72.21124, -37.63005], [-72.20642, -37.6291]]]}, "properties": {"composicio": "Secuencias sedimentarias", "epoca": "Pleistoceno Holoceno", "era": "CENOZOICO", "geo": "Qf", "ha": 5036.33, "m2": 50363321.33, "periodo": "Cuaternario"}}, {"type": "Feature", "geometry": {"type": "Polygon", "coordinates": [[[-72.29387, -37.71181], [-72.30457, -37.70697], [-72.32127, -37.70089], [-72.32285, -37.69877], [-72.32496, -37.69279], [-72.32446, -37.68727], [-72.31743, -37.6777], [-72.31116, -37.67424], [-72.29867, -37.67339], [-72.29417, -37.67378], [-72.28948, -37.67714], [-72.28934, -37.67942], [-72.29322, -37.68188], [-72.30024, -37.68469], [-72.30161, -37.68806], [-72.30033, -37.69225], [-72.28119, -37.69823], [-72.27638, -37.70125], [-72.27602, -37.70455], [-72.29387, -37.71181]]]}, "properties": {"composicio": "Secuencias volcanicas", "epoca": "Oligoceno Mioceno", "era": "CENOZOICO", "geo": "OM3b", "ha": 1029.7, "m2": 10296984.8, "periodo": "Paleogeno"}}, {"type": "Feature", "geometry": {"type": "Polygon", "coordinates": [[[-72.25265, -37.6957], [-72.2666, -37.6919], [-72.27431, -37.67767], [-72.24309, -37.67639], [-72.24837, -37.66848], [-72.25118, -37.6608], [-72.2576, -37.65533], [-72.25693, -37.64786], [-72.2581, -37.64538], [-72.26292, -37.64226], [-72.27662, -37.63766], [-72.28081, -37.63313], [-72.28252, -37.62678], [-72.27264, -37.62134], [-72.26511, -37.62195], [-72.25603, -37.6241], [-72.25119, -37.62104], [-72.24722, -37.6156], [-72.2416, -37.61343], [-72.23764, -37.61441], [-72.23336, -37.61824], [-72.23501, -37.62817], [-72.23431, -37.63661], [-72.22866, -37.65908], [-72.23004, -37.66658], [-72.23239, -37.67241], [-72.23479, -37.67548], [-72.24051, -37.67835], [-72.23983, -37.6844], [-72.24119, -37.69213], [-72.24506, -37.69481], [-72.24803, -37.69563], [-72.25265, -37.6957]]]}, "properties": {"composicio": "Secuencias volcanicas", "epoca": "Oligoceno Mioceno", "era": "CENOZOICO", "geo": "OM3b", "ha": 2189.73, "m2": 21897339.1, "periodo": "Paleogeno"}}, {"type": "Feature", "geometry": {"type": "Polygon", "coordinates": [[[-72.02646, -37.65621], [-72.03354, -37.65383], [-72.03689, -37.65123], [-72.03843, -37.6435], [-72.04038, -37.64027], [-72.04569, -37.63846], [-72.06344, -37.63798], [-72.07175, -37.6365], [-72.09915, -37.61894], [-72.10129, -37.61706], [-72.1041, -37.60959], [-72.10546, -37.60872], [-72.10972, -37.60739], [-72.12013, -37.60687], [-72.12307, -37.60607], [-72.12393, -37.60392], [-72.1226, -37.59802], [-72.12311, -37.59689], [-72.13304, -37.59258], [-72.13217, -37.58841], [-72.13283, -37.585], [-72.13147, -37.58162], [-72.08943, -37.57285], [-72.0852, -37.57156], [-72.07593, -37.56594], [-72.06409, -37.5623], [-71.98726, -37.57385], [-71.97124, -37.58823], [-71.97262, -37.5983], [-71.98677, -37.61037], [-71.9917, -37.61179], [-72.00247, -37.62238], [-72.00746, -37.62909], [-72.01137, -37.64319], [-72.01466, -37.64979], [-72.02063, -37.65501], [-72.02343, -37.65622], [-72.02646, -37.65621]]]}, "properties": {"composicio": "Secuencias volcanicas", "epoca": "Plioceno Pleistoceno", "era": "CENOZOICO", "geo": "PPl3", "ha": 8656.65, "m2": 86566453.73, "periodo": "Neogeno"}}, {"type": "Feature", "geometry": {"type": "Polygon", "coordinates": [[[-72.21773, -37.62363], [-72.22221, -37.62348], [-72.22526, -37.62085], [-72.22968, -37.61095], [-72.23558, -37.60203], [-72.24822, -37.59154], [-72.24939, -37.58919], [-72.24962, -37.58564], [-72.24848, -37.58101], [-72.22527, -37.58783], [-72.19525, -37.58656], [-72.19396, -37.58857], [-72.19372, -37.59441], [-72.19997, -37.59789], [-72.20453, -37.60313], [-72.20618, -37.60652], [-72.20817, -37.61784], [-72.211, -37.62072], [-72.21773, -37.62363]]]}, "properties": {"composicio": "Secuencias volcanicas", "epoca": "Oligoceno Mioceno", "era": "CENOZOICO", "geo": "OM3b", "ha": 1232.76, "m2": 12327588.06, "periodo": "Paleogeno"}}, {"type": "Feature", "geometry": {"type": "Polygon", "coordinates": [[[-72.29984, -37.61752], [-72.33364, -37.59838], [-72.33696, -37.59152], [-72.33748, -37.5834], [-72.33919, -37.57706], [-72.34198, -37.57395], [-72.35518, -37.56795], [-72.35636, -37.56525], [-72.35599, -37.56203], [-72.28626, -37.55589], [-72.27397, -37.55883], [-72.25291, -37.57047], [-72.25931, -37.58928], [-72.25881, -37.59041], [-72.24426, -37.59921], [-72.24173, -37.60484], [-72.24189, -37.60897], [-72.26666, -37.61583], [-72.27984, -37.61258], [-72.2846, -37.61255], [-72.29984, -37.61752]], [[-72.30703, -37.59765], [-72.3039, -37.59706], [-72.3025, -37.59378], [-72.30659, -37.58891], [-72.31358, -37.58554], [-72.32304, -37.58396], [-72.32714, -37.58528], [-72.32756, -37.58758], [-72.32425, -37.58986], [-72.32315, -37.59566], [-72.30703, -37.59765]]]}, "properties": {"composicio": "Secuencias volcanicas", "epoca": "Oligoceno Mioceno", "era": "CENOZOICO", "geo": "OM3b", "ha": 4333.04, "m2": 43330398.23, "periodo": "Paleogeno"}}, {"type": "Feature", "geometry": {"type": "Polygon", "coordinates": [[[-71.712, -37.96217], [-71.71399, -37.96381], [-71.71599, -37.96798], [-71.72629, -37.9703], [-71.73493, -37.96938], [-71.73829, -37.97199], [-71.73836, -37.97738], [-71.74116, -37.98242], [-71.75252, -37.98803], [-71.75778, -37.98895], [-71.77994, -37.98095], [-71.78862, -37.97211], [-71.78951, -37.97025], [-71.76432, -37.9518], [-71.74827, -37.95177], [-71.72924, -37.95759], [-71.72034, -37.95897], [-71.712, -37.96217]]]}, "properties": {"composicio": "Rocas intrusivas", "epoca": "Mioceno  18 6 Ma", "era": "CENOZOICO", "geo": "Mg", "ha": 1615.27, "m2": 16152656.88, "periodo": "Neogeno"}}, {"type": "Feature", "geometry": {"type": "Polygon", "coordinates": [[[-71.71599, -37.96798], [-71.71399, -37.96381], [-71.712, -37.96217], [-71.68378, -37.95438], [-71.68575, -37.95133], [-71.68672, -37.94613], [-71.68924, -37.94259], [-71.69275, -37.94085], [-71.69993, -37.94022], [-71.70076, -37.93949], [-71.69981, -37.93598], [-71.70457, -37.9335], [-71.70388, -37.93169], [-71.7016, -37.93007], [-71.68864, -37.92864], [-71.69306, -37.92297], [-71.69806, -37.91979], [-71.69938, -37.9179], [-71.69563, -37.91346], [-71.67953, -37.91274], [-71.67606, -37.91494], [-71.67708, -37.92876], [-71.67431, -37.933], [-71.66884, -37.93333], [-71.66604, -37.93711], [-71.66178, -37.95629], [-71.6306, -37.95353], [-71.63031, -37.95124], [-71.63241, -37.94314], [-71.63105, -37.93759], [-71.62605, -37.93629], [-71.61501, -37.93787], [-71.61375, -37.93861], [-71.61932, -37.94905], [-71.61634, -37.95237], [-71.6097, -37.95263], [-71.60733, -37.9541], [-71.6161, -37.9651], [-71.593, -37.97082], [-71.59211, -37.97292], [-71.5926, -37.97621], [-71.60004, -37.9852], [-71.59959, -37.98751], [-71.59459, -37.9944], [-71.59457, -37.99873], [-71.60788, -37.9986], [-71.61433, -38.01113], [-71.63053, -38.00555], [-71.63183, -38.00647], [-71.63326, -38.01288], [-71.63571, -38.01448], [-71.63874, -38.0138], [-71.64396, -38.00854], [-71.64673, -38.00763], [-71.64507, -38.01116], [-71.64136, -38.01219], [-71.6407, -38.01369], [-71.64103, -38.02399], [-71.63878, -38.02862], [-71.63295, -38.03109], [-71.62516, -38.03165], [-71.63508, -38.03961], [-71.64608, -38.05189], [-71.65136, -38.05643], [-71.65681, -38.04585], [-71.65653, -38.03979], [-71.64832, -38.02503], [-71.6501, -38.02281], [-71.65678, -38.02307], [-71.6578, -38.01933], [-71.66157, -38.01384], [-71.66345, -38.01315], [-71.66677, -38.01533], [-71.66705, -38.02048], [-71.66821, -38.02254], [-71.67037, -38.02346], [-71.67427, -38.02335], [-71.6776, -38.02175], [-71.68603, -38.0002], [-71.68642, -37.99643], [-71.68179, -37.98977], [-71.6827, -37.9861], [-71.69015, -37.98593], [-71.69484, -37.98227], [-71.69647, -37.98235], [-71.69888, -37.98465], [-71.69714, -37.99897], [-71.69779, -38.00143], [-71.70291, -38.00643], [-71.70522, -38.00862], [-71.70767, -38.00965], [-71.71326, -38.00329], [-71.71603, -38.00329], [-71.72468, -37.99854], [-71.72228, -37.99269], [-71.72241, -37.98982], [-71.7371, -37.99128], [-71.73819, -37.98792], [-71.73514, -37.98334], [-71.73193, -37.98072], [-71.72761, -37.97896], [-71.7189, -37.97862], [-71.71449, -37.97582], [-71.71303, -37.97141], [-71.71486, -37.96848], [-71.71599, -37.96798]]]}, "properties": {"composicio": "Secuencias volcanicas", "epoca": "Plioceno Pleistoceno", "era": "CENOZOICO", "geo": "PPl3", "ha": 7930.7, "m2": 79307054.72, "periodo": "Neogeno"}}, {"type": "Feature", "geometry": {"type": "Polygon", "coordinates": [[[-71.73689, -37.80561], [-71.72506, -37.81217], [-71.71977, -37.81307], [-71.71678, -37.81136], [-71.71348, -37.80485], [-71.70826, -37.79991], [-71.70456, -37.79857], [-71.70044, -37.79964], [-71.69739, -37.80389], [-71.69447, -37.81489], [-71.69387, -37.82362], [-71.69446, -37.83757], [-71.68603, -37.84375], [-71.67552, -37.85345], [-71.67618, -37.86408], [-71.67537, -37.86491], [-71.67316, -37.86649], [-71.66257, -37.86829], [-71.65921, -37.87002], [-71.64807, -37.88376], [-71.63594, -37.891], [-71.63293, -37.89364], [-71.63027, -37.89981], [-71.63068, -37.90164], [-71.67343, -37.8824], [-71.67652, -37.87403], [-71.68484, -37.86842], [-71.69158, -37.86071], [-71.70193, -37.85536], [-71.70402, -37.84497], [-71.70656, -37.84166], [-71.71131, -37.83918], [-71.71658, -37.83794], [-71.71769, -37.83045], [-71.71921, -37.82695], [-71.73212, -37.81428], [-71.73689, -37.80561]]]}, "properties": {"composicio": "Rocas intrusivas", "epoca": "Mioceno  18 6 Ma", "era": "CENOZOICO", "geo": "Mg", "ha": 2105.88, "m2": 21058799.2, "periodo": "Neogeno"}}, {"type": "Feature", "geometry": {"type": "Polygon", "coordinates": [[[-71.87061, -37.78843], [-71.87204, -37.78814], [-71.87393, -37.78611], [-71.87619, -37.77215], [-71.8754, -37.77105], [-71.87189, -37.77038], [-71.86606, -37.78495], [-71.86703, -37.78663], [-71.87061, -37.78843]]]}, "properties": {"composicio": "Secuencias volcanosedimenta", "epoca": "Oligoceno Mioceno", "era": "CENOZOICO", "geo": "OM2c", "ha": 117.82, "m2": 1178145.95, "periodo": "Paleogeno"}}, {"type": "Feature", "geometry": {"type": "Polygon", "coordinates": [[[-71.84234, -37.78869], [-71.84893, -37.78795], [-71.85698, -37.78292], [-71.86044, -37.77854], [-71.86058, -37.77625], [-71.85853, -37.7714], [-71.84808, -37.77493], [-71.8332, -37.77246], [-71.82497, -37.76123], [-71.82288, -37.76452], [-71.82201, -37.76891], [-71.81587, -37.76549], [-71.81239, -37.76518], [-71.81141, -37.76568], [-71.80615, -37.77369], [-71.80552, -37.77726], [-71.81085, -37.77945], [-71.82541, -37.77919], [-71.83046, -37.78127], [-71.84, -37.78821], [-71.84234, -37.78869]]]}, "properties": {"composicio": "Secuencias volcanosedimenta", "epoca": "Oligoceno Mioceno", "era": "CENOZOICO", "geo": "OM2c", "ha": 697.76, "m2": 6977604.03, "periodo": "Paleogeno"}}, {"type": "Feature", "geometry": {"type": "Polygon", "coordinates": [[[-71.88149, -37.78258], [-71.88812, -37.78242], [-71.89585, -37.77923], [-71.9037, -37.76917], [-71.90773, -37.75365], [-71.90613, -37.75349], [-71.89952, -37.76041], [-71.88901, -37.7652], [-71.88219, -37.77339], [-71.87985, -37.78174], [-71.88149, -37.78258]]]}, "properties": {"composicio": "Secuencias volcanosedimenta", "epoca": "Oligoceno Mioceno", "era": "CENOZOICO", "geo": "OM2c", "ha": 352.52, "m2": 3525247.69, "periodo": "Paleogeno"}}, {"type": "Feature", "geometry": {"type": "Polygon", "coordinates": [[[-71.52798, -37.75813], [-71.52005, -37.7487], [-71.51062, -37.73349], [-71.50365, -37.72563], [-71.47289, -37.70814], [-71.47075, -37.71567], [-71.46262, -37.72686], [-71.40195, -37.78644], [-71.39955, -37.786], [-71.39628, -37.77785], [-71.39705, -37.76692], [-71.42422, -37.74562], [-71.42808, -37.7378], [-71.42882, -37.7309], [-71.42777, -37.73013], [-71.42275, -37.73067], [-71.41343, -37.734], [-71.4023, -37.74335], [-71.3932, -37.74805], [-71.38268, -37.75566], [-71.38073, -37.75929], [-71.37848, -37.77999], [-71.37669, -37.78876], [-71.37007, -37.80642], [-71.36744, -37.81076], [-71.38127, -37.81276], [-71.39957, -37.81688], [-71.40214, -37.82137], [-71.40401, -37.83103], [-71.40563, -37.83407], [-71.42655, -37.81414], [-71.49204, -37.85563], [-71.54491, -37.90168], [-71.53245, -37.91796], [-71.5475, -37.91909], [-71.55768, -37.922], [-71.56342, -37.92614], [-71.57203, -37.9344], [-71.57165, -37.93157], [-71.58373, -37.92559], [-71.58793, -37.92578], [-71.60228, -37.92853], [-71.60318, -37.92677], [-71.60071, -37.91966], [-71.6009, -37.91564], [-71.61873, -37.90715], [-71.6149, -37.90134], [-71.60951, -37.89605], [-71.6098, -37.89364], [-71.61353, -37.89085], [-71.62233, -37.89062], [-71.62459, -37.88973], [-71.62748, -37.88744], [-71.62828, -37.88397], [-71.62541, -37.88202], [-71.6083, -37.8764], [-71.60472, -37.87448], [-71.60268, -37.87181], [-71.60226, -37.86736], [-71.60723, -37.86602], [-71.61098, -37.8614], [-71.6089, -37.86046], [-71.60749, -37.85868], [-71.60018, -37.85507], [-71.5959, -37.84424], [-71.59172, -37.8396], [-71.58948, -37.83854], [-71.57953, -37.83641], [-71.573, -37.83357], [-71.55068, -37.81097], [-71.53852, -37.79392], [-71.52936, -37.76667], [-71.52798, -37.75813]], [[-71.50367, -37.78324], [-71.49308, -37.78239], [-71.48301, -37.76858], [-71.47321, -37.75189], [-71.47666, -37.75175], [-71.48066, -37.75343], [-71.48292, -37.75266], [-71.48475, -37.74227], [-71.48603, -37.73959], [-71.48826, -37.73824], [-71.49236, -37.73924], [-71.49073, -37.75545], [-71.49141, -37.76184], [-71.49527, -37.76844], [-71.50447, -37.77989], [-71.50367, -37.78324]]]}, "properties": {"composicio": "Secuencias volcanicas", "epoca": "Mioceno Inferior Medio", "era": "CENOZOICO", "geo": "M3i", "ha": 22074.81, "m2": 220748141.23, "periodo": "Neogeno"}}, {"type": "Feature", "geometry": {"type": "Polygon", "coordinates": [[[-71.71206, -37.53677], [-71.67209, -37.55369], [-71.5905, -37.54073], [-71.57824, -37.5475], [-71.56651, -37.55173], [-71.56238, -37.55429], [-71.53212, -37.56009], [-71.52603, -37.56621], [-71.52337, -37.5724], [-71.51643, -37.59099], [-71.51242, -37.6081], [-71.51406, -37.61136], [-71.51829, -37.61463], [-71.52041, -37.61398], [-71.52469, -37.61095], [-71.52925, -37.61249], [-71.53241, -37.61477], [-71.53442, -37.61951], [-71.534, -37.63865], [-71.55237, -37.6471], [-71.55273, -37.65052], [-71.54984, -37.65991], [-71.54521, -37.66434], [-71.54127, -37.66586], [-71.54067, -37.66783], [-71.5416, -37.67364], [-71.54418, -37.67824], [-71.55403, -37.679], [-71.55614, -37.68052], [-71.54963, -37.69681], [-71.54389, -37.69474], [-71.53604, -37.68657], [-71.53345, -37.68667], [-71.53182, -37.68833], [-71.53087, -37.6917], [-71.53139, -37.70507], [-71.52569, -37.72042], [-71.52543, -37.73521], [-71.52401, -37.74259], [-71.52394, -37.74626], [-71.52919, -37.74961], [-71.5293, -37.75372], [-71.52798, -37.75813], [-71.52936, -37.76667], [-71.53852, -37.79392], [-71.573, -37.83357], [-71.57953, -37.83641], [-71.58948, -37.83854], [-71.59172, -37.8396], [-71.5959, -37.84424], [-71.60018, -37.85507], [-71.62877, -37.87319], [-71.63265, -37.85883], [-71.63472, -37.85726], [-71.63886, -37.85641], [-71.64093, -37.85483], [-71.67172, -37.81581], [-71.69674, -37.77757], [-71.70137, -37.75699], [-71.68703, -37.7515], [-71.6874, -37.75057], [-71.69462, -37.74616], [-71.70649, -37.71235], [-71.71769, -37.68887], [-71.72584, -37.6741], [-71.72562, -37.66598], [-71.7246, -37.66362], [-71.7212, -37.65986], [-71.71842, -37.65929], [-71.70616, -37.66814], [-71.69798, -37.66881], [-71.69568, -37.66651], [-71.6936, -37.65639], [-71.68295, -37.6496], [-71.67766, -37.6434], [-71.67719, -37.63632], [-71.67777, -37.63428], [-71.67352, -37.62974], [-71.67298, -37.62346], [-71.67405, -37.61865], [-71.71264, -37.57051], [-71.70736, -37.56416], [-71.7058, -37.55708], [-71.70643, -37.55193], [-71.70839, -37.54893], [-71.71206, -37.53677]]]}, "properties": {"composicio": "Rocas intrusivas", "epoca": "Mioceno  18 6 Ma", "era": "CENOZOICO", "geo": "Mg", "ha": 46087.13, "m2": 460871286.41, "periodo": "Neogeno"}}, {"type": "Feature", "geometry": {"type": "Polygon", "coordinates": [[[-71.30908, -37.58597], [-71.29005, -37.61794], [-71.26664, -37.63416], [-71.26344, -37.63118], [-71.27053, -37.5969], [-71.27106, -37.59608], [-71.27479, -37.59583], [-71.27956, -37.59359], [-71.27873, -37.58916], [-71.27277, -37.58078], [-71.27248, -37.57827], [-71.27431, -37.57499], [-71.3037, -37.57288], [-71.31727, -37.56104], [-71.32806, -37.54861], [-71.31312, -37.5195], [-71.31783, -37.51898], [-71.32431, -37.52137], [-71.34278, -37.53202], [-71.34687, -37.53564], [-71.34769, -37.53241], [-71.347, -37.52557], [-71.34506, -37.52186], [-71.34124, -37.5181], [-71.32677, -37.51177], [-71.31808, -37.50591], [-71.30838, -37.50489], [-71.29815, -37.50459], [-71.28754, -37.50532], [-71.28183, -37.50851], [-71.27487, -37.51507], [-71.26423, -37.52268], [-71.23193, -37.53416], [-71.23122, -37.53682], [-71.23193, -37.53909], [-71.23565, -37.54125], [-71.28741, -37.54519], [-71.27219, -37.55583], [-71.25446, -37.55041], [-71.24515, -37.54869], [-71.23297, -37.5473], [-71.22608, -37.54755], [-71.22271, -37.54905], [-71.24851, -37.58969], [-71.25067, -37.59716], [-71.25121, -37.61651], [-71.24764, -37.62958], [-71.24279, -37.63549], [-71.23273, -37.63954], [-71.23124, -37.64015], [-71.22631, -37.69748], [-71.21976, -37.71158], [-71.20957, -37.72764], [-71.21069, -37.73207], [-71.21412, -37.73653], [-71.21482, -37.73665], [-71.21895, -37.72288], [-71.22273, -37.71838], [-71.23327, -37.71594], [-71.2501, -37.71533], [-71.25479, -37.71402], [-71.26714, -37.70807], [-71.28098, -37.69553], [-71.28341, -37.69521], [-71.28749, -37.69598], [-71.28226, -37.71793], [-71.28333, -37.72396], [-71.29065, -37.73847], [-71.2922, -37.75033], [-71.29203, -37.76236], [-71.29024, -37.78144], [-71.28627, -37.80277], [-71.28315, -37.81137], [-71.27781, -37.8189], [-71.26889, -37.8246], [-71.2558, -37.82786], [-71.25847, -37.83301], [-71.26599, -37.82959], [-71.28093, -37.82801], [-71.28457, -37.82605], [-71.31527, -37.78046], [-71.31797, -37.78209], [-71.31995, -37.78636], [-71.32009, -37.79358], [-71.31857, -37.80703], [-71.29497, -37.83082], [-71.30808, -37.83022], [-71.31032, -37.83391], [-71.31036, -37.84434], [-71.31225, -37.84954], [-71.31961, -37.83151], [-71.32368, -37.8246], [-71.32653, -37.81647], [-71.33816, -37.8055], [-71.34104, -37.80528], [-71.31787, -37.85139], [-71.31337, -37.88569], [-71.31382, -37.90056], [-71.31489, -37.93351], [-71.31635, -37.94595], [-71.314, -37.95038], [-71.30502, -37.95518], [-71.30103, -37.96106], [-71.30015, -37.96591], [-71.30141, -37.98968], [-71.30075, -37.99651], [-71.30978, -38.0033], [-71.30802, -38.01], [-71.30844, -38.01302], [-71.31089, -38.01628], [-71.32475, -38.02921], [-71.33058, -38.03695], [-71.33137, -38.04186], [-71.32875, -38.04868], [-71.35019, -38.06564], [-71.34589, -38.07033], [-71.34391, -38.07152], [-71.34132, -38.07183], [-71.31962, -38.06953], [-71.27586, -38.05211], [-71.27351, -38.0477], [-71.27317, -38.04301], [-71.28004, -38.01111], [-71.27757, -37.98622], [-71.27588, -37.98193], [-71.27337, -37.97858], [-71.2681, -37.97763], [-71.26437, -37.97582], [-71.26164, -37.97099], [-71.26121, -37.96103], [-71.26007, -37.95638], [-71.2566, -37.95147], [-71.25091, -37.94572], [-71.21292, -37.93931], [-71.1762, -37.91224], [-71.1664, -37.92971], [-71.1671, -37.93535], [-71.17253, -37.94169], [-71.19067, -37.94252], [-71.19608, -37.94359], [-71.21434, -37.95141], [-71.22017, -37.95211], [-71.22416, -37.95368], [-71.22708, -37.95655], [-71.23343, -37.96628], [-71.23749, -37.96889], [-71.24525, -37.97045], [-71.24594, -37.98279], [-71.2468, -37.98517], [-71.24821, -37.98718], [-71.2556, -37.99251], [-71.25728, -37.99681], [-71.25655, -38.01045], [-71.26031, -38.02959], [-71.25997, -38.03612], [-71.25835, -38.04046], [-71.25238, -38.04605], [-71.2473, -38.0482], [-71.23776, -38.04838], [-71.23386, -38.04745], [-71.23088, -38.04567], [-71.23511, -38.05143], [-71.23517, -38.05292], [-71.2342, -38.05397], [-71.23233, -38.05436], [-71.2598, -38.05974], [-71.27003, -38.07241], [-71.27392, -38.07196], [-71.2816, -38.06845], [-71.28784, -38.06852], [-71.30286, -38.07431], [-71.30623, -38.07869], [-71.296, -38.10803], [-71.2983, -38.11473], [-71.30005, -38.12534], [-71.30264, -38.12824], [-71.31323, -38.13541], [-71.31444, -38.13985], [-71.31379, -38.14169], [-71.31155, -38.14382], [-71.28595, -38.14573], [-71.287, -38.17112], [-71.29037, -38.17539], [-71.29708, -38.16571], [-71.29627, -38.16356], [-71.29061, -38.16004], [-71.29009, -38.1581], [-71.29076, -38.15683], [-71.29532, -38.15477], [-71.30305, -38.1556], [-71.31012, -38.15473], [-71.3182, -38.14651], [-71.32329, -38.1435], [-71.32621, -38.14378], [-71.32919, -38.14576], [-71.33245, -38.15071], [-71.3241, -38.17657], [-71.31874, -38.18027], [-71.30402, -38.18603], [-71.30109, -38.21678], [-71.27686, -38.22073], [-71.27398, -38.19665], [-71.2717, -38.19419], [-71.27053, -38.1941], [-71.26724, -38.19521], [-71.26518, -38.19824], [-71.26368, -38.20744], [-71.26495, -38.2208], [-71.26889, -38.22471], [-71.28223, -38.23135], [-71.28295, -38.23465], [-71.28227, -38.23914], [-71.25582, -38.22493], [-71.24571, -38.20137], [-71.24317, -38.20682], [-71.24343, -38.21655], [-71.24243, -38.22768], [-71.23983, -38.23174], [-71.23629, -38.23379], [-71.23477, -38.23577], [-71.23518, -38.24939], [-71.23598, -38.2506], [-71.25106, -38.25402], [-71.25654, -38.25663], [-71.25709, -38.25925], [-71.25505, -38.26628], [-71.25719, -38.26874], [-71.26062, -38.27083], [-71.29272, -38.28088], [-71.2928, -38.28295], [-71.29184, -38.28423], [-71.28312, -38.28788], [-71.28258, -38.28882], [-71.28403, -38.29222], [-71.28628, -38.29388], [-71.29202, -38.29544], [-71.29492, -38.29537], [-71.30128, -38.29109], [-71.30408, -38.29182], [-71.30544, -38.29303], [-71.30821, -38.29685], [-71.3086, -38.29925], [-71.30168, -38.30058], [-71.30217, -38.30194], [-71.3033, -38.30454], [-71.3113, -38.30811], [-71.3115, -38.30937], [-71.30135, -38.32405], [-71.27535, -38.33182], [-71.27254, -38.33419], [-71.26668, -38.34395], [-71.26755, -38.34737], [-71.27075, -38.34768], [-71.27994, -38.34612], [-71.28273, -38.35544], [-71.28138, -38.36155], [-71.28, -38.36341], [-71.27707, -38.36624], [-71.27009, -38.36997], [-71.27077, -38.37579], [-71.27003, -38.37912], [-71.26866, -38.38111], [-71.26511, -38.38326], [-71.26696, -38.38573], [-71.26874, -38.38672], [-71.27032, -38.38965], [-71.25837, -38.41411], [-71.26286, -38.42041], [-71.26525, -38.42184], [-71.26852, -38.42003], [-71.27012, -38.41999], [-71.27575, -38.42215], [-71.27806, -38.42186], [-71.28573, -38.41708], [-71.29523, -38.41775], [-71.29692, -38.41656], [-71.29702, -38.41186], [-71.3026, -38.41653], [-71.30199, -38.42272], [-71.30446, -38.4261], [-71.30537, -38.43386], [-71.31574, -38.44137], [-71.32332, -38.44507], [-71.32773, -38.4461], [-71.33325, -38.44561], [-71.33538, -38.44418], [-71.3342, -38.44055], [-71.32935, -38.43599], [-71.31319, -38.42931], [-71.31242, -38.42829], [-71.31639, -38.4259], [-71.32734, -38.42287], [-71.33272, -38.42273], [-71.33646, -38.42503], [-71.3445, -38.43272], [-71.35366, -38.43912], [-71.36034, -38.44192], [-71.3684, -38.44297], [-71.37505, -38.4452], [-71.39941, -38.47615], [-71.41743, -38.52524], [-71.44761, -38.54149], [-71.45779, -38.55059], [-71.49974, -38.56536], [-71.50047, -38.56866], [-71.49956, -38.57108], [-71.49856, -38.57168], [-71.49447, -38.57157], [-71.48302, -38.56673], [-71.46511, -38.56116], [-71.45313, -38.5608], [-71.44535, -38.55643], [-71.43751, -38.55069], [-71.43461, -38.55111], [-71.4321, -38.55381], [-71.47702, -38.62792], [-71.49361, -38.63055], [-71.53276, -38.6242], [-71.5362, -38.62285], [-71.53872, -38.62037], [-71.53867, -38.61934], [-71.53479, -38.61739], [-71.5269, -38.61738], [-71.51715, -38.61479], [-71.50966, -38.61076], [-71.5045, -38.60632], [-71.49965, -38.57955], [-71.51956, -38.58402], [-71.52024, -38.57338], [-71.52175, -38.56795], [-71.52434, -38.56388], [-71.53154, -38.55864], [-71.54805, -38.55909], [-71.54965, -38.55252], [-71.55127, -38.54973], [-71.55504, -38.54597], [-71.56128, -38.54213], [-71.56668, -38.53579], [-71.567, -38.52994], [-71.56379, -38.52362], [-71.56437, -38.5204], [-71.56697, -38.51976], [-71.57683, -38.52486], [-71.57923, -38.52318], [-71.58797, -38.50393], [-71.58776, -38.49615], [-71.58577, -38.49415], [-71.5653, -38.49587], [-71.56036, -38.49945], [-71.55971, -38.50118], [-71.56087, -38.50745], [-71.56034, -38.5086], [-71.55651, -38.5078], [-71.55599, -38.50918], [-71.55804, -38.51909], [-71.55657, -38.52508], [-71.55557, -38.52556], [-71.5521, -38.52314], [-71.5482, -38.51742], [-71.54668, -38.50968], [-71.54827, -38.50299], [-71.55483, -38.49022], [-71.5559, -38.48812], [-71.53474, -38.48425], [-71.57577, -38.46982], [-71.61178, -38.47018], [-71.60535, -38.4541], [-71.60469, -38.44599], [-71.60268, -38.43723], [-71.5985, -38.42556], [-71.59434, -38.41732], [-71.58852, -38.41107], [-71.58335, -38.4095], [-71.57842, -38.40998], [-71.57096, -38.41237], [-71.56457, -38.41598], [-71.54641, -38.43618], [-71.5392, -38.43788], [-71.53121, -38.43844], [-71.52958, -38.43768], [-71.53488, -38.42288], [-71.53454, -38.41854], [-71.52715, -38.41932], [-71.5229, -38.41887], [-71.52155, -38.41799], [-71.52561, -38.41112], [-71.52804, -38.41002], [-71.53619, -38.41002], [-71.5418, -38.40208], [-71.54279, -38.39816], [-71.5414, -38.38984], [-71.53644, -38.38654], [-71.53179, -38.38656], [-71.51132, -38.39766], [-71.50277, -38.405], [-71.47925, -38.45258], [-71.47294, -38.45802], [-71.46648, -38.46037], [-71.46343, -38.46045], [-71.4604, -38.45802], [-71.46079, -38.45675], [-71.46599, -38.45249], [-71.47106, -38.44536], [-71.47265, -38.44177], [-71.47238, -38.43892], [-71.47083, -38.4369], [-71.44463, -38.43738], [-71.44772, -38.43466], [-71.4567, -38.4303], [-71.45651, -38.42927], [-71.45011, -38.42269], [-71.4527, -38.42205], [-71.46931, -38.42538], [-71.48099, -38.42609], [-71.48537, -38.41006], [-71.50016, -38.39866], [-71.49706, -38.38466], [-71.49464, -38.38278], [-71.49055, -38.38244], [-71.48099, -38.38682], [-71.47929, -38.3911], [-71.47393, -38.39491], [-71.47852, -38.39994], [-71.47917, -38.40141], [-71.47793, -38.40304], [-71.3996, -38.43356], [-71.39835, -38.43165], [-71.39983, -38.42874], [-71.40291, -38.4258], [-71.41156, -38.42053], [-71.42017, -38.41091], [-71.43709, -38.40152], [-71.43704, -38.39694], [-71.43058, -38.39243], [-71.43077, -38.39002], [-71.43489, -38.38773], [-71.44318, -38.38751], [-71.44385, -38.38291], [-71.4407, -38.38093], [-71.43633, -38.3807], [-71.43085, -38.38188], [-71.42157, -38.38615], [-71.41396, -38.38864], [-71.40261, -38.38871], [-71.3945, -38.38961], [-71.38863, -38.38851], [-71.39206, -38.38361], [-71.43821, -38.37711], [-71.43766, -38.36121], [-71.45617, -38.37181], [-71.46685, -38.3698], [-71.47009, -38.3641], [-71.46862, -38.36037], [-71.46835, -38.35442], [-71.47028, -38.3431], [-71.46339, -38.34414], [-71.45209, -38.34845], [-71.44685, -38.34848], [-71.44494, -38.33811], [-71.44151, -38.33603], [-71.43293, -38.33626], [-71.4316, -38.33572], [-71.433, -38.32447], [-71.43522, -38.32201], [-71.4401, -38.32062], [-71.45077, -38.30189], [-71.45053, -38.25645], [-71.45291, -38.25444], [-71.45523, -38.25426], [-71.4675, -38.26228], [-71.47004, -38.26055], [-71.46228, -38.24937], [-71.4578, -38.23999], [-71.45353, -38.20976], [-71.43719, -38.20048], [-71.43512, -38.19618], [-71.43254, -38.18698], [-71.42469, -38.17655], [-71.42396, -38.16981], [-71.4247, -38.16498], [-71.42471, -38.1604], [-71.41708, -38.155], [-71.40909, -38.12784], [-71.37076, -38.10654], [-71.37441, -38.10027], [-71.37706, -38.09779], [-71.38045, -38.09576], [-71.38565, -38.09515], [-71.3872, -38.0942], [-71.3876, -38.08995], [-71.38669, -38.08219], [-71.39185, -38.07736], [-71.39663, -38.07734], [-71.39831, -38.07925], [-71.40193, -38.08934], [-71.40246, -38.09825], [-71.40425, -38.1029], [-71.40515, -38.10368], [-71.40836, -38.10417], [-71.41479, -38.09987], [-71.41357, -38.09373], [-71.42175, -38.08504], [-71.42406, -38.07146], [-71.42601, -38.06626], [-71.42876, -38.06274], [-71.4361, -38.05819], [-71.44024, -38.05019], [-71.44363, -38.04804], [-71.45831, -38.0458], [-71.45993, -38.04644], [-71.45972, -38.04829], [-71.45574, -38.05332], [-71.45015, -38.05805], [-71.45021, -38.06606], [-71.44901, -38.0685], [-71.44705, -38.07004], [-71.43765, -38.07396], [-71.43308, -38.07877], [-71.42824, -38.08761], [-71.42613, -38.10918], [-71.41143, -38.11141], [-71.41047, -38.1127], [-71.41012, -38.12316], [-71.48861, -38.26074], [-71.49024, -38.25422], [-71.49181, -38.25295], [-71.49418, -38.25114], [-71.4982, -38.25343], [-71.50324, -38.2589], [-71.50785, -38.26129], [-71.54308, -38.26913], [-71.59281, -38.24747], [-71.59537, -38.24304], [-71.5962, -38.24318], [-71.59587, -38.23799], [-71.61799, -38.22305], [-71.61848, -38.21789], [-71.61702, -38.21472], [-71.6097, -38.20703], [-71.62133, -38.20109], [-71.63491, -38.19646], [-71.63029, -38.19374], [-71.62858, -38.19138], [-71.62729, -38.18855], [-71.62599, -38.17932], [-71.62396, -38.17606], [-71.60823, -38.1654], [-71.64207, -38.15962], [-71.66742, -38.17435], [-71.69304, -38.19753], [-71.67116, -38.19542], [-71.66877, -38.20957], [-71.66983, -38.21034], [-71.67722, -38.21001], [-71.6862, -38.21891], [-71.69442, -38.22393], [-71.69646, -38.22596], [-71.69608, -38.22206], [-71.6991, -38.21842], [-71.70199, -38.2181], [-71.70821, -38.22055], [-71.7141, -38.20378], [-71.71641, -38.20349], [-71.72318, -38.20557], [-71.72579, -38.20539], [-71.72761, -38.20396], [-71.73068, -38.19837], [-71.7331, -38.19727], [-71.74486, -38.20024], [-71.74679, -38.19812], [-71.7475, -38.19478], [-71.74046, -38.19019], [-71.74128, -38.18924], [-71.74804, -38.18778], [-71.75172, -38.18596], [-71.75347, -38.18602], [-71.75644, -38.18742], [-71.75827, -38.19228], [-71.76065, -38.19348], [-71.77074, -38.1799], [-71.77682, -38.18853], [-71.77814, -38.18883], [-71.78069, -38.18761], [-71.78757, -38.17985], [-71.79225, -38.17147], [-71.79823, -38.16316], [-71.80108, -38.16193], [-71.80601, -38.16201], [-71.80802, -38.16137], [-71.81017, -38.15501], [-71.81267, -38.15253], [-71.8162, -38.1506], [-71.83188, -38.14794], [-71.83729, -38.14572], [-71.8544, -38.13025], [-71.8211, -38.13499], [-71.79576, -38.13599], [-71.79003, -38.13456], [-71.78793, -38.13313], [-71.78621, -38.13055], [-71.78664, -38.12733], [-71.78993, -38.12464], [-71.78835, -38.12361], [-71.78602, -38.12357], [-71.74107, -38.14506], [-71.73769, -38.13199], [-71.72794, -38.14064], [-71.72488, -38.13409], [-71.72157, -38.1224], [-71.72185, -38.10372], [-71.72017, -38.08362], [-71.72964, -38.08449], [-71.73506, -38.07346], [-71.71916, -38.05909], [-71.70318, -38.07061], [-71.69923, -38.07588], [-71.69866, -38.07922], [-71.70493, -38.12334], [-71.71076, -38.13622], [-71.71409, -38.14123], [-71.70494, -38.13891], [-71.70226, -38.1375], [-71.69563, -38.12899], [-71.69582, -38.12693], [-71.69454, -38.12433], [-71.69202, -38.12326], [-71.68794, -38.1228], [-71.68362, -38.12041], [-71.68404, -38.11066], [-71.67475, -38.10132], [-71.66869, -38.09886], [-71.66311, -38.10361], [-71.66326, -38.10978], [-71.68067, -38.13183], [-71.654, -38.11039], [-71.65172, -38.11115], [-71.65174, -38.11779], [-71.65514, -38.12238], [-71.66566, -38.13021], [-71.66487, -38.13504], [-71.66136, -38.13766], [-71.65752, -38.13926], [-71.65123, -38.13829], [-71.64848, -38.13517], [-71.65077, -38.13144], [-71.63906, -38.12903], [-71.63819, -38.12596], [-71.64096, -38.11993], [-71.63446, -38.11736], [-71.62835, -38.11388], [-71.62054, -38.10803], [-71.62089, -38.10608], [-71.62796, -38.10209], [-71.64094, -38.10378], [-71.64248, -38.09951], [-71.64251, -38.0908], [-71.64555, -38.08751], [-71.64954, -38.08602], [-71.6532, -38.08042], [-71.6505, -38.07546], [-71.64842, -38.06796], [-71.64907, -38.06016], [-71.65136, -38.05643], [-71.64608, -38.05189], [-71.63508, -38.03961], [-71.62516, -38.03165], [-71.60009, -38.02195], [-71.5987, -38.01528], [-71.60407, -38.00647], [-71.61117, -38.00329], [-71.61098, -38.00077], [-71.59457, -37.99873], [-71.59459, -37.9944], [-71.59959, -37.98751], [-71.60004, -37.9852], [-71.5926, -37.97621], [-71.59211, -37.97292], [-71.593, -37.97082], [-71.6161, -37.9651], [-71.60733, -37.9541], [-71.6097, -37.95263], [-71.61634, -37.95237], [-71.61932, -37.94905], [-71.61501, -37.93787], [-71.62605, -37.93629], [-71.63105, -37.93759], [-71.63241, -37.94314], [-71.63031, -37.95124], [-71.6306, -37.95353], [-71.66178, -37.95629], [-71.66604, -37.93711], [-71.66884, -37.93333], [-71.67431, -37.933], [-71.67708, -37.92876], [-71.67606, -37.91494], [-71.69293, -37.91198], [-71.69563, -37.91346], [-71.69938, -37.9179], [-71.69806, -37.91979], [-71.69306, -37.92297], [-71.68864, -37.92864], [-71.7016, -37.93007], [-71.70388, -37.93169], [-71.70457, -37.9335], [-71.69981, -37.93598], [-71.70076, -37.93949], [-71.69993, -37.94022], [-71.69275, -37.94085], [-71.68924, -37.94259], [-71.6862, -37.956], [-71.68836, -37.95602], [-71.69157, -37.95418], [-71.69273, -37.95436], [-71.69603, -37.95629], [-71.69787, -37.96023], [-71.712, -37.96217], [-71.72034, -37.95897], [-71.72924, -37.95759], [-71.74827, -37.95177], [-71.76432, -37.9518], [-71.78951, -37.97025], [-71.78862, -37.97211], [-71.77994, -37.98095], [-71.75778, -37.98895], [-71.75252, -37.98803], [-71.74116, -37.98242], [-71.73836, -37.97738], [-71.73829, -37.97199], [-71.73493, -37.96938], [-71.72629, -37.9703], [-71.71599, -37.96798], [-71.71486, -37.96848], [-71.71303, -37.97141], [-71.71449, -37.97582], [-71.7189, -37.97862], [-71.72761, -37.97896], [-71.73193, -37.98072], [-71.73514, -37.98334], [-71.73819, -37.98792], [-71.7371, -37.99128], [-71.73597, -37.99179], [-71.72942, -37.99125], [-71.72469, -37.98938], [-71.72241, -37.98982], [-71.72228, -37.99269], [-71.72468, -37.99854], [-71.7865, -37.98606], [-71.78927, -37.98704], [-71.79091, -37.9886], [-71.78859, -37.99667], [-71.78862, -37.99781], [-71.79072, -38.00028], [-71.8111, -37.98978], [-71.83731, -38.00656], [-71.83781, -38.0124], [-71.83197, -38.02171], [-71.83165, -38.02717], [-71.83642, -38.02977], [-71.83874, -38.02993], [-71.84145, -38.02904], [-71.84594, -38.02605], [-71.85036, -38.02167], [-71.85268, -38.02161], [-71.85639, -38.02344], [-71.85949, -38.0277], [-71.86186, -38.03472], [-71.86203, -38.03804], [-71.87871, -38.05607], [-71.88052, -38.06048], [-71.88064, -38.06597], [-71.88822, -38.06379], [-71.90784, -38.04738], [-71.91853, -38.0411], [-71.92143, -38.03815], [-71.95767, -37.97925], [-71.95697, -37.97734], [-71.95276, -37.97488], [-71.94656, -37.97732], [-71.93704, -37.98987], [-71.93484, -37.99146], [-71.9269, -37.99179], [-71.92159, -37.99477], [-71.91719, -37.99621], [-71.90748, -37.99638], [-71.8994, -37.99489], [-71.91452, -37.97192], [-71.93312, -37.96014], [-71.9357, -37.95762], [-71.93571, -37.95556], [-71.9319, -37.95492], [-71.92519, -37.95623], [-71.90989, -37.96329], [-71.90914, -37.96069], [-71.91137, -37.95727], [-71.90876, -37.95498], [-71.90517, -37.95536], [-71.9084, -37.95179], [-71.90914, -37.94981], [-71.90807, -37.94894], [-71.90558, -37.94858], [-71.89956, -37.95159], [-71.88809, -37.95985], [-71.88302, -37.9619], [-71.88, -37.96226], [-71.87712, -37.96031], [-71.89166, -37.93703], [-71.88576, -37.92662], [-71.90435, -37.89709], [-71.85985, -37.893], [-71.85774, -37.88942], [-71.85759, -37.88713], [-71.87758, -37.85698], [-71.921, -37.84061], [-71.92852, -37.83639], [-71.93263, -37.83301], [-71.93352, -37.83114], [-71.88874, -37.83543], [-71.89246, -37.82611], [-71.89196, -37.82293], [-71.89103, -37.82193], [-71.86177, -37.82499], [-71.85669, -37.81799], [-71.85046, -37.81452], [-71.84576, -37.81248], [-71.83257, -37.82277], [-71.83103, -37.82134], [-71.83032, -37.81255], [-71.82711, -37.80982], [-71.80785, -37.81119], [-71.80637, -37.81068], [-71.80529, -37.80511], [-71.80314, -37.80302], [-71.79806, -37.80048], [-71.78975, -37.79922], [-71.78622, -37.80039], [-71.78237, -37.80559], [-71.7753, -37.81241], [-71.77289, -37.8132], [-71.76928, -37.81323], [-71.76533, -37.81465], [-71.764, -37.81195], [-71.76332, -37.80122], [-71.75804, -37.79777], [-71.75254, -37.79754], [-71.74887, -37.79871], [-71.74242, -37.80173], [-71.73689, -37.80561], [-71.73212, -37.81428], [-71.71921, -37.82695], [-71.71769, -37.83045], [-71.71658, -37.83794], [-71.71131, -37.83918], [-71.70656, -37.84166], [-71.70402, -37.84497], [-71.70193, -37.85536], [-71.69158, -37.86071], [-71.68484, -37.86842], [-71.67652, -37.87403], [-71.67343, -37.8824], [-71.60157, -37.91481], [-71.60228, -37.92853], [-71.58793, -37.92578], [-71.58373, -37.92559], [-71.57165, -37.93157], [-71.57203, -37.9344], [-71.57303, -37.94927], [-71.57195, -37.95286], [-71.56931, -37.95697], [-71.56702, -37.9668], [-71.56373, -37.96967], [-71.55298, -37.97358], [-71.54962, -37.985], [-71.53135, -37.98938], [-71.52718, -37.99119], [-71.51736, -37.9926], [-71.51254, -37.99616], [-71.51059, -38.00026], [-71.50876, -38.00195], [-71.49399, -38.00618], [-71.46958, -38.0052], [-71.47249, -38.03246], [-71.46685, -38.03164], [-71.46384, -38.02762], [-71.4594, -38.01845], [-71.45335, -38.0135], [-71.43286, -38.00771], [-71.43133, -38.00329], [-71.43241, -37.99349], [-71.43181, -37.99005], [-71.42321, -37.97836], [-71.41043, -37.97983], [-71.40579, -37.97785], [-71.39838, -37.97177], [-71.39445, -37.97185], [-71.38666, -37.97409], [-71.38078, -37.97473], [-71.37016, -37.9713], [-71.36476, -37.96674], [-71.35807, -37.96272], [-71.34622, -37.9614], [-71.34033, -37.96204], [-71.33392, -37.95692], [-71.33362, -37.96894], [-71.33184, -37.97302], [-71.31345, -37.98298], [-71.31548, -37.97306], [-71.31863, -37.96492], [-71.34985, -37.92144], [-71.34699, -37.91565], [-71.34274, -37.91466], [-71.33922, -37.91616], [-71.33723, -37.9144], [-71.33464, -37.90202], [-71.3343, -37.89871], [-71.33528, -37.89569], [-71.33832, -37.89328], [-71.34374, -37.89194], [-71.3519, -37.89564], [-71.35331, -37.88758], [-71.35528, -37.8867], [-71.35936, -37.88723], [-71.36192, -37.88645], [-71.36271, -37.88527], [-71.36262, -37.88127], [-71.36382, -37.87951], [-71.37303, -37.87641], [-71.3837, -37.86857], [-71.39755, -37.85602], [-71.40077, -37.84685], [-71.39779, -37.84524], [-71.3957, -37.84646], [-71.38853, -37.85487], [-71.37404, -37.86641], [-71.36432, -37.87067], [-71.36288, -37.87073], [-71.36093, -37.86954], [-71.35913, -37.86583], [-71.35921, -37.86227], [-71.36237, -37.85952], [-71.36639, -37.85421], [-71.37808, -37.85641], [-71.37396, -37.84522], [-71.38146, -37.83016], [-71.37819, -37.82857], [-71.37039, -37.82852], [-71.36621, -37.83108], [-71.35956, -37.83351], [-71.3568, -37.83326], [-71.35365, -37.83121], [-71.35171, -37.82521], [-71.37007, -37.80642], [-71.38268, -37.75566], [-71.3932, -37.74805], [-71.4023, -37.74335], [-71.41343, -37.734], [-71.42275, -37.73067], [-71.42777, -37.73013], [-71.42882, -37.7309], [-71.42808, -37.7378], [-71.42422, -37.74562], [-71.39705, -37.76692], [-71.39628, -37.77785], [-71.39955, -37.786], [-71.40195, -37.78644], [-71.46262, -37.72686], [-71.47075, -37.71567], [-71.47289, -37.70814], [-71.46953, -37.70495], [-71.46344, -37.70186], [-71.45324, -37.70259], [-71.43535, -37.70958], [-71.4306, -37.71216], [-71.42599, -37.71234], [-71.41809, -37.71035], [-71.41566, -37.71077], [-71.40614, -37.7156], [-71.39909, -37.72068], [-71.38924, -37.72483], [-71.36473, -37.77433], [-71.34484, -37.78973], [-71.34561, -37.78809], [-71.35253, -37.78039], [-71.35664, -37.77416], [-71.37464, -37.73168], [-71.37977, -37.72565], [-71.3902, -37.71907], [-71.39066, -37.71711], [-71.35547, -37.71705], [-71.3034, -37.68921], [-71.30736, -37.68803], [-71.31154, -37.68798], [-71.32718, -37.69165], [-71.3407, -37.69618], [-71.35183, -37.70402], [-71.3668, -37.70861], [-71.37972, -37.71007], [-71.38717, -37.70934], [-71.38789, -37.70862], [-71.32931, -37.66815], [-71.32781, -37.64518], [-71.31061, -37.61225], [-71.30934, -37.60532], [-71.31003, -37.59246], [-71.30908, -37.58597]], [[-71.53061, -38.17892], [-71.46459, -38.16951], [-71.45277, -38.15827], [-71.44633, -38.1502], [-71.44553, -38.14175], [-71.44628, -38.13909], [-71.46203, -38.14428], [-71.47085, -38.15343], [-71.47332, -38.16012], [-71.4767, -38.16437], [-71.48527, -38.1646], [-71.50089, -38.16989], [-71.50951, -38.1705], [-71.52271, -38.16791], [-71.54067, -38.16054], [-71.54315, -38.16082], [-71.55061, -38.16531], [-71.56608, -38.16086], [-71.57621, -38.16333], [-71.57893, -38.16588], [-71.53061, -38.17892]], [[-71.76286, -38.1791], [-71.76006, -38.17506], [-71.75513, -38.17521], [-71.75479, -38.168], [-71.75612, -38.16557], [-71.75948, -38.16295], [-71.78371, -38.16291], [-71.76286, -38.1791]], [[-71.695, -38.18373], [-71.69252, -38.18335], [-71.69012, -38.1817], [-71.68925, -38.17875], [-71.6913, -38.17285], [-71.69704, -38.16535], [-71.70833, -38.15541], [-71.71232, -38.15392], [-71.70515, -38.16809], [-71.70655, -38.17927], [-71.70517, -38.18081], [-71.70035, -38.18323], [-71.695, -38.18373]], [[-71.31992, -38.31247], [-71.32126, -38.29595], [-71.31639, -38.29069], [-71.31325, -38.28517], [-71.30462, -38.26295], [-71.30487, -38.25859], [-71.30734, -38.25498], [-71.31375, -38.25206], [-71.33817, -38.26597], [-71.33859, -38.26905], [-71.3282, -38.27768], [-71.32741, -38.28319], [-71.33744, -38.29701], [-71.33904, -38.30029], [-71.33986, -38.30611], [-71.32593, -38.32743], [-71.32337, -38.34616], [-71.32148, -38.34952], [-71.29228, -38.34032], [-71.29632, -38.33598], [-71.3102, -38.32692], [-71.31494, -38.31866], [-71.31992, -38.31247]], [[-71.70711, -38.11782], [-71.70711, -38.1178], [-71.70724, -38.11747], [-71.70728, -38.11738], [-71.70697, -38.11732], [-71.70656, -38.11724], [-71.70656, -38.11724], [-71.70728, -38.11738], [-71.70711, -38.11782]], [[-71.70624, -38.11698], [-71.70624, -38.11698], [-71.70616, -38.1168], [-71.70597, -38.11636], [-71.70579, -38.11594], [-71.70577, -38.11589], [-71.70557, -38.11543], [-71.70553, -38.11535], [-71.70624, -38.11698]], [[-71.70541, -38.11499], [-71.70541, -38.11499], [-71.70541, -38.1145], [-71.70541, -38.11397], [-71.70541, -38.11368], [-71.70541, -38.11499]], [[-71.70541, -38.11349], [-71.70541, -38.1134], [-71.70541, -38.11291], [-71.70541, -38.11243], [-71.70541, -38.11222], [-71.70541, -38.11349]], [[-71.70585, -38.11034], [-71.70592, -38.11012], [-71.70599, -38.1099], [-71.70585, -38.11034]], [[-71.70607, -38.10965], [-71.7061, -38.10919], [-71.70614, -38.10943], [-71.70607, -38.10965]], [[-71.70602, -38.10869], [-71.70602, -38.10867], [-71.70597, -38.10837], [-71.70597, -38.10837], [-71.70602, -38.10869]], [[-71.70598, -38.10817], [-71.70598, -38.10817], [-71.70621, -38.10773], [-71.70633, -38.10751], [-71.70598, -38.10817]], [[-71.70648, -38.10722], [-71.70603, -38.10695], [-71.70555, -38.10668], [-71.70544, -38.10661], [-71.70553, -38.10666], [-71.70648, -38.10722]], [[-71.70513, -38.10622], [-71.70513, -38.10622], [-71.70513, -38.10622], [-71.70513, -38.10622]], [[-71.70495, -38.10554], [-71.70496, -38.10479], [-71.70496, -38.10479], [-71.70495, -38.10554]], [[-71.70586, -38.10397], [-71.70591, -38.10395], [-71.70596, -38.10393], [-71.70586, -38.10397]], [[-71.70625, -38.10377], [-71.70632, -38.10359], [-71.70633, -38.10358], [-71.70635, -38.10352], [-71.70625, -38.10377]], [[-71.70524, -38.10151], [-71.70524, -38.10151], [-71.70507, -38.1009], [-71.70524, -38.10151]], [[-71.70478, -38.09987], [-71.70476, -38.0998], [-71.70474, -38.09975], [-71.70478, -38.09987]], [[-71.70434, -38.09957], [-71.70434, -38.09957], [-71.70426, -38.09954], [-71.70426, -38.09954], [-71.70434, -38.09957]], [[-71.30393, -38.091], [-71.30393, -38.091], [-71.30471, -38.09062], [-71.30601, -38.08999], [-71.30393, -38.091]], [[-71.34016, -38.0904], [-71.34214, -38.08979], [-71.34462, -38.08778], [-71.34545, -38.08709], [-71.34217, -38.08978], [-71.34016, -38.0904]], [[-71.37531, -38.08539], [-71.37729, -38.08581], [-71.37734, -38.08584], [-71.37531, -38.08539]], [[-71.37734, -38.08584], [-71.37846, -38.08649], [-71.3784, -38.08647], [-71.37734, -38.08584]], [[-71.37865, -38.0866], [-71.37908, -38.08685], [-71.37913, -38.0869], [-71.37913, -38.0869], [-71.37908, -38.08687], [-71.37896, -38.08678], [-71.37865, -38.0866]], [[-71.41153, -38.11201], [-71.41106, -38.11261], [-71.41107, -38.11259], [-71.41153, -38.11201]], [[-71.41169, -38.12294], [-71.41084, -38.12332], [-71.41085, -38.12329], [-71.41169, -38.12294]], [[-71.54962, -38.24059], [-71.55117, -38.24223], [-71.55238, -38.24449], [-71.55238, -38.24449], [-71.55115, -38.24222], [-71.54962, -38.24059]], [[-71.56208, -38.24307], [-71.56287, -38.243], [-71.56301, -38.24298], [-71.56304, -38.24298], [-71.56368, -38.24283], [-71.56408, -38.24274], [-71.56297, -38.24299], [-71.56208, -38.24307]], [[-71.56424, -38.24271], [-71.56441, -38.24261], [-71.56425, -38.24271], [-71.56424, -38.24271]], [[-71.56529, -38.24213], [-71.56574, -38.24187], [-71.56573, -38.24188], [-71.56529, -38.24213]], [[-71.58448, -38.23162], [-71.58455, -38.23163], [-71.58529, -38.23187], [-71.58448, -38.23162]], [[-71.59156, -38.23392], [-71.59177, -38.23399], [-71.59195, -38.23405], [-71.59156, -38.23392]], [[-71.5853, -38.23188], [-71.58892, -38.23306], [-71.58884, -38.23303], [-71.58881, -38.23304], [-71.5853, -38.23188]], [[-71.47014, -38.18468], [-71.4702, -38.1847], [-71.47021, -38.1847], [-71.47014, -38.18468]], [[-71.47034, -38.18478], [-71.47043, -38.18483], [-71.47036, -38.18479], [-71.47034, -38.18478]], [[-71.48619, -38.1912], [-71.4864, -38.19126], [-71.48643, -38.19128], [-71.48628, -38.19123], [-71.48619, -38.1912]], [[-71.49397, -38.19593], [-71.49515, -38.19682], [-71.49524, -38.19695], [-71.49523, -38.19693], [-71.49397, -38.19593]], [[-71.49897, -38.20166], [-71.50254, -38.20353], [-71.5026, -38.20359], [-71.49897, -38.20166]], [[-71.50457, -38.20525], [-71.50731, -38.20633], [-71.50671, -38.2061], [-71.50553, -38.20563], [-71.50473, -38.20531], [-71.50457, -38.20525], [-71.50457, -38.20525]], [[-71.5079, -38.2066], [-71.50943, -38.20781], [-71.50943, -38.20781], [-71.50868, -38.20722], [-71.50851, -38.20709], [-71.50851, -38.20709], [-71.50846, -38.20705], [-71.50834, -38.20695], [-71.50803, -38.20671], [-71.50794, -38.20664], [-71.5079, -38.2066]], [[-71.50779, -38.20652], [-71.50789, -38.2066], [-71.50789, -38.2066], [-71.50779, -38.20652]], [[-71.53088, -38.20365], [-71.53206, -38.20405], [-71.53296, -38.20503], [-71.53298, -38.20508], [-71.53202, -38.20404], [-71.53088, -38.20365]], [[-71.53393, -38.21564], [-71.53398, -38.22175], [-71.53396, -38.22179], [-71.53393, -38.21564], [-71.53393, -38.21564]], [[-71.53173, -38.22479], [-71.53173, -38.2248], [-71.53173, -38.22479], [-71.53173, -38.22479]], [[-71.53173, -38.22628], [-71.53225, -38.22778], [-71.53173, -38.22628], [-71.53173, -38.22628]], [[-71.54599, -38.23786], [-71.54618, -38.23797], [-71.54698, -38.23855], [-71.5469, -38.23852], [-71.546, -38.23787], [-71.54599, -38.23786]], [[-71.54804, -38.23931], [-71.54916, -38.2401], [-71.54932, -38.24028], [-71.5493, -38.24026], [-71.54916, -38.24011], [-71.54875, -38.23981], [-71.54804, -38.23931]], [[-71.41281, -38.11764], [-71.41124, -38.11568], [-71.41071, -38.11367], [-71.41106, -38.11262], [-71.41071, -38.11369], [-71.4113, -38.11576], [-71.41281, -38.11764]], [[-71.41281, -38.11764], [-71.41253, -38.12075], [-71.4129, -38.12135], [-71.41253, -38.12075], [-71.41281, -38.11764]]]}, "properties": {"composicio": "Secuencias volcanosedimenta", "epoca": "Oligoceno Mioceno", "era": "CENOZOICO", "geo": "OM2c", "ha": 224791.38, "m2": 2247913805.74, "periodo": "Paleogeno"}}, {"type": "Feature", "geometry": {"type": "Polygon", "coordinates": [[[-71.45652, -37.83321], [-71.45003, -37.83742], [-71.4439, -37.83879], [-71.44182, -37.84025], [-71.44073, -37.84558], [-71.46118, -37.84215], [-71.46352, -37.84744], [-71.46985, -37.8519], [-71.47213, -37.85627], [-71.46309, -37.85971], [-71.4579, -37.86484], [-71.44145, -37.86283], [-71.42924, -37.86409], [-71.42509, -37.86734], [-71.42306, -37.87453], [-71.42036, -37.8752], [-71.41715, -37.87475], [-71.41496, -37.87208], [-71.41352, -37.86721], [-71.41371, -37.85564], [-71.41005, -37.85475], [-71.40767, -37.85609], [-71.4062, -37.8581], [-71.40551, -37.86362], [-71.40756, -37.86905], [-71.40753, -37.8734], [-71.41123, -37.87727], [-71.4218, -37.885], [-71.42313, -37.88781], [-71.42308, -37.89434], [-71.42144, -37.89841], [-71.41695, -37.90341], [-71.42658, -37.90211], [-71.43949, -37.90758], [-71.47832, -37.93542], [-71.47897, -37.93173], [-71.47229, -37.91675], [-71.47179, -37.91322], [-71.47486, -37.91138], [-71.4818, -37.91146], [-71.48311, -37.91404], [-71.48484, -37.92589], [-71.48861, -37.93811], [-71.48942, -37.93969], [-71.49403, -37.94168], [-71.49769, -37.94487], [-71.48352, -37.94735], [-71.48204, -37.94913], [-71.48182, -37.95281], [-71.4828, -37.95461], [-71.48473, -37.95304], [-71.4873, -37.95248], [-71.4893, -37.95447], [-71.4896, -37.95698], [-71.49131, -37.95897], [-71.50034, -37.95519], [-71.5031, -37.95772], [-71.50522, -37.96885], [-71.50641, -37.96939], [-71.51529, -37.95598], [-71.55298, -37.97358], [-71.56373, -37.96967], [-71.57303, -37.94927], [-71.57203, -37.9344], [-71.56342, -37.92614], [-71.55768, -37.922], [-71.5475, -37.91909], [-71.53245, -37.91796], [-71.54491, -37.90168], [-71.49204, -37.85563], [-71.46802, -37.84303], [-71.45652, -37.83321]]]}, "properties": {"composicio": "Secuencias volcanicas", "epoca": "Cuaternario", "era": "CENOZOICO", "geo": "Q3i", "ha": 9699.64, "m2": 96996441.23, "periodo": "Cuaternario"}}, {"type": "Feature", "geometry": {"type": "Polygon", "coordinates": [[[-71.55298, -37.97358], [-71.51892, -37.95619], [-71.51529, -37.95598], [-71.51177, -37.9576], [-71.50641, -37.96939], [-71.50522, -37.96885], [-71.5031, -37.95772], [-71.50034, -37.95519], [-71.49131, -37.95897], [-71.4896, -37.95698], [-71.4893, -37.95447], [-71.4873, -37.95248], [-71.46628, -37.98765], [-71.49399, -38.00618], [-71.50876, -38.00195], [-71.51059, -38.00026], [-71.51254, -37.99616], [-71.51736, -37.9926], [-71.52718, -37.99119], [-71.53135, -37.98938], [-71.54962, -37.985], [-71.55298, -37.97358]]]}, "properties": {"composicio": "Secuencias volcanicas", "epoca": "Pleistoceno", "era": "CENOZOICO", "geo": "Pl3", "ha": 2688.01, "m2": 26880045.24, "periodo": "Neogeno"}}, {"type": "Feature", "geometry": {"type": "Polygon", "coordinates": [[[-71.41695, -37.90341], [-71.41496, -37.9037], [-71.41674, -37.90924], [-71.42436, -37.91342], [-71.42373, -37.91745], [-71.41995, -37.92435], [-71.41997, -37.92711], [-71.43144, -37.93033], [-71.43659, -37.94629], [-71.44588, -37.94193], [-71.45032, -37.95081], [-71.4526, -37.95255], [-71.46703, -37.9449], [-71.47102, -37.94623], [-71.4828, -37.95461], [-71.48182, -37.95281], [-71.48204, -37.94913], [-71.48352, -37.94735], [-71.49769, -37.94487], [-71.49403, -37.94168], [-71.48942, -37.93969], [-71.48861, -37.93811], [-71.48484, -37.92589], [-71.48311, -37.91404], [-71.4818, -37.91146], [-71.47486, -37.91138], [-71.47179, -37.91322], [-71.47229, -37.91675], [-71.47897, -37.93173], [-71.47832, -37.93542], [-71.43949, -37.90758], [-71.42658, -37.90211], [-71.41695, -37.90341]]]}, "properties": {"composicio": "S I", "epoca": "S I", "era": "S I", "geo": "S I", "ha": 1957.78, "m2": 19577772.78, "periodo": "S I"}}, {"type": "Feature", "geometry": {"type": "Polygon", "coordinates": [[[-71.4828, -37.95461], [-71.47102, -37.94623], [-71.46703, -37.9449], [-71.4526, -37.95255], [-71.45032, -37.95081], [-71.44588, -37.94193], [-71.44316, -37.94237], [-71.44079, -37.94395], [-71.43881, -37.947], [-71.43659, -37.94629], [-71.43224, -37.9413], [-71.43178, -37.93695], [-71.42407, -37.93542], [-71.42047, -37.93681], [-71.41371, -37.9413], [-71.4122, -37.94469], [-71.41126, -37.95298], [-71.41157, -37.95812], [-71.4134, -37.96469], [-71.42321, -37.97836], [-71.43181, -37.99005], [-71.43241, -37.99349], [-71.43133, -38.00329], [-71.43286, -38.00771], [-71.45335, -38.0135], [-71.4594, -38.01845], [-71.46384, -38.02762], [-71.46685, -38.03164], [-71.47249, -38.03246], [-71.47424, -38.028], [-71.46808, -38.01641], [-71.46868, -38.01183], [-71.46798, -38.00725], [-71.46958, -38.0052], [-71.47284, -38.0033], [-71.48567, -38.00329], [-71.46628, -37.98765], [-71.4828, -37.95461]]]}, "properties": {"composicio": "Secuencias volcanicas", "epoca": "Cuaternario", "era": "CENOZOICO", "geo": "Q3i", "ha": 3662.08, "m2": 36620782.15, "periodo": "Cuaternario"}}, {"type": "Feature", "geometry": {"type": "Polygon", "coordinates": [[[-71.45652, -37.83321], [-71.42421, -37.81366], [-71.4081, -37.8342], [-71.39957, -37.81688], [-71.38127, -37.81276], [-71.36744, -37.81076], [-71.36387, -37.81078], [-71.36149, -37.81201], [-71.35762, -37.81503], [-71.35334, -37.8208], [-71.35171, -37.82521], [-71.35365, -37.83121], [-71.3568, -37.83326], [-71.35956, -37.83351], [-71.36621, -37.83108], [-71.37039, -37.82852], [-71.37819, -37.82857], [-71.38146, -37.83016], [-71.37396, -37.84522], [-71.37808, -37.85641], [-71.36639, -37.85421], [-71.36237, -37.85952], [-71.35921, -37.86227], [-71.35913, -37.86583], [-71.36093, -37.86954], [-71.36288, -37.87073], [-71.36432, -37.87067], [-71.37404, -37.86641], [-71.38853, -37.85487], [-71.3957, -37.84646], [-71.39779, -37.84524], [-71.40077, -37.84685], [-71.39755, -37.85602], [-71.3837, -37.86857], [-71.37303, -37.87641], [-71.36382, -37.87951], [-71.36262, -37.88127], [-71.36271, -37.88527], [-71.36192, -37.88645], [-71.35936, -37.88723], [-71.35528, -37.8867], [-71.35331, -37.88758], [-71.3519, -37.89564], [-71.34374, -37.89194], [-71.33832, -37.89328], [-71.33528, -37.89569], [-71.3343, -37.89871], [-71.33464, -37.90202], [-71.33723, -37.9144], [-71.33922, -37.91616], [-71.34274, -37.91466], [-71.34699, -37.91565], [-71.34985, -37.92144], [-71.35563, -37.91246], [-71.36012, -37.90771], [-71.37329, -37.90309], [-71.38257, -37.90114], [-71.39112, -37.89648], [-71.3959, -37.89182], [-71.39994, -37.88926], [-71.40272, -37.88972], [-71.40378, -37.8906], [-71.40461, -37.89492], [-71.40203, -37.89766], [-71.39572, -37.89858], [-71.39891, -37.90614], [-71.38607, -37.91624], [-71.38084, -37.92319], [-71.37168, -37.93213], [-71.35156, -37.93918], [-71.34519, -37.94412], [-71.33392, -37.95692], [-71.34033, -37.96204], [-71.34622, -37.9614], [-71.35807, -37.96272], [-71.36476, -37.96674], [-71.37016, -37.9713], [-71.38078, -37.97473], [-71.38666, -37.97409], [-71.39445, -37.97185], [-71.39838, -37.97177], [-71.40579, -37.97785], [-71.41043, -37.97983], [-71.42321, -37.97836], [-71.4134, -37.96469], [-71.41157, -37.95812], [-71.41126, -37.95298], [-71.4122, -37.94469], [-71.43263, -37.93326], [-71.41997, -37.92711], [-71.41995, -37.92435], [-71.42373, -37.91745], [-71.42436, -37.91342], [-71.41674, -37.90924], [-71.41496, -37.9037], [-71.41695, -37.90341], [-71.42144, -37.89841], [-71.42308, -37.89434], [-71.42313, -37.88781], [-71.4218, -37.885], [-71.41123, -37.87727], [-71.40753, -37.8734], [-71.40756, -37.86905], [-71.40551, -37.86362], [-71.4062, -37.8581], [-71.40767, -37.85609], [-71.41005, -37.85475], [-71.41371, -37.85564], [-71.41352, -37.86721], [-71.41496, -37.87208], [-71.41715, -37.87475], [-71.42036, -37.8752], [-71.42306, -37.87453], [-71.42509, -37.86734], [-71.42924, -37.86409], [-71.44145, -37.86283], [-71.4579, -37.86484], [-71.46309, -37.85971], [-71.47213, -37.85627], [-71.46985, -37.8519], [-71.46352, -37.84744], [-71.46118, -37.84215], [-71.44073, -37.84558], [-71.44182, -37.84025], [-71.4439, -37.83879], [-71.45003, -37.83742], [-71.45652, -37.83321]]]}, "properties": {"composicio": "Secuencias volcanicas", "epoca": "Pleistoceno", "era": "CENOZOICO", "geo": "Pl3", "ha": 9930.0, "m2": 99300043.03, "periodo": "Neogeno"}}, {"type": "Feature", "geometry": {"type": "Polygon", "coordinates": [[[-71.33392, -37.95692], [-71.34519, -37.94412], [-71.35156, -37.93918], [-71.37168, -37.93213], [-71.38084, -37.92319], [-71.38607, -37.91624], [-71.39891, -37.90614], [-71.39613, -37.90556], [-71.39421, -37.90242], [-71.3941, -37.90048], [-71.39572, -37.89858], [-71.40203, -37.89766], [-71.40461, -37.89492], [-71.40378, -37.8906], [-71.36012, -37.90771], [-71.31863, -37.96492], [-71.31548, -37.97306], [-71.31345, -37.98298], [-71.33184, -37.97302], [-71.33362, -37.96894], [-71.33392, -37.95692]]]}, "properties": {"composicio": "Secuencias volcanicas", "epoca": "Cuaternario", "era": "CENOZOICO", "geo": "Q3i", "ha": 1705.68, "m2": 17056757.14, "periodo": "Cuaternario"}}, {"type": "Feature", "geometry": {"type": "Polygon", "coordinates": [[[-71.20897, -37.78505], [-71.17156, -37.80794], [-71.16765, -37.7925], [-71.1701, -37.78726], [-71.1784, -37.77825], [-71.18413, -37.76991], [-71.18391, -37.76603], [-71.183, -37.76525], [-71.16971, -37.76517], [-71.17009, -37.76411], [-71.17627, -37.76126], [-71.17691, -37.75219], [-71.17843, -37.74847], [-71.18616, -37.74224], [-71.19083, -37.73543], [-71.19466, -37.72429], [-71.19531, -37.71785], [-71.19459, -37.70824], [-71.18872, -37.71286], [-71.18372, -37.73618], [-71.16494, -37.74884], [-71.16079, -37.75834], [-71.16033, -37.76498], [-71.16097, -37.76794], [-71.16537, -37.77155], [-71.17032, -37.77423], [-71.17289, -37.77675], [-71.17386, -37.77831], [-71.17393, -37.78197], [-71.1731, -37.7838], [-71.15332, -37.81025], [-71.13905, -37.81556], [-71.13677, -37.81742], [-71.13568, -37.82064], [-71.13784, -37.82839], [-71.14284, -37.83313], [-71.15097, -37.83532], [-71.1625, -37.83403], [-71.1657, -37.83513], [-71.16776, -37.83717], [-71.17229, -37.84741], [-71.1758, -37.85011], [-71.18045, -37.85142], [-71.19054, -37.85038], [-71.19171, -37.85083], [-71.19235, -37.85425], [-71.18955, -37.85862], [-71.18379, -37.86007], [-71.17946, -37.86013], [-71.16611, -37.85582], [-71.16682, -37.85667], [-71.16674, -37.85987], [-71.16591, -37.86112], [-71.1518, -37.85736], [-71.14394, -37.86102], [-71.11197, -37.89186], [-71.10803, -37.89849], [-71.10766, -37.90116], [-71.11266, -37.90464], [-71.11565, -37.91009], [-71.10971, -37.92738], [-71.11576, -37.94783], [-71.09936, -37.9538], [-71.09324, -37.96136], [-71.09053, -37.96276], [-71.06584, -37.96817], [-71.06827, -37.98882], [-71.05483, -37.9936], [-71.06309, -38.01657], [-71.05094, -38.02817], [-71.05526, -38.04408], [-71.04602, -38.05437], [-71.02696, -38.06082], [-71.01195, -38.07988], [-70.99233, -38.08295], [-70.98341, -38.10435], [-71.0039, -38.11189], [-71.0242, -38.11176], [-71.0433, -38.12282], [-71.02886, -38.13412], [-71.02393, -38.15046], [-71.00912, -38.15516], [-71.00989, -38.16153], [-70.99571, -38.17181], [-70.99703, -38.20085], [-71.01631, -38.20711], [-71.01851, -38.23962], [-71.02816, -38.24908], [-71.02614, -38.25047], [-71.0186, -38.25075], [-71.01606, -38.25167], [-71.00997, -38.25868], [-71.01179, -38.2803], [-70.99767, -38.29525], [-71.00359, -38.32046], [-70.99623, -38.34096], [-70.99757, -38.35334], [-70.98265, -38.3636], [-70.98656, -38.37339], [-70.98609, -38.39713], [-70.98043, -38.41415], [-70.98375, -38.42969], [-70.97547, -38.44319], [-70.95676, -38.44558], [-70.92972, -38.47224], [-70.92733, -38.48473], [-70.91025, -38.50304], [-70.86533, -38.51447], [-70.86357, -38.52468], [-70.84439, -38.53616], [-70.83506, -38.55317], [-70.83696, -38.57824], [-70.82965, -38.59975], [-70.85656, -38.57736], [-70.86311, -38.57675], [-70.86869, -38.58201], [-70.87553, -38.58139], [-70.8943, -38.55967], [-70.89722, -38.55961], [-70.89784, -38.56062], [-70.89459, -38.5718], [-70.89549, -38.57647], [-70.90646, -38.58138], [-70.90215, -38.56281], [-70.90593, -38.53032], [-70.9139, -38.5448], [-70.91507, -38.545], [-70.92789, -38.53658], [-70.92988, -38.53905], [-70.92932, -38.54375], [-70.91726, -38.56121], [-70.91676, -38.56362], [-70.91935, -38.57467], [-70.92342, -38.58625], [-70.92511, -38.58851], [-70.92805, -38.58924], [-70.92949, -38.58863], [-70.93155, -38.58515], [-70.93027, -38.57797], [-70.92618, -38.56994], [-70.92521, -38.56309], [-70.92977, -38.55623], [-70.93513, -38.5553], [-70.93822, -38.5558], [-70.94134, -38.55745], [-70.94115, -38.5642], [-70.93869, -38.57273], [-70.93891, -38.57868], [-70.95081, -38.59684], [-70.95316, -38.59736], [-70.95532, -38.59662], [-70.95895, -38.59195], [-70.96518, -38.59479], [-70.96795, -38.59472], [-70.96904, -38.59263], [-70.96915, -38.58759], [-70.97305, -38.58659], [-70.98686, -38.5929], [-70.9877, -38.59196], [-70.98748, -38.59002], [-70.98517, -38.58676], [-70.98038, -38.58344], [-70.97372, -38.58097], [-70.97199, -38.5778], [-70.98059, -38.56958], [-70.98434, -38.57235], [-70.98679, -38.57138], [-70.98774, -38.56964], [-70.98683, -38.56474], [-70.94857, -38.51183], [-70.95076, -38.51189], [-70.95476, -38.51362], [-70.96192, -38.51827], [-70.97437, -38.5316], [-70.98299, -38.54387], [-70.98707, -38.54767], [-70.9987, -38.55438], [-71.00487, -38.55962], [-71.00718, -38.56265], [-71.01099, -38.57092], [-71.01012, -38.58273], [-71.01744, -38.58737], [-71.02225, -38.59481], [-71.02677, -38.59859], [-71.02836, -38.59833], [-71.03001, -38.59565], [-71.02324, -38.58643], [-71.02273, -38.58438], [-71.02378, -38.58138], [-71.02625, -38.58098], [-71.04592, -38.5994], [-71.05255, -38.60106], [-71.06772, -38.6007], [-71.07457, -38.6014], [-71.07622, -38.59948], [-71.07593, -38.59787], [-71.07138, -38.59351], [-71.06379, -38.58191], [-71.05742, -38.57565], [-71.04761, -38.57096], [-71.03861, -38.56831], [-71.03561, -38.56621], [-71.03368, -38.56145], [-71.02582, -38.52317], [-71.02388, -38.51806], [-71.00336, -38.50344], [-71.00014, -38.49127], [-70.99981, -38.48257], [-71.00135, -38.47681], [-71.00259, -38.47495], [-71.00487, -38.47375], [-71.01873, -38.49369], [-71.03502, -38.47349], [-71.03467, -38.48724], [-71.03067, -38.50107], [-71.07335, -38.53084], [-71.07588, -38.53581], [-71.07654, -38.54175], [-71.06991, -38.55897], [-71.06961, -38.56264], [-71.07163, -38.5658], [-71.08241, -38.57286], [-71.087, -38.57836], [-71.09074, -38.58456], [-71.09225, -38.58957], [-71.09224, -38.59323], [-71.10551, -38.58924], [-71.11134, -38.58509], [-71.11564, -38.57949], [-71.11889, -38.57299], [-71.12052, -38.56609], [-71.1193, -38.54987], [-71.12183, -38.5474], [-71.12841, -38.54781], [-71.13005, -38.54513], [-71.13001, -38.52922], [-71.12752, -38.52625], [-71.12697, -38.51986], [-71.14092, -38.51127], [-71.14911, -38.50088], [-71.15294, -38.49083], [-71.15443, -38.4735], [-71.15403, -38.46344], [-71.15231, -38.45673], [-71.15, -38.45358], [-71.14909, -38.45291], [-71.13736, -38.45469], [-71.10623, -38.45591], [-71.0956, -38.45616], [-71.08989, -38.45538], [-71.0766, -38.45089], [-71.06037, -38.44177], [-71.05291, -38.44115], [-71.04503, -38.44466], [-71.04359, -38.44492], [-70.99899, -38.42136], [-70.99502, -38.41664], [-71.00829, -38.41324], [-71.01417, -38.40314], [-71.01338, -38.40144], [-71.00807, -38.39962], [-71.00597, -38.39795], [-70.99512, -38.36489], [-70.99913, -38.36319], [-71.00406, -38.36284], [-71.04152, -38.37204], [-71.04483, -38.37483], [-71.04671, -38.37833], [-71.05041, -38.41019], [-71.05415, -38.41273], [-71.05934, -38.41512], [-71.08327, -38.40516], [-71.08688, -38.41927], [-71.09443, -38.41875], [-71.09698, -38.42063], [-71.09877, -38.42551], [-71.10506, -38.42972], [-71.11902, -38.43292], [-71.1326, -38.43007], [-71.10938, -38.41736], [-71.10997, -38.38781], [-71.11215, -38.38787], [-71.11395, -38.38908], [-71.11898, -38.39503], [-71.12274, -38.40536], [-71.12665, -38.41224], [-71.14565, -38.42129], [-71.15015, -38.42094], [-71.15271, -38.41939], [-71.15833, -38.41067], [-71.15939, -38.40801], [-71.15894, -38.39302], [-71.15451, -38.39141], [-71.15238, -38.38906], [-71.14795, -38.38024], [-71.14746, -38.37522], [-71.14943, -38.36623], [-71.14009, -38.36922], [-71.13197, -38.37364], [-71.12818, -38.37362], [-71.12714, -38.37297], [-71.13241, -38.36643], [-71.13327, -38.36229], [-71.13019, -38.36178], [-71.12085, -38.36465], [-71.11835, -38.36402], [-71.11755, -38.36232], [-71.12203, -38.35786], [-71.1344, -38.35424], [-71.0862, -38.34934], [-71.08002, -38.34388], [-71.07516, -38.34228], [-71.07241, -38.34269], [-71.04974, -38.35112], [-71.02953, -38.35138], [-71.02601, -38.35065], [-71.01829, -38.3466], [-71.0602, -38.33542], [-71.05936, -38.33247], [-71.05606, -38.33002], [-71.05049, -38.3289], [-71.0384, -38.32838], [-71.02809, -38.32496], [-71.02825, -38.32164], [-71.03227, -38.31249], [-71.0317, -38.30529], [-71.02939, -38.3018], [-71.02124, -38.29398], [-71.01558, -38.28667], [-71.0182, -38.28283], [-71.01778, -38.27563], [-71.01842, -38.27321], [-71.03703, -38.27712], [-71.03789, -38.28443], [-71.03678, -38.30117], [-71.0399, -38.30682], [-71.04412, -38.31061], [-71.05954, -38.29571], [-71.06679, -38.30264], [-71.0738, -38.30339], [-71.07461, -38.30565], [-71.07163, -38.31878], [-71.072, -38.32094], [-71.08354, -38.33337], [-71.12512, -38.34382], [-71.13131, -38.34229], [-71.14748, -38.34258], [-71.14748, -38.33904], [-71.14056, -38.33336], [-71.13912, -38.33008], [-71.13943, -38.32687], [-71.14486, -38.32433], [-71.14483, -38.31265], [-71.14568, -38.30828], [-71.14667, -38.30769], [-71.15132, -38.30757], [-71.15503, -38.30565], [-71.15518, -38.295], [-71.15615, -38.29005], [-71.15483, -38.28368], [-71.16305, -38.27717], [-71.16662, -38.27548], [-71.17169, -38.27502], [-71.16515, -38.28972], [-71.16371, -38.30109], [-71.16328, -38.31564], [-71.16058, -38.32452], [-71.17523, -38.349], [-71.17521, -38.35221], [-71.16924, -38.35945], [-71.16682, -38.36444], [-71.16674, -38.36959], [-71.16816, -38.37596], [-71.18786, -38.3954], [-71.20805, -38.40497], [-71.2128, -38.39992], [-71.21457, -38.39702], [-71.23007, -38.38071], [-71.23318, -38.37148], [-71.23522, -38.36089], [-71.23662, -38.35948], [-71.28639, -38.32799], [-71.28493, -38.32093], [-71.28169, -38.31643], [-71.26377, -38.30143], [-71.26245, -38.29769], [-71.2654, -38.29533], [-71.26994, -38.29612], [-71.27514, -38.29863], [-71.28825, -38.30974], [-71.30262, -38.31967], [-71.3034, -38.32091], [-71.30428, -38.32111], [-71.30624, -38.31569], [-71.31071, -38.31133], [-71.30168, -38.30058], [-71.3086, -38.29925], [-71.30821, -38.29685], [-71.30544, -38.29303], [-71.28628, -38.29388], [-71.28403, -38.29222], [-71.28258, -38.28882], [-71.29272, -38.28088], [-71.25719, -38.26874], [-71.25505, -38.26628], [-71.25709, -38.25925], [-71.25654, -38.25663], [-71.25106, -38.25402], [-71.23598, -38.2506], [-71.23673, -38.25174], [-71.23092, -38.25532], [-71.22872, -38.25859], [-71.22744, -38.26263], [-71.22742, -38.27648], [-71.22453, -38.284], [-71.22008, -38.28903], [-71.21735, -38.2899], [-71.21237, -38.28888], [-71.21655, -38.25935], [-71.21576, -38.25777], [-71.20359, -38.25155], [-71.19998, -38.24844], [-71.19627, -38.23582], [-71.1899, -38.23266], [-71.18731, -38.22963], [-71.18615, -38.226], [-71.18049, -38.22247], [-71.17578, -38.22098], [-71.17028, -38.22158], [-71.16368, -38.22358], [-71.15441, -38.21315], [-71.15119, -38.21254], [-71.13829, -38.21309], [-71.13696, -38.21255], [-71.13557, -38.21052], [-71.13856, -38.20541], [-71.1386, -38.20266], [-71.13658, -38.19929], [-71.13234, -38.19492], [-71.12503, -38.18984], [-71.08521, -38.18495], [-71.0856, -38.1838], [-71.09527, -38.17498], [-71.09894, -38.16848], [-71.09183, -38.14598], [-71.09595, -38.13627], [-71.10535, -38.1318], [-71.10644, -38.13373], [-71.1047, -38.14487], [-71.10531, -38.15321], [-71.10799, -38.15876], [-71.11576, -38.16819], [-71.12384, -38.17429], [-71.12693, -38.17536], [-71.14223, -38.1696], [-71.1424, -38.17383], [-71.13907, -38.18147], [-71.13989, -38.18386], [-71.14691, -38.18873], [-71.16607, -38.19959], [-71.18352, -38.21129], [-71.18875, -38.21116], [-71.19496, -38.20677], [-71.19815, -38.20669], [-71.19891, -38.21114], [-71.19814, -38.21711], [-71.19867, -38.21961], [-71.21625, -38.23761], [-71.21876, -38.23869], [-71.22298, -38.23881], [-71.22426, -38.2382], [-71.22407, -38.2334], [-71.22137, -38.22065], [-71.22124, -38.2139], [-71.23658, -38.19817], [-71.23924, -38.19936], [-71.23775, -38.20558], [-71.23134, -38.21571], [-71.22953, -38.22136], [-71.23002, -38.22627], [-71.23183, -38.23149], [-71.23477, -38.23577], [-71.23629, -38.23379], [-71.23983, -38.23174], [-71.24243, -38.22768], [-71.24343, -38.21655], [-71.24317, -38.20682], [-71.24571, -38.20137], [-71.25582, -38.22493], [-71.28227, -38.23914], [-71.28295, -38.23465], [-71.28223, -38.23135], [-71.26889, -38.22471], [-71.26495, -38.2208], [-71.26368, -38.20744], [-71.26518, -38.19824], [-71.26724, -38.19521], [-71.27053, -38.1941], [-71.27686, -38.22073], [-71.30109, -38.21678], [-71.30402, -38.18603], [-71.29366, -38.18812], [-71.29134, -38.18818], [-71.28927, -38.18732], [-71.28756, -38.18462], [-71.28747, -38.18245], [-71.28794, -38.1798], [-71.29037, -38.17539], [-71.28528, -38.14701], [-71.28595, -38.14573], [-71.28904, -38.14313], [-71.29134, -38.14262], [-71.29996, -38.14412], [-71.31155, -38.14382], [-71.31379, -38.14169], [-71.31444, -38.13985], [-71.31323, -38.13541], [-71.30264, -38.12824], [-71.30005, -38.12534], [-71.2983, -38.11473], [-71.296, -38.10803], [-71.30621, -38.0851], [-71.30623, -38.07869], [-71.30286, -38.07431], [-71.28784, -38.06852], [-71.2816, -38.06845], [-71.27392, -38.07196], [-71.27003, -38.07241], [-71.2598, -38.05974], [-71.23233, -38.05436], [-71.22295, -38.05528], [-71.21752, -38.05713], [-71.21477, -38.0572], [-71.20064, -38.05172], [-71.19893, -38.05256], [-71.19353, -38.05888], [-71.1918, -38.05904], [-71.1879, -38.05582], [-71.18513, -38.0552], [-71.18199, -38.05654], [-71.17396, -38.06235], [-71.1607, -38.06793], [-71.16326, -38.07028], [-71.16453, -38.07311], [-71.16334, -38.076], [-71.1596, -38.07679], [-71.15246, -38.0757], [-71.15048, -38.07689], [-71.16044, -38.09439], [-71.16154, -38.1002], [-71.15915, -38.10198], [-71.15641, -38.10228], [-71.15389, -38.10097], [-71.14735, -38.09334], [-71.14408, -38.09114], [-71.13874, -38.09549], [-71.13443, -38.0964], [-71.13326, -38.09621], [-71.11311, -38.08513], [-71.11352, -38.08089], [-71.11847, -38.07756], [-71.12307, -38.07665], [-71.12631, -38.05939], [-71.1315, -38.05514], [-71.14616, -38.04826], [-71.14909, -38.04544], [-71.14844, -38.03996], [-71.14507, -38.03523], [-71.14396, -38.03205], [-71.09257, -38.035], [-71.09375, -38.0318], [-71.11436, -38.02298], [-71.11817, -38.0182], [-71.12056, -38.00951], [-71.12246, -38.00711], [-71.163, -38.01536], [-71.14808, -37.98402], [-71.15587, -37.96978], [-71.15833, -37.96705], [-71.16321, -37.96619], [-71.17019, -37.96674], [-71.17373, -37.96536], [-71.17438, -37.96143], [-71.173, -37.95759], [-71.17113, -37.95525], [-71.16449, -37.95045], [-71.16329, -37.94728], [-71.1708, -37.94438], [-71.17258, -37.94271], [-71.17253, -37.94169], [-71.1671, -37.93535], [-71.1664, -37.92971], [-71.16772, -37.92846], [-71.17183, -37.91937], [-71.17655, -37.91336], [-71.15816, -37.8745], [-71.15768, -37.87121], [-71.15961, -37.86941], [-71.16856, -37.87952], [-71.17366, -37.87499], [-71.17771, -37.87506], [-71.17922, -37.87615], [-71.18093, -37.89374], [-71.18268, -37.89906], [-71.18467, -37.90093], [-71.19109, -37.90436], [-71.19877, -37.91463], [-71.24719, -37.9415], [-71.26007, -37.95638], [-71.26121, -37.96103], [-71.26164, -37.97099], [-71.26437, -37.97582], [-71.2681, -37.97763], [-71.27337, -37.97858], [-71.27588, -37.98193], [-71.27757, -37.98622], [-71.28004, -38.01111], [-71.27317, -38.04301], [-71.27351, -38.0477], [-71.27586, -38.05211], [-71.31962, -38.06953], [-71.34132, -38.07183], [-71.34391, -38.07152], [-71.34589, -38.07033], [-71.35019, -38.06564], [-71.32875, -38.04868], [-71.33137, -38.04186], [-71.33058, -38.03695], [-71.32475, -38.02921], [-71.31089, -38.01628], [-71.30844, -38.01302], [-71.30802, -38.01], [-71.30978, -38.0033], [-71.30075, -37.99651], [-71.30141, -37.98968], [-71.30015, -37.96591], [-71.30103, -37.96106], [-71.30502, -37.95518], [-71.314, -37.95038], [-71.31635, -37.94595], [-71.31417, -37.8772], [-71.31274, -37.87746], [-71.30354, -37.86842], [-71.3038, -37.8605], [-71.31225, -37.84954], [-71.31036, -37.84434], [-71.31032, -37.83391], [-71.30808, -37.83022], [-71.30691, -37.82992], [-71.29497, -37.83082], [-71.31857, -37.80703], [-71.32009, -37.79358], [-71.31995, -37.78636], [-71.31797, -37.78209], [-71.31527, -37.78046], [-71.31283, -37.78067], [-71.31216, -37.78161], [-71.30869, -37.78885], [-71.30558, -37.79984], [-71.30232, -37.80351], [-71.29653, -37.80808], [-71.28457, -37.82605], [-71.28093, -37.82801], [-71.26599, -37.82959], [-71.25847, -37.83301], [-71.2558, -37.82786], [-71.25355, -37.82672], [-71.25338, -37.82387], [-71.25479, -37.82073], [-71.26177, -37.81165], [-71.26472, -37.80524], [-71.26139, -37.76023], [-71.26564, -37.74897], [-71.23999, -37.74212], [-71.24124, -37.76635], [-71.23642, -37.77283], [-71.23334, -37.77947], [-71.22621, -37.78603], [-71.22326, -37.79255], [-71.22162, -37.79422], [-71.21745, -37.79448], [-71.21495, -37.79366], [-71.21281, -37.79167], [-71.20897, -37.78505]], [[-71.27702, -37.94067], [-71.27351, -37.92507], [-71.2717, -37.92141], [-71.27475, -37.90453], [-71.28288, -37.9313], [-71.28223, -37.93501], [-71.28298, -37.94001], [-71.27702, -37.94067]], [[-70.89295, -38.54242], [-70.87889, -38.53666], [-70.87935, -38.53322], [-70.88553, -38.52655], [-70.88783, -38.52559], [-70.89384, -38.52659], [-70.89295, -38.54242]], [[-71.08142, -38.09246], [-71.08142, -38.09245], [-71.08285, -38.09043], [-71.08385, -38.08956], [-71.08287, -38.09041], [-71.08142, -38.09246]], [[-71.08661, -38.08937], [-71.08668, -38.08938], [-71.08668, -38.08938], [-71.08661, -38.08937]], [[-71.1143, -38.09646], [-71.11511, -38.09654], [-71.11561, -38.09684], [-71.11618, -38.09718], [-71.11512, -38.09655], [-71.1143, -38.09646]], [[-71.11618, -38.09718], [-71.11619, -38.09718], [-71.11713, -38.098], [-71.11714, -38.09801], [-71.11618, -38.09718]], [[-71.16535, -38.10944], [-71.17715, -38.10232], [-71.16535, -38.10944]], [[-71.26152, -38.09639], [-71.26309, -38.0968], [-71.26309, -38.0968], [-71.26152, -38.09639]], [[-71.29039, -38.10897], [-71.2936, -38.10823], [-71.29383, -38.10809], [-71.29358, -38.10824], [-71.29039, -38.10897]], [[-71.29476, -38.1075], [-71.29588, -38.10099], [-71.29634, -38.10543], [-71.29571, -38.1069], [-71.29476, -38.1075]], [[-71.26549, -38.09883], [-71.26464, -38.09768], [-71.26347, -38.09701], [-71.26347, -38.09701], [-71.26462, -38.09765], [-71.26538, -38.09868], [-71.26549, -38.09883]], [[-71.26549, -38.09883], [-71.26554, -38.09889], [-71.26593, -38.09973], [-71.26758, -38.10311], [-71.26549, -38.09883]]]}, "properties": {"composicio": "Secuencias volcanicas", "epoca": "Plioceno Pleistoceno", "era": "CENOZOICO", "geo": "PPl3", "ha": 146239.01, "m2": 1462390102.87, "periodo": "Neogeno"}}, {"type": "Feature", "geometry": {"type": "Polygon", "coordinates": [[[-71.31417, -37.8772], [-71.31734, -37.87454], [-71.31829, -37.87107], [-71.31677, -37.85739], [-71.31787, -37.85139], [-71.34104, -37.80528], [-71.33816, -37.8055], [-71.32653, -37.81647], [-71.3038, -37.8605], [-71.30354, -37.86842], [-71.31274, -37.87746], [-71.31417, -37.8772]]]}, "properties": {"composicio": "Secuencias sedimentarias", "epoca": "Pleistoceno Holoceno", "era": "CENOZOICO", "geo": "Q1", "ha": 622.95, "m2": 6229528.65, "periodo": "Cuaternario"}}, {"type": "Feature", "geometry": {"type": "Polygon", "coordinates": [[[-71.27702, -37.94067], [-71.28298, -37.94001], [-71.28223, -37.93501], [-71.28288, -37.9313], [-71.27475, -37.90453], [-71.2717, -37.92141], [-71.27351, -37.92507], [-71.27702, -37.94067]]]}, "properties": {"composicio": "S I", "epoca": "S I", "era": "S I", "geo": "S I", "ha": 215.09, "m2": 2150915.99, "periodo": "S I"}}, {"type": "Feature", "geometry": {"type": "Polygon", "coordinates": [[[-71.17253, -37.94169], [-71.17258, -37.94271], [-71.1708, -37.94438], [-71.16329, -37.94728], [-71.16449, -37.95045], [-71.17113, -37.95525], [-71.173, -37.95759], [-71.17438, -37.96143], [-71.17373, -37.96536], [-71.17019, -37.96674], [-71.16321, -37.96619], [-71.15833, -37.96705], [-71.15587, -37.96978], [-71.14808, -37.98402], [-71.163, -38.01536], [-71.17437, -38.02138], [-71.20425, -38.02623], [-71.21607, -38.0303], [-71.23386, -38.04745], [-71.23776, -38.04838], [-71.2473, -38.0482], [-71.25238, -38.04605], [-71.25835, -38.04046], [-71.25997, -38.03612], [-71.26031, -38.02959], [-71.25655, -38.01045], [-71.25728, -37.99681], [-71.2556, -37.99251], [-71.24821, -37.98718], [-71.2468, -37.98517], [-71.24594, -37.98279], [-71.24525, -37.97045], [-71.23749, -37.96889], [-71.23343, -37.96628], [-71.22708, -37.95655], [-71.22416, -37.95368], [-71.22017, -37.95211], [-71.21434, -37.95141], [-71.19608, -37.94359], [-71.19067, -37.94252], [-71.17253, -37.94169]]]}, "properties": {"composicio": "Secuencias volcanicas", "epoca": "Mioceno Inferior Medio", "era": "CENOZOICO", "geo": "M3i", "ha": 7388.39, "m2": 73883885.22, "periodo": "Neogeno"}}, {"type": "Feature", "geometry": {"type": "Polygon", "coordinates": [[[-71.1762, -37.91224], [-71.21292, -37.93931], [-71.2491, -37.94693], [-71.24927, -37.94498], [-71.24719, -37.9415], [-71.19877, -37.91463], [-71.19109, -37.90436], [-71.18467, -37.90093], [-71.18268, -37.89906], [-71.18093, -37.89374], [-71.17922, -37.87615], [-71.17771, -37.87506], [-71.17366, -37.87499], [-71.16856, -37.87952], [-71.15961, -37.86941], [-71.15768, -37.87121], [-71.15816, -37.8745], [-71.1762, -37.91224]]]}, "properties": {"composicio": "Secuencias volcanicas", "epoca": "Cuaternario", "era": "CENOZOICO", "geo": "Q3i", "ha": 1355.16, "m2": 13551574.06, "periodo": "Cuaternario"}}]}