FID,Shape *,Sample,UTM_N,UTM_E,COTA_M,Litology,Lithocode,Cl_ppm,K__,K,Ca_ppm,Ti__,Ti,V_ppm,Cr_ppm,Mn_,Mn,Fe__,Fe,Y_ppm,Y_pond,Ce_ppm,Th_ppm,La_ppm,Pr_ppm,Nd_ppm,TLC_REO_P3,Obs,SEGMENTO,FLAG_OUTLIER,Th_ppm_cens,La_ppm_cens,Pr_ppm_cens,Ce_ppm_cens,Nd_ppm_cens,Y_ppm_cens,FLAG_DUPLICADO,Litology_STD
0,Point ZM,CEBS-01A,5939656,688648,270.0,Sedimento fino (GBt),GB,1.0,1.3539,13539.0,2625.0,0.393,3930.0,137.0,69.0,0.0831,831.0,3.5287,35287.0,57.8,87.278,100.0,102.0,54.0,180.0,455.0,,Granito Gbt, ,,0,0,0,0,0,0,,Sedimento Fino
1,Point ZM,CEBS-01B,5939656,688648,270.0,Sedimento grueso (GBt),GB,1.0,1.5759,15759.0,3826.0,0.4015,4015.0,138.0,47.0,0.076,760.0,3.687,36870.0,58.9,88.939,58.0,10.1,51.0,121.0,302.0,, , ,,0,0,0,0,0,0,,Sedimento Grueso
2,Point ZM,CEBS-02,5939650,688641,273.0,Granito de Biotita,GB,1.0,1.0749,10749.0,419.0,0.3612,3612.0,95.0,42.0,0.0818,818.0,3.0902,30902.0,107.6,162.476,0.5,5.6,90.0,106.0,203.0,,Grano grueso, ,,0,0,0,1,0,0,,Granito de Biotita
3,Point ZM,CEBS-03,5939582,688700,262.0,Granito de Biotita,GB,1.0,1.2,12000.0,1.0,0.65,6500.0,164.0,196.0,0.15,1500.0,5.27,52700.0,40.1,60.551,108.0,15.4,0.5,109.0,287.0,,Antes JCBS-01, ,,0,1,0,0,0,0,,Granito de Biotita
4,Point ZM,CEBS-04,5939583,688700,263.0,Tonalita de Bt,TON,1.0,1.21,12100.0,1.0,0.76,7600.0,149.0,71.0,0.1,1000.0,6.08,60800.0,44.5,67.195,57.0,5.5,44.0,142.0,378.0,,Antes JCBS-02, ,,0,0,0,0,0,0,,Tonalita de Biotita
5,Point ZM,CEBS-05,5939570,688703,273.0,Granito de Biotita,GB,1.0,1.2,12000.0,209.0,0.3,3000.0,85.0,70.0,0.07,700.0,2.35,23500.0,26.7,40.317,66.0,20.7,43.0,193.0,469.0,,Antes JCBS-03, ,,0,0,0,0,0,0,,Granito de Biotita
6,Point ZM,CEBS-06,5939630,688622,272.0,Granito de Biotita,GB,1.0,0.7,7000.0,1.0,0.38,3800.0,97.0,24.0,0.04,400.0,3.56,35600.0,19.5,29.445,99.0,15.6,0.5,163.0,444.0,,Antes JCBS-04, ,,0,1,0,0,0,0,,Granito de Biotita
7,Point ZM,CELCBS-01,5932035,680310,122.0,Granito de Biotita,GB,1.0,2.2771,22771.0,1.0,0.0183,183.0,15.2,1.0,0.0026,26.0,0.7222,7222.0,2.8,4.228,0.5,6.8,0.5,80.0,118.0,, , ,,0,1,0,1,0,0,,Granito de Biotita
8,Point ZM,CELCBS-02,5932059,680167,98.0,Granito de Biotita,GB,1.0,1.7796,17796.0,1.0,0.3385,3385.0,67.0,1.0,0.0421,421.0,3.6844,36844.0,19.7,29.747,83.0,25.2,41.0,54.0,121.0,, , ,,0,0,0,0,0,0,,Granito de Biotita
9,Point ZM,CLAP-01,5929681,678852,113.0,Granito de Biotita,GB,1.0,3.1863,31863.0,1.0,0.0254,254.0,29.0,1.0,0.0051,51.0,1.0888,10888.0,3.3,4.983,0.5,3.4,0.5,83.0,161.0,,Cantera Landa columna, ,,0,1,0,1,0,0,,Granito de Biotita
10,Point ZM,CLAP-02,5929681,678852,113.0,Granito de Biotita,GB,1.0,2.252,22520.0,1.0,0.0174,174.0,23.8,16.0,0.0059,59.0,0.6694,6694.0,2.3,3.473,0.5,3.1,0.5,124.0,299.0,,Cantera Landa columna, ,,0,1,0,1,0,0,,Granito de Biotita
11,Point ZM,CLAP-03,5929681,678852,113.0,Granito de Biotita,GB,1.0,1.2857,12857.0,1.0,0.3064,3064.0,58.0,1.0,0.0334,334.0,3.4805,34805.0,12.3,18.573,87.0,26.8,58.0,135.0,293.0,,Cantera Landa columna, ,,0,0,0,0,0,0,,Granito de Biotita
12,Point ZM,CLBS-01,5929778,679099,123.0,Granito de Biotita,GB,1.0,0.6147,6147.0,1.0,0.1576,1576.0,64.0,31.0,0.046,460.0,2.8008,28008.0,40.2,60.702,61.0,20.1,50.0,0.5,97.0,,"Cantera Landa, saprolito blanquecino, zona rocosa", ,,0,0,1,0,0,0,,Granito de Biotita
13,Point ZM,CLBS-02,5929798,679090,144.0,Suelo,SOIL,1.0,1.0958,10958.0,1.0,0.4833,4833.0,95.0,46.0,0.0156,156.0,5.9498,59498.0,11.6,17.516,0.5,17.7,0.5,0.5,0.5,,"Cantera Landa, saprolito rojizo", ,,0,1,1,1,1,0,,Suelo
14,Point ZM,CLBS-03,5929811,679088,144.0,Roca Micacea,RXM,1.0,1.3806,13806.0,1.0,0.4369,4369.0,113.0,90.0,0.0438,438.0,6.9125,69125.0,24.3,36.693,0.5,23.8,0.5,219.0,465.0,,"Cantera Landa, saprolito rojizo oscuro", ,,0,1,0,1,0,0,,Roca Micacea
15,Point ZM,CLBS-04,5929819,679116,140.0,Zona de falla,ZFA,1.0,1.6494,16494.0,1.0,0.2275,2275.0,54.0,61.0,0.0179,179.0,1.844,18440.0,22.1,33.371,64.0,14.6,0.5,0.5,0.5,,"Cantera Landa, zona de falla N25W/70NE con arc blanca en caja MP", ,,0,1,1,0,1,0,,Zona de Falla
16,Point ZM,CLBS-05,5929762,679089,107.0,Metapelita,MP,1.0,1.7966,17966.0,2552.0,0.3804,3804.0,75.0,63.0,0.0554,554.0,5.9488,59488.0,15.0,22.65,0.5,19.5,0.5,222.0,504.0,,"Cantera Landa, roca fresca", ,,0,1,0,1,0,0,,Metapelita
17,Point ZM,CLBS-06,5929714,679071,109.0,Suelo,SOIL,1.0,0.6228,6228.0,1.0,0.697,6970.0,98.0,51.0,0.0234,234.0,6.6884,66884.0,22.1,33.371,0.5,18.1,0.5,120.0,126.0,,"Cantera Landa, suelo orgánico protolito metapelitico", ,,0,1,0,1,0,0,,Suelo
18,Point ZM,CLBS-07A,5929681,678852,113.0,Zona de falla,ZF,1.0,2.0394,20394.0,1.0,0.3617,3617.0,88.0,57.0,0.3218,3218.0,4.1602,41602.0,65.0,98.15,0.5,39.0,0.5,0.5,115.0,,"Cantera Landa, zona de falla con Lim y aumento de micas", ,,0,1,1,1,0,0,,Zona de Falla
19,Point ZM,CLBS-07B,5929681,678852,113.0,Granito de Biotita,GB,1.0,2.2046,22046.0,1.0,0.028,280.0,49.0,20.0,0.0131,131.0,1.1638,11638.0,19.6,29.596,0.5,0.5,43.0,61.0,151.0,,"Cantera Landa, saprolito blanquecino", ,,1,0,0,1,0,0,,Granito de Biotita
20,Point ZM,CLBS-08,5929671,678845,117.0,Granito de Biotita,GB,1.0,3.2245,32245.0,1.0,0.0209,209.0,29.6,1.0,0.0053,53.0,0.9457,9457.0,3.8,5.738,0.5,4.0,0.5,0.5,0.5,,"Cantera Landa, saprolito blanco amarillento", ,,0,1,1,1,1,0,,Granito de Biotita
21,Point ZM,CLBS-09,5929677,678859,119.0,Falla,FA,1.0,1.6282,16282.0,1.0,0.7782,7782.0,168.0,155.0,0.09,900.0,8.8472,88472.0,34.6,52.246,129.0,50.0,0.5,233.0,525.0,,"Cantera Landa, saprolito contacto por falla, material limonítico rojizo", ,,0,1,0,0,0,0,,Zona de Falla
22,Point ZM,CLBS-10,5929689,678866,115.0,Metapelita,MP,1.0,1.0461,10461.0,1.0,0.2918,2918.0,101.0,127.0,0.7868,7868.0,16.0063,160063.0,24.5,36.995,91.0,12.6,56.0,247.0,732.0,,"Cantera Landa, roca", ,Fe_ALTO(16.0063%),0,0,0,0,0,0,,Metapelita
23,Point ZM,CLBS-11,5929705,678947,100.0,Metapelita,MP,1.0,2.2931,22931.0,527.0,0.7393,7393.0,175.0,171.0,0.0632,632.0,10.1195,101195.0,28.7,43.337,129.0,21.2,51.0,258.0,590.0,,"Cantera Landa, roca de la base de la cantera, bajo el NF (manantial)", ,,0,0,0,0,0,0,,Metapelita
24,Point ZM,CLBS-12,5929681,679354,129.0,Granito de Biotita,GB,1.0,1.4878,14878.0,1261.0,0.205,2050.0,91.0,43.0,0.0269,269.0,2.8681,28681.0,15.5,23.405,80.0,19.2,0.5,65.0,188.0,, , ,,0,1,0,0,0,0,,Granito de Biotita
25,Point ZM,CMWBS-01,5932801,681039,169.0,Granito de Biotita,GB,1.0,2.6936,26936.0,1.0,0.1813,1813.0,105.0,22.0,0.0056,56.0,0.7633,7633.0,1.9,2.869,0.5,15.1,0.5,86.0,218.0,,"Cantera Madesal W columna 1, saprolito amarillo", ,,0,1,0,1,0,0,,Granito de Biotita
26,Point ZM,CMWBS-02,5932801,681039,169.0,Granito de Biotita,GB,1.0,1.521,15210.0,1.0,0.1542,1542.0,74.0,1.0,0.0043,43.0,2.9044,29044.0,0.5,1.51,0.5,7.6,0.5,0.5,0.5,,"Cantera Madesal W columna 1, saprolito amarillo", ,,0,1,1,1,1,1,,Granito de Biotita
27,Point ZM,CMWBS-03,5932801,681039,169.0,Granito de Biotita,GB,1.0,1.9979,19979.0,235.0,0.139,1390.0,111.0,18.0,0.005,50.0,0.9107,9107.0,2.5,3.775,0.5,15.4,0.5,0.5,0.5,,"Cantera Madesal W columna 1, saprolito amarillo", ,,0,1,1,1,1,0,,Granito de Biotita
28,Point ZM,CURM-01,5877984,678902,282.0,Granito de Biotita,GB,20.0,0.7651,7651.0,9809.0,0.4503,4503.0,104.0,2.0,0.0691,691.0,4.7617,47617.0,9.3,14.043,20.0,0.5,15.0,63.0,151.0,, , ,,1,0,0,0,0,0,,Granito de Biotita
29,Point ZM,CVBS-01,5928452,677929,31.0,Granito de Biotita,GB,1.0,0.7385,7385.0,4941.0,0.1568,1568.0,63.0,22.0,0.0293,293.0,2.1437,21437.0,13.9,20.989,86.0,26.6,42.0,75.0,216.0,,Camino vertedero, ,,0,0,0,0,0,0,,Granito de Biotita
30,Point ZM,CVBS-02,5928734,678075,61.0,Granito de Biotita,GB,1.0,1.3105,13105.0,3355.0,0.2037,2037.0,65.0,1.0,0.0284,284.0,3.386,33860.0,7.2,10.872,75.0,18.3,0.5,105.0,247.0,,Camino vertedero, ,,0,1,0,0,0,0,,Granito de Biotita
31,Point ZM,CVBS-03,5928710,678587,150.0,Granito de Biotita,GB,1.0,1.7407,17407.0,1.0,0.5757,5757.0,91.0,26.0,0.0283,283.0,5.4837,54837.0,16.7,25.217,61.0,30.0,0.5,0.5,0.5,,"Camino vertedero, grano medio y qz 10-15%", ,,0,1,1,0,1,0,,Granito de Biotita
32,Point ZM,CVBS-04,5928938,679659,190.0,Granito de biotita o tonalita?,GB,1.0,1.565,15650.0,1.0,0.4733,4733.0,97.0,31.0,0.0297,297.0,4.8081,48081.0,23.5,35.485,58.0,24.0,0.5,0.5,0.5,,"Camino vertedero, grano medio y qz <10-15%", ,,0,1,1,0,1,0,,Granito de Biotita
33,Point ZM,eeae-01,5936566,690490,302.0,Granito de Biotita,GB,1.0,0.6447,6447.0,1.0,0.6098,6098.0,97.0,72.0,0.0445,445.0,5.2665,52665.0,12.4,18.724,68.0,8.4,0.5,0.5,0.5,, , ,,0,1,1,0,1,0,,Granito de Biotita
34,Point ZM,eeae-02,5935765,690060,307.0,Granito de Biotita,GB,1.0,0.9798,9798.0,1.0,0.3429,3429.0,82.0,126.0,0.0371,371.0,3.5318,35318.0,17.0,25.67,63.0,20.8,0.5,60.0,0.5,, , ,,0,1,0,0,1,0,,Granito de Biotita
35,Point ZM,eeae-02b,5935765,690060,307.0,Granito de Biotita,GB,1.0,0.8028,8028.0,280.0,0.3294,3294.0,64.0,1.0,0.0146,146.0,3.6423,36423.0,8.4,12.684,0.5,12.8,0.5,96.0,269.0,, , ,,0,1,0,1,0,0,,Granito de Biotita
36,Point ZM,eeae-02c,5935765,690060,307.0,Granito de Biotita,GB,1.0,1.4088,14088.0,1.0,0.4219,4219.0,111.0,175.0,0.0518,518.0,4.0911,40911.0,40.1,60.551,95.0,45.1,71.0,84.0,197.0,, , ,,0,0,0,0,0,0,,Granito de Biotita
37,Point ZM,eeae-02d,5935765,690060,307.0,Granito de Biotita,GB,1.0,1.1425,11425.0,1.0,0.2319,2319.0,94.0,59.0,0.0275,275.0,2.2038,22038.0,22.5,33.975,67.0,14.0,51.0,0.5,0.5,, , ,,0,0,1,0,1,0,,Granito de Biotita
38,Point ZM,eeae-03,5935161,689508,298.0,Granito de Biotita,GB,1.0,1.1407,11407.0,1.0,0.4466,4466.0,83.0,31.0,0.0546,546.0,4.3888,43888.0,9.7,14.647,0.5,28.1,0.5,0.5,0.5,, , ,,0,1,1,1,1,0,,Granito de Biotita
39,Point ZM,eeae-03b,5935107,689494,295.0,Granito de Biotita,GB,1.0,1.2646,12646.0,1.0,1.0198,10198.0,141.0,109.0,0.1441,1441.0,9.8741,98741.0,13.5,20.385,0.5,11.6,0.5,0.5,0.5,, , ,,0,1,1,1,1,0,,Granito de Biotita
40,Point ZM,eeae-03c,5935107,689494,295.0,Granito de Biotita,GB,1.0,1.3684,13684.0,1.0,0.3662,3662.0,97.0,52.0,0.0468,468.0,3.6658,36658.0,6.1,9.211,0.5,21.9,0.5,0.5,0.5,, , ,,0,1,1,1,1,0,,Granito de Biotita
41,Point ZM,eeae-04,5934803,689303,279.0,Granito de Biotita,GB,1.0,1.1866,11866.0,1.0,0.3648,3648.0,90.0,1.0,0.0426,426.0,3.8828,38828.0,9.5,14.345,0.5,13.5,0.5,0.5,0.5,, , ,,0,1,1,1,1,0,,Granito de Biotita
42,Point ZM,eeae-04b,5934762,689218,260.0,Granito de Biotita,GB,1.0,1.2254,12254.0,1.0,0.6083,6083.0,106.0,55.0,0.144,1440.0,5.941,59410.0,25.7,38.807,99.0,18.5,41.0,0.5,0.5,, , ,,0,0,1,0,1,0,,Granito de Biotita
43,Point ZM,eeae-05,5934482,690914,286.0,Granito de Biotita,GB,1.0,0.8667,8667.0,1.0,0.4194,4194.0,82.0,29.0,0.0331,331.0,4.3457,43457.0,21.4,32.314,0.5,11.9,0.5,0.5,0.5,, , ,,0,1,1,1,1,0,,Granito de Biotita
44,Point ZM,eeae-06,5935786,691117,259.0,Granito de Biotita,GB,1.0,1.0795,10795.0,1.0,0.2403,2403.0,59.0,81.0,0.0687,687.0,2.7981,27981.0,16.8,25.368,60.0,13.1,0.5,57.0,186.0,, , ,,0,1,0,0,0,0,,Granito de Biotita
45,Point ZM,eeae-06b,5935786,691117,259.0,Dique aplítico,DA,1.0,1.9736,19736.0,1.0,0.0504,504.0,81.0,67.0,0.0095,95.0,0.2746,2746.0,16.0,24.16,0.5,31.7,0.5,81.0,175.0,, , ,,0,1,0,1,0,0,,Dique Aplitico
46,Point ZM,eeae-06c,5935786,691117,259.0,Granito de Biotita,GB,1.0,1.9277,19277.0,1.0,0.2253,2253.0,80.0,172.0,0.0512,512.0,1.9916,19916.0,23.9,36.089,0.5,12.0,0.5,56.0,108.0,, , ,,0,1,0,1,0,0,,Granito de Biotita
47,Point ZM,eeae-07,5937648,691685,272.0,Granito de Biotita,GB,1.0,0.9407,9407.0,1.0,0.368,3680.0,54.0,75.0,0.0376,376.0,4.0878,40878.0,27.5,41.525,0.5,8.8,0.5,0.5,0.5,, , ,,0,1,1,1,1,0,,Granito de Biotita
48,Point ZM,eeae-07b,5937648,691685,272.0,Granito de Biotita,GB,1.0,0.8103,8103.0,1.0,0.5721,5721.0,91.0,48.0,0.1293,1293.0,5.4784,54784.0,41.2,62.212,0.5,6.4,0.5,0.5,0.5,, , ,,0,1,1,1,1,0,,Granito de Biotita
49,Point ZM,eeae-08,5938364,692164,286.0,Granito de Biotita,GB,1.0,0.9026,9026.0,1.0,0.6396,6396.0,92.0,19.0,0.0332,332.0,5.4358,54358.0,33.6,50.736,0.5,8.0,0.5,61.0,111.0,, , ,,0,1,0,1,0,0,,Granito de Biotita
50,Point ZM,JC_Bolon_insitu,5937692,690796,312.0,Granito de Biotita,GB,733.11,0.550776,5507.76,5449.88,0.481443,4814.43,1.0,1.0,0.0,0.0,5.244933,52449.33,10.07,15.2057,160.25,8.28,102.18,200.0,373.2,,", Niton", ,,0,0,0,0,0,0,,Granito de Biotita
51,Point ZM,JC-AB-01,5937680,690625,339.0,Granodiorita,GRD,1.0,1.0185,10185.0,1.0,0.5422,5422.0,153.0,70.0,0.1052,1052.0,5.183,51830.0,84.4,127.444,65.0,9.6,0.5,0.5,0.5,,"Ox Negros + Micas, grano grueso, color pardo rojizo y abundante Qz", ,,0,1,1,0,1,0,,Granodiorita
52,Point ZM,JC-AB-02,5937666,690628,344.0,Roca Micacea,RXM,1.0,0.6443,6443.0,1.0,0.518,5180.0,103.0,27.0,0.1045,1045.0,6.3051,63051.0,85.5,129.105,0.5,0.5,0.5,0.5,0.5,,Micas grises, ,,1,1,1,1,1,0,,Roca Micacea
53,Point ZM,JC-AB-04,5937662,690626,344.0,Granodiorita,GRD,529.0,1.0916,10916.0,1.0,0.5078,5078.0,116.0,56.0,0.119,1190.0,4.5447,45447.0,104.1,157.191,0.5,17.2,0.5,0.5,0.5,,"Ox Negros + Micas, grano grueso, color pardo rojizo y abundante Qz", ,,0,1,1,1,1,0,,Granodiorita
54,Point ZM,JC-AB-05,5937645,690630,345.0,Aplita,APL,1.0,1.3861,13861.0,1.0,0.067,670.0,57.0,24.0,0.0222,222.0,0.6973,6973.0,52.9,79.879,52.0,9.9,0.5,0.5,0.5,,Dique fino, ,,0,1,1,0,1,0,,Aplita
55,Point ZM,JC-AB-06,5937645,690630,344.0,Granodiorita,GRD,1.0,0.921,9210.0,1.0,0.5184,5184.0,132.0,56.0,0.2082,2082.0,5.3749,53749.0,101.0,152.51,66.0,32.9,50.0,0.5,113.0,,"Ox Negros + Micas, grano grueso, color pardo rojizo y abundante Qz", ,,0,0,1,0,0,0,,Granodiorita
56,Point ZM,JC-AB-07,5937638,690630,344.0,Roca Micacea,RXM,1.0,0.7045,7045.0,1.0,0.2777,2777.0,62.0,26.0,0.105,1050.0,2.8907,28907.0,38.8,58.588,47.0,10.4,0.5,0.5,84.0,,"Ox Negros + Micas, grano grueso, color pardo rojizo y abundante Qz", ,,0,1,1,0,0,0,,Roca Micacea
57,Point ZM,JC-AB-08,5937638,690630,345.0,Tonalita,TON,270.0,1.998,19980.0,280.0,0.142,1420.0,68.0,27.0,0.0154,154.0,1.212,12120.0,17.5,26.425,0.5,15.1,0.5,0.5,0.5,,Grano medio, ,,0,1,1,1,1,0,,Tonalita
58,Point ZM,JCAE-01a,5936829,691362,243.0,Granito de Biotita,GB,1.0,1.3821,13821.0,642.0,0.465,4650.0,104.0,38.0,0.1135,1135.0,3.3557,33557.0,37.8,57.078,59.0,20.8,0.5,133.0,308.0,,Grano grueso con cumulos de 5-10 mm de óxidos negros, ,,0,1,0,0,0,0,,Granito de Biotita
59,Point ZM,JCAE-01b,5936829,691362,243.0,, ,1.0,0.7443,7443.0,13637.0,0.5835,5835.0,114.0,75.0,0.1095,1095.0,9.271,92710.0,43.2,65.232,0.5,0.5,0.5,64.0,150.0,, , ,,1,1,0,1,0,0,,SIN_ASIGNAR
60,Point ZM,JCBS-05,5937638,690633,285.0,Aplita,AP,606.24,1.83724,18372.4,1298.8,0.0,0.0,1.0,1.0,0.0,0.0,1.771811,17718.11,8.31,12.7143,0.5,0.5,0.5,0.5,0.5,,"Dique grano medio N30W/42SW, Niton", ,,1,1,1,1,1,0,,Aplita
61,Point ZM,JCBS-06,5937583,690651,325.0,Granito de Biotita,GB,736.27,0.428637,4286.37,256.36,0.424797,4247.97,1.0,1.0,0.0,0.0,6.154398,61543.98,9.89,15.1317,0.5,0.5,0.5,0.5,0.5,,"Enclaves roca micacea fina en GRD (Bt), Niton", ,,1,1,1,1,1,0,,Granito de Biotita
62,Point ZM,JCBS-07,5937584,690684,323.0,Roca Micacea,RXM,692.58,0.702221,7022.21,365.77,0.763477,7634.77,1.0,1.0,0.0,0.0,6.79448,67944.8,25.72,39.3516,151.22,0.5,129.16,195.56,296.8,,"Enclaves roca micacea fina en GRD (Bt), abundante Ox negros y OxFe, Niton", ,,1,0,0,0,0,0,,Roca Micacea
63,Point ZM,JCBS-08,5937584,690684,323.0,Granito de Biotita,GB,495.02,0.668556,6685.56,1.0,0.466443,4664.43,1.0,1.0,0.0,0.0,5.58726,55872.6,24.69,37.7757,97.0,0.5,86.42,94.78,224.66,,"Zona de enclaves micaceos, Niton", ,,1,0,0,0,0,0,,Granito de Biotita
64,Point ZM,JCBS-09,5937584,690684,323.0,Granodiorita,GRD,505.64,1.192271,11922.71,1.0,0.219949,2199.49,1.0,1.0,0.0,0.0,3.129563,31295.63,47.11,72.0783,95.64,0.5,0.5,0.5,0.5,,"Zona de enclaves micaceos, Niton", ,,1,1,1,0,1,0,,Granodiorita
65,Point ZM,JCBS-10,5937584,690684,323.0,Granodiorita,GRD,456.53,0.764198,7641.98,1.0,0.359927,3599.27,1.0,1.0,0.0,0.0,5.180695,51806.95,24.75,37.8675,62.27,0.5,0.5,0.5,123.87,,"Zona de enclaves micaceos, Niton", ,,1,1,1,0,0,0,,Granodiorita
66,Point ZM,JCBS-11,5937516,690779,316.0,Granito de Biotita,GB,575.34,0.571415,5714.15,261.26,0.345142,3451.42,1.0,1.0,0.0,0.0,5.912669,59126.69,14.71,22.5063,79.55,0.5,0.5,156.64,202.31,,"Sin enclaves , Niton", ,,1,1,0,0,0,0,,Granito de Biotita
67,Point ZM,JCBS-12,5937596,690845,314.0,Granito de Biotita,GB,650.73,0.3736,3736.0,571.38,0.364299,3642.99,1.0,1.0,0.0,0.0,5.115753,51157.53,8.24,12.6072,55.81,0.5,59.27,0.5,93.6,,"Sin enclaves , Niton", ,,1,0,1,0,0,0,,Granito de Biotita
68,Point ZM,JCBS-13,5937692,690796,312.0,Granito de Biotita,GB,400.35,0.807857,8078.57,211.37,0.384214,3842.14,1.0,1.0,0.0,0.0,5.323998,53239.98,28.11,43.0083,138.7,0.5,132.98,180.79,277.97,,"Sin enclaves , Niton", ,,1,0,0,0,0,0,,Granito de Biotita
69,Point ZM,JCBS-14,5938095,690752,308.0,Granito de Biotita,GB,561.26,1.077651,10776.51,1.0,0.277693,2776.93,1.0,1.0,0.0,0.0,3.971252,39712.52,9.27,14.1831,75.19,0.5,0.5,101.91,0.5,,"Sin enclaves , Niton", ,,1,1,0,0,1,0,,Granito de Biotita
70,Point ZM,JCBS-15,5938093,690748,308.0,Granito de Biotita,GB,180.42,0.647741,6477.41,1.0,0.2083,2083.0,1.0,1.0,0.0,0.0,3.278036,32780.36,9.65,14.7645,61.81,0.5,0.5,0.5,0.5,,"Zona de enclaves micaceos, Niton", ,,1,1,1,0,1,0,,Granito de Biotita
71,Point ZM,JCBS-16,5938093,690748,308.0,Roca Micacea,RXM,523.73,0.599515,5995.15,1.0,0.405836,4058.36,1.0,1.0,0.0,0.0,6.778977,67789.77,13.32,20.3796,96.92,0.5,74.1,106.13,190.45,,"Enclaves micaceos, Niton", ,,1,0,0,0,0,0,,Roca Micacea
72,Point ZM,JCBS-17,5938092,690744,309.0,Roca Micacea,RXM,709.63,0.51452,5145.2,1.0,0.646418,6464.18,1.0,1.0,0.0,0.0,10.578186,105781.86,25.76,39.4128,186.96,0.5,117.82,225.03,308.11,,"Enclaves micaceos, Niton", ,,1,0,0,0,0,0,,Roca Micacea
73,Point ZM,JCBS-18,5938092,690744,309.0,Falla,FA,633.95,1.635768,16357.68,1.0,0.138725,1387.25,1.0,1.0,0.0,0.0,3.702622,37026.22,27.62,42.2586,153.34,22.05,110.3,116.76,204.73,,"Falla rellena de Arc blanca + Ox negros, N5W/72SW, Niton", ,,0,0,0,0,0,0,,Zona de Falla
74,Point ZM,JCBS-19,5937923,690675,308.0,Granito de Biotita,GB,890.8,0.703584,7035.84,1.0,0.622988,6229.88,1.0,1.0,0.0,0.0,7.912411,79124.11,33.36,51.0408,105.89,0.5,82.55,0.5,181.52,,", Niton", ,,1,0,1,0,0,0,,Granito de Biotita
75,Point ZM,JCBS-20,5937923,690675,308.0,Roca Micacea,RXM,571.51,0.781951,7819.51,393.05,0.389744,3897.44,1.0,469.72,0.0,0.0,4.947231,49472.31,35.78,54.7434,71.95,0.5,75.7,0.5,146.19,,", Niton", ,,1,0,1,0,0,0,,Roca Micacea
76,Point ZM,JCBS-21,5937919,690676,308.0,Roca Micacea,RXM,674.19,0.528609,5286.09,276.3,0.385852,3858.52,1.0,1.0,0.0,0.0,5.551794,55517.94,28.31,43.3143,93.25,0.5,0.5,136.49,140.4,,", Niton", ,,1,1,0,0,0,0,,Roca Micacea
77,Point ZM,JCBS-22,5937918,690674,308.0,Granito de Biotita,GB,640.25,0.6881,6881.0,1.0,0.516459,5164.59,1.0,1.0,0.0,0.0,6.325942,63259.42,46.46,71.0838,74.08,0.5,54.22,89.21,136.9,,", Niton", ,,1,0,0,0,0,0,,Granito de Biotita
78,Point ZM,JCBS-23,5937918,690674,308.0,Roca Micacea,RXM,385.25,0.789699,7896.99,1.0,0.401377,4013.77,1.0,1.0,0.0,0.0,6.082646,60826.46,28.25,43.2225,115.66,0.5,69.53,109.42,182.43,,", Niton", ,,1,0,0,0,0,0,,Roca Micacea
79,Point ZM,JCBS-24,5937916,690669,309.0,Granito de Biotita,GB,385.97,0.528336,5283.36,290.55,0.428779,4287.79,1.0,1.0,0.0,0.0,7.566308,75663.08,47.84,73.1952,108.72,0.5,109.99,174.73,235.76,,", Niton", ,,1,0,0,0,0,0,,Granito de Biotita
80,Point ZM,JCBS-25,5937504,690661,294.0,Granito de Biotita,GB,631.0,0.92,9200.0,1.0,0.6066,6066.0,110.0,37.0,0.0816,816.0,5.8276,58276.0,30.7,46.357,59.0,10.1,0.5,0.5,0.5,, , ,,0,1,1,0,1,0,,Granito de Biotita
81,Point ZM,JCBS-26,5937446,690672,308.0,Granito de Biotita,GB,1.0,0.9116,9116.0,1.0,0.569,5690.0,84.0,27.0,0.0451,451.0,4.39,43900.0,27.8,41.978,110.0,8.8,0.5,194.0,458.0,, , ,,0,1,0,0,0,0,,Granito de Biotita
82,Point ZM,JCBS-27a,5937270,690711,311.0,Roca Micacea,RXM,1.0,1.252,12520.0,1.0,0.7173,7173.0,132.0,37.0,0.0844,844.0,6.8415,68415.0,45.8,69.158,0.5,7.8,0.5,0.5,118.0,,Enclave N40E/66NW caja GRD (BT), ,,0,1,1,1,0,0,,Roca Micacea
83,Point ZM,JCBS-27b,5937270,690711,311.0,Granito de Biotita,GB,1.0,0.513,5130.0,547.0,0.6163,6163.0,91.0,1.0,0.0293,293.0,6.4716,64716.0,5.4,8.154,0.5,8.4,0.5,114.0,259.0,, , ,,0,1,0,1,0,0,,Granito de Biotita
84,Point ZM,JCBS-28,5937255,690741,306.0,Granito de Biotita,GB,1.0,0.8963,8963.0,1.0,0.697,6970.0,137.0,59.0,0.0645,645.0,6.8661,68661.0,13.9,20.989,57.0,9.6,0.5,135.0,271.0,, , ,,0,1,0,0,0,0,,Granito de Biotita
85,Point ZM,JCBS-29a,5937236,690739,309.0,Roca Micacea,RXM,1.0,0.7581,7581.0,1.0,0.564,5640.0,85.0,93.0,0.0315,315.0,5.4945,54945.0,29.8,44.998,50.0,4.3,0.5,148.0,322.0,,Enclave N60E/25NW caja GRD (BT), ,,0,1,0,0,0,0,,Roca Micacea
86,Point ZM,JCBS-29b,5937236,690739,309.0,Aplita,APL,1.0,1.7691,17691.0,1.0,0.2406,2406.0,102.0,80.0,0.0571,571.0,2.7589,27589.0,22.1,33.371,48.0,6.5,115.0,225.0,560.0,,Dique N50E, ,,0,0,0,0,0,0,,Aplita
87,Point ZM,JCBS-29c,5937236,690739,309.0,Granito de Biotita,GB,1.0,1.1072,11072.0,1.0,0.4798,4798.0,88.0,18.0,0.0708,708.0,4.5547,45547.0,29.5,44.545,0.5,8.7,0.5,123.0,299.0,, , ,,0,1,0,1,0,0,,Granito de Biotita
88,Point ZM,liae-01,5938534,682345,211.0,Esquisto de Biotita,ESQ,1.0,1.9967,19967.0,1.0,0.7025,7025.0,170.0,143.0,0.0813,813.0,9.4991,94991.0,14.1,21.291,69.0,16.7,0.5,204.0,442.0,, , ,,0,1,0,0,0,0,,Esquisto de Biotita
89,Point ZM,liae-02,5937838,683264,311.0,Esquisto de Biotita,ESQ,1.0,2.001,20010.0,1.0,0.4923,4923.0,140.0,239.0,0.0145,145.0,2.5117,25117.0,37.0,55.87,180.0,31.5,55.0,68.0,253.0,, , ,,0,0,0,0,0,0,,Esquisto de Biotita
90,Point ZM,liae-03,5937430,683389,324.0,Esquisto de Biotita,ESQ,1.0,0.9228,9228.0,1.0,0.1976,1976.0,47.0,46.0,0.003,30.0,0.2335,2335.0,18.5,27.935,68.0,12.1,0.5,0.5,0.5,, , ,,0,1,1,0,1,0,,Esquisto de Biotita
91,Point ZM,liae-04,5936889,683856,334.0,Esquisto de Biotita,ESQ,1.0,0.9935,9935.0,1.0,0.4148,4148.0,96.0,208.0,0.0207,207.0,4.2689,42689.0,20.8,31.408,58.0,25.5,0.5,137.0,259.0,, , ,,0,1,0,0,0,0,,Esquisto de Biotita
92,Point ZM,liae-05,5935531,684513,350.0,Esquisto de Biotita,ESQ,1.0,0.9768,9768.0,1.0,0.3293,3293.0,72.0,421.0,0.0136,136.0,1.8974,18974.0,23.3,35.183,51.0,19.7,48.0,186.0,413.0,, , ,,0,0,0,0,0,0,,Esquisto de Biotita
93,Point ZM,liae-06,5935508,684952,333.0,Esquisto de Biotita,ESQ,1.0,0.8226,8226.0,1.0,0.3356,3356.0,67.0,921.0,0.0217,217.0,2.0318,20318.0,21.6,32.616,68.0,18.1,0.5,243.0,517.0,, , ,,0,1,0,0,0,0,,Esquisto de Biotita
94,Point ZM,liae-07,5936923,685299,241.0,Esquisto de Biotita,ESQ,1.0,1.6955,16955.0,1.0,0.5959,5959.0,181.0,243.0,0.0389,389.0,7.6907,76907.0,26.6,40.166,87.0,19.9,0.5,184.0,415.0,, , ,,0,1,0,0,0,0,,Esquisto de Biotita
95,Point ZM,liae-08,5937072,685529,213.0,Esquisto de Biotita,ESQ,1.0,2.5283,25283.0,947.0,0.4761,4761.0,137.0,79.0,0.0718,718.0,5.2539,52539.0,23.8,35.938,125.0,20.1,0.5,265.0,609.0,, , ,,0,1,0,0,0,0,,Esquisto de Biotita
96,Point ZM,liae-08b,5937074,685518,215.0,Esquisto de Biotita,ESQ,1.0,1.5644,15644.0,1.0,0.2579,2579.0,50.0,33.0,0.0852,852.0,2.1074,21074.0,34.6,52.246,0.5,10.6,0.5,176.0,387.0,, , ,,0,1,0,1,0,0,,Esquisto de Biotita
97,Point ZM,liae-09,5938497,685493,278.0,Granito de Biotita,GB,1.0,2.001,20010.0,1.0,0.4418,4418.0,100.0,39.0,0.0527,527.0,3.1849,31849.0,24.2,36.542,191.0,104.0,74.0,229.0,526.0,, , ,,0,0,0,0,0,0,,Granito de Biotita
98,Point ZM,liae-10,5938912,686169,252.0,Granito de Biotita,GB,1.0,1.2678,12678.0,1.0,0.2621,2621.0,94.0,571.0,0.0432,432.0,2.8091,28091.0,29.2,44.092,89.0,35.1,0.5,109.0,242.0,, , ,,0,1,0,0,0,0,,Granito de Biotita
99,Point ZM,liae-11,5938892,686008,268.0,Granito de Biotita,GB,1.0,1.9495,19495.0,1.0,0.2809,2809.0,80.0,29.0,0.0202,202.0,2.6194,26194.0,25.9,39.109,0.5,17.0,0.5,123.0,297.0,, , ,,0,1,0,1,0,0,,Granito de Biotita
100,Point ZM,liae-11b,5938892,686008,268.0,Esquisto de Biotita,ESQ,1.0,3.7122,37122.0,1.0,0.9442,9442.0,240.0,186.0,0.0515,515.0,6.7302,67302.0,40.5,61.155,0.5,17.9,0.5,204.0,549.0,, , ,,0,1,0,1,0,0,,Esquisto de Biotita
101,Point ZM,liae-12,5938300,687306,320.0,Granito de Biotita,GB,1.0,0.8842,8842.0,1.0,0.4089,4089.0,85.0,27.0,0.0329,329.0,3.4294,34294.0,15.1,22.801,50.0,12.8,0.5,91.0,185.0,, , ,,0,1,0,0,0,0,,Granito de Biotita
102,Point ZM,liae-13,5938008,688116,316.0,Granito de Biotita,GB,1.0,0.4018,4018.0,161.0,0.7134,7134.0,124.0,1.0,0.0738,738.0,6.0066,60066.0,12.3,18.573,0.5,12.2,0.5,0.5,92.0,, , ,,0,1,1,1,0,0,,Granito de Biotita
103,Point ZM,liae-14,5938265,688238,313.0,Granito de Biotita,GB,1.0,1.0659,10659.0,13927.0,0.1594,1594.0,137.0,86.0,0.0621,621.0,0.9207,9207.0,7.0,10.57,0.5,6.3,0.5,233.0,484.0,, , ,,0,1,0,1,0,0,,Granito de Biotita
104,Point ZM,liae-14b,5938265,688238,313.0,Granito de Biotita,GB,1.0,1.1251,11251.0,1.0,0.4793,4793.0,117.0,54.0,0.0641,641.0,4.9592,49592.0,26.8,40.468,74.0,13.8,77.0,76.0,177.0,, , ,,0,0,0,0,0,0,,Granito de Biotita
105,Point ZM,liae-15,5938373,686642,309.0,Granito de Biotita,GB,1.0,1.0058,10058.0,1.0,0.3613,3613.0,109.0,228.0,0.0325,325.0,3.8715,38715.0,28.1,42.431,0.5,17.9,0.5,0.5,0.5,, , ,,0,1,1,1,1,0,,Granito de Biotita
106,Point ZM,liae-15b,5938373,686642,309.0,Granito de Biotita,GB,1.0,1.1043,11043.0,1557.0,0.3603,3603.0,102.0,32.0,0.0283,283.0,3.9533,39533.0,16.8,25.368,49.0,21.6,0.5,0.5,0.5,, , ,,0,1,1,0,1,0,,Granito de Biotita
107,Point ZM,liae-16,5938017,686766,313.0,Granito de Biotita,GB,1.0,1.049,10490.0,1.0,0.3472,3472.0,82.0,177.0,0.0629,629.0,3.5925,35925.0,3.1,4.681,56.0,14.9,0.5,96.0,99.0,, , ,,0,1,0,0,0,0,,Granito de Biotita
108,Point ZM,liae-16b,5938017,686766,313.0,Granito de Biotita,GB,1.0,1.5866,15866.0,1.0,0.3562,3562.0,84.0,257.0,0.0495,495.0,3.2466,32466.0,6.5,9.815,95.0,21.1,0.5,0.5,0.5,, , ,,0,1,1,0,1,0,,Granito de Biotita
109,Point ZM,liae-17,5937995,686702,300.0,Granito de Biotita,GB,1.0,1.2612,12612.0,1.0,0.3398,3398.0,81.0,38.0,0.0693,693.0,3.2671,32671.0,7.6,11.476,73.0,17.3,0.5,62.0,123.0,, , ,,0,1,0,0,0,0,,Granito de Biotita
110,Point ZM,liae-17b,5937995,686702,300.0,Granito de Biotita,GB,1.0,2.1741,21741.0,1.0,0.377,3770.0,134.0,259.0,0.0586,586.0,3.2599,32599.0,17.7,26.727,0.5,8.0,0.5,0.5,0.5,, , ,,0,1,1,1,1,0,,Granito de Biotita
111,Point ZM,liae-18,5937833,686649,303.0,Granito de Biotita,GB,1.0,0.9427,9427.0,1.0,0.4887,4887.0,97.0,173.0,0.0601,601.0,4.2338,42338.0,17.2,25.972,74.0,19.5,47.0,0.5,0.5,, , ,,0,0,1,0,1,0,,Granito de Biotita
112,Point ZM,liae-18b,5937833,686649,303.0,Granito de Biotita,GB,1.0,1.9305,19305.0,1.0,0.1725,1725.0,61.0,334.0,0.0252,252.0,1.8879,18879.0,14.9,22.499,80.0,21.4,0.5,0.5,0.5,, , ,,0,1,1,0,1,0,,Granito de Biotita
113,Point ZM,liae-19,5938745,688575,307.0,Granito de Biotita,GB,1.0,1.7129,17129.0,1.0,0.2821,2821.0,77.0,27.0,0.0971,971.0,2.9748,29748.0,11.9,17.969,88.0,11.7,0.5,0.5,0.5,, , ,,0,1,1,0,1,0,,Granito de Biotita
114,Point ZM,liae-20,5938979,688719,307.0,Granito de Biotita,GB,1.0,1.0758,10758.0,1.0,0.5391,5391.0,95.0,29.0,0.0978,978.0,4.8833,48833.0,14.1,21.291,0.5,13.2,0.5,0.5,103.0,, , ,,0,1,1,1,0,0,,Granito de Biotita
115,Point ZM,liae-21,5938979,688719,307.0,Granito de Biotita,GB,1.0,1.1577,11577.0,1.0,0.3959,3959.0,107.0,48.0,0.0676,676.0,3.6754,36754.0,34.1,51.491,78.0,14.5,49.0,69.0,118.0,, , ,,0,0,0,0,0,0,,Granito de Biotita
116,Point ZM,liae-22,5938970,688778,317.0,Granito de Biotita,GB,1.0,0.7452,7452.0,1.0,0.5938,5938.0,130.0,243.0,0.1058,1058.0,5.7415,57415.0,49.8,75.198,84.0,19.6,61.0,0.5,0.5,, , ,,0,0,1,0,1,0,,Granito de Biotita
117,Point ZM,liae-22b,5938970,688778,317.0,Granito de Biotita,GB,1.0,1.0001,10001.0,4242.0,0.293,2930.0,90.0,61.0,0.0407,407.0,4.0211,40211.0,46.5,70.215,83.0,15.7,58.0,61.0,188.0,, , ,,0,0,0,0,0,0,,Granito de Biotita
118,Point ZM,liae-22c,5938970,688778,317.0,Granito de Biotita,GB,1.0,0.6856,6856.0,1.0,0.6595,6595.0,82.0,1.0,0.0126,126.0,6.2638,62638.0,11.8,17.818,0.5,21.8,0.5,0.5,0.5,, , ,,0,1,1,1,1,0,,Granito de Biotita
119,Point ZM,liae-23,5938857,689823,289.0,Granito de Biotita,GB,1.0,1.3249,13249.0,486.0,0.5829,5829.0,105.0,228.0,0.0811,811.0,4.2571,42571.0,33.6,50.736,0.5,10.3,0.5,0.5,0.5,, , ,,0,1,1,1,1,0,,Granito de Biotita
120,Point ZM,liae-23b,5938848,689806,292.0,Granito de Biotita,GB,1.0,1.1296,11296.0,1.0,1.3499,13499.0,233.0,1.0,0.1934,1934.0,11.1795,111795.0,36.9,55.719,0.5,4.5,0.5,0.5,0.5,, , ,,0,1,1,1,1,0,,Granito de Biotita
121,Point ZM,liae-24,5939377,691444,316.0,Granito de Biotita,GB,1.0,0.7999,7999.0,1.0,0.6327,6327.0,125.0,42.0,0.0588,588.0,6.4832,64832.0,25.6,38.656,0.5,9.0,0.5,0.5,0.5,, , ,,0,1,1,1,1,0,,Granito de Biotita
122,Point ZM,liae-25,5935343,686677,293.0,Metapelita,MP,1.0,1.3193,13193.0,1.0,0.5648,5648.0,113.0,70.0,0.0184,184.0,6.0254,60254.0,17.7,26.727,0.5,17.8,0.5,211.0,506.0,, , ,,0,1,0,1,0,0,,Metapelita
123,Point ZM,liae-26,5935542,686512,318.0,Metapelita,MP,1.0,1.4911,14911.0,1.0,0.4241,4241.0,93.0,49.0,0.0229,229.0,3.0122,30122.0,26.7,40.317,57.0,19.3,0.5,0.5,0.5,, , ,,0,1,1,0,1,0,,Metapelita
124,Point ZM,liae-27,5935832,686353,294.0,Metapelita,MP,1.0,1.3026,13026.0,1.0,0.3497,3497.0,99.0,56.0,0.0371,371.0,3.3865,33865.0,23.0,34.73,58.0,13.6,39.0,175.0,390.0,, , ,,0,0,0,0,0,0,,Metapelita
125,Point ZM,liae-28,5936463,687610,265.0,Granito de Biotita,GB,1.0,1.139,11390.0,1.0,0.3214,3214.0,74.0,62.0,0.0707,707.0,2.5499,25499.0,17.0,25.67,0.5,15.5,0.5,150.0,321.0,, , ,,0,1,0,1,0,0,,Granito de Biotita
126,Point ZM,liae-29,5936333,687391,272.0,Granito de Biotita,GB,1.0,1.7606,17606.0,1.0,0.5182,5182.0,117.0,63.0,0.0323,323.0,4.2338,42338.0,52.0,78.52,0.5,6.9,73.0,0.5,0.5,, , ,,0,0,1,1,1,0,,Granito de Biotita
127,Point ZM,liae-30,5937538,688079,298.0,Granito de Biotita,GB,1.0,0.5221,5221.0,1.0,0.5794,5794.0,93.0,280.0,0.0472,472.0,4.8508,48508.0,13.5,20.385,0.5,9.8,0.5,0.5,0.5,, , ,,0,1,1,1,1,0,,Granito de Biotita
128,Point ZM,liae-31,5935230,686969,267.0,Granito de Biotita,GB,1.0,0.7436,7436.0,1.0,0.2864,2864.0,70.0,38.0,0.0415,415.0,3.135,31350.0,25.0,37.75,65.0,15.6,56.0,0.5,0.5,, , ,,0,0,1,0,1,0,,Granito de Biotita
129,Point ZM,liae-32,5935500,686801,282.0,Granito de Biotita,GB,1.0,1.57,15700.0,1.0,0.2864,2864.0,87.0,428.0,0.0215,215.0,2.6152,26152.0,13.3,20.083,79.0,12.7,0.5,0.5,0.5,, , ,,0,1,1,0,1,0,,Granito de Biotita
130,Point ZM,liae-33,5934607,685264,354.0,Metapelita,MP,1.0,0.8383,8383.0,1.0,0.3237,3237.0,90.0,188.0,0.0285,285.0,3.233,32330.0,25.1,37.901,0.5,22.0,0.5,188.0,422.0,, , ,,0,1,0,1,0,0,,Metapelita
131,Point ZM,liae-34,5935198,685844,234.0,Dique aplítico,DA,1.0,0.8714,8714.0,184.0,1.0478,10478.0,49.0,71.0,0.0551,551.0,0.963,9630.0,4.8,7.248,0.5,0.5,0.5,149.0,316.0,, , ,,1,1,0,1,0,0,,Dique Aplitico
132,Point ZM,liae-34b,5935193,685840,236.0,Metapelita,MP,1.0,1.3512,13512.0,1766.0,0.446,4460.0,96.0,47.0,0.0185,185.0,2.8551,28551.0,22.1,33.371,0.5,15.4,0.5,220.0,561.0,, , ,,0,1,0,1,0,0,,Metapelita
133,Point ZM,liae-35,5937430,685769,238.0,Metapelita,MP,1.0,3.8461,38461.0,1.0,0.7305,7305.0,206.0,189.0,0.0367,367.0,4.6503,46503.0,28.6,43.186,75.0,17.7,0.5,196.0,474.0,, , ,,0,1,0,0,0,0,,Metapelita
134,Point ZM,liae-36,5937427,685814,248.0,Granito de Biotita,GB,1.0,1.0539,10539.0,1.0,0.3458,3458.0,78.0,49.0,0.0363,363.0,3.3796,33796.0,14.6,22.046,0.5,18.6,0.5,0.5,0.5,, , ,,0,1,1,1,1,0,,Granito de Biotita
135,Point ZM,liae-37,5937357,686768,253.0,Granito de Biotita,GB,1.0,1.7096,17096.0,1.0,0.2266,2266.0,72.0,326.0,0.0138,138.0,2.3745,23745.0,23.7,35.787,0.5,20.6,0.5,0.5,0.5,, , ,,0,1,1,1,1,0,,Granito de Biotita
136,Point ZM,liae-38,5937241,687070,275.0,Granito de Biotita,GB,1.0,0.9155,9155.0,1.0,0.4384,4384.0,77.0,153.0,0.028,280.0,4.5068,45068.0,5.3,8.003,57.0,20.2,0.5,0.5,0.5,, , ,,0,1,1,0,1,0,,Granito de Biotita
137,Point ZM,liae-39,5933897,681234,110.0,Tonalita,TON,1032.0,1.4954,14954.0,7968.0,0.3809,3809.0,76.0,50.0,0.0436,436.0,3.3347,33347.0,14.5,21.895,0.5,10.2,0.5,133.0,316.0,, , ,,0,1,0,1,0,0,,Tonalita
138,Point ZM,liae-40,5934787,683703,210.0,Tonalita,TON,1046.0,1.3748,13748.0,1.0,0.381,3810.0,92.0,54.0,0.0809,809.0,3.8871,38871.0,32.6,49.226,0.5,12.3,0.5,66.0,123.0,, , ,,0,1,0,1,0,0,,Tonalita
139,Point ZM,liae-41,5934731,683651,195.0,Tonalita,TON,1.0,0.8187,8187.0,1.0,0.4968,4968.0,110.0,67.0,0.018,180.0,4.5883,45883.0,18.3,27.633,71.0,17.6,0.5,67.0,201.0,, , ,,0,1,0,0,0,0,,Tonalita
140,Point ZM,liae-42,5935033,684209,308.0,Metapelita,MP,1332.0,1.1429,11429.0,1.0,0.4022,4022.0,84.0,54.0,0.0083,83.0,2.6915,26915.0,21.5,32.465,78.0,20.1,49.0,225.0,552.0,, , ,,0,0,0,0,0,0,,Metapelita
141,Point ZM,liae-42b,5935033,684209,308.0,Tonalita,TON,1.0,0.7055,7055.0,1.0,0.3931,3931.0,70.0,78.0,0.0095,95.0,3.3249,33249.0,18.9,28.539,67.0,10.3,55.0,109.0,239.0,, , ,,0,0,0,0,0,0,,Tonalita
142,Point ZM,MAD-AE-01,5932985,682306,177.0,Tonalita,TON,1.0,0.8668,8668.0,512.0,0.5303,5303.0,77.0,61.0,0.0437,437.0,3.4088,34088.0,15.2,22.952,49.0,11.3,0.5,154.0,341.0,, , ,,0,1,0,0,0,0,,Tonalita
143,Point ZM,MADBS-01,5932489,681768,190.0,Roca Micacea,RXM,1.0,0.5817,5817.0,145.0,0.5522,5522.0,98.0,68.0,0.0243,243.0,5.2711,52711.0,29.5,44.545,0.5,11.5,58.0,0.5,0.5,, , ,,0,0,1,1,1,0,,Roca Micacea
144,Point ZM,MADBS-02,5932481,681754,125.0,Granodiorita,GRD,1.0,0.2682,2682.0,494.0,0.7585,7585.0,133.0,60.0,0.1139,1139.0,5.5582,55582.0,41.1,62.061,108.0,18.4,0.5,305.0,692.0,, , ,,0,1,0,0,0,0,,Granodiorita
145,Point ZM,MADBS-03,5932409,681746,214.0,Granodiorita,GRD,1.0,0.4765,4765.0,387.0,0.6146,6146.0,116.0,53.0,0.0631,631.0,7.8633,78633.0,31.0,46.81,155.0,39.0,89.0,0.5,0.5,, , ,,0,0,1,0,1,0,,Granodiorita
146,Point ZM,MADBS-04,5932359,681796,223.0,Roca Micacea,RXM,1.0,2.098,20980.0,325.0,0.7871,7871.0,209.0,149.0,0.0846,846.0,6.1755,61755.0,14.0,21.14,96.0,27.0,0.5,246.0,612.0,, , ,,0,1,0,0,0,0,,Roca Micacea
147,Point ZM,MADBS-05a,5932364,681835,214.0,Granito de Granate,GG,1.0,0.4158,4158.0,1.0,0.5141,5141.0,158.0,135.0,0.5682,5682.0,8.5401,85401.0,95.1,143.601,522.0,127.0,246.0,87.0,312.0,, , ,,0,0,0,0,0,0,,Granito de Granate
148,Point ZM,MADBS-05b,5932364,681835,214.0,Tonalita,TON,2126.0,0.8631,8631.0,1.0,0.4456,4456.0,119.0,89.0,0.1219,1219.0,5.4425,54425.0,70.7,106.757,69.0,7.4,89.0,104.0,192.0,, , ,,0,0,0,0,0,0,,Tonalita
149,Point ZM,MADBS-05c,5932364,681835,214.0,Halo Tonalítico,TON,2240.0,0.9124,9124.0,1.0,0.6035,6035.0,196.0,170.0,0.2966,2966.0,6.7819,67819.0,140.2,211.702,403.0,78.0,364.0,157.0,524.0,, , ,,0,0,0,0,0,0,,Halo Tonalitico
150,Point ZM,MADBS-06,5932358,681802,222.0,Roca Micacea,RXM,1.0,0.6209,6209.0,1.0,0.58,5800.0,121.0,70.0,0.065,650.0,10.8761,108761.0,53.7,81.087,206.0,43.0,103.0,170.0,363.0,, , ,,0,0,0,0,0,0,,Roca Micacea
151,Point ZM,MADBS-07a,5932359,681783,220.0,Tonalita,TON,1.0,0.5053,5053.0,1.0,0.6464,6464.0,121.0,79.0,0.0782,782.0,6.9756,69756.0,38.2,57.682,204.0,46.0,86.0,138.0,329.0,, , ,,0,0,0,0,0,0,,Tonalita
152,Point ZM,MADBS-07b,5932359,681783,220.0,Roca Micacea,RXM,1.0,0.4909,4909.0,149.0,0.5864,5864.0,137.0,79.0,0.0471,471.0,8.0003,80003.0,39.3,59.343,161.0,29.0,0.5,0.5,0.5,, , ,,0,1,1,0,1,0,,Roca Micacea
153,Point ZM,MADBS-08,5932628,682452,248.0,Granito de Granate?,GG,1.0,0.65,6500.0,1.0,0.52,5200.0,182.0,168.0,0.16,1600.0,11.64,116400.0,53.3,80.483,405.0,152.0,196.0,104.0,242.0,, , ,,0,0,0,0,0,0,,Granito de Granate
154,Point ZM,MADBS-09,5932618,682434,249.0,Granito de Granate?,GG,1.0,0.44,4400.0,1.0,0.43,4300.0,169.0,167.0,0.54,5400.0,14.82,148200.0,54.6,82.446,395.0,86.0,105.0,122.0,305.0,, , ,,0,0,0,0,0,0,,Granito de Granate
155,Point ZM,MADBS-10,5932566,682358,251.0,Vetilla,VTT,1.0,0.41,4100.0,1.0,0.46,4600.0,136.0,88.0,0.1,1000.0,7.01,70100.0,78.6,118.686,202.0,52.0,129.0,132.0,280.0,,Vti Arc-Lim N85W/70NE, ,,0,0,0,0,0,0,,Vetilla
156,Point ZM,MADBS-100,5932907,683106,252.0,Granito de Granate,GG,851.0,0.5654,5654.0,1.0,0.3283,3283.0,90.0,55.0,0.0344,344.0,7.4986,74986.0,53.0,80.03,223.0,67.0,94.0,0.5,142.0,, , ,,0,0,1,0,0,0,,Granito de Granate
157,Point ZM,MADBS-101,5932890,683193,249.0,Tonalita de Bt,TON,741.0,1.0186,10186.0,1.0,0.5217,5217.0,84.0,69.0,0.0434,434.0,4.3392,43392.0,33.6,50.736,0.5,14.5,0.5,61.0,127.0,, , ,,0,1,0,1,0,0,,Tonalita de Biotita
158,Point ZM,MADBS-102,5932850,683412,266.0,Tonalita,TON,917.0,0.5245,5245.0,1.0,0.4936,4936.0,90.0,68.0,0.0232,232.0,4.0277,40277.0,26.9,40.619,81.0,20.0,0.5,0.5,0.5,, , ,,0,1,1,0,1,0,,Tonalita
159,Point ZM,MADBS-103A,5932901,681050,155.0,Xenolito de GB,XEN,1.0,6.979,69790.0,1715.0,2.356,23560.0,60.0,24.0,0.563,5630.0,49.064,490640.0,74.4,112.344,185.0,54.0,87.0,0.5,0.5,,"Cantera Madesal W columna 2, xenolito con mayor contenido de óxidos negros", ,Fe_ALTO(49.064%),0,0,1,0,1,0,,Xenolito de Granito
160,Point ZM,MADBS-103B,5932901,681050,155.0,Granito de Biotita,GB,1.0,10.623,106230.0,671.0,2.302,23020.0,70.0,26.0,0.303,3030.0,25.425,254250.0,55.7,84.107,167.0,52.3,84.0,130.0,340.0,,Cantera Madesal W columna 2, ,Fe_ALTO(25.425%); K_ALTO(10.623%),0,0,0,0,0,0,,Granito de Biotita
161,Point ZM,MADBS-103C,5932901,681050,155.0,Granito de Biotita,GB,1.0,0.7628,7628.0,746.0,0.1253,1253.0,45.0,29.0,0.0131,131.0,2.7353,27353.0,56.3,85.013,157.0,43.2,82.0,0.5,0.5,,Cantera Madesal W columna 2, ,,0,0,1,0,1,0,,Granito de Biotita
162,Point ZM,MADBS-103D,5932901,681050,155.0,Granito de Biotita,GB,1.0,0.875,8750.0,738.0,0.1756,1756.0,67.0,40.0,0.0395,395.0,4.726,47260.0,46.0,69.46,214.0,48.0,94.0,0.5,118.0,,Cantera Madesal W columna 2, ,,0,0,1,0,0,0,,Granito de Biotita
163,Point ZM,MADBS-104,5932994,680814,118.0,Granito de Biotita,GB,1.0,16.557,165570.0,130.0,0.837,8370.0,42.0,1.0,0.028,280.0,11.465,114650.0,2.0,3.02,0.5,5.6,0.5,0.5,0.5,,Sector Cantera Madesal W, ,K_ALTO(16.557%),0,1,1,1,1,0,,Granito de Biotita
164,Point ZM,MADBS-105,5932891,681162,152.0,Tonalita,TON,1.0,0.6174,6174.0,1.0,0.657,6570.0,124.0,83.0,0.2209,2209.0,10.5984,105984.0,236.0,356.36,94.0,13.3,53.0,95.0,263.0,, , ,,0,0,0,0,0,0,,Tonalita
165,Point ZM,MADBS-106,5932651,681268,186.0,Halo tonalítico o GG?,GG,1.0,0.8221,8221.0,1.0,0.4819,4819.0,166.0,150.0,0.3486,3486.0,9.8609,98609.0,184.0,277.84,742.0,166.0,336.0,109.0,358.0,,"Grano grueso, <10%Qz, 15%Bt, 20%Oxnegros", ,,0,0,0,0,0,0,,Halo Tonalitico
166,Point ZM,MADBS-107A,5932651,681300,190.0,Dique tonalitico,TON,1.0,0.6356,6356.0,534.0,0.4221,4221.0,142.0,129.0,0.2592,2592.0,6.1344,61344.0,105.6,159.456,620.0,137.0,242.0,88.0,270.0,, , ,,0,0,0,0,0,0,,Dique Tonalitico
167,Point ZM,MADBS-107B,5932651,681300,190.0,Granito de Granate,GG,1.0,0.4961,4961.0,4527.0,0.2482,2482.0,176.0,167.0,0.0739,739.0,4.8144,48144.0,89.7,135.447,687.0,141.0,320.0,168.0,456.0,, , ,,0,0,0,0,0,0,,Granito de Granate
168,Point ZM,MADBS-108,5932847,681447,148.0,Granito de Granate,GG,1.0,0.8103,8103.0,1.0,0.2969,2969.0,147.0,110.0,0.2002,2002.0,7.5623,75623.0,207.0,312.57,407.0,69.0,207.0,95.0,329.0,,Sector RecMad-17, ,,0,0,0,0,0,0,,Granito de Granate
169,Point ZM,MADBS-109,5932906,681298,94.0,Granito de Granate,GG,1.0,0.686,6860.0,3225.0,0.3647,3647.0,224.0,191.0,0.6525,6525.0,13.3604,133604.0,186.0,280.86,451.0,80.0,194.0,147.0,493.0,,Sector RecMad-17, ,,0,0,0,0,0,0,,Granito de Granate
170,Point ZM,MADBS-11,5932739,682165,192.0,Granito de Granate?,GG,550.0,0.48,4800.0,150.0,0.57,5700.0,117.0,77.0,0.11,1100.0,6.84,68400.0,73.4,110.834,177.0,37.0,68.0,109.0,208.0,,Suelo orgánico, ,,0,0,0,0,0,0,,Granito de Granate
171,Point ZM,MADBS-110,5932324,681094,211.0,Granito de Biotita,GB,1.0,1.7655,17655.0,1.0,0.3004,3004.0,88.0,25.0,0.0369,369.0,4.0019,40019.0,37.1,56.021,108.0,31.9,47.0,0.5,0.5,, , ,,0,0,1,0,1,0,,Granito de Biotita
172,Point ZM,MADBS-12,5932600,681832,154.0,Tonalita,TON,1.0,0.9697,9697.0,1.0,0.5086,5086.0,106.0,64.0,0.0412,412.0,3.9818,39818.0,39.1,59.041,0.5,11.2,0.5,147.0,375.0,, , ,,0,1,0,1,0,0,,Tonalita
173,Point ZM,MADBS-13,5932600,681832,179.0,Roca Micacea,RXM,1.0,0.3773,3773.0,1.0,0.572,5720.0,109.0,60.0,0.0474,474.0,7.7462,77462.0,25.4,38.354,182.0,36.3,57.0,102.0,228.0,, , ,,0,0,0,0,0,0,,Roca Micacea
174,Point ZM,MADBS-14,5932544,681829,208.0,Granito de Granate,GG,1.0,1.8805,18805.0,1.0,0.372,3720.0,103.0,78.0,0.0455,455.0,4.279,42790.0,44.8,67.648,66.0,20.3,42.0,100.0,297.0,,Saprolito, ,,0,0,0,0,0,0,DUP_1/2,Granito de Granate
175,Point ZM,MADBS-14,5932564,681943,208.0,Granito de Granate,GG,1.0,0.7066,7066.0,4276.0,0.3837,3837.0,74.0,61.0,0.0722,722.0,3.6005,36005.0,28.2,42.582,62.0,11.5,0.5,0.5,156.0,,Roca in situ, ,,0,1,1,0,0,0,DUP_2/2,Granito de Granate
176,Point ZM,MADBS-15a,5932518,681961,149.0,Roca Micacea,RXM,1.0,0.8165,8165.0,3821.0,0.3872,3872.0,76.0,48.0,0.0706,706.0,4.3583,43583.0,23.6,35.636,0.5,11.1,0.5,0.5,0.5,, , ,,0,1,1,1,1,0,,Roca Micacea
177,Point ZM,MADBS-15b,5932475,682012,149.0,Tonalita,TON,565.0,0.54,5400.0,553.0,0.4288,4288.0,182.0,169.0,0.4295,4295.0,9.6745,96745.0,282.0,425.82,591.0,120.0,298.0,165.0,526.0,, , ,,0,0,0,0,0,0,,Tonalita
178,Point ZM,MADBS-16,5932475,682012,157.0,Roca Micacea,RXM,1.0,0.9263,9263.0,8720.0,0.4192,4192.0,169.0,163.0,0.1253,1253.0,10.0592,100592.0,204.0,308.04,507.0,94.0,313.0,296.0,833.0,, , ,,0,0,0,0,0,0,,Roca Micacea
179,Point ZM,MADBS-17,5932529,682012,207.0,Granito de Granate,GG,1.0,0.2421,2421.0,519.0,0.5434,5434.0,188.0,164.0,0.0896,896.0,9.4978,94978.0,190.0,286.9,539.0,118.0,259.0,227.0,676.0,, , ,,0,0,0,0,0,0,,Granito de Granate
180,Point ZM,MADBS-18,5932479,682028,221.0,Roca Micacea,RXM,1.0,0.5573,5573.0,1.0,0.5348,5348.0,125.0,110.0,0.1039,1039.0,8.585,85850.0,53.5,80.785,177.0,48.0,107.0,217.0,352.0,, , ,,0,0,0,0,0,0,,Roca Micacea
181,Point ZM,MADBS-19,5932690,682387,225.0,Tonalita,TON,1.0,0.8522,8522.0,1.0,0.3911,3911.0,95.0,58.0,0.0312,312.0,6.3722,63722.0,26.2,39.562,92.0,20.0,0.5,180.0,383.0,, , ,,0,1,0,0,0,0,,Tonalita
182,Point ZM,MADBS-20,5932845,682668,186.0,Granito de Granate,GG,1.0,0.77,7700.0,1.0,0.5036,5036.0,144.0,82.0,0.176,1760.0,9.2839,92839.0,61.5,92.865,213.0,44.0,110.0,202.0,455.0,,Enclaves alto OxFe en Ton, ,,0,0,0,0,0,0,,Granito de Granate
183,Point ZM,MADBS-21,5932944,682667,179.0,Tonalita Bt,TON,1.0,0.5285,5285.0,331.0,0.6076,6076.0,102.0,46.0,0.0509,509.0,5.6897,56897.0,24.0,36.24,64.0,11.1,0.5,85.0,191.0,,>30% Bt, ,,0,1,0,0,0,0,,Tonalita de Biotita
184,Point ZM,MADBS-22,5933324,682708,141.0,Tonalita Bt,TON,1.0,1.2701,12701.0,997.0,0.4015,4015.0,80.0,55.0,0.0345,345.0,2.8046,28046.0,13.5,20.385,0.5,13.7,0.5,144.0,364.0,,>30% Bt, ,,0,1,0,1,0,0,,Tonalita de Biotita
185,Point ZM,MADBS-23,5933343,682541,152.0,Granodiorita?,GRD,1.0,1.1406,11406.0,190.0,0.5035,5035.0,92.0,61.0,0.0313,313.0,4.277,42770.0,18.9,28.539,0.5,16.9,0.5,99.0,252.0,,"30% Qz, grano grueso, suelo rojizo", ,,0,1,0,1,0,0,,Granodiorita
186,Point ZM,MADBS-24,5933030,682465,187.0,Roca Micacea?,RXM,1.0,0.3124,3124.0,112.0,0.7251,7251.0,133.0,51.0,0.0324,324.0,6.767,67670.0,27.2,41.072,149.0,26.8,60.0,204.0,498.0,, , ,,0,0,0,0,0,0,,Roca Micacea
187,Point ZM,MADBS-25,5933148,682509,168.0,Granodiorita?,GRD,1.0,0.3178,3178.0,395.0,0.6697,6697.0,102.0,56.0,0.0438,438.0,5.6553,56553.0,25.4,38.354,63.0,13.2,0.5,105.0,152.0,,"30% Qz, grano grueso, suelo rojizo", ,,0,1,0,0,0,0,,Granodiorita
188,Point ZM,MADBS-26,5932984,682226,192.0,Tonalita Bt,TON,1.0,0.5097,5097.0,1.0,0.5566,5566.0,89.0,43.0,0.0134,134.0,5.6097,56097.0,5.7,8.607,0.5,12.2,0.5,0.5,0.5,, , ,,0,1,1,1,1,0,,Tonalita de Biotita
189,Point ZM,MADBS-27,5933191,682229,143.0,Tonalita Bt,TON,1.0,1.0294,10294.0,551.0,0.4834,4834.0,85.0,61.0,0.0387,387.0,5.1235,51235.0,14.9,22.499,0.5,10.1,0.5,0.5,0.5,, , ,,0,1,1,1,1,0,,Tonalita de Biotita
190,Point ZM,MADBS-28,5933172,682112,181.0,Tonalita Bt,TON,1.0,0.963,9630.0,1.0,0.4315,4315.0,84.0,70.0,0.0227,227.0,4.3554,43554.0,17.3,26.123,0.5,9.5,0.5,0.5,0.5,, , ,,0,1,1,1,1,0,,Tonalita de Biotita
191,Point ZM,MADBS-29,5933487,682201,157.0,Tonalita Bt,TON,1.0,0.4662,4662.0,347.0,0.4608,4608.0,68.0,43.0,0.0167,167.0,4.686,46860.0,9.3,14.043,0.5,11.2,0.5,0.5,0.5,, , ,,0,1,1,1,1,0,,Tonalita de Biotita
192,Point ZM,MADBS-30,5933408,682255,132.0,Roca Micacea?,RXM,1.0,0.9676,9676.0,614.0,0.3502,3502.0,65.0,58.0,0.0333,333.0,3.0712,30712.0,9.7,14.647,0.5,8.9,0.5,0.5,0.5,, , ,,0,1,1,1,1,0,,Roca Micacea
193,Point ZM,MADBS-31,5933082,682187,170.0,Tonalita,TON,1.0,0.8776,8776.0,585.0,0.6045,6045.0,100.0,47.0,0.057,570.0,4.2266,42266.0,20.2,30.502,0.5,12.3,0.5,179.0,469.0,, , ,,0,1,0,1,0,0,,Tonalita
194,Point ZM,MADBS-32,5933050,681911,149.0,Tonalita Bt,TON,1.0,0.9804,9804.0,603.0,0.4802,4802.0,93.0,44.0,0.0337,337.0,4.0456,40456.0,20.1,30.351,0.5,10.6,37.0,132.0,295.0,, , ,,0,0,0,1,0,0,,Tonalita de Biotita
195,Point ZM,MADBS-33a,5933082,681886,152.0,Tonalita Bt,TON,1.0,0.9954,9954.0,1.0,0.3154,3154.0,70.0,33.0,0.0634,634.0,3.2635,32635.0,17.1,25.821,0.5,17.4,0.5,114.0,249.0,, , ,,0,1,0,1,0,0,,Tonalita de Biotita
196,Point ZM,MADBS-33b,5933082,681886,152.0,Tonalita,TON,1.0,1.1593,11593.0,1.0,0.7194,7194.0,119.0,73.0,0.041,410.0,6.2387,62387.0,14.9,22.499,55.0,13.9,0.5,51.0,130.0,, , ,,0,1,0,0,0,0,,Tonalita
197,Point ZM,MADBS-34a,5932946,681783,115.0,Tonalita Bt,TON,1.0,1.2267,12267.0,3976.0,0.3666,3666.0,60.0,37.0,0.0456,456.0,3.3621,33621.0,14.4,21.744,0.5,0.5,0.5,85.0,206.0,, , ,,1,1,0,1,0,0,,Tonalita de Biotita
198,Point ZM,MADBS-34b,5932946,681783,115.0,Tonalita,TON,1.0,0.6976,6976.0,8766.0,0.6337,6337.0,110.0,78.0,0.0853,853.0,4.5409,45409.0,18.2,27.482,0.5,5.9,0.5,227.0,520.0,, , ,,0,1,0,1,0,0,,Tonalita
199,Point ZM,MADBS-35,5932809,681527,133.0,Tonalita,TON,1.0,0.8415,8415.0,1.0,0.4748,4748.0,99.0,50.0,0.0499,499.0,4.9816,49816.0,21.9,33.069,90.0,9.8,0.5,0.5,0.5,, , ,,0,1,1,0,1,0,,Tonalita
200,Point ZM,MADBS-36,5932771,681605,117.0,Granodiorita,GRD,1.0,0.9777,9777.0,4118.0,0.3769,3769.0,72.0,54.0,0.0426,426.0,3.797,37970.0,25.7,38.807,0.5,6.7,0.5,92.0,279.0,, , ,,0,1,0,1,0,0,,Granodiorita
201,Point ZM,MADBS-37,5932875,681648,103.0,Granodiorita,GRD,1.0,0.9596,9596.0,8317.0,0.59,5900.0,154.0,133.0,0.1023,1023.0,5.5778,55778.0,52.8,79.728,78.0,12.8,97.0,112.0,340.0,, , ,,0,0,0,0,0,0,,Granodiorita
202,Point ZM,MADBS-38,5932880,681645,100.0,Granodiorita,GRD,1.0,0.652,6520.0,4683.0,0.6273,6273.0,125.0,85.0,0.062,620.0,5.2651,52651.0,30.7,46.357,0.5,21.6,0.5,0.5,0.5,, , ,,0,1,1,1,1,0,,Granodiorita
203,Point ZM,MADBS-39,5932932,681401,100.0,Tonalita,TON,1.0,0.8204,8204.0,960.0,0.4194,4194.0,112.0,52.0,0.0436,436.0,5.4087,54087.0,35.9,54.209,0.5,10.7,0.5,107.0,242.0,, , ,,0,1,0,1,0,0,,Tonalita
204,Point ZM,MADBS-40,5932927,681439,114.0,Granito de Granate,GG,1.0,0.7236,7236.0,879.0,0.4416,4416.0,188.0,195.0,0.2119,2119.0,12.8346,128346.0,290.0,437.9,517.0,175.0,276.0,169.0,488.0,, , ,,0,0,0,0,0,0,,Granito de Granate
205,Point ZM,MADBS-41,5932529,682301,257.0,Tonalita,TON,1.0,0.6113,6113.0,438.0,0.9473,9473.0,150.0,68.0,0.0627,627.0,8.5433,85433.0,32.5,49.075,292.0,62.0,139.0,121.0,299.0,,"Suelo arcilloso, rojizo", ,,0,0,0,0,0,0,,Tonalita
206,Point ZM,MADBS-42a,5932505,682319,261.0,Granito de Granate,GG,1.0,0.214,2140.0,1.0,0.4265,4265.0,92.0,58.0,0.2834,2834.0,8.6404,86404.0,54.5,82.295,613.0,72.0,126.0,149.0,371.0,,Local zona de GG brechizando a TON, ,,0,0,0,0,0,0,,Granito de Granate
207,Point ZM,MADBS-42b,5932505,682319,261.0,Tonalita,TON,0.0,0.0,0.0,0.0,0.952,9520.0,1.0,1.0,0.0,0.0,4.5397,45397.0,20.5,30.955,0.5,4.9,0.5,65.0,0.5,,"Suelo arcilloso, rojizo", ,,0,1,0,1,1,0,,Tonalita
208,Point ZM,MADBS-43,5932494,682355,268.0,Granito de Granate,GG,1.0,0.4336,4336.0,1.0,0.5341,5341.0,152.0,123.0,0.4331,4331.0,13.9232,139232.0,106.6,160.966,443.0,91.0,161.0,124.0,308.0,, , ,,0,0,0,0,0,0,,Granito de Granate
209,Point ZM,MADBS-44,5932515,682426,274.0,Roca Micacea,RXM,666.0,0.7915,7915.0,1.0,0.5294,5294.0,121.0,59.0,0.0322,322.0,8.4886,84886.0,50.6,76.406,166.0,63.0,113.0,90.0,351.0,,"Saprolito, numerosos fragmentos de RxMica", ,,0,0,0,0,0,0,,Roca Micacea
210,Point ZM,MADBS-45,5932539,682473,278.0,Halo Tonalítico,TON,1.0,0.647,6470.0,1.0,0.4345,4345.0,245.0,229.0,0.066,660.0,11.0563,110563.0,33.7,50.887,1006.0,365.0,449.0,0.5,0.5,,5-10% Ox negros, ,,0,0,1,0,1,0,,Halo Tonalitico
211,Point ZM,MADBS-46,5932547,682564,282.0,Metapelita,MP,1.0,1.7361,17361.0,1.0,0.4622,4622.0,117.0,43.0,0.0363,363.0,3.8652,38652.0,23.6,35.636,98.0,18.8,0.5,241.0,523.0,,"Saprolito con abundantes fragmentos in situ, levemente esquistosos", ,,0,1,0,0,0,0,,Metapelita
212,Point ZM,MADBS-47,5932469,682873,306.0,Metapelita,MP,1.0,1.0407,10407.0,1.0,0.5631,5631.0,111.0,94.0,0.0717,717.0,6.4324,64324.0,20.5,30.955,66.0,17.5,0.5,209.0,467.0,, , ,,0,1,0,0,0,0,,Metapelita
213,Point ZM,MADBS-48a,5932390,682922,319.0,Tonalita,TON,1.0,0.5774,5774.0,863.0,0.5359,5359.0,146.0,84.0,0.1201,1201.0,8.4169,84169.0,33.5,50.585,590.0,127.0,253.0,0.5,243.0,,Dique N40E/35NW, ,,0,0,1,0,0,0,,Tonalita
214,Point ZM,MADBS-48b,5932390,682922,319.0,Roca Micacea,RXM,1.0,0.4788,4788.0,652.0,0.6173,6173.0,142.0,84.0,0.041,410.0,8.8922,88922.0,30.0,45.3,335.0,75.0,182.0,97.0,290.0,, , ,,0,0,0,0,0,0,,Roca Micacea
215,Point ZM,MADBS-49,5932686,682720,228.0,Tonalita?,TON,1.0,0.511,5110.0,1.0,0.4079,4079.0,88.0,61.0,0.0469,469.0,6.4948,64948.0,24.6,37.146,0.5,10.1,0.5,61.0,149.0,,"Suelo arcilloso anaranjado con text paracialmente preservada, poca bt", ,,0,1,0,1,0,0,,Tonalita
216,Point ZM,MADBS-50A,5932675,682845,228.0,Roca Micacea,RXM,1.0,0.5744,5744.0,313.0,0.5215,5215.0,103.0,68.0,0.0271,271.0,4.9386,49386.0,24.0,36.24,0.5,11.8,45.0,91.0,187.0,,Saprolito rojizo fino, ,,0,0,0,1,0,0,,Roca Micacea
217,Point ZM,MADBS-50B,5932675,682845,228.0,Tonalita,TON,1.0,0.8813,8813.0,1235.0,0.3718,3718.0,74.0,79.0,0.0357,357.0,3.875,38750.0,37.1,56.021,0.5,14.5,0.5,0.5,0.5,,Saprolito, ,,0,1,1,1,1,0,,Tonalita
218,Point ZM,MADBS-51,5932722,682891,222.0,Roca micacea?,RXM,1.0,1.038,10380.0,493.0,0.5122,5122.0,99.0,58.0,0.0877,877.0,4.6285,46285.0,29.3,44.243,114.0,28.3,0.5,118.0,233.0,,Suelo orgánico con abundantes fragmentos rocosos de roca micácea, ,,0,1,0,0,0,0,,Roca micacea?
219,Point ZM,MADBS-52,5932741,682894,223.0,Tonalita,TON,1.0,0.7821,7821.0,1.0,0.43,4300.0,102.0,59.0,0.0965,965.0,5.6462,56462.0,153.0,231.03,133.0,35.3,76.0,0.5,0.5,,Saprolito con textura preservada, ,,0,0,1,0,1,0,,Tonalita
220,Point ZM,MADBS-53,5932779,682909,215.0,Tonalita,TON,1.0,1.3468,13468.0,982.0,0.5459,5459.0,99.0,93.0,0.0652,652.0,4.2592,42592.0,26.4,39.864,0.5,8.4,0.5,0.5,0.5,, , ,,0,1,1,1,1,0,,Tonalita
221,Point ZM,MADBS-54A,5932853,682870,212.0,Tonalita,TON,1.0,1.2817,12817.0,989.0,0.4746,4746.0,92.0,50.0,0.0255,255.0,4.4617,44617.0,17.0,25.67,0.5,8.5,0.5,0.5,0.5,, , ,,0,1,1,1,1,0,,Tonalita
222,Point ZM,MADBS-54B,5932853,682870,212.0,Tonalita de Bt,TON,1.0,1.5307,15307.0,966.0,0.4432,4432.0,81.0,60.0,0.0398,398.0,3.6956,36956.0,14.8,22.348,46.0,16.9,0.5,159.0,325.0,,"Zona más biotítica debajo de Ton, saprolito", ,,0,1,0,0,0,0,,Tonalita de Biotita
223,Point ZM,MADBS-55,5932748,682965,249.0,Roca Micacea,RXM,1.0,0.6981,6981.0,1.0,0.3244,3244.0,87.0,71.0,0.0226,226.0,3.7442,37442.0,30.8,46.508,53.0,18.6,0.5,143.0,312.0,, , ,,0,1,0,0,0,0,,Roca Micacea
224,Point ZM,MADBS-56A,5932633,683042,302.0,Roca Micacea,RXM,1.0,0.9613,9613.0,1.0,0.5262,5262.0,107.0,69.0,0.0479,479.0,6.0408,60408.0,48.7,73.537,182.0,48.0,91.0,141.0,295.0,,Suelo, ,,0,0,0,0,0,0,,Roca Micacea
225,Point ZM,MADBS-56B,5932533,683084,337.0,Roca Micacea,RXM,1.0,1.1492,11492.0,1261.0,0.5419,5419.0,140.0,81.0,0.0346,346.0,4.5993,45993.0,30.2,45.602,76.0,22.0,0.5,163.0,312.0,,Saprolito, ,,0,1,0,0,0,0,,Roca Micacea
226,Point ZM,MADBS-57,5932533,683084,337.0,Roca micacea?,RXM,1.0,0.7144,7144.0,2220.0,0.4676,4676.0,97.0,71.0,0.0632,632.0,4.9754,49754.0,53.8,81.238,110.0,31.9,75.0,102.0,268.0,,Suelo orgánico con abundantes fragmentos rocosos de roca micácea, ,,0,0,0,0,0,0,,Roca micacea?
227,Point ZM,MADBS-58,5932567,683209,353.0,Tonalita,TON,1.0,0.6631,6631.0,1.0,0.2975,2975.0,75.0,49.0,0.0351,351.0,4.6342,46342.0,65.1,98.301,324.0,87.0,141.0,67.0,188.0,, , ,,0,0,0,0,0,0,,Tonalita
228,Point ZM,MADBS-59A,5932559,683365,352.0,Roca Micacea,RXM,1.0,0.87,8700.0,1.0,0.5351,5351.0,136.0,72.0,0.0831,831.0,7.692,76920.0,38.9,58.739,120.0,37.2,57.0,124.0,305.0,, , ,,0,0,0,0,0,0,,Roca Micacea
229,Point ZM,MADBS-59B,5932559,683365,352.0,Tonalita,TON,1.0,0.7151,7151.0,1.0,0.4952,4952.0,98.0,81.0,0.1361,1361.0,4.8985,48985.0,38.2,57.682,359.0,51.0,118.0,301.0,746.0,,Enclave en RXMICA MADBS-59A, ,,0,0,0,0,0,0,,Tonalita
230,Point ZM,MADBS-60,5932556,683369,350.0,Granito de Granate,GG,1.0,0.6969,6969.0,1.0,0.3071,3071.0,61.0,31.0,0.1626,1626.0,4.9596,49596.0,17.1,25.821,339.0,83.0,155.0,0.5,110.0,,Zona de contacto con RXMICA, ,,0,0,1,0,0,0,,Granito de Granate
231,Point ZM,MADBS-61A,5932553,683393,350.0,Granito de Granate?,GG,1.0,0.2506,2506.0,1.0,0.44,4400.0,71.0,40.0,0.2409,2409.0,7.4111,74111.0,39.7,59.947,459.0,80.0,186.0,155.0,403.0,,Zona de contacto con RXMICA y TON, ,,0,0,0,0,0,0,,Granito de Granate
232,Point ZM,MADBS-61B,5932553,683393,350.0,Tonalita,TON,468.0,0.5171,5171.0,1.0,0.312,3120.0,106.0,73.0,0.2983,2983.0,6.3464,63464.0,11.5,17.365,340.0,94.0,141.0,68.0,182.0,,Zona de contacto con RXMICA y GG, ,,0,0,0,0,0,0,,Tonalita
233,Point ZM,MADBS-61C,5932553,683393,350.0,Roca Micacea,RXM,1.0,1.1183,11183.0,1.0,0.3408,3408.0,412.0,327.0,1.7147,17147.0,11.5468,115468.0,20.9,31.559,183.0,23.6,55.0,146.0,344.0,,Zona de contacto con GG y RXMICA, ,Mn_ALTO(1.7147%),0,0,0,0,0,0,,Roca Micacea
234,Point ZM,MADBS-62,5932550,683405,347.0,Roca Micacea,RXM,1.0,0.3281,3281.0,1.0,0.3604,3604.0,93.0,44.0,0.0453,453.0,5.5031,55031.0,2.6,3.926,52.0,4.2,0.5,94.0,194.0,, , ,,0,1,0,0,0,0,,Roca Micacea
235,Point ZM,MADBS-63A,5932549,683425,347.0,Granito de Granate,GG,1.0,0.8258,8258.0,1.0,0.4281,4281.0,67.0,27.0,0.0315,315.0,4.629,46290.0,5.7,8.607,0.5,8.6,0.5,53.0,110.0,,Zona de contacto con RXMICA y TON, ,,0,1,0,1,0,0,,Granito de Granate
236,Point ZM,MADBS-63B,5932549,683425,347.0,Roca Micacea,RXM,1.0,0.2009,2009.0,1.0,0.2241,2241.0,59.0,43.0,0.1554,1554.0,5.5824,55824.0,31.1,46.961,405.0,71.0,125.0,118.0,233.0,,Zona de contacto con GG y TON, ,,0,0,0,0,0,0,,Roca Micacea
237,Point ZM,MADBS-63C,5932549,683425,347.0,, ,1.0,2.0055,20055.0,1.0,0.7954,7954.0,200.0,148.0,0.0619,619.0,6.0771,60771.0,38.3,57.833,88.0,24.9,89.0,233.0,596.0,, , ,,0,0,0,0,0,0,,SIN_ASIGNAR
238,Point ZM,MADBS-64,5932548,683444,348.0,Granito de Granate,GG,1.0,0.5039,5039.0,1.0,0.3778,3778.0,80.0,59.0,0.3641,3641.0,7.6107,76107.0,46.5,70.215,583.0,113.0,268.0,171.0,570.0,, , ,,0,0,0,0,0,0,,Granito de Granate
239,Point ZM,MADBS-65,5932590,682630,271.0,Suelo,SOIL,1.0,0.3672,3672.0,288.0,0.7533,7533.0,146.0,84.0,0.1101,1101.0,7.6479,76479.0,30.6,46.206,285.0,53.0,123.0,94.0,255.0,,No se reconoce litología, ,,0,0,0,0,0,0,,Suelo
240,Point ZM,MADBS-66,5932602,682604,262.0,Halo Tonalítico?,SOIL,1.0,0.3638,3638.0,576.0,0.6909,6909.0,160.0,121.0,0.0352,352.0,7.7475,77475.0,28.6,43.186,491.0,107.0,256.0,105.0,265.0,,"Probable halo tonalítico, se obtuvo un Gt", ,,0,0,0,0,0,0,,Halo Tonalitico
241,Point ZM,MADBS-67A,5932607,682595,259.0,Halo Tonalítico?,TON,1.0,0.9012,9012.0,1.0,0.3731,3731.0,131.0,82.0,0.0859,859.0,6.5983,65983.0,53.3,80.483,513.0,128.0,208.0,135.0,322.0,,"Textura de grano grueso, 10-15% Qz", ,,0,0,0,0,0,0,,Halo Tonalitico
242,Point ZM,MADBS-67B,5932607,682595,259.0,Roca Micacea,RXM,1.0,0.5499,5499.0,567.0,0.6332,6332.0,142.0,115.0,0.0748,748.0,8.0664,80664.0,34.5,52.095,122.0,38.0,0.5,154.0,386.0,,"Roca micácea, afloramiento de roca in situ", ,,0,1,0,0,0,0,,Roca Micacea
243,Point ZM,MADBS-68,5932593,682662,265.0,Suelo,SOIL,1.0,0.3722,3722.0,739.0,0.6955,6955.0,161.0,92.0,0.0941,941.0,7.909,79090.0,26.8,40.468,272.0,59.0,132.0,128.0,343.0,,No se reconoce litología, ,,0,0,0,0,0,0,,Suelo
244,Point ZM,MADBS-69,5932611,682696,257.0,Suelo,SOIL,1.0,0.3537,3537.0,1266.0,0.7182,7182.0,156.0,86.0,0.1629,1629.0,6.8777,68777.0,39.5,59.645,246.0,44.0,126.0,139.0,287.0,,No se reconoce litología, ,,0,0,0,0,0,0,,Suelo
245,Point ZM,MADBS-70,5932614,682713,258.0,Suelo,SOIL,1.0,0.3168,3168.0,673.0,0.6831,6831.0,144.0,73.0,0.0892,892.0,6.7063,67063.0,29.8,44.998,166.0,32.3,89.0,141.0,378.0,,No se reconoce litología, ,,0,0,0,0,0,0,,Suelo
246,Point ZM,MADBS-71A,5932681,682666,244.0,Tonalita,TON,1.0,0.3774,3774.0,1.0,0.436,4360.0,86.0,22.0,0.0445,445.0,4.3649,43649.0,8.6,12.986,0.5,5.6,0.5,110.0,243.0,, , ,,0,1,0,1,0,0,,Tonalita
247,Point ZM,MADBS-71B,5932681,682666,244.0,Roca Micacea,RXM,1.0,0.922,9220.0,1.0,0.6099,6099.0,105.0,56.0,0.0476,476.0,6.5577,65577.0,10.0,15.1,0.5,11.7,0.5,150.0,349.0,,Roca micácea queda colgada sobre Ton en la pared de la cancha forestal, ,,0,1,0,1,0,0,,Roca Micacea
248,Point ZM,MADBS-72A,5932686,682660,245.0,Granito de Granate,GG,1.0,0.8252,8252.0,1.0,0.4526,4526.0,101.0,58.0,0.2543,2543.0,8.4324,84324.0,28.7,43.337,360.0,83.0,169.0,173.0,437.0,,"GG claro, suelo", ,,0,0,0,0,0,0,,Granito de Granate
249,Point ZM,MADBS-72B,5932686,682660,245.0,Granito de Granate,GG,1.0,0.5145,5145.0,1.0,0.466,4660.0,124.0,84.0,0.5108,5108.0,10.0758,100758.0,163.3,246.583,611.0,112.0,249.0,103.0,472.0,,"GG claro, roca in situ", ,,0,0,0,0,0,0,DUP_1/2,Granito de Granate
250,Point ZM,MADBS-72B,5932686,682660,245.0,Granito de Granate,GG,1.0,1.0213,10213.0,3641.0,0.8252,8252.0,192.0,210.0,0.1618,1618.0,11.1688,111688.0,207.0,312.57,562.0,92.0,279.0,287.0,613.0,,"GG oscuro, con mayor cantidad de Bt", ,,0,0,0,0,0,0,DUP_2/2,Granito de Granate
251,Point ZM,MADBS-72C,5932686,682660,245.0,Roca Micacea,RXM,1.0,1.314,13140.0,1.0,0.3515,3515.0,185.0,59.0,0.1086,1086.0,6.985,69850.0,28.6,43.186,145.0,6.9,0.5,88.0,137.0,,Enclave en GG (saprolito), ,,0,1,0,0,0,0,,Roca Micacea
252,Point ZM,MADBS-73,5932766,682631,224.0,Tonalita,TON,1.0,0.5874,5874.0,1.0,0.4132,4132.0,52.0,37.0,0.0138,138.0,1.6899,16899.0,35.1,53.001,0.5,12.7,51.0,91.0,234.0,, , ,,0,0,0,1,0,0,,Tonalita
253,Point ZM,MADBS-74,5932764,682682,214.0,Tonalita,TON,1.0,0.5339,5339.0,1.0,0.615,6150.0,132.0,94.0,0.1407,1407.0,6.6451,66451.0,70.0,105.7,177.0,38.6,79.0,99.0,255.0,, , ,,0,0,0,0,0,0,,Tonalita
254,Point ZM,MADBS-75A,5932376,682947,325.0,Tonalita,TON,1.0,1.8203,18203.0,309.0,0.379,3790.0,155.0,135.0,0.3316,3316.0,5.8206,58206.0,263.0,397.13,616.0,143.0,321.0,185.0,485.0,,Aledaña a contacto con GG, ,,0,0,0,0,0,0,,Tonalita
255,Point ZM,MADBS-75B,5932376,682947,325.0,Granito de Granate,GG,1.0,1.2069,12069.0,1.0,0.297,2970.0,134.0,127.0,0.3086,3086.0,7.2932,72932.0,85.3,128.803,450.0,126.0,304.0,102.0,256.0,,Aledaña a contacto con TON, ,,0,0,0,0,0,0,,Granito de Granate
256,Point ZM,MADBS-75C,5932376,682947,325.0,Roca Micacea,RXM,1.0,0.3826,3826.0,647.0,0.4413,4413.0,169.0,68.0,0.1216,1216.0,3.6866,36866.0,18.9,28.539,294.0,63.0,92.0,0.5,0.5,, , ,,0,0,1,0,1,0,,Roca Micacea
257,Point ZM,MADBS-76,5932360,682954,334.0,Granito de Granate,GG,1.0,0.6972,6972.0,319.0,0.2402,2402.0,79.0,77.0,0.1254,1254.0,4.1144,41144.0,88.2,133.182,359.0,89.0,193.0,110.0,221.0,, , ,,0,0,0,0,0,0,,Granito de Granate
258,Point ZM,MADBS-77,5932366,683221,353.0,Tonalita,TON,1.0,0.9137,9137.0,1.0,0.5798,5798.0,103.0,1.0,0.0285,285.0,5.4196,54196.0,6.1,9.211,0.5,16.4,0.5,61.0,201.0,, , ,,0,1,0,1,0,0,,Tonalita
259,Point ZM,MADBS-78,5932374,683187,333.0,Halo tonalítico?,TON,1.0,1.2227,12227.0,1.0,0.2309,2309.0,76.0,34.0,0.1141,1141.0,3.6301,36301.0,88.8,134.088,339.0,72.0,143.0,151.0,333.0,, , ,,0,0,0,0,0,0,,Halo tonalítico?
260,Point ZM,MADBS-79,5932368,683175,335.0,Roca Micacea,RXM,1.0,1.7751,17751.0,664.0,0.6096,6096.0,163.0,60.0,0.0318,318.0,6.8101,68101.0,31.1,46.961,0.5,20.3,0.5,0.5,0.5,, , ,,0,1,1,1,1,0,,Roca Micacea
261,Point ZM,MADBS-80,5932363,683171,338.0,Roca Micacea,RXM,1.0,1.4425,14425.0,604.0,0.6149,6149.0,139.0,43.0,0.0323,323.0,7.1179,71179.0,24.0,36.24,0.5,20.5,0.5,120.0,267.0,, , ,,0,1,0,1,0,0,,Roca Micacea
262,Point ZM,MADBS-81,5932366,683146,339.0,Granito de Granate?,GG,1.0,1.0436,10436.0,1.0,0.1874,1874.0,65.0,23.0,0.0717,717.0,2.7086,27086.0,58.7,88.637,331.0,64.0,146.0,101.0,266.0,,"Local, sobre RXMICA en contacto N25W/18SW", ,,0,0,0,0,0,0,,Granito de Granate
263,Point ZM,MADBS-82,5932343,683029,331.0,Roca Micacea,RXM,1.0,1.503,15030.0,2500.0,0.4114,4114.0,115.0,80.0,0.0795,795.0,9.5625,95625.0,21.3,32.163,125.0,22.0,101.0,126.0,322.0,,Roca meteorizada, ,,0,0,0,0,0,0,,Roca Micacea
264,Point ZM,MADBS-83,5932375,682719,337.0,Roca micacea?/suelo,SOIL,1.0,0.6641,6641.0,1.0,0.952,9520.0,456.0,401.0,0.1653,1653.0,15.3786,153786.0,41.2,62.212,1444.0,275.0,804.0,76.0,288.0,,"Suelo orgánico, probable RXMICA", ,Fe_ALTO(15.3786%),0,0,0,0,0,0,,Roca Micacea
265,Point ZM,MADBS-84,5932257,682640,306.0,Tonalita,TON,1.0,0.5666,5666.0,1.0,0.754,7540.0,135.0,46.0,0.0463,463.0,9.0751,90751.0,26.1,39.411,292.0,47.0,128.0,126.0,265.0,, , ,,0,0,0,0,0,0,,Tonalita
266,Point ZM,MADBS-85A,5932243,682595,301.0,Tonalita de Bt,TON,1.0,0.7347,7347.0,1.0,0.5845,5845.0,96.0,40.0,0.085,850.0,7.766,77660.0,17.9,27.029,176.0,38.0,102.0,169.0,403.0,, , ,,0,0,0,0,0,0,,Tonalita de Biotita
267,Point ZM,MADBS-85B,5932243,682595,301.0,Tonalita de Bt,TON,1.0,0.5206,5206.0,1216.0,0.5587,5587.0,133.0,92.0,0.0446,446.0,5.8492,58492.0,43.0,64.93,229.0,44.0,138.0,0.5,0.5,,Tonalita: fragmentos rocosos dentro del saprolito, ,,0,0,1,0,1,0,,Tonalita de Biotita
268,Point ZM,MADBS-86B,5932204,682471,284.0,Granito de Granate,GG,1.0,0.8771,8771.0,197.0,0.5751,5751.0,121.0,86.0,0.0472,472.0,11.0471,110471.0,32.9,49.679,293.0,77.0,164.0,60.0,255.0,,Bolón in situ con gt, ,,0,0,0,0,0,0,,Granito de Granate
269,Point ZM,MADBS-86C,5932204,682471,284.0,Suelo,SOIL,1.0,0.484,4840.0,1.0,0.5908,5908.0,142.0,74.0,0.2064,2064.0,8.0837,80837.0,39.7,59.947,588.0,97.0,158.0,176.0,470.0,,Suelo arcilloso rojizo, ,,0,0,0,0,0,0,,Suelo
270,Point ZM,MADBS-87A,5932310,682977,315.0,Granito de Granate,GG,1.0,0.9096,9096.0,1.0,0.3333,3333.0,125.0,98.0,0.0287,287.0,5.2904,52904.0,142.8,215.628,529.0,126.0,297.0,139.0,385.0,, , ,,0,0,0,0,0,0,,Granito de Granate
271,Point ZM,MADBS-87B,5932310,682977,315.0,Granito de Granate,GG,1.0,0.7479,7479.0,1.0,0.2309,2309.0,371.0,376.0,0.5377,5377.0,3.2457,32457.0,93.2,140.732,728.0,116.0,249.0,89.0,235.0,,Vetillas ricas en Ox negros + Qz N40W/15NE en caja GG, ,,0,0,0,0,0,0,,Granito de Granate
272,Point ZM,MADBS-88,5932116,683271,311.0,Tonalita o Rxmica?/suelo,SOIL,1.0,0.8244,8244.0,1.0,0.5899,5899.0,115.0,77.0,0.0229,229.0,9.5749,95749.0,96.9,146.319,260.0,75.0,102.0,103.0,245.0,,Suelo orgánico, ,,0,0,0,0,0,0,,Tonalita o Rxmica?/suelo
273,Point ZM,MADBS-89A,5932241,683151,311.0,Granito de Granate,GG,1.0,0.7071,7071.0,1.0,0.358,3580.0,104.0,87.0,0.2727,2727.0,7.3765,73765.0,164.3,248.093,538.0,120.0,253.0,0.5,208.0,, , ,,0,0,1,0,0,0,,Granito de Granate
274,Point ZM,MADBS-89B,5932241,683151,311.0,Roca Micacea,RXM,1.0,0.7921,7921.0,1.0,0.4677,4677.0,215.0,173.0,0.1912,1912.0,9.267,92670.0,35.6,53.756,261.0,23.0,0.5,67.0,195.0,, , ,,0,1,0,0,0,0,,Roca Micacea
275,Point ZM,MADBS-90,5932306,683082,312.0,Roca Micacea,RXM,1.0,1.2634,12634.0,800.0,0.4073,4073.0,96.0,69.0,0.0268,268.0,3.9317,39317.0,27.6,41.676,89.0,25.5,37.0,243.0,565.0,, , ,,0,0,0,0,0,0,,Roca Micacea
276,Point ZM,MADBS-91,5932295,683013,323.0,Roca Micacea,RXM,1.0,1.5268,15268.0,399.0,0.5333,5333.0,129.0,80.0,0.0414,414.0,4.6222,46222.0,20.4,30.804,92.0,25.1,63.0,238.0,497.0,, , ,,0,0,0,0,0,0,,Roca Micacea
277,Point ZM,MADBS-92,5932314,682985,371.0,Granito de Granate,GG,1.0,0.5639,5639.0,1.0,0.6474,6474.0,151.0,131.0,0.3861,3861.0,12.0726,120726.0,151.9,229.369,475.0,95.0,232.0,181.0,494.0,, , ,,0,0,0,0,0,0,,Granito de Granate
278,Point ZM,MADBS-93,5932309,682907,317.0,Roca Micacea,RXM,1.0,0.3479,3479.0,1165.0,0.6402,6402.0,112.0,74.0,0.0369,369.0,7.539,75390.0,25.0,37.75,222.0,50.0,110.0,129.0,275.0,, , ,,0,0,0,0,0,0,,Roca Micacea
279,Point ZM,MADBS-94,5932303,682777,310.0,Tonalita,TON,1.0,0.6576,6576.0,1382.0,0.654,6540.0,177.0,158.0,0.0551,551.0,6.6368,66368.0,18.6,28.086,185.0,20.0,170.0,108.0,301.0,, , ,,0,0,0,0,0,0,,Tonalita
280,Point ZM,MADBS-95,5933738,682867,153.0,Tonalita,TON,2003.0,1.6592,16592.0,1.0,0.3271,3271.0,60.0,28.0,0.0202,202.0,2.979,29790.0,10.5,15.855,0.5,19.1,0.5,0.5,92.0,, , ,,0,1,1,1,0,0,,Tonalita
281,Point ZM,MADBS-96,5933468,682777,137.0,Suelo,SOIL,1009.0,1.6069,16069.0,2831.0,0.3456,3456.0,66.0,38.0,0.048,480.0,2.3764,23764.0,14.5,21.895,0.5,13.3,0.5,73.0,124.0,, , ,,0,1,0,1,0,0,,Suelo
282,Point ZM,MADBS-97a,5933242,683009,175.0,Tonalita o Rxmica?/suelo,TON,1251.0,0.8198,8198.0,1.0,0.5694,5694.0,114.0,72.0,0.0276,276.0,7.6443,76443.0,19.7,29.747,0.5,15.6,0.5,0.5,0.5,,Suelo pardo anaranjado, ,,0,1,1,1,1,0,,Tonalita o Rxmica?/suelo
283,Point ZM,MADBS-97b,5933248,683008,174.0,Tonalita o Rxmica?/suelo,TON,967.0,0.8498,8498.0,1.0,0.5425,5425.0,106.0,63.0,0.059,590.0,5.7978,57978.0,19.4,29.294,0.5,15.8,0.5,0.5,0.5,,Suelo pardo rojizo, ,,0,1,1,1,1,0,,Tonalita o Rxmica?/suelo
284,Point ZM,MADBS-98a,5933041,682910,206.0,Roca Micacea,RXM,855.0,1.7753,17753.0,1.0,0.4505,4505.0,91.0,48.0,0.0319,319.0,3.9715,39715.0,23.9,36.089,53.0,14.4,0.5,0.5,119.0,, , ,,0,1,1,0,0,0,,Roca Micacea
285,Point ZM,MADBS-98b,5933041,682910,206.0,Tonalita,TON,853.0,1.1627,11627.0,1.0,0.4354,4354.0,83.0,66.0,0.0258,258.0,4.6011,46011.0,25.2,38.052,53.0,10.2,46.0,55.0,0.5,, , ,,0,0,0,0,1,0,,Tonalita
286,Point ZM,MADBS-99,5932861,683061,257.0,Granito de Granate,GG,1308.0,1.5276,15276.0,1.0,0.3724,3724.0,102.0,56.0,0.0449,449.0,8.9244,89244.0,71.5,107.965,366.0,124.0,211.0,0.5,150.0,, , ,,0,0,1,0,0,0,,Granito de Granate
287,Point ZM,MAD-RM01-01,5932539,682044,220.464478,Roca Micacea,RXM,1.0,0.8389,8389.0,1.0,0.5475,5475.0,83.0,48.0,0.0179,179.0,5.6955,56955.0,40.0,60.4,0.5,9.5,0.5,0.5,0.5,, , ,,0,1,1,1,1,0,,Roca Micacea
288,Point ZM,MAD-RM01-02,5932541,682046,220.796921,Granito de Granate,GG,1.0,0.3643,3643.0,1.0,0.4369,4369.0,142.0,99.0,0.5817,5817.0,11.6826,116826.0,126.7,191.317,456.0,101.0,150.0,136.0,357.0,, , ,,0,0,0,0,0,0,,Granito de Granate
289,Point ZM,MAD-RM01-03,5932536,682039,219.376923,Roca Micacea,RXM,369.0,0.6179,6179.0,1.0,0.5127,5127.0,104.0,69.0,0.031,310.0,8.3535,83535.0,52.6,79.426,151.0,57.0,43.0,157.0,369.0,, , ,,0,0,0,0,0,0,,Roca Micacea
290,Point ZM,MAD-RM01-04,5932532,682042,220.773178,Halo Tonalítico,TON,759.0,0.5709,5709.0,236.0,0.5416,5416.0,117.0,61.0,0.0731,731.0,9.579,95790.0,51.2,77.312,257.0,49.0,87.0,172.0,389.0,, , ,,0,0,0,0,0,0,,Halo Tonalitico
291,Point ZM,MAD-RM01-05,5932511,682045,224.349319,Halo Tonalítico,TON,390.0,0.4423,4423.0,1.0,0.5773,5773.0,145.0,89.0,0.0457,457.0,8.4339,84339.0,65.7,99.207,477.0,94.0,164.0,105.0,206.0,, , ,,0,0,0,0,0,0,,Halo Tonalitico
292,Point ZM,MAD-RM01-06,5932508,682046,225.030212,Roca Micacea,RXM,1.0,0.718,7180.0,1.0,0.4998,4998.0,100.0,61.0,0.0559,559.0,7.0373,70373.0,34.7,52.397,145.0,40.0,66.0,102.0,171.0,, , ,,0,0,0,0,0,0,,Roca Micacea
293,Point ZM,MAD-RM01-07,5932507,682043,224.273331,Roca Micacea,RXM,275.0,0.6168,6168.0,1.0,0.2551,2551.0,89.0,68.0,0.0539,539.0,4.1457,41457.0,45.9,69.309,266.0,58.0,99.0,0.5,116.0,, , ,,0,0,1,0,0,0,,Roca Micacea
294,Point ZM,MAD-RM01-08,5932502,682045,225.534607,Halo Tonalítico,TON,1.0,0.3586,3586.0,123.0,0.6954,6954.0,143.0,94.0,0.1494,1494.0,7.2557,72557.0,59.2,89.392,257.0,56.0,116.0,140.0,344.0,, , ,,0,0,0,0,0,0,,Halo Tonalitico
295,Point ZM,MAD-RM01-09,5932498,682045,225.92894,Halo Tonalítico,TON,1.0,0.6038,6038.0,1.0,0.4681,4681.0,0.0,131.0,0.0587,587.0,7.9918,79918.0,70.1,105.851,487.0,99.0,247.0,116.0,307.0,, , ,,0,0,0,0,0,0,,Halo Tonalitico
296,Point ZM,MAD-RM01-10,5932460,682052,225.0,Roca Micacea,RXM,1.0,0.428,4280.0,181.0,0.6802,6802.0,114.0,54.0,0.083,830.0,7.1672,71672.0,55.9,84.409,138.0,33.0,72.0,84.0,169.0,, , ,,0,0,0,0,0,0,,Roca Micacea
297,Point ZM,MAD-RM01-11,5932455,682044,225.0,Roca Micacea,RXM,1.0,0.7105,7105.0,1.0,0.6774,6774.0,117.0,50.0,0.0971,971.0,6.7184,67184.0,29.3,44.243,200.0,46.0,77.0,109.0,263.0,, , ,,0,0,0,0,0,0,,Roca Micacea
298,Point ZM,MAD-RM01-12,5932455,682040,225.0,Roca Micacea,RXM,1.0,0.7881,7881.0,1.0,0.6241,6241.0,123.0,57.0,0.1109,1109.0,8.608,86080.0,27.3,41.223,228.0,42.0,65.0,93.0,204.0,, , ,,0,0,0,0,0,0,,Roca Micacea
299,Point ZM,MAD-RM01-13,5932549,682049,220.654449,Roca Micacea,RXM,1.0,0.5899,5899.0,1.0,0.4504,4504.0,99.0,58.0,0.0374,374.0,5.3386,53386.0,65.3,98.603,79.0,17.7,0.5,110.0,230.0,, , ,,0,1,0,0,0,0,,Roca Micacea
300,Point ZM,MAD-RM01-14,5932558,682049,219.500397,Roca Micacea,RXM,376.0,0.86,8600.0,1.0,0.4304,4304.0,97.0,73.0,0.0436,436.0,6.1353,61353.0,96.9,146.319,132.0,17.3,67.0,74.0,181.0,, , ,,0,0,0,0,0,0,,Roca Micacea
301,Point ZM,MAD-RM01-15,5932560,682052,220.127289,Granito de Granate,GG,1.0,0.7988,7988.0,1.0,0.5212,5212.0,281.0,286.0,0.6114,6114.0,12.1304,121304.0,243.0,366.93,923.0,189.0,299.0,126.0,360.0,, , ,,0,0,0,0,0,0,,Granito de Granate
302,Point ZM,MAD-RM01-16,5932575,682059,220.370865,Granito de Granate,GG,1.0,0.3131,3131.0,1.0,0.527,5270.0,245.0,247.0,0.5028,5028.0,9.3855,93855.0,259.0,391.09,719.0,167.0,264.0,125.0,407.0,, , ,,0,0,0,0,0,0,,Granito de Granate
303,Point ZM,MAD-RM01-17,5932593,682081,222.688736,Granito de Granate,GG,1.0,0.3805,3805.0,1.0,0.4754,4754.0,203.0,193.0,0.3878,3878.0,8.6167,86167.0,165.4,249.754,722.0,155.0,180.0,149.0,409.0,, , ,,0,0,0,0,0,0,,Granito de Granate
304,Point ZM,MAD-RM01-18,5932619,682104,223.143112,Granito de Granate,GG,1.0,0.5125,5125.0,1.0,0.5009,5009.0,151.0,119.0,0.1955,1955.0,8.6134,86134.0,232.0,350.32,538.0,145.0,240.0,87.0,229.0,, , ,,0,0,0,0,0,0,,Granito de Granate
305,Point ZM,MAD-RM01-19,5932433,682026,225.0,Granodiorita,GRD,1.0,0.4297,4297.0,1.0,0.6681,6681.0,111.0,35.0,0.0333,333.0,8.4477,84477.0,19.1,28.841,87.0,31.0,0.5,88.0,146.0,, , ,,0,1,0,0,0,0,,Granodiorita
306,Point ZM,MAD-RM01-20,5932425,682013,225.0,Granodiorita,GRD,1.0,0.4629,4629.0,304.0,0.7295,7295.0,126.0,57.0,0.1174,1174.0,7.0403,70403.0,40.5,61.155,130.0,21.0,58.0,87.0,272.0,, , ,,0,0,0,0,0,0,,Granodiorita
307,Point ZM,MAD-RM01-21,5932468,682095,236.958893,Halo Tonalítico,TON,1.0,0.5925,5925.0,1.0,0.6014,6014.0,114.0,60.0,0.0342,342.0,7.4764,74764.0,22.0,33.22,113.0,27.0,0.5,0.5,0.5,, , ,,0,1,1,0,1,0,,Halo Tonalitico
308,Point ZM,MAD-RM01-22,5932483,682107,241.714722,Halo Tonalítico,TON,1.0,0.5055,5055.0,1.0,0.5227,5227.0,156.0,130.0,0.1549,1549.0,9.3769,93769.0,74.0,111.74,426.0,87.0,191.0,127.0,288.0,, , ,,0,0,0,0,0,0,,Halo Tonalitico
309,Point ZM,MAD-RM01-23,5932491,682106,242.026154,Halo Tonalítico,TON,1.0,0.4039,4039.0,1.0,0.4346,4346.0,76.0,29.0,0.0482,482.0,4.913,49130.0,37.7,56.927,0.5,9.4,46.0,0.5,109.0,, , ,,0,0,1,1,0,0,,Halo Tonalitico
310,Point ZM,MAD-RM01-24,5932495,682106,242.199646,Granito de Granate,GG,1.0,0.9889,9889.0,1.0,0.4997,4997.0,163.0,157.0,0.1386,1386.0,10.0161,100161.0,92.3,139.373,971.0,163.0,389.0,133.0,459.0,, , ,,0,0,0,0,0,0,,Granito de Granate
311,Point ZM,MAD-RM01-25,5932499,682113,243.956177,Granito de Granate,GG,1.0,0.4319,4319.0,1.0,0.4159,4159.0,271.0,283.0,0.2584,2584.0,7.7376,77376.0,91.1,137.561,965.0,170.0,583.0,84.0,370.0,, , ,,0,0,0,0,0,0,,Granito de Granate
312,Point ZM,MAD-RM01-26,5932512,682120,245.483612,Granito de Granate,GG,1.0,0.4249,4249.0,1.0,0.5037,5037.0,213.0,174.0,0.5751,5751.0,14.3591,143591.0,182.0,274.82,598.0,166.0,243.0,159.0,438.0,, , ,,0,0,0,0,0,0,,Granito de Granate
313,Point ZM,MAD-RM01-27,5932626,682131,227.365433,Granito de Granate,GG,1.0,0.4414,4414.0,132.0,0.4109,4109.0,143.0,107.0,0.1522,1522.0,7.9376,79376.0,138.4,208.984,433.0,75.0,143.0,119.0,366.0,, , ,,0,0,0,0,0,0,,Granito de Granate
314,Point ZM,MAD-RM01-28,5932631,682137,226.740875,Halo Tonalítico,TON,1.0,0.5186,5186.0,312.0,0.4711,4711.0,110.0,78.0,0.0701,701.0,7.1478,71478.0,122.6,185.126,130.0,33.5,88.0,90.0,192.0,, , ,,0,0,0,0,0,0,,Halo Tonalitico
315,Point ZM,MAD-RM01-29,5932677,682162,214.940018,Granito de Granate,GG,1.0,0.4812,4812.0,1.0,0.2666,2666.0,109.0,99.0,0.4052,4052.0,6.8991,68991.0,125.0,188.75,382.0,72.0,165.0,63.0,213.0,, , ,,0,0,0,0,0,0,,Granito de Granate
316,Point ZM,MAD-RM01-30,5932688,682169,213.047638,Granito de Granate,GG,1.0,0.879,8790.0,1.0,0.3758,3758.0,102.0,88.0,0.2693,2693.0,10.3372,103372.0,101.3,152.963,341.0,70.0,148.0,95.0,233.0,, , ,,0,0,0,0,0,0,,Granito de Granate
317,Point ZM,MAD-RM01-31,5932646,682144,222.972687,Tonalita,TON,1.0,0.6558,6558.0,195.0,0.6718,6718.0,125.0,73.0,0.1322,1322.0,7.7675,77675.0,63.3,95.583,172.0,38.0,51.0,66.0,136.0,, , ,,0,0,0,0,0,0,,Tonalita
318,Point ZM,MAD-RM01-32,5932712,682181,206.203186,Tonalita,TON,1.0,0.8499,8499.0,1.0,0.4375,4375.0,72.0,51.0,0.0399,399.0,4.7134,47134.0,72.1,108.871,0.5,7.1,0.5,0.5,0.5,, , ,,0,1,1,1,1,0,,Tonalita
319,Point ZM,MAD-RM01-33,5932715,682184,206.369202,Granito de Granate,GG,1.0,1.3699,13699.0,225.0,0.5651,5651.0,147.0,97.0,0.3553,3553.0,13.7953,137953.0,173.0,261.23,411.0,77.0,216.0,111.0,263.0,, , ,,0,0,0,0,0,0,,Granito de Granate
320,Point ZM,MAD-RM01-34,5932520,682138,250.0,Granito de Granate,GG,1.0,0.3318,3318.0,1.0,0.508,5080.0,91.0,59.0,0.6648,6648.0,6.787,67870.0,63.7,96.187,519.0,104.0,193.0,152.0,388.0,, , ,,0,0,0,0,0,0,,Granito de Granate
321,Point ZM,MAD-RM01-35,5932525,682148,250.0,Roca Micacea,RXM,1.0,0.7161,7161.0,1.0,0.6742,6742.0,162.0,99.0,0.153,1530.0,11.4139,114139.0,40.9,61.759,245.0,55.0,105.0,95.0,294.0,, , ,,0,0,0,0,0,0,,Roca Micacea
322,Point ZM,MAD-RM01-36,5932527,682150,250.0,Roca Micacea,RXM,1.0,0.724,7240.0,172.0,0.6537,6537.0,131.0,74.0,0.1404,1404.0,9.9095,99095.0,46.8,70.668,345.0,47.0,79.0,104.0,280.0,, , ,,0,0,0,0,0,0,,Roca Micacea
323,Point ZM,MAD-RM01-37,5932526,682153,250.0,Granito de Granate,GG,1.0,0.5562,5562.0,1.0,0.3705,3705.0,117.0,103.0,0.3471,3471.0,8.3743,83743.0,50.5,76.255,477.0,93.0,133.0,81.0,249.0,, , ,,0,0,0,0,0,0,,Granito de Granate
324,Point ZM,MAD-RM01-38,5932513,682169,250.0,Granito de Granate,GG,1.0,0.781,7810.0,1.0,0.501,5010.0,125.0,118.0,0.313,3130.0,12.0778,120778.0,102.7,155.077,465.0,98.0,206.0,136.0,316.0,, , ,,0,0,0,0,0,0,,Granito de Granate
325,Point ZM,MAD-RM01-39,5932529,682159,250.0,Roca Micacea,RXM,1.0,0.6998,6998.0,1.0,0.6473,6473.0,115.0,59.0,0.0666,666.0,9.4402,94402.0,22.9,34.579,140.0,25.0,116.0,134.0,344.0,, , ,,0,0,0,0,0,0,,Roca Micacea
326,Point ZM,MAD-RM01-40,5932534,682180,250.0,Roca Micacea,RXM,282.0,2.024,20240.0,1.0,0.4186,4186.0,112.0,86.0,0.0476,476.0,4.8677,48677.0,57.0,86.07,119.0,27.2,60.0,83.0,168.0,, , ,,0,0,0,0,0,0,,Roca Micacea
327,Point ZM,MAD-RM01-41,5932531,682187,250.054062,Granito de Granate,GG,1.0,0.7038,7038.0,1704.0,0.4844,4844.0,137.0,99.0,0.1883,1883.0,7.9393,79393.0,66.8,100.868,475.0,118.0,231.0,112.0,390.0,, , ,,0,0,0,0,0,0,,Granito de Granate
328,Point ZM,MAD-RM01-42,5932541,682195,250.829865,Granito de Granate,GG,1.0,0.5149,5149.0,1.0,0.4162,4162.0,159.0,135.0,0.2541,2541.0,8.7891,87891.0,185.0,279.35,398.0,79.0,296.0,170.0,411.0,, , ,,0,0,0,0,0,0,,Granito de Granate
329,Point ZM,MAD-RM01-43,5932542,682205,252.316818,Roca Micacea,RXM,1.0,0.8852,8852.0,448.0,0.4676,4676.0,110.0,104.0,0.0401,401.0,5.6403,56403.0,38.4,57.984,81.0,22.6,0.5,88.0,205.0,, , ,,0,1,0,0,0,0,,Roca Micacea
330,Point ZM,MAD-RM01-44,5932547,682216,253.777069,Roca Micacea,RXM,365.0,1.5347,15347.0,1.0,0.4383,4383.0,107.0,66.0,0.0316,316.0,4.8529,48529.0,38.2,57.682,0.5,24.2,0.5,118.0,271.0,, , ,,0,1,0,1,0,0,,Roca Micacea
331,Point ZM,MAD-RM01-45,5932553,682234,256.264709,Tonalita,TON,1.0,1.373,13730.0,1.0,0.829,8290.0,122.0,48.0,0.1114,1114.0,6.9192,69192.0,53.6,80.936,94.0,20.5,0.5,0.5,174.0,, , ,,0,1,1,0,0,0,,Tonalita
332,Point ZM,MAD-RM01-46,5932573,682257,253.519943,Tonalita,TON,1.0,0.8235,8235.0,1.0,0.7129,7129.0,94.0,1.0,0.0468,468.0,9.6412,96412.0,57.5,86.825,87.0,23.0,45.0,0.5,0.5,, , ,,0,0,1,0,1,0,,Tonalita
333,Point ZM,MAD-RM01-47,5932589,682265,250.29567,Tonalita,TON,1.0,0.8091,8091.0,1.0,0.5669,5669.0,103.0,38.0,0.06,600.0,7.8259,78259.0,27.3,41.223,173.0,25.0,90.0,147.0,355.0,, , ,,0,0,0,0,0,0,,Tonalita
334,Point ZM,MAD-RM01-48,5932597,682278,248.4216,Roca Micacea,RXM,1.0,1.9312,19312.0,1.0,0.4144,4144.0,124.0,67.0,0.0329,329.0,4.7583,47583.0,23.0,34.73,0.5,19.7,0.5,268.0,634.0,, , ,,0,1,0,1,0,0,,Roca Micacea
335,Point ZM,MAD-RM01-49,5932602,682296,247.341324,Roca Micacea,RXM,1.0,1.2288,12288.0,157.0,0.5755,5755.0,120.0,87.0,0.0931,931.0,7.2728,72728.0,32.8,49.528,127.0,21.0,77.0,94.0,239.0,, , ,,0,0,0,0,0,0,,Roca Micacea
336,Point ZM,MAD-RM01-50,5932563,682365,260.521057,Granito de Granate,GG,1.0,0.5761,5761.0,1.0,0.4911,4911.0,148.0,133.0,0.3117,3117.0,14.1051,141051.0,103.6,156.436,452.0,103.0,201.0,83.0,285.0,, , ,,0,0,0,0,0,0,,Granito de Granate
337,Point ZM,MAD-RM01-51,5932589,682344,252.27092,Halo Tonalítico,TON,1.0,0.4369,4369.0,1797.0,0.8059,8059.0,144.0,73.0,0.1843,1843.0,6.8099,68099.0,88.4,133.484,167.0,33.0,74.0,128.0,292.0,, , ,,0,0,0,0,0,0,,Halo Tonalitico
338,Point ZM,MAD-RM01-52,5932592,682239,249.514496,Tonalita,TON,1.0,0.2982,2982.0,1.0,0.3459,3459.0,62.0,25.0,0.0645,645.0,3.8229,38229.0,282.0,425.82,0.5,7.8,0.5,0.5,0.5,, , ,,0,1,1,1,1,0,,Tonalita
339,Point ZM,MAD-RM01-53,5932598,682238,248.01712,Tonalita,TON,1.0,1.1306,11306.0,1.0,0.414,4140.0,81.0,27.0,0.0387,387.0,4.2672,42672.0,168.9,255.039,0.5,13.3,0.5,118.0,295.0,, , ,,0,1,0,1,0,0,,Tonalita
340,Point ZM,MAD-RM01-54,5932598,682238,248.01712,Granito de Granate,GG,1156.0,0.6676,6676.0,1.0,0.5077,5077.0,98.0,80.0,0.2959,2959.0,10.8709,108709.0,213.0,321.63,550.0,107.0,215.0,115.0,360.0,, , ,,0,0,0,0,0,0,,Granito de Granate
341,Point ZM,MAD-RM01-55,5932617,682236,243.279968,Granito de Granate,GG,1.0,0.7458,7458.0,1.0,0.415,4150.0,108.0,88.0,0.1903,1903.0,7.3196,73196.0,235.0,354.85,706.0,183.0,203.0,0.5,0.5,, , ,,0,0,1,0,1,0,,Granito de Granate
342,Point ZM,MAD-RM01-56,5932616,682246,243.567764,Roca Micacea,RXM,1.0,1.0237,10237.0,1.0,0.6753,6753.0,119.0,59.0,0.1011,1011.0,6.573,65730.0,32.5,49.075,169.0,39.0,69.0,111.0,312.0,, , ,,0,0,0,0,0,0,,Roca Micacea
343,Point ZM,MAD-RM01-57,5932642,682226,237.018204,Granito de Granate,GG,1.0,0.5918,5918.0,1.0,0.4017,4017.0,126.0,97.0,0.272,2720.0,11.1441,111441.0,269.0,406.19,470.0,88.0,252.0,0.5,240.0,, , ,,0,0,1,0,0,0,,Granito de Granate
344,Point ZM,MAD-RM01-58,5932645,682244,236.341461,Granito de Granate,GG,1.0,0.4256,4256.0,1.0,0.4111,4111.0,123.0,86.0,0.3492,3492.0,11.6457,116457.0,169.8,256.398,361.0,63.0,157.0,128.0,352.0,, , ,,0,0,0,0,0,0,,Granito de Granate
345,Point ZM,MAD-RM01-59,5932659,682234,232.817749,Granito de Granate,GG,1.0,0.7348,7348.0,1.0,0.5183,5183.0,147.0,136.0,0.4504,4504.0,10.6451,106451.0,207.0,312.57,589.0,164.0,216.0,176.0,492.0,, , ,,0,0,0,0,0,0,,Granito de Granate
346,Point ZM,MAD-RM01-60,5932675,682221,228.469498,Granito de Granate,GG,1.0,0.3592,3592.0,1.0,0.2218,2218.0,115.0,106.0,0.3128,3128.0,7.4984,74984.0,181.0,273.31,356.0,77.0,167.0,83.0,236.0,, , ,,0,0,0,0,0,0,,Granito de Granate
347,Point ZM,MAD-RM01-61,5932689,682220,224.126068,Tonalita,TON,1.0,0.22,2200.0,1.0,0.742,7420.0,181.0,145.0,0.0626,626.0,13.8969,138969.0,294.0,443.94,0.5,10.4,96.0,0.5,154.0,, , ,,0,0,1,1,0,0,,Tonalita
348,Point ZM,MAD-RM01-62,5932723,682255,212.633545,Tonalita,TON,1.0,0.8174,8174.0,1.0,0.57,5700.0,105.0,91.0,0.0675,675.0,6.5549,65549.0,217.0,327.67,0.5,17.1,55.0,84.0,255.0,, , ,,0,0,0,1,0,0,,Tonalita
349,Point ZM,MAD-RM01-63,5932735,682244,208.395416,Halo Tonalítico,TON,1.0,0.4213,4213.0,277.0,0.7028,7028.0,120.0,66.0,0.1077,1077.0,8.1154,81154.0,55.6,83.956,149.0,40.0,68.0,72.0,104.0,, , ,,0,0,0,0,0,0,,Halo Tonalitico
350,Point ZM,MAD-RM01-64,5932741,682238,206.283463,Tonalita,TON,1.0,0.5855,5855.0,145.0,0.4279,4279.0,85.0,77.0,0.0232,232.0,5.723,57230.0,32.3,48.773,0.5,6.9,0.5,0.5,0.5,, , ,,0,1,1,1,1,0,,Tonalita
351,Point ZM,MAD-RM01-65,5932803,682206,189.795532,Tonalita,TON,1.0,0.8384,8384.0,1.0,0.5232,5232.0,102.0,83.0,0.0273,273.0,6.2226,62226.0,22.4,33.824,0.5,8.9,0.5,0.5,152.0,, , ,,0,1,1,1,0,0,,Tonalita
352,Point ZM,MAD-RM01-66,5932726,682184,203.746964,Tonalita,TON,1.0,0.2586,2586.0,932.0,0.2937,2937.0,51.0,172.0,0.0515,515.0,4.808,48080.0,70.1,105.851,0.5,5.1,0.5,60.0,158.0,, , ,,0,1,0,1,0,0,,Tonalita
353,Point ZM,MAD-RM01-67,5932717,682179,204.423798,Granito de Granate,GG,1.0,1.0539,10539.0,1.0,0.5462,5462.0,115.0,89.0,0.2805,2805.0,7.3804,73804.0,142.7,215.477,538.0,102.0,273.0,101.0,304.0,, , ,,0,0,0,0,0,0,,Granito de Granate
354,Point ZM,MAD-RM01-68,5932718,682173,202.423065,Tonalita,TON,1.0,0.5785,5785.0,1.0,0.5176,5176.0,81.0,104.0,0.0372,372.0,4.9631,49631.0,66.5,100.415,0.5,6.5,0.5,94.0,162.0,, , ,,0,1,0,1,0,0,,Tonalita
355,Point ZM,MAD-RM01-69,5932706,682160,202.990295,Roca Micacea,RXM,1.0,0.5865,5865.0,207.0,0.5312,5312.0,97.0,87.0,0.0525,525.0,5.4506,54506.0,104.4,157.644,0.5,13.9,0.5,148.0,331.0,, , ,,0,1,0,1,0,0,,Roca Micacea
356,Point ZM,MAD-RM01-70,5932704,682156,203.342972,Halo Tonalítico,TON,1.0,0.4509,4509.0,1.0,0.6392,6392.0,105.0,53.0,0.1276,1276.0,6.3747,63747.0,38.9,58.739,118.0,33.5,43.0,154.0,325.0,, , ,,0,0,0,0,0,0,,Halo Tonalitico
357,Point ZM,MAD-RM01-71,5932699,682156,205.208527,Halo Tonalítico,TON,1.0,0.4741,4741.0,230.0,0.6249,6249.0,105.0,48.0,0.1448,1448.0,6.671,66710.0,33.5,50.585,98.0,31.0,0.5,99.0,145.0,, , ,,0,1,0,0,0,0,,Halo Tonalitico
358,Point ZM,MAD-RM01-72,5932694,682150,206.483765,Halo Tonalítico,TON,1.0,0.5428,5428.0,1.0,0.5391,5391.0,102.0,50.0,0.138,1380.0,7.6585,76585.0,52.7,79.577,155.0,36.7,54.0,73.0,190.0,, , ,,0,0,0,0,0,0,,Halo Tonalitico
359,Point ZM,MAD-RM01-73,5932621,682448,255.128326,Granito de Granate,GG,1.0,0.7205,7205.0,1.0,0.4145,4145.0,124.0,100.0,0.3489,3489.0,11.5653,115653.0,68.1,102.831,321.0,48.0,121.0,0.5,148.0,, , ,,0,0,1,0,0,0,,Granito de Granate
360,Point ZM,MAD-RM01-74,5932563,682365,260.521057,Roca Micacea,RXM,1.0,0.3009,3009.0,1.0,0.5275,5275.0,133.0,76.0,0.024,240.0,5.902,59020.0,23.2,35.032,212.0,48.0,96.0,66.0,0.5,, , ,,0,0,0,0,1,0,,Roca Micacea
361,Point ZM,MAD-RM01-75,5932563,682365,260.521057,Granito de Granate,GG,614.0,0.8029,8029.0,1.0,0.3249,3249.0,144.0,142.0,0.2551,2551.0,8.2567,82567.0,168.0,253.68,438.0,77.0,273.0,105.0,268.0,, , ,,0,0,0,0,0,0,,Granito de Granate
362,Point ZM,MAD-RM01-76,5932554,682236,256.526123,Tonalita,TON,1.0,1.1124,11124.0,1.0,0.8096,8096.0,118.0,47.0,0.062,620.0,9.0378,90378.0,69.3,104.643,157.0,39.3,101.0,73.0,269.0,, , ,,0,0,0,0,0,0,,Tonalita
363,Point ZM,MAD-RM01-77,5932549,682215,253.533936,Roca Micacea,RXM,1.0,1.5158,15158.0,1.0,0.4415,4415.0,121.0,63.0,0.0408,408.0,4.432,44320.0,30.0,45.3,84.0,18.8,40.0,68.0,120.0,, , ,,0,0,0,0,0,0,,Roca Micacea
364,Point ZM,MAD-RM01-78,5932411,681999,225.0,Granodiorita,GRD,1.0,0.4122,4122.0,541.0,0.6982,6982.0,123.0,50.0,0.1495,1495.0,7.0392,70392.0,26.3,39.713,94.0,12.3,48.0,97.0,233.0,, , ,,0,0,0,0,0,0,,Granodiorita
365,Point ZM,MAD-RM01-79,5932686,681928,144.362717,, ,1.0,1.59,15900.0,229.0,0.45,4500.0,107.0,75.0,0.08,800.0,4.51,45100.0,16.9,25.519,0.5,10.4,0.5,119.0,209.0,, , ,,0,1,0,1,0,0,,SIN_ASIGNAR
366,Point ZM,MAD-RM01-80,5932764,681961,141.256531,, ,1.0,1.04,10400.0,4451.0,0.5,5000.0,87.0,73.0,0.05,500.0,4.89,48900.0,32.5,49.075,0.5,38.3,0.5,0.5,0.5,, , ,,0,1,1,1,1,0,,SIN_ASIGNAR
367,Point ZM,MAD-RM01-81,5932815,681942,135.657822,, ,1.0,1.05,10500.0,1.0,0.5,5000.0,82.0,38.0,0.03,300.0,4.1,41000.0,26.2,39.562,0.5,10.9,0.5,0.5,0.5,, , ,,0,1,1,1,1,0,,SIN_ASIGNAR
368,Point ZM,MAD-RM01-82,5932852,681998,150.0,, ,1.0,0.76,7600.0,1.0,0.44,4400.0,108.0,65.0,0.18,1800.0,4.96,49600.0,13.6,20.536,52.0,9.1,0.5,51.0,91.0,, , ,,0,1,0,0,0,0,,SIN_ASIGNAR
369,Point ZM,MAD-RM01-83,5932707,682278,218.201019,, ,1.0,0.44,4400.0,1.0,0.82,8200.0,143.0,35.0,0.05,500.0,7.83,78300.0,31.7,47.867,83.0,20.5,58.0,0.5,0.5,, , ,,0,0,1,0,1,0,,SIN_ASIGNAR
370,Point ZM,MAD-RM01-84,5932704,682286,219.205688,, ,1.0,0.42,4200.0,1.0,0.33,3300.0,105.0,100.0,0.36,3600.0,9.73,97300.0,95.8,144.658,728.0,148.0,412.0,110.0,401.0,, , ,,0,0,0,0,0,0,,SIN_ASIGNAR
371,Point ZM,MAD-RM01-85,5932693,682300,223.084091,, ,1.0,0.5,5000.0,1.0,0.34,3400.0,148.0,127.0,0.3,3000.0,7.47,74700.0,272.0,410.72,532.0,163.0,238.0,118.0,374.0,, , ,,0,0,0,0,0,0,,SIN_ASIGNAR
372,Point ZM,MAD-RM01-86,5932695,682309,222.232361,, ,1.0,0.45,4500.0,1.0,0.44,4400.0,490.0,457.0,0.55,5500.0,9.05,90500.0,216.0,326.16,845.0,172.0,238.0,0.5,131.0,, , ,,0,0,1,0,0,0,,SIN_ASIGNAR
373,Point ZM,MAD-RM01-87,5932708,681980,156.794479,, ,1.0,0.88,8800.0,4863.0,0.36,3600.0,70.0,57.0,0.07,700.0,4.01,40100.0,31.5,47.565,0.5,8.3,0.5,112.0,264.0,, , ,,0,1,0,1,0,0,,SIN_ASIGNAR
374,Point ZM,MAD-RM01-88,5932696,681997,164.765366,, ,1.0,0.69,6900.0,9804.0,0.49,4900.0,101.0,83.0,0.06,600.0,4.89,48900.0,18.4,27.784,51.0,11.4,0.5,146.0,331.0,, , ,,0,1,0,0,0,0,,SIN_ASIGNAR
375,Point ZM,MAD-RM01-89,5932677,682023,179.857224,, ,1.0,0.78,7800.0,1812.0,0.57,5700.0,156.0,151.0,0.11,1100.0,6.98,69800.0,78.3,118.233,0.5,11.1,49.0,126.0,303.0,, , ,,0,0,0,1,0,0,,SIN_ASIGNAR
376,Point ZM,MAD-RM01-90,5932640,682019,197.260544,, ,1.0,0.72,7200.0,1.0,0.47,4700.0,94.0,66.0,0.02,200.0,3.87,38700.0,67.4,101.774,71.0,13.6,0.5,174.0,417.0,, , ,,0,1,0,0,0,0,,SIN_ASIGNAR
377,Point ZM,MAD-RM01-91,5932738,682106,182.243011,, ,1.0,1.09,10900.0,1.0,0.49,4900.0,108.0,114.0,0.05,500.0,6.24,62400.0,40.2,60.702,0.5,12.8,0.5,0.5,0.5,, , ,,0,1,1,1,1,0,,SIN_ASIGNAR
378,Point ZM,MAD-RM01-92,5932756,682086,172.096924,, ,1.0,0.62,6200.0,1.0,0.49,4900.0,111.0,91.0,0.03,300.0,6.16,61600.0,18.3,27.633,0.5,7.0,0.5,0.5,0.5,, , ,,0,1,1,1,1,0,,SIN_ASIGNAR
379,Point ZM,MAD-RM01-93,5932752,682060,167.95401,, ,1.0,0.73,7300.0,670.0,0.41,4100.0,99.0,80.0,0.03,300.0,4.5,45000.0,19.8,29.898,0.5,8.9,0.5,83.0,109.0,, , ,,0,1,0,1,0,0,,SIN_ASIGNAR
380,Point ZM,MAD-RM01-94,5932759,682027,159.077972,, ,1.0,0.69,6900.0,870.0,0.46,4600.0,83.0,64.0,0.04,400.0,4.71,47100.0,19.8,29.898,64.0,8.8,0.5,73.0,142.0,, , ,,0,1,0,0,0,0,,SIN_ASIGNAR
381,Point ZM,MAD-RM01-95,5932772,682003,151.671021,, ,1.0,0.76,7600.0,4685.0,0.48,4800.0,123.0,77.0,0.13,1300.0,5.51,55100.0,22.3,33.673,60.0,9.3,0.5,163.0,347.0,, , ,,0,1,0,0,0,0,,SIN_ASIGNAR
382,Point ZM,MS-001,5932694,681044,181.0,Granodiorita,GRD,1.0,2.4706,24706.0,1.0,0.1231,1231.0,150.0,20.0,0.0053,53.0,1.1839,11839.0,2.8,4.228,0.5,12.2,0.5,0.5,0.5,, , ,,0,1,1,1,1,0,,Granodiorita
383,Point ZM,MS-002,5932594,682279,248.0,Roca Micacea,RXM,1.0,1.0332,10332.0,1.0,0.2887,2887.0,70.0,37.0,0.0249,249.0,4.628,46280.0,19.5,29.445,50.0,10.8,0.5,177.0,404.0,, , ,,0,1,0,0,0,0,,Roca Micacea
384,Point ZM,MS-003,5932701,682389,229.0,Tonalita,TON,1.0,0.7179,7179.0,1.0,0.4586,4586.0,89.0,51.0,0.0578,578.0,4.4931,44931.0,91.7,138.467,0.5,7.8,0.5,84.0,208.0,, , ,,0,1,0,1,0,0,,Tonalita
385,Point ZM,MS-004,5932618,682107,215.0,Granito de Granate,GG,1.0,0.5339,5339.0,1.0,0.4857,4857.0,232.0,220.0,0.3058,3058.0,6.4383,64383.0,212.0,320.12,944.0,146.0,209.0,99.0,320.0,, , ,,0,0,0,0,0,0,,Granito de Granate
386,Point ZM,MS-005,5932800,682203,205.0,Tonalita,TON,1.0,1.0189,10189.0,1.0,0.5325,5325.0,74.0,76.0,0.0256,256.0,5.5994,55994.0,21.6,32.616,0.5,11.4,0.5,107.0,271.0,, , ,,0,1,0,1,0,0,,Tonalita
387,Point ZM,MS-006,5930092,681045,222.0,Granito de Granate,GG,1.0,0.7338,7338.0,1.0,0.6233,6233.0,157.0,138.0,0.4315,4315.0,7.2254,72254.0,391.0,590.41,630.0,102.0,390.0,169.0,533.0,, , ,,0,0,0,0,0,0,,Granito de Granate
388,Point ZM,paae-01,5933652,686271,345.0,Metapelita,MP,1.0,1.6631,16631.0,1.0,0.3654,3654.0,71.0,64.0,0.0231,231.0,3.6565,36565.0,26.0,39.26,66.0,21.2,0.5,169.0,379.0,, , ,,0,1,0,0,0,0,,Metapelita
389,Point ZM,paae-02,5934040,688556,286.0,Granito de Biotita,GB,426.0,0.8846,8846.0,1.0,0.3936,3936.0,71.0,1.0,0.0293,293.0,2.9917,29917.0,5.2,7.852,50.0,11.7,0.5,139.0,298.0,, , ,,0,1,0,0,0,0,,Granito de Biotita
390,Point ZM,PARM-01,5878918,674625,240.0,Esquisto de Biotita,ESQ,20.0,1.2724,12724.0,10.0,0.6977,6977.0,121.0,75.0,0.0192,192.0,6.9669,69669.0,11.4,17.214,84.0,19.0,15.0,30.0,126.0,, , ,,0,0,0,0,0,0,,Esquisto de Biotita
391,Point ZM,PARM-02,5878887,674941,207.0,Esquisto de Biotita,ESQ,20.0,1.3983,13983.0,10.0,0.9638,9638.0,153.0,118.0,0.0555,555.0,7.0287,70287.0,20.3,30.653,105.0,15.1,15.0,138.0,324.0,, , ,,0,0,0,0,0,0,,Esquisto de Biotita
392,Point ZM,PARM-03,5878767,675635,165.0,Esquisto de Biotita,ESQ,20.0,1.2874,12874.0,10.0,0.319,3190.0,98.0,45.0,0.0271,271.0,2.6286,26286.0,7.2,10.872,20.0,22.0,15.0,30.0,35.0,, , ,,0,0,0,0,0,0,,Esquisto de Biotita
393,Point ZM,PARM-04,5878777,675659,162.0,Migmatita,MIG,20.0,1.8415,18415.0,10.0,0.738,7380.0,147.0,83.0,0.1589,1589.0,7.7794,77794.0,57.7,87.127,86.0,17.5,44.0,30.0,35.0,, , ,,0,0,0,0,0,0,,Migmatita
394,Point ZM,PIMAP-01,5929891,678197,41.0,Granito de Biotita,GB,1.0,1.5786,15786.0,1.0,0.1024,1024.0,28.0,1.0,0.0085,85.0,1.8645,18645.0,6.7,10.117,0.5,0.5,0.5,0.5,103.0,,Camino PIM-CL columna, ,,1,1,1,1,0,0,,Granito de Biotita
395,Point ZM,PIMAP-02,5929891,678197,41.0,Granito de Biotita,GB,1.0,1.4936,14936.0,924.0,0.0515,515.0,33.0,1.0,0.0163,163.0,1.6376,16376.0,4.2,6.342,0.5,0.5,0.5,157.0,379.0,,Camino PIM-CL columna, ,,1,1,0,1,0,0,,Granito de Biotita
396,Point ZM,PIMAP-03,5929468,677929,43.0,Granito de Biotita,GB,1.0,1.4639,14639.0,1213.0,0.3032,3032.0,91.0,30.0,0.0265,265.0,3.2096,32096.0,21.5,32.465,0.5,24.3,0.5,111.0,259.0,,PIM Norte columna 1, ,,0,1,0,1,0,0,,Granito de Biotita
397,Point ZM,PIMAP-04,5929468,677929,43.0,Granito de Biotita,GB,1.0,1.1204,11204.0,1501.0,0.212,2120.0,74.0,32.0,0.013,130.0,2.5703,25703.0,26.9,40.619,57.0,24.2,0.5,0.5,136.0,,PIM Norte columna 1, ,,0,1,1,0,0,0,,Granito de Biotita
398,Point ZM,PIMAP-05,5929460,677926,44.0,Granito de Biotita,GB,1.0,1.1533,11533.0,1.0,0.296,2960.0,89.0,41.0,0.048,480.0,3.2918,32918.0,50.5,76.255,136.0,35.8,68.0,87.0,233.0,,PIM Norte columna 2, ,,0,0,0,0,0,0,,Granito de Biotita
399,Point ZM,PIMAP-06,5929460,677926,44.0,Granito de Biotita,GB,1.0,1.4208,14208.0,1.0,0.3059,3059.0,102.0,56.0,0.0392,392.0,3.2877,32877.0,40.1,60.551,79.0,31.8,53.0,113.0,276.0,,PIM Norte columna 2, ,,0,0,0,0,0,0,,Granito de Biotita
400,Point ZM,PIMAP-07,5929460,677926,44.0,Granito de Biotita,GB,1.0,1.3395,13395.0,814.0,0.271,2710.0,76.0,23.0,0.0127,127.0,2.6659,26659.0,17.6,26.576,103.0,27.4,0.5,101.0,255.0,,PIM Norte columna 2, ,,0,1,0,0,0,0,,Granito de Biotita
401,Point ZM,PIMAP-08,5929518,677967,43.0,Granito de Biotita,GB,1.0,1.167,11670.0,496.0,0.2027,2027.0,73.0,25.0,0.0574,574.0,2.546,25460.0,49.8,75.198,107.0,23.3,0.5,140.0,324.0,,PIM Norte columna 3, ,,0,1,0,0,0,0,,Granito de Biotita
402,Point ZM,PIMAP-09,5929518,677967,43.0,Granito de Biotita,GB,1.0,1.0169,10169.0,1.0,0.3118,3118.0,82.0,25.0,0.0424,424.0,2.792,27920.0,31.3,47.263,72.0,23.7,38.0,124.0,312.0,,PIM Norte columna 3, ,,0,0,0,0,0,0,,Granito de Biotita
403,Point ZM,PIMAP-10,5929518,677967,43.0,Granito de Biotita,GB,1.0,0.8377,8377.0,1744.0,0.1511,1511.0,54.0,29.0,0.0205,205.0,1.6722,16722.0,20.5,30.955,92.0,22.1,37.0,121.0,273.0,,PIM Norte columna 3, ,,0,0,0,0,0,0,,Granito de Biotita
404,Point ZM,PIMBS-01,5928873,677535,18.0,Granito de Biotita,GB,748.0,0.4693,4693.0,1072.0,0.0686,686.0,62.0,38.0,0.0094,94.0,0.7195,7195.0,11.3,17.063,76.0,12.8,0.5,147.0,344.0,,PIM sector sur, ,,0,1,0,0,0,0,,Granito de Biotita
405,Point ZM,PIMBS-02,5928863,677538,17.0,Granito de Biotita,GB,367.0,0.7408,7408.0,684.0,0.197,1970.0,68.0,23.0,0.0327,327.0,2.421,24210.0,24.2,36.542,129.0,40.1,47.0,210.0,441.0,,PIM sector sur, ,,0,0,0,0,0,0,,Granito de Biotita
406,Point ZM,PIMBS-03,5928868,677539,18.0,Granito de Biotita,GB,1064.0,1.1484,11484.0,1.0,0.1199,1199.0,80.0,56.0,0.0131,131.0,1.3999,13999.0,23.8,35.938,140.0,22.5,58.0,0.5,0.5,,PIM sector sur, ,,0,0,1,0,1,0,,Granito de Biotita
407,Point ZM,PIMBS-04,5928847,677553,21.0,Granito de Biotita,GB,1384.0,0.4666,4666.0,1155.0,0.0819,819.0,61.0,39.0,0.0361,361.0,1.5064,15064.0,16.4,24.764,97.0,16.9,0.5,0.5,0.5,,PIM sector sur, ,,0,1,1,0,1,0,,Granito de Biotita
408,Point ZM,PIMBS-05,5928876,677539,25.0,Granito de Biotita,GB,435.0,0.7041,7041.0,1.0,0.2087,2087.0,53.0,30.0,0.0157,157.0,2.8728,28728.0,15.2,22.952,84.0,27.9,48.0,0.5,0.5,,PIM sector sur, ,,0,0,1,0,1,0,,Granito de Biotita
409,Point ZM,PIMBS-06,5928892,677537,28.0,Granito de Biotita,GB,621.0,0.6565,6565.0,747.0,0.2506,2506.0,68.0,35.0,0.0225,225.0,3.1811,31811.0,16.2,24.462,97.0,23.6,0.5,0.5,94.0,,PIM sector sur, ,,0,1,1,0,0,0,,Granito de Biotita
410,Point ZM,PIMBS-07,5928831,677563,25.0,Granito de Biotita,GB,1807.0,0.4914,4914.0,1.0,0.5186,5186.0,78.0,29.0,0.0808,808.0,4.0827,40827.0,7.9,11.929,77.0,10.8,0.5,138.0,292.0,,PIM sector sur, ,,0,1,0,0,0,0,,Granito de Biotita
411,Point ZM,PIMBS-08,5928771,677504,30.0,Granito de Biotita,GB,1.0,1.0366,10366.0,1.0,0.2702,2702.0,78.0,51.0,0.0588,588.0,3.6998,36998.0,26.5,40.015,134.0,40.2,49.0,101.0,171.0,,PIM sector sur, ,,0,0,0,0,0,0,,Granito de Biotita
412,Point ZM,PIMBS-09,5928746,677494,29.0,Granito de Biotita,GB,300.0,0.9239,9239.0,1.0,0.1359,1359.0,59.0,31.0,0.0453,453.0,1.9347,19347.0,17.9,27.029,86.0,29.7,0.5,72.0,174.0,,PIM sector sur, ,,0,1,0,0,0,0,,Granito de Biotita
413,Point ZM,PIMBS-10,5928737,677486,24.0,Granito de Biotita,GB,217.0,1.8139,18139.0,1.0,0.1613,1613.0,59.0,40.0,0.0076,76.0,1.1598,11598.0,23.7,35.787,74.0,32.5,0.5,126.0,274.0,,PIM sector sur, ,,0,1,0,0,0,0,,Granito de Biotita
414,Point ZM,PIMBS-11,5928778,677515,31.0,Granito de Biotita,GB,1.0,0.6378,6378.0,1.0,0.1631,1631.0,38.0,21.0,0.0179,179.0,2.8963,28963.0,12.2,18.422,78.0,28.0,0.5,51.0,0.5,,PIM sector sur, ,,0,1,0,0,1,0,,Granito de Biotita
415,Point ZM,PIMBS-12,5928773,677509,31.0,Granito de Biotita,GB,1.0,0.88,8800.0,1.0,0.1634,1634.0,54.0,32.0,0.0394,394.0,2.8434,28434.0,13.3,20.083,99.0,27.0,0.5,101.0,176.0,,PIM sector sur, ,,0,1,0,0,0,0,,Granito de Biotita
416,Point ZM,PIMBS-13,5928766,677509,30.0,Granito de Biotita,GB,210.0,1.0238,10238.0,1.0,0.1236,1236.0,51.0,36.0,0.02,200.0,2.0895,20895.0,15.1,22.801,126.0,26.1,56.0,115.0,246.0,,PIM sector sur, ,,0,0,0,0,0,0,,Granito de Biotita
417,Point ZM,PIMBS-14,5928759,677503,33.0,Granito de Biotita,GB,1.0,0.8382,8382.0,1.0,0.1314,1314.0,59.0,21.0,0.0355,355.0,2.1531,21531.0,14.8,22.348,70.0,29.9,0.5,98.0,187.0,,PIM sector sur, ,,0,1,0,0,0,0,,Granito de Biotita
418,Point ZM,PIMBS-15,5928746,677499,33.0,Granito de Biotita,GB,325.0,0.8152,8152.0,1.0,0.1289,1289.0,67.0,40.0,0.0684,684.0,2.3688,23688.0,36.6,55.266,58.0,18.7,0.5,0.5,135.0,,PIM sector sur, ,,0,1,1,0,0,0,,Granito de Biotita
419,Point ZM,PIMBS-16a,5928735,677493,31.0,Falla,FA,1.0,1.9859,19859.0,1.0,0.1916,1916.0,74.0,34.0,0.9256,9256.0,3.664,36640.0,17.4,26.274,63.0,25.8,0.5,0.5,0.5,,"PIM sector sur, relleno falla Arc-Lim", ,,0,1,1,0,1,0,,Zona de Falla
420,Point ZM,PIMBS-16b,5928735,677493,31.0,Granito de Biotita,GB,532.0,1.6739,16739.0,1.0,0.2574,2574.0,57.0,28.0,0.0167,167.0,1.1193,11193.0,25.8,38.958,135.0,43.0,38.0,0.5,0.5,,PIM sector sur, ,,0,0,1,0,1,0,,Granito de Biotita
421,Point ZM,PIMBS-17,5928771,677517,40.0,Granito de Biotita,GB,1.0,0.8027,8027.0,1.0,0.309,3090.0,57.0,1.0,0.0116,116.0,3.6133,36133.0,5.9,8.909,0.5,26.3,0.5,0.5,0.5,,PIM sector sur, ,,0,1,1,1,1,0,,Granito de Biotita
422,Point ZM,PIMBS-18,5928748,677510,41.0,Granito de Biotita,GB,1.0,0.9271,9271.0,1.0,0.3343,3343.0,74.0,39.0,0.0131,131.0,3.7707,37707.0,13.3,20.083,0.5,17.8,0.5,0.5,0.5,,PIM sector sur, ,,0,1,1,1,1,0,,Granito de Biotita
423,Point ZM,PIMBS-19,5928742,677515,46.0,Granito de Biotita,GB,1.0,0.4273,4273.0,360.0,0.6325,6325.0,105.0,53.0,0.0567,567.0,5.7569,57569.0,21.0,31.71,58.0,18.5,0.5,0.5,0.5,,PIM sector sur, ,,0,1,1,0,1,0,,Granito de Biotita
424,Point ZM,PIMBS-20,5928726,677513,49.0,Suelo,Soil,1.0,0.3918,3918.0,164.0,0.616,6160.0,98.0,35.0,0.0312,312.0,5.9814,59814.0,22.8,34.428,78.0,16.1,0.5,0.5,0.5,,PIM sector sur, ,,0,1,1,0,1,0,,Suelo
425,Point ZM,PIMBS-21,5929445,677889,38.0,Granito de Biotita,GB,1.0,1.1111,11111.0,1.0,0.3502,3502.0,93.0,46.0,0.0376,376.0,3.3092,33092.0,44.4,67.044,77.0,21.6,51.0,0.5,0.5,,"PIM sector norte, saprolito amarillo", ,,0,0,1,0,1,0,,Granito de Biotita
426,Point ZM,PIMBS-22,5929443,677891,38.0,Vetilla,VTT,1.0,0.0678,678.0,1.0,0.0165,165.0,6.0,1.0,0.015,150.0,0.2797,2797.0,4.4,6.644,0.5,0.5,0.5,0.5,0.5,,"PIM sector norte, vetilla arcilla blanca N72E/90", ,,1,1,1,1,1,0,,Vetilla
427,Point ZM,PIMBS-23,5929444,677892,38.0,Granito de Biotita,GB,1.0,0.9481,9481.0,1.0,0.2442,2442.0,91.0,40.0,0.0325,325.0,3.0123,30123.0,36.0,54.36,82.0,28.3,0.5,0.5,0.5,,"PIM sector norte, saprolito rojizo", ,,0,1,1,0,1,0,,Granito de Biotita
428,Point ZM,PIMBS-24A,5929442,677895,38.0,Metapelita,MP,1.0,1.1104,11104.0,1.0,0.3723,3723.0,85.0,43.0,0.0317,317.0,1.8202,18202.0,25.7,38.807,70.0,12.8,0.5,76.0,176.0,,"PIM sector norte, saprolito rojizo", ,,0,1,0,0,0,0,,Metapelita
429,Point ZM,PIMBS-24B,5929442,677895,38.0,Metapelita,MP,1.0,0.8061,8061.0,1.0,0.4364,4364.0,102.0,43.0,0.0619,619.0,4.7366,47366.0,31.8,48.018,0.5,20.3,0.5,142.0,252.0,,"PIM sector norte, saprolito amarillo", ,,0,1,0,1,0,0,,Metapelita
430,Point ZM,PIMBS-24C,5929442,677895,38.0,Metapelita,MP,1.0,1.9719,19719.0,1.0,0.4238,4238.0,121.0,96.0,0.0365,365.0,3.4825,34825.0,29.8,44.998,85.0,25.0,55.0,105.0,168.0,,"PIM sector norte, roca in situ", ,,0,0,0,0,0,0,,Metapelita
431,Point ZM,PIMBS-25,5929443,677910,37.0,Granito de Biotita,GB,238.0,0.7918,7918.0,1841.0,0.1186,1186.0,61.0,31.0,0.0167,167.0,1.4185,14185.0,15.1,22.801,48.0,16.9,0.5,0.5,91.0,,"PIM sector norte, saprolito blanco", ,,0,1,1,0,0,0,,Granito de Biotita
432,Point ZM,PIMBS-26,5929468,677932,37.0,Granito de Biotita,GB,257.0,0.9408,9408.0,763.0,0.2016,2016.0,69.0,31.0,0.0253,253.0,2.4965,24965.0,38.1,57.531,60.0,18.6,0.5,0.5,119.0,,"PIM sector norte, saprolito blanco", ,,0,1,1,0,0,0,,Granito de Biotita
433,Point ZM,PIMBS-27,5929506,677963,46.0,Granito de Biotita,GB,1.0,0.9053,9053.0,3221.0,0.2459,2459.0,68.0,22.0,0.0323,323.0,4.6224,46224.0,20.1,30.351,54.0,24.6,0.5,131.0,278.0,,"PIM sector norte, saprolito amarillo a rojo, a 2 m de escorrentía superficial en la base del talud", ,,0,1,0,0,0,0,,Granito de Biotita
434,Point ZM,PIMBS-28,5929449,677968,72.0,Granito de Biotita,GB,1.0,0.3725,3725.0,1.0,0.3224,3224.0,50.0,40.0,0.0125,125.0,4.0722,40722.0,10.6,16.006,0.5,15.2,0.5,0.5,129.0,,"PIM sector norte, saprolito rojizo", ,,0,1,1,1,0,0,,Granito de Biotita
435,Point ZM,PIMBS-29,5929430,677953,69.0,Metapelita,MP,1.0,0.7887,7887.0,1.0,0.3991,3991.0,89.0,52.0,0.0235,235.0,5.1686,51686.0,18.3,27.633,57.0,17.1,0.5,71.0,166.0,,"PIM sector norte, saprolito gris, a 1 m de contacto con GB", ,,0,1,0,0,0,0,,Metapelita
436,Point ZM,PIMBS-30,5929405,677904,60.0,Suelo,SOIL,1.0,0.6526,6526.0,1.0,0.4517,4517.0,95.0,47.0,0.036,360.0,4.8457,48457.0,15.8,23.858,71.0,12.4,0.5,72.0,0.5,,"PIM sector norte, suelo protolito metapelítico", ,,0,1,0,0,1,0,,Suelo
437,Point ZM,PIMBS-31,5929517,677959,49.0,Granito de Biotita,GB,1.0,1.5087,15087.0,1.0,0.2481,2481.0,70.0,24.0,0.0164,164.0,2.6123,26123.0,27.9,42.129,54.0,32.2,0.5,111.0,192.0,,"PIM sector norte, saprolito blanquecino", ,,0,1,0,0,0,0,,Granito de Biotita
438,Point ZM,PIMBS-32,5929526,677966,53.0,Granito de Biotita,GB,1.0,0.6893,6893.0,1.0,0.1429,1429.0,52.0,21.0,0.0506,506.0,2.4142,24142.0,15.6,23.556,77.0,21.2,0.5,94.0,198.0,,"PIM sector norte, saprolito anaranjado", ,,0,1,0,0,0,0,,Granito de Biotita
439,Point ZM,PIMBS-33A,5929545,677948,53.0,Metapelita,MP,1.0,0.1464,1464.0,1.0,0.2676,2676.0,59.0,38.0,0.0501,501.0,6.1239,61239.0,30.1,45.451,82.0,16.9,0.5,188.0,444.0,,"PIM sector norte, saprolito anaranjado, cercano a contacto con GB", ,,0,1,0,0,0,0,,Metapelita
440,Point ZM,PIMBS-33B,5929545,677948,53.0,Granito de Biotita,GB,1.0,1.3185,13185.0,1.0,0.2325,2325.0,75.0,19.0,0.0209,209.0,3.2092,32092.0,43.1,65.081,126.0,25.4,91.0,180.0,490.0,,"PIM sector norte, saprolito rojizo, cercano a contact con MP", ,,0,0,0,0,0,0,,Granito de Biotita
441,Point ZM,PIMBS-34,5929557,677931,53.0,Metapelita,MP,1.0,0.7259,7259.0,1.0,0.3825,3825.0,64.0,38.0,0.0123,123.0,3.1389,31389.0,15.5,23.405,51.0,11.2,0.5,227.0,510.0,,"PIM sector norte, suelo rojizo arcilloso", ,,0,1,0,0,0,0,,Metapelita
442,Point ZM,PIMBS-35,5929561,677904,44.0,Suelo orgánico,SOIL,1.0,0.8009,8009.0,592.0,0.5267,5267.0,101.0,38.0,0.0699,699.0,3.6405,36405.0,15.9,24.009,56.0,9.3,0.5,177.0,343.0,,PIM sector norte, ,,0,1,0,0,0,0,,Suelo
443,Point ZM,PIMBS-36,5929546,677914,41.0,Granito de Biotita,GB,1.0,1.096,10960.0,1.0,0.2779,2779.0,79.0,19.0,0.0129,129.0,2.6224,26224.0,21.6,32.616,94.0,27.3,57.0,0.5,160.0,,"PIM sector norte, saprolito rojizo", ,,0,0,1,0,0,0,,Granito de Biotita
444,Point ZM,PIMBS-37,5929548,677913,41.0,Metapelita,MP,359.0,0.6972,6972.0,1.0,0.3963,3963.0,77.0,50.0,0.019,190.0,4.4075,44075.0,22.8,34.428,63.0,14.0,0.5,82.0,187.0,,"PIM sector norte, saprolito rojizo", ,,0,1,0,0,0,0,,Metapelita
445,Point ZM,PIMBS-38,5930037,678424,40.0,Suelo orgánico,SOIL,1.0,0.5116,5116.0,501.0,0.5429,5429.0,97.0,29.0,0.0347,347.0,4.6895,46895.0,16.5,24.915,0.5,12.3,0.5,176.0,356.0,,PIM sector norte, ,,0,1,0,1,0,0,,Suelo
446,Point ZM,PIMBS-39A,5930124,678450,45.0,Tonalita,TON,1.0,0.3571,3571.0,1.0,0.4906,4906.0,76.0,34.0,0.0076,76.0,4.0965,40965.0,20.0,30.2,0.5,8.2,0.5,0.5,0.5,,PIM sector norte, ,,0,1,1,1,1,0,,Tonalita
447,Point ZM,PIMBS-39B,5930124,678450,45.0,Xenolito,XEN,1.0,0.2376,2376.0,1.0,0.5365,5365.0,90.0,38.0,1.7339,17339.0,2.1716,21716.0,14.4,21.744,69.0,8.1,0.5,0.5,0.5,,"PIM sector norte, xenolito negro en ton, text intrusiva fina", ,Mn_ALTO(1.7339%),0,1,1,0,1,0,,Xenolito
448,Point ZM,PIMBS-40,5930191,678426,52.0,Suelo,SOIL,1.0,0.1662,1662.0,1.0,0.7793,7793.0,88.0,41.0,0.0157,157.0,6.665,66650.0,11.0,16.61,0.5,12.2,0.5,0.5,0.5,,"Suelo arcilloso rojizo, sobre paleocanal", ,,0,1,1,1,1,0,,Suelo
449,Point ZM,PIMBS-41A,5930232,678401,47.0,Tonalita?,TON,1.0,0.1494,1494.0,1.0,0.5443,5443.0,72.0,73.0,0.0114,114.0,3.0728,30728.0,9.1,13.741,0.5,7.4,0.5,0.5,0.5,,PIM sector norte, ,,0,1,1,1,1,0,,Tonalita
450,Point ZM,PIMBS-41B,5930232,678401,47.0,Zona de falla,ZFA,1.0,0.1598,1598.0,1.0,0.6641,6641.0,78.0,39.0,0.0145,145.0,6.801,68010.0,13.2,19.932,0.5,10.6,0.5,87.0,147.0,,"PIM sector norte, falla N25W/15SW", ,,0,1,0,1,0,0,,Zona de Falla
451,Point ZM,PIMBS-42,5928731,677776,63.0,Granito de Biotita,GB,1.0,0.7829,7829.0,1.0,0.1607,1607.0,51.0,25.0,0.0064,64.0,2.0125,20125.0,16.7,25.217,0.5,35.1,0.5,0.5,0.5,,PIMSur, ,,0,1,1,1,1,0,,Granito de Biotita
452,Point ZM,PIMBS-43,5929266,678473,126.0,Granito de Biotita,GB,1.0,1.7326,17326.0,1.0,0.2916,2916.0,60.0,22.0,0.0125,125.0,2.1778,21778.0,24.8,37.448,65.0,24.7,44.0,0.5,0.5,, , ,,0,0,1,0,1,0,,Granito de Biotita
453,Point ZM,PIMBS-44,5929771,678179,61.0,Granito de Biotita,GB,1.0,1.3187,13187.0,1.0,0.1098,1098.0,27.0,1.0,0.0102,102.0,1.6605,16605.0,3.4,5.134,0.5,3.6,0.5,55.0,164.0,,"A 10 m de discordancia con Fm, Chue", ,,0,1,0,1,0,0,,Granito de Biotita
454,Point ZM,RFAB-01,5943444,697630,207.0,Tonalita oxn,TON,1.0,1.2713,12713.0,1.0,0.3238,3238.0,73.0,1.0,0.2282,2282.0,2.4984,24984.0,16.3,24.613,0.5,7.1,0.5,0.5,0.5,,"Tonalita? De grano medio a fino, color pardo de grano medio, cercano a cto con G(BT)", ,,0,1,1,1,1,0,,Tonalita
455,Point ZM,RFAB-02A,5943478,697624,209.0,Tonalita,TON,1.0,1.4163,14163.0,1.0,0.3056,3056.0,63.0,1.0,0.022,220.0,2.4138,24138.0,22.5,33.975,65.0,13.5,0.5,0.5,0.5,,Roca de grano medio a fino color pardo anaranjado, ,,0,1,1,0,1,0,,Tonalita
456,Point ZM,RFAB-02B,5943478,697624,209.0,Granito de Biotita,GB,1.0,1.6113,16113.0,2084.0,0.1063,1063.0,48.0,1.0,0.0461,461.0,1.3686,13686.0,16.9,25.519,57.0,12.0,0.5,0.5,0.5,,Grano grueso, ,,0,1,1,0,1,0,,Granito de Biotita
457,Point ZM,RFAB-03,5941274,695234,231.0,Tonalita,TON,1.0,1.334,13340.0,1602.0,0.6899,6899.0,142.0,46.0,0.0548,548.0,3.978,39780.0,21.6,32.616,0.5,7.3,0.5,0.5,0.5,,"Roca de grano medio a fino color pardo anaranjado, cercano a cto con G(BT)", ,,0,1,1,1,1,0,,Tonalita
458,Point ZM,riae-01,5936677,694842,333.0,Granito de Biotita,GB,1.0,0.6164,6164.0,1.0,0.4561,4561.0,82.0,89.0,0.0334,334.0,3.8369,38369.0,6.7,10.117,59.0,22.5,0.5,0.5,0.5,, , ,,0,1,1,0,1,0,,Granito de Biotita
459,Point ZM,riae-02,5937686,694785,286.0,Granito de Biotita,GB,1.0,1.0768,10768.0,1.0,0.4847,4847.0,79.0,97.0,0.0233,233.0,4.7512,47512.0,18.3,27.633,0.5,16.5,0.5,0.5,0.5,, , ,,0,1,1,1,1,0,,Granito de Biotita
460,Point ZM,riae-03,5938527,694762,258.0,Granito de Biotita,GB,1.0,1.1807,11807.0,1.0,1.079,10790.0,189.0,524.0,0.0589,589.0,10.7908,107908.0,24.4,36.844,0.5,17.0,0.5,0.5,0.5,, , ,,0,1,1,1,1,0,,Granito de Biotita
461,Point ZM,riae-04,5938730,694863,245.0,Granito de Biotita,GB,1.0,0.8589,8589.0,1.0,0.5066,5066.0,118.0,181.0,0.1313,1313.0,5.1183,51183.0,26.7,40.317,0.5,9.8,0.5,95.0,169.0,, , ,,0,1,0,1,0,0,,Granito de Biotita
462,Point ZM,riae-04b,5938730,694863,245.0,Oxidos Negros,ON,1.0,1.0915,10915.0,1.0,0.5109,5109.0,182.0,343.0,1.5803,15803.0,5.3156,53156.0,24.8,37.448,0.5,0.5,0.5,0.5,0.5,, , ,Mn_ALTO(1.5803%),1,1,1,1,1,0,,Oxidos Negros
463,Point ZM,riae-04c,5938727,694861,245.0,Granito de Biotita,GB,1.0,1.1459,11459.0,1.0,0.5751,5751.0,121.0,274.0,0.1585,1585.0,5.9827,59827.0,29.2,44.092,72.0,13.3,0.5,124.0,206.0,, , ,,0,1,0,0,0,0,,Granito de Biotita
464,Point ZM,riae-04d,5938722,694853,245.0,Granito de Biotita,GB,1.0,1.0381,10381.0,306.0,0.5169,5169.0,112.0,134.0,0.2007,2007.0,5.5436,55436.0,33.3,50.283,60.0,8.9,0.5,0.5,0.5,, , ,,0,1,1,0,1,0,,Granito de Biotita
465,Point ZM,riae-05,5939648,694899,236.0,Granito de Biotita,GB,1.0,0.9346,9346.0,4290.0,0.464,4640.0,115.0,41.0,0.0539,539.0,5.0207,50207.0,27.1,40.921,85.0,24.5,0.5,0.5,0.5,, , ,,0,1,1,0,1,0,,Granito de Biotita
466,Point ZM,riae-06,5940054,694774,223.0,Granito de Biotita,GB,1.0,0.8451,8451.0,8877.0,0.428,4280.0,66.0,36.0,0.0564,564.0,3.9308,39308.0,19.7,29.747,0.5,6.2,0.5,0.5,0.5,, , ,,0,1,1,1,1,0,,Granito de Biotita
467,Point ZM,riae-06b,5940080,694783,223.0,Granito de Biotita,GB,1.0,1.4867,14867.0,1502.0,0.1698,1698.0,54.0,148.0,0.054,540.0,1.8112,18112.0,13.8,20.838,0.5,14.5,0.5,0.5,0.5,, , ,,0,1,1,1,1,0,,Granito de Biotita
468,Point ZM,riae-06c,5940125,694788,229.0,Oxidos Negros,ON,1.0,1.14,11400.0,1.0,0.339,3390.0,104.0,95.0,1.3638,13638.0,4.5647,45647.0,19.2,28.992,65.0,31.0,0.5,0.5,0.5,, , ,Mn_ALTO(1.3638%),0,1,1,0,1,0,,Oxidos Negros
469,Point ZM,riae-06d,5940115,694785,230.0,Granito de Biotita,GB,1.0,2.3479,23479.0,631.0,0.196,1960.0,73.0,370.0,0.0496,496.0,2.44,24400.0,10.1,15.251,0.5,25.5,0.5,0.5,103.0,, , ,,0,1,1,1,0,0,,Granito de Biotita
470,Point ZM,riae-07,5940487,694852,268.0,Granito de Biotita,GB,1.0,1.2357,12357.0,1.0,0.326,3260.0,71.0,269.0,0.0326,326.0,3.6165,36165.0,20.2,30.502,84.0,33.5,40.0,0.5,0.5,, , ,,0,0,1,0,1,0,,Granito de Biotita
471,Point ZM,riae-08,5939582,696753,257.0,Granito de Biotita,GB,1.0,0.8218,8218.0,1.0,0.3742,3742.0,84.0,500.0,0.0487,487.0,4.0279,40279.0,23.0,34.73,76.0,20.0,43.0,0.5,0.5,, , ,,0,0,1,0,1,0,,Granito de Biotita
472,Point ZM,riae-09,5940660,696547,226.0,Granito de Biotita,GB,1.0,0.8017,8017.0,1.0,0.4828,4828.0,91.0,374.0,0.0216,216.0,4.4859,44859.0,10.9,16.459,63.0,13.7,0.5,0.5,0.5,, , ,,0,1,1,0,1,0,,Granito de Biotita
473,Point ZM,riae-10,5938561,696772,274.0,Granito de Biotita,GB,1.0,0.7852,7852.0,1.0,0.4673,4673.0,96.0,249.0,0.0302,302.0,4.5633,45633.0,16.0,24.16,0.5,20.6,0.5,0.5,0.5,, , ,,0,1,1,1,1,0,,Granito de Biotita
474,Point ZM,riae-11,5938680,697774,243.0,Granito de Biotita,GB,1.0,0.9068,9068.0,2705.0,0.3856,3856.0,92.0,349.0,0.0695,695.0,3.8033,38033.0,19.7,29.747,75.0,11.9,0.5,0.5,0.5,, , ,,0,1,1,0,1,0,,Granito de Biotita
475,Point ZM,riae-11b,5938680,697794,240.0,Granito de Biotita,GB,1.0,0.7311,7311.0,1477.0,0.4361,4361.0,117.0,79.0,0.0504,504.0,3.9017,39017.0,42.7,64.477,80.0,17.4,131.0,0.5,0.5,, , ,,0,0,1,0,1,0,,Granito de Biotita
476,Point ZM,riae-12,5937543,697745,274.0,Granito de Biotita,GB,1.0,0.8019,8019.0,1.0,0.4089,4089.0,71.0,223.0,0.0245,245.0,3.1422,31422.0,5.3,8.003,49.0,8.9,0.5,0.5,0.5,, , ,,0,1,1,0,1,0,,Granito de Biotita
477,Point ZM,riae-13,5936741,697804,293.0,Granito de Biotita,GB,1.0,0.6826,6826.0,1.0,0.5085,5085.0,86.0,87.0,0.0472,472.0,4.1277,41277.0,7.3,11.023,54.0,14.2,0.5,0.5,0.5,, , ,,0,1,1,0,1,0,,Granito de Biotita
478,Point ZM,riae-14,5938482,695981,248.0,Granito de Biotita,GB,1.0,1.4215,14215.0,1.0,0.3526,3526.0,103.0,367.0,0.0501,501.0,3.6109,36109.0,31.2,47.112,128.0,29.6,40.0,0.5,101.0,, , ,,0,0,1,0,0,0,,Granito de Biotita
479,Point ZM,riae-15,5937798,696029,286.0,Granito de Biotita,GB,1.0,0.8026,8026.0,1.0,0.5914,5914.0,89.0,331.0,0.0324,324.0,5.7975,57975.0,17.7,26.727,0.5,17.0,0.5,0.5,144.0,, , ,,0,1,1,1,0,0,,Granito de Biotita
480,Point ZM,riae-16,5936754,695689,312.0,Granito de Biotita,GB,1.0,0.6436,6436.0,1.0,0.3649,3649.0,88.0,34.0,0.0213,213.0,3.2727,32727.0,20.5,30.955,0.5,9.0,0.5,0.5,0.5,, , ,,0,1,1,1,1,0,,Granito de Biotita
481,Point ZM,riae-17,5935659,693772,346.0,Granito de Biotita,GB,1.0,0.8006,8006.0,168.0,0.4649,4649.0,97.0,40.0,0.0308,308.0,4.5286,45286.0,20.9,31.559,72.0,20.9,0.5,0.5,0.5,, , ,,0,1,1,0,1,0,,Granito de Biotita
482,Point ZM,rlrm-01,5882597,678427,159.0,Granito de Biotita,GB,20.0,2.2513,22513.0,10.0,0.1949,1949.0,79.0,20.0,0.159,1590.0,3.934,39340.0,14.7,22.197,20.0,7.7,15.0,55.0,98.0,, , ,,0,0,0,0,0,0,,Granito de Biotita
483,Point ZM,rlrm-02,5882592,678425,159.0,Granito de Biotita,GB,20.0,1.9182,19182.0,10.0,0.3424,3424.0,61.0,2.0,0.0822,822.0,3.0498,30498.0,14.1,21.291,51.0,9.8,15.0,139.0,295.0,, , ,,0,0,0,0,0,0,,Granito de Biotita
484,Point ZM,rlrm-03,5882476,678197,185.0,Granito de Biotita,GB,20.0,1.2649,12649.0,575.0,0.3596,3596.0,65.0,19.0,0.0803,803.0,3.9835,39835.0,25.7,38.807,20.0,4.1,15.0,70.0,159.0,, , ,,0,0,0,0,0,0,,Granito de Biotita
485,Point ZM,rlrm-04,5882460,678176,182.0,Granito de Biotita,GB,20.0,0.7485,7485.0,1784.0,0.6829,6829.0,102.0,2.0,0.064,640.0,5.0166,50166.0,17.3,26.123,20.0,5.3,15.0,70.0,175.0,, , ,,0,0,0,0,0,0,,Granito de Biotita
486,Point ZM,rlrm-05,5882459,678171,182.0,Xenolito de tonalita?,XTON,20.0,1.6826,16826.0,881.0,0.565,5650.0,114.0,46.0,0.179,1790.0,4.9389,49389.0,21.7,32.767,20.0,4.3,15.0,80.0,169.0,, , ,,0,0,0,0,0,0,,Xenolito Tonalitico
487,Point ZM,rlrm-06,5882404,678085,194.0,Granito de Biotita,GB,703.0,0.8661,8661.0,6416.0,0.8624,8624.0,138.0,38.0,0.0718,718.0,6.0398,60398.0,28.1,42.431,20.0,4.0,15.0,30.0,109.0,, , ,,0,0,0,0,0,0,,Granito de Biotita
488,Point ZM,rlrm-07,5882062,677706,207.0,Granito de Biotita,GB,561.0,0.5344,5344.0,10.0,0.3982,3982.0,58.0,2.0,0.0366,366.0,3.9443,39443.0,2.4,3.624,20.0,9.1,15.0,30.0,91.0,, , ,,0,0,0,0,0,0,,Granito de Biotita
489,Point ZM,rlrm-08,5881871,677000,197.0,Migmatita (Leucosoma),MIG,542.0,0.1885,1885.0,88.0,0.1829,1829.0,57.0,21.0,0.008,80.0,1.2973,12973.0,4.9,7.399,20.0,0.5,15.0,30.0,35.0,, , ,,1,0,0,0,0,0,,Migmatita Leucosoma
490,Point ZM,rlrm-09,5881871,677000,197.0,Migmatita (Melanosoma),MIG,469.0,0.4446,4446.0,297.0,0.5105,5105.0,169.0,87.0,0.085,850.0,5.0493,50493.0,17.2,25.972,64.0,9.4,51.0,66.0,139.0,, , ,,0,0,0,0,0,0,,Migmatita Melanosoma
491,Point ZM,rlrm-10,5881276,676837,249.0,Migmatita (Melanosoma),MIG,20.0,0.9629,9629.0,297.0,0.5105,5105.0,169.0,87.0,0.085,850.0,5.0493,50493.0,17.2,25.972,64.0,9.4,51.0,66.0,139.0,, , ,,0,0,0,0,0,0,,Migmatita Melanosoma
492,Point ZM,rlrm-11,5881276,676837,249.0,Migmatita (Leucosoma),MIG,20.0,1.3726,13726.0,10.0,0.3773,3773.0,68.0,32.0,0.0115,115.0,3.3306,33306.0,2.8,4.228,20.0,6.5,15.0,30.0,35.0,, , ,,0,0,0,0,0,0,,Migmatita Leucosoma
493,Point ZM,rlrm-12,5881474,675960,388.0,Metapelita,MP,20.0,1.3151,13151.0,10.0,0.501,5010.0,61.0,28.0,0.0209,209.0,3.497,34970.0,0.5,1.51,20.0,4.4,15.0,30.0,91.0,, , ,,0,0,0,0,0,1,,Metapelita
494,Point ZM,rlrm-13,5881474,675960,347.0,Metapelita,MP,20.0,1.1845,11845.0,10.0,0.7342,7342.0,112.0,76.0,0.0846,846.0,6.5629,65629.0,23.4,35.334,118.0,21.6,50.0,136.0,330.0,, , ,,0,0,0,0,0,0,,Metapelita
495,Point ZM,rlrm-14,5880269,679594,206.0,Granito de Biotita,GB,20.0,1.246,12460.0,10.0,0.2363,2363.0,65.0,17.0,0.0176,176.0,1.6402,16402.0,8.9,13.439,20.0,7.7,15.0,96.0,168.0,, , ,,0,0,0,0,0,0,,Granito de Biotita
496,Point ZM,rlrm-15,5879395,679582,169.0,Arenisca,ARN,20.0,1.3058,13058.0,10.0,0.2621,2621.0,78.0,28.0,0.0189,189.0,2.5695,25695.0,24.5,36.995,88.0,16.7,38.0,56.0,145.0,, , ,,0,0,0,0,0,0,,Arenisca
497,Point ZM,rlrm-16,5879449,679502,183.0,Granito,GB,20.0,0.8359,8359.0,400.0,0.4432,4432.0,144.0,42.0,0.1753,1753.0,3.2115,32115.0,17.7,26.727,74.0,10.4,15.0,77.0,121.0,, , ,,0,0,0,0,0,0,,Granito
498,Point ZM,rlrm-17,5880034,676192,140.0,Migmatita,MIG,20.0,0.7975,7975.0,10.0,0.3823,3823.0,54.0,32.0,0.0506,506.0,2.5895,25895.0,13.6,20.536,20.0,12.1,15.0,144.0,351.0,, , ,,0,0,0,0,0,0,,Migmatita
499,Point ZM,RLRM-18,5882075,677575,203.0,Migmatita,MIG,20.0,0.4344,4344.0,10.0,0.4915,4915.0,97.0,41.0,0.0153,153.0,4.0295,40295.0,7.9,11.929,111.0,27.5,73.0,30.0,90.0,, , ,,0,0,0,0,0,0,,Migmatita
500,Point ZM,RLRM-19,5880159,675957,220.0,Migmatita,MIG,20.0,1.2049,12049.0,10.0,0.4048,4048.0,105.0,53.0,0.1089,1089.0,4.6872,46872.0,17.4,26.274,97.0,18.1,50.0,213.0,467.0,, , ,,0,0,0,0,0,0,,Migmatita
501,Point ZM,RLRM-20,5880083,675746,286.0,Esquisto de Biotita,ESQ,20.0,0.5485,5485.0,10.0,0.6002,6002.0,87.0,47.0,0.0124,124.0,4.2049,42049.0,8.9,13.439,48.0,17.6,15.0,122.0,196.0,, , ,,0,0,0,0,0,0,,Esquisto de Biotita
502,Point ZM,RLRM-21,5880267,675265,396.0,Esquisto de Biotita,ESQ,20.0,0.6819,6819.0,10.0,0.4987,4987.0,62.0,25.0,0.0192,192.0,2.9847,29847.0,30.1,45.451,67.0,15.4,47.0,78.0,217.0,, , ,,0,0,0,0,0,0,,Esquisto de Biotita
503,Point ZM,RLRM-22,5880511,675650,345.0,Esquisto de Biotita,ESQ,20.0,1.0158,10158.0,10.0,0.8126,8126.0,124.0,70.0,0.0611,611.0,5.6004,56004.0,10.8,16.308,69.0,19.2,15.0,30.0,102.0,, , ,,0,0,0,0,0,0,,Esquisto de Biotita
504,Point ZM,RLRM-23,5879771,678746,215.0,Granito de Biotita,GB,20.0,1.5613,15613.0,10.0,0.643,6430.0,120.0,2.0,0.1001,1001.0,5.1254,51254.0,21.1,31.861,20.0,7.4,15.0,94.0,151.0,, , ,,0,0,0,0,0,0,,Granito de Biotita
505,Point ZM,RLRM-24,5879945,678327,208.0,Granito de Biotita,GB,20.0,1.4571,14571.0,13141.0,0.2602,2602.0,102.0,26.0,0.0583,583.0,3.249,32490.0,11.5,17.365,20.0,6.8,46.0,160.0,385.0,, , ,,0,0,0,0,0,0,,Granito de Biotita
506,Point ZM,RLRM-25,5880068,677953,240.0,Granito de Biotita,GB,20.0,1.1797,11797.0,4790.0,0.4575,4575.0,88.0,19.0,0.0873,873.0,3.7642,37642.0,18.4,27.784,20.0,4.0,15.0,82.0,255.0,, , ,,0,0,0,0,0,0,,Granito de Biotita
507,Point ZM,RLRM-26,5879973,677626,255.0,Granito de Biotita,GB,20.0,0.8972,8972.0,18959.0,0.6282,6282.0,117.0,27.0,0.0808,808.0,4.2977,42977.0,28.1,42.431,20.0,8.1,15.0,201.0,486.0,, , ,,0,0,0,0,0,0,,Granito de Biotita
508,Point ZM,RLRM-27,5879562,677454,359.0,Granito de Biotita,GB,20.0,1.1209,11209.0,5798.0,0.5329,5329.0,105.0,31.0,0.0681,681.0,4.3488,43488.0,26.4,39.864,20.0,0.5,15.0,89.0,136.0,, , ,,1,0,0,0,0,0,,Granito de Biotita
509,Point ZM,RLRM-28,5879563,677454,359.0,Xenolito de tonalita?,XTON,20.0,1.1513,11513.0,10.0,0.9629,9629.0,124.0,200.0,0.0331,331.0,6.2164,62164.0,55.9,84.409,20.0,10.7,15.0,68.0,138.0,, , ,,0,0,0,0,0,0,,Xenolito Tonalitico
510,Point ZM,RLRM-29,5879563,677451,359.0,Granito de Biotita,GB,20.0,1.016,10160.0,2465.0,0.6252,6252.0,130.0,33.0,0.0697,697.0,4.2877,42877.0,46.0,69.46,71.0,4.7,47.0,138.0,291.0,, , ,,0,0,0,0,0,0,,Granito de Biotita
511,Point ZM,RLRM-30,5879562,677450,358.0,Xenolito de tonalita?,XTON,20.0,1.0772,10772.0,10.0,1.1248,11248.0,160.0,251.0,0.1143,1143.0,6.9235,69235.0,42.0,63.42,20.0,11.4,15.0,57.0,127.0,, , ,,0,0,0,0,0,0,,Xenolito Tonalitico
512,Point ZM,RLRM-31,5879562,677454,358.0,Granito de Biotita,GB,20.0,1.3638,13638.0,909.0,0.783,7830.0,140.0,29.0,0.0508,508.0,5.5868,55868.0,52.5,79.275,20.0,4.3,15.0,73.0,127.0,, , ,,0,0,0,0,0,0,,Granito de Biotita
513,Point ZM,RLRM-32,5879568,677453,358.0,Granito de Biotita,GB,20.0,1.1565,11565.0,591.0,0.7528,7528.0,125.0,21.0,0.1473,1473.0,5.783,57830.0,121.7,183.767,59.0,3.9,15.0,113.0,224.0,, , ,,0,0,0,0,0,0,,Granito de Biotita
514,Point ZM,RLRM-33,5879656,677212,320.0,Granito de Biotita,GB,20.0,0.9157,9157.0,4977.0,0.6779,6779.0,114.0,2.0,0.0608,608.0,5.0187,50187.0,39.6,59.796,47.0,5.5,15.0,154.0,293.0,, , ,,0,0,0,0,0,0,,Granito de Biotita
515,Point ZM,saae-01,5935604,691814,315.0,Granito de Biotita,GB,1.0,0.8897,8897.0,1.0,0.4436,4436.0,77.0,1.0,0.0221,221.0,4.5068,45068.0,23.7,35.787,0.5,14.3,0.5,117.0,280.0,, , ,,0,1,0,1,0,0,,Granito de Biotita
516,Point ZM,saae-02,5935604,692485,319.0,Granito de Biotita,GB,3212.0,1.1109,11109.0,1.0,1.6103,16103.0,65.0,36.0,0.0663,663.0,3.7517,37517.0,31.9,48.169,0.5,16.8,0.5,0.5,117.0,, , ,,0,1,1,1,0,0,,Granito de Biotita
517,Point ZM,saae-02b,5935601,692537,322.0,Granito de Biotita,GB,1.0,0.6818,6818.0,1.0,0.3478,3478.0,68.0,58.0,0.0247,247.0,2.8229,28229.0,6.1,9.211,0.5,11.1,0.5,52.0,129.0,, , ,,0,1,0,1,0,0,,Granito de Biotita
518,Point ZM,saae-03,5935995,692203,306.0,Granito de Biotita,GB,1.0,0.5488,5488.0,1.0,0.7081,7081.0,124.0,40.0,0.0341,341.0,5.5693,55693.0,19.0,28.69,0.5,13.5,0.5,0.5,0.5,, , ,,0,1,1,1,1,0,,Granito de Biotita
519,Point ZM,saae-04,5935316,693292,328.0,Granito de Biotita,GB,1.0,0.9654,9654.0,20005.0,0.3778,3778.0,228.0,171.0,0.098,980.0,3.2518,32518.0,32.2,48.622,295.0,27.0,0.5,296.0,705.0,, , ,,0,1,0,0,0,0,,Granito de Biotita
520,Point ZM,saae-04b,5935316,693292,328.0,Granito de Biotita,GB,1.0,0.6608,6608.0,1.0,0.3869,3869.0,77.0,29.0,0.0232,232.0,4.0573,40573.0,10.8,16.308,59.0,20.9,0.5,0.5,0.5,, , ,,0,1,1,0,1,0,,Granito de Biotita
521,Point ZM,saae-05,5935271,693647,348.0,Granito de Biotita,GB,1.0,0.7471,7471.0,1.0,0.5697,5697.0,114.0,50.0,0.3502,3502.0,6.1459,61459.0,57.4,86.674,91.0,12.4,63.0,91.0,154.0,, , ,,0,0,0,0,0,0,,Granito de Biotita
522,Point ZM,saae-05b,5935271,693647,348.0,Granito de Biotita,GB,1.0,0.3407,3407.0,1.0,0.2545,2545.0,62.0,29.0,0.1398,1398.0,2.8743,28743.0,50.1,75.651,0.5,7.9,55.0,0.5,0.5,, , ,,0,0,1,1,1,0,,Granito de Biotita
523,Point ZM,saae-05c,5935271,693647,348.0,Granito de Biotita,GB,1.0,0.7124,7124.0,8492.0,0.2894,2894.0,83.0,32.0,0.0401,401.0,2.9813,29813.0,23.2,35.032,127.0,15.1,0.5,0.5,113.0,, , ,,0,1,1,0,0,0,,Granito de Biotita
524,Point ZM,saae-05d,5935271,693647,348.0,Granito de Biotita,GB,1.0,1.1671,11671.0,310.0,0.4232,4232.0,152.0,103.0,0.0515,515.0,4.0439,40439.0,72.1,108.871,107.0,30.4,227.0,0.5,0.5,, , ,,0,0,1,0,1,0,,Granito de Biotita
525,Point ZM,saae-05e,5935271,693647,348.0,Granito de Biotita,GB,1.0,1.7793,17793.0,741.0,0.0179,179.0,21.3,28.0,0.0815,815.0,0.1214,1214.0,3.4,5.134,0.5,0.5,0.5,177.0,389.0,, , ,,1,1,0,1,0,0,,Granito de Biotita
526,Point ZM,saae-06,5936855,692773,323.0,Dique aplítico,DA,1.0,0.6712,6712.0,185.0,0.564,5640.0,91.0,1.0,0.0434,434.0,5.5452,55452.0,8.9,13.439,55.0,11.7,0.5,0.5,0.5,, , ,,0,1,1,0,1,0,,Dique Aplitico
527,Point ZM,saae-07,5935358,691284,235.0,Granito de Biotita,GB,1.0,1.2474,12474.0,1.0,0.2983,2983.0,105.0,44.0,0.2749,2749.0,3.2223,32223.0,33.3,50.283,73.0,21.1,0.5,0.5,0.5,, , ,,0,1,1,0,1,0,,Granito de Biotita
528,Point ZM,saae-07b,5935355,691281,259.0,Granito de Biotita,GB,1.0,1.1673,11673.0,1.0,0.4253,4253.0,91.0,47.0,0.0593,593.0,4.678,46780.0,35.7,53.907,0.5,9.7,0.5,67.0,109.0,, , ,,0,1,0,1,0,0,,Granito de Biotita
529,Point ZM,saae-08,5934571,693957,348.0,Granito de Biotita,GB,1.0,1.2239,12239.0,1.0,0.465,4650.0,108.0,34.0,0.0516,516.0,4.5493,45493.0,44.8,67.648,0.5,17.2,50.0,0.5,0.5,, , ,,0,0,1,1,1,0,,Granito de Biotita
530,Point ZM,saae-09,5934552,694028,344.0,Granito de Biotita,GB,1.0,1.943,19430.0,1.0,0.2493,2493.0,76.0,238.0,0.0273,273.0,2.3442,23442.0,11.4,17.214,0.5,15.4,0.5,71.0,114.0,, , ,,0,1,0,1,0,0,,Granito de Biotita
531,Point ZM,saae-10,5934520,696077,255.0,Granito de Biotita,GB,1.0,1.2546,12546.0,1.0,0.1714,1714.0,56.0,154.0,0.0925,925.0,1.4425,14425.0,9.1,13.741,0.5,10.3,0.5,161.0,314.0,, , ,,0,1,0,1,0,0,,Granito de Biotita
532,Point ZM,saae-10b,5934510,696081,257.0,Granito de Biotita,GB,1.0,2.2705,22705.0,1.0,0.2613,2613.0,83.0,27.0,0.0469,469.0,2.4,24000.0,15.9,24.009,83.0,15.4,0.5,124.0,266.0,, , ,,0,1,0,0,0,0,,Granito de Biotita
533,Point ZM,saae-10c,5934510,696087,256.0,Granito de Biotita,GB,1.0,1.8978,18978.0,1.0,0.2992,2992.0,66.0,232.0,0.0365,365.0,3.1571,31571.0,35.5,53.605,96.0,32.6,40.0,107.0,209.0,, , ,,0,0,0,0,0,0,,Granito de Biotita
534,Point ZM,saae-10d,5934512,696107,256.0,Granito de Biotita,GB,1.0,1.7457,17457.0,1.0,0.31,3100.0,66.0,40.0,0.0362,362.0,2.3405,23405.0,23.1,34.881,53.0,45.3,0.5,177.0,382.0,, , ,,0,1,0,0,0,0,,Granito de Biotita
535,Point ZM,saae-11,5934519,697555,310.0,Granito de Biotita,GB,1.0,0.7907,7907.0,332.0,0.5326,5326.0,111.0,198.0,0.0461,461.0,4.4979,44979.0,18.2,27.482,55.0,13.5,0.5,86.0,305.0,, , ,,0,1,0,0,0,0,,Granito de Biotita
536,Point ZM,saae-12,5935405,696311,249.0,Granito de Biotita,GB,374.0,1.1586,11586.0,1.0,0.2752,2752.0,103.0,43.0,0.0763,763.0,2.9317,29317.0,26.0,39.26,57.0,14.4,0.5,92.0,237.0,, , ,,0,1,0,0,0,0,,Granito de Biotita
537,Point ZM,saae-12b,5935401,696304,260.0,Granito de Biotita,GB,1.0,1.3333,13333.0,1.0,0.2184,2184.0,64.0,16.0,0.0382,382.0,2.1031,21031.0,26.1,39.411,0.5,8.2,0.5,163.0,382.0,, , ,,0,1,0,1,0,0,,Granito de Biotita
538,Point ZM,saae-13,5935754,696431,288.0,Granito de Biotita,GB,965.0,1.8202,18202.0,8590.0,0.7548,7548.0,161.0,54.0,0.1614,1614.0,6.9805,69805.0,71.5,107.965,157.0,38.0,83.0,162.0,404.0,, , ,,0,0,0,0,0,0,,Granito de Biotita
539,Point ZM,saae-13b,5935753,696435,287.0,Granito de Biotita,GB,2253.0,1.2296,12296.0,3268.0,0.3791,3791.0,112.0,43.0,0.0674,674.0,3.3909,33909.0,18.7,28.237,47.0,17.0,0.5,140.0,337.0,, , ,,0,1,0,0,0,0,,Granito de Biotita
540,Point ZM,saae-13c,5935757,696434,289.0,Granito de Biotita,GB,518.0,1.2064,12064.0,1.0,0.4456,4456.0,100.0,32.0,0.0413,413.0,3.0549,30549.0,19.9,30.049,58.0,20.7,38.0,75.0,195.0,, , ,,0,0,0,0,0,0,,Granito de Biotita
541,Point ZM,saae-14,5935321,696459,297.0,Granito de Biotita,GB,1.0,1.8357,18357.0,1.0,0.1855,1855.0,100.0,26.0,0.0193,193.0,1.4937,14937.0,19.1,28.841,0.5,15.9,0.5,54.0,144.0,, , ,,0,1,0,1,0,0,,Granito de Biotita
542,Point ZM,saae-14b,5935328,696463,298.0,Granito de Biotita,GB,1.0,1.6436,16436.0,1.0,0.4571,4571.0,90.0,18.0,0.0407,407.0,3.7676,37676.0,22.0,33.22,69.0,25.4,0.5,112.0,280.0,, , ,,0,1,0,0,0,0,,Granito de Biotita
543,Point ZM,TSAE-01,5943762,687240,284.0,Granodiorita,GRD,1.0,0.6387,6387.0,1.0,0.5427,5427.0,91.0,38.0,0.041,410.0,4.5451,45451.0,10.9,16.459,0.5,14.8,0.5,107.0,231.0,, , ,,0,1,0,1,0,0,,Granodiorita
544,Point ZM,TSAE-02,5943754,687237,285.0,Enclave Tonalitico,ETON,1.0,0.7301,7301.0,1.0,0.629,6290.0,63.0,1.0,0.0256,256.0,4.3093,43093.0,18.3,27.633,0.5,8.1,0.5,82.0,228.0,, , ,,0,1,0,1,0,0,,Enclave Tonalitico
545,Point ZM,TSAE-03,5943939,687141,307.0,Granodiorita,GRD,1.0,1.1158,11158.0,1.0,0.3981,3981.0,73.0,21.0,0.0625,625.0,3.9037,39037.0,6.5,9.815,99.0,21.0,0.5,71.0,190.0,, , ,,0,1,0,0,0,0,,Granodiorita
546,Point ZM,TSAE-04,5945108,687523,218.0,Enclave Dioritico,DIO,414.0,1.0567,10567.0,3312.0,0.5134,5134.0,91.0,28.0,0.0425,425.0,4.1051,41051.0,11.9,17.969,65.0,9.0,0.5,141.0,287.0,, , ,,0,1,0,0,0,0,,Enclave Dioritico
547,Point ZM,TSAE-05,5945351,687671,213.0,Granodiorita,GRD,1.0,1.2492,12492.0,1.0,0.362,3620.0,141.0,90.0,0.0523,523.0,3.0501,30501.0,24.5,36.995,115.0,23.5,137.0,79.0,247.0,, , ,,0,0,0,0,0,0,,Granodiorita
548,Point ZM,TSAE-06,5944939,687557,226.0,veta de kaolin,VTT,1.0,0.3732,3732.0,1.0,0.2851,2851.0,47.0,29.0,0.0169,169.0,2.1615,21615.0,37.4,56.474,0.5,10.7,52.0,64.0,179.0,, , ,,0,0,0,1,0,0,,Veta de Caolin
549,Point ZM,TSAE-07,5943576,687638,305.0,Granodiorita,GRD,1.0,0.5259,5259.0,1.0,0.3738,3738.0,122.0,79.0,0.08,800.0,2.8103,28103.0,81.9,123.669,287.0,11.1,103.0,93.0,293.0,, , ,,0,0,0,0,0,0,,Granodiorita
550,Point ZM,TSAE-08,5943576,687638,305.0,Granodiorita,GRD,347.0,0.588,5880.0,5734.0,0.5322,5322.0,100.0,28.0,0.0435,435.0,5.2329,52329.0,27.2,41.072,58.0,12.1,0.5,0.5,0.5,, , ,,0,1,1,0,1,0,,Granodiorita
551,Point ZM,TSAE-09,5943576,687638,305.0,Dique tonalitico,TON,1.0,1.2372,12372.0,1809.0,0.7947,7947.0,102.0,196.0,0.0676,676.0,7.6713,76713.0,17.5,26.425,0.5,11.6,0.5,0.5,102.0,, , ,,0,1,1,1,0,0,,Dique Tonalitico
552,Point ZM,TSAE-10,5943822,688348,311.0,Granito de Biotita,GB,1.0,0.9845,9845.0,1.0,0.6089,6089.0,112.0,76.0,0.0616,616.0,4.6211,46211.0,13.4,20.234,0.5,9.7,0.5,121.0,272.0,, , ,,0,1,0,1,0,0,,Granito de Biotita
553,Point ZM,TSAE-11,5943789,688322,304.0,Granito de Biotita,GB,1.0,1.0044,10044.0,1.0,0.3245,3245.0,72.0,22.0,0.0934,934.0,2.6629,26629.0,25.5,38.505,0.5,9.1,0.5,132.0,269.0,, , ,,0,1,0,1,0,0,,Granito de Biotita
554,Point ZM,TSAE-12,5943789,688322,304.0,Enclave tonalitico,TON,1.0,1.0736,10736.0,1.0,0.4812,4812.0,64.0,552.0,0.0319,319.0,3.7828,37828.0,40.7,61.457,0.5,11.4,45.0,178.0,468.0,, , ,,0,0,0,1,0,0,,Enclave tonalitico
555,Point ZM,TSAE-13,5943942,689988,232.0,Granodiorita,GRD,1.0,1.0929,10929.0,5247.0,0.3643,3643.0,101.0,421.0,0.0502,502.0,3.5506,35506.0,28.8,43.488,58.0,12.4,0.5,99.0,228.0,, , ,,0,1,0,0,0,0,,Granodiorita
556,Point ZM,TSAE-14,5944089,690042,234.0,Granito de Biotita,GB,1.0,1.0977,10977.0,1347.0,0.4559,4559.0,89.0,17.0,0.0597,597.0,4.0315,40315.0,21.4,32.314,75.0,13.5,0.5,144.0,295.0,, , ,,0,1,0,0,0,0,,Granito de Biotita
557,Point ZM,TSAE-15,5946183,687965,284.0,Granito de Biotita,GB,1.0,1.2533,12533.0,1109.0,0.3508,3508.0,80.0,86.0,0.0559,559.0,3.5524,35524.0,30.4,45.904,71.0,20.2,0.5,121.0,192.0,, , ,,0,1,0,0,0,0,,Granito de Biotita
558,Point ZM,TSAE-16,5944052,691252,321.0,Tonalita,TON,1.0,0.6191,6191.0,226.0,0.4927,4927.0,82.0,25.0,0.029,290.0,3.998,39980.0,9.7,14.647,0.5,9.0,0.5,129.0,270.0,, , ,,0,1,0,1,0,0,,Tonalita
559,Point ZM,TSAE-17,5943927,690899,303.0,Granodiorita,GRD,1.0,1.3062,13062.0,12240.0,0.7165,7165.0,128.0,39.0,0.0824,824.0,6.2015,62015.0,19.1,28.841,64.0,8.4,0.5,260.0,558.0,, , ,,0,1,0,0,0,0,,Granodiorita
560,Point ZM,TSAE-18,5939378,691195,319.0,Granodiorita,GRD,1.0,1.2257,12257.0,1.0,0.5249,5249.0,109.0,118.0,0.094,940.0,4.7986,47986.0,46.0,69.46,62.0,18.6,0.5,116.0,222.0,, , ,,0,1,0,0,0,0,,Granodiorita
561,Point ZM,TSAE-19,5939397,691180,323.0,Tonalita,TON,1.0,0.6013,6013.0,1.0,0.4998,4998.0,107.0,44.0,0.0114,114.0,6.2812,62812.0,38.3,57.833,0.5,0.5,0.5,0.5,0.5,, , ,,1,1,1,1,1,0,,Tonalita
562,Point ZM,TSAE-20,5939397,691180,323.0,Granodiorita,GRD,1.0,1.255,12550.0,1.0,0.556,5560.0,110.0,211.0,0.0802,802.0,4.5179,45179.0,37.3,56.323,0.5,11.9,0.5,99.0,207.0,,GDB rica en oxidos negros, ,,0,1,0,1,0,0,,Granodiorita
563,Point ZM,TSAE-21,5939762,691210,338.0,Granito de Biotita,GB,1.0,1.2383,12383.0,1.0,0.8685,8685.0,123.0,26.0,0.0827,827.0,4.952,49520.0,14.1,21.291,0.5,10.3,0.5,108.0,242.0,, , ,,0,1,0,1,0,0,,Granito de Biotita
564,Point ZM,TSAE-22,5942320,691886,319.0,Granodiorita,GRD,1.0,0.3721,3721.0,1.0,0.6028,6028.0,88.0,596.0,0.0226,226.0,5.1397,51397.0,7.7,11.627,50.0,8.4,0.5,0.5,0.5,, , ,,0,1,1,0,1,0,,Granodiorita
565,Point ZM,TSAE-23,5942077,692031,317.0,Tonalita,TON,1.0,0.8839,8839.0,1.0,0.5885,5885.0,122.0,48.0,0.0454,454.0,4.8552,48552.0,36.8,55.568,56.0,6.8,0.5,115.0,175.0,,Muestra tonalitica rojiza, ,,0,1,0,0,0,0,,Tonalita
566,Point ZM,TSAE-24,5940145,691532,326.0,Granodiorita,GRD,1.0,0.8458,8458.0,1.0,0.596,5960.0,103.0,21.0,0.0779,779.0,5.3747,53747.0,18.4,27.784,48.0,6.8,0.5,73.0,220.0,,GDB rica en oxidos negros, ,,0,1,0,0,0,0,,Granodiorita
567,Point ZM,TSAE-25,5940127,691537,328.0,Granodiorita?,GRD,1.0,0.7324,7324.0,1.0,0.7942,7942.0,175.0,187.0,0.4703,4703.0,7.045,70450.0,42.8,64.628,161.0,6.8,44.0,174.0,363.0,,Acumulado de Oxidos negros, ,,0,0,0,0,0,0,,Granodiorita
568,Point ZM,CCBS-01A,5933832,684637,210.0,Tonalita,TON,20.0,1.9738,19738.0,20.0,0.3562,3562.0,73.0,39.0,0.0394,394.0,3.02,30200.0,36.3,54.813,107.0,32.3,62.0,131.0,343.0,,"Fundo El Cabrito Chico, columna CCBS-01", ,,0,0,0,0,0,0,,Tonalita
569,Point ZM,CCBS-01B,5933832,684637,210.0,Tonalita,TON,20.0,2.5382,25382.0,20.0,0.2931,2931.0,64.0,27.0,0.0475,475.0,2.4694,24694.0,16.1,24.311,20.0,13.7,15.0,58.0,187.0,,"Fundo El Cabrito Chico, columna CCBS-01", ,,0,0,0,0,0,0,,Tonalita
570,Point ZM,CCBS-01C,5933832,684637,210.0,Tonalita,TON,20.0,2.1759,21759.0,20.0,0.284,2840.0,64.0,37.0,0.0481,481.0,2.3421,23421.0,19.3,29.143,20.0,21.1,15.0,145.0,292.0,,"Fundo El Cabrito Chico, columna CCBS-01", ,,0,0,0,0,0,0,,Tonalita
571,Point ZM,CCBS-02A,5933638,684585,176.0,Tonalita,TON,20.0,2.1014,21014.0,567.0,0.2859,2859.0,63.0,30.0,0.0752,752.0,2.4754,24754.0,28.3,42.733,48.0,18.5,15.0,30.0,131.0,,Fundo El Cabrito Chico, ,,0,0,0,0,0,0,,Tonalita
572,Point ZM,CCBS-02B,5933638,684585,176.0,Tonalita,TON,20.0,1.0731,10731.0,20.0,0.4288,4288.0,69.0,2.0,0.1023,1023.0,4.0072,40072.0,47.1,71.121,69.0,16.9,15.0,30.0,35.0,,Fundo El Cabrito Chico, ,,0,0,0,0,0,0,,Tonalita
573,Point ZM,CCBS-03,5933450,685283,243.0,Tonalita,TON,20.0,1.7533,17533.0,20.0,0.3361,3361.0,74.0,48.0,0.051,510.0,3.343,33430.0,21.9,33.069,20.0,12.1,15.0,63.0,168.0,,Fundo El Cabrito Chico, ,,0,0,0,0,0,0,,Tonalita
574,Point ZM,CCBS-04A,5933647,685605,279.0,Tonalita,TON,20.0,1.5888,15888.0,20.0,0.4107,4107.0,74.0,32.0,0.0285,285.0,3.8229,38229.0,5.6,8.456,64.0,17.0,15.0,30.0,35.0,,"Fundo El Cabrito Chico, columna CCBS-04", ,,0,0,0,0,0,0,,Tonalita
575,Point ZM,CCBS-04B,5933647,685605,279.0,Tonalita,TON,20.0,1.1709,11709.0,20.0,0.4402,4402.0,67.0,33.0,0.0445,445.0,3.4702,34702.0,6.6,9.966,20.0,21.4,15.0,88.0,165.0,,"Fundo El Cabrito Chico, columna CCBS-04", ,,0,0,0,0,0,0,,Tonalita
576,Point ZM,CELEBS-01,5932563,684063,386.0,Tonalita de biotita,TON,20.0,0.5761,5761.0,20.0,0.2405,2405.0,66.0,2.0,0.0222,222.0,3.3999,33999.0,5.9,8.909,20.0,19.4,15.0,30.0,140.0,,"Fundo El Candado, Celco", ,,0,0,0,0,0,0,,Tonalita de biotita
577,Point ZM,CELEBS-02,5932988,684143,301.0,Tonalita,TON,20.0,0.9734,9734.0,20.0,0.4075,4075.0,76.0,33.0,0.0988,988.0,6.7055,67055.0,73.2,110.532,296.0,80.0,121.0,140.0,271.0,,"Fundo El Candado, Celco", ,,0,0,0,0,0,0,,Tonalita
578,Point ZM,CELEBS-03,5933032,684003,246.0,Tonalita de biotita,TON,20.0,0.9646,9646.0,20.0,0.4032,4032.0,80.0,42.0,0.0986,986.0,6.7419,67419.0,73.3,110.683,319.0,78.0,157.0,140.0,304.0,,"Fundo El Candado, Celco", ,,0,0,0,0,0,0,,Tonalita de biotita
579,Point ZM,CELEBS-04A,5932909,684002,248.0,Tonalita de biotita?o GG,TON,20.0,0.9017,9017.0,20.0,0.2936,2936.0,93.0,72.0,0.2594,2594.0,5.0327,50327.0,364.0,549.64,383.0,74.0,218.0,66.0,246.0,,"Fundo El Candado, Celco, columna CELEBS-04, material con 10-15%ox negros", ,,0,0,0,0,0,0,,Tonalita de Biotita
580,Point ZM,CELEBS-04B,5932909,684002,248.0,Tonalita de biotita?o GG,TON,20.0,0.6602,6602.0,356.0,0.1834,1834.0,104.0,83.0,0.2111,2111.0,4.9715,49715.0,320.0,483.2,521.0,101.0,151.0,174.0,414.0,,"Fundo El Candado, Celco, columna CELEBS-04, material con 10-15%ox negros", ,,0,0,0,0,0,0,,Tonalita de Biotita
581,Point ZM,CELEBS-04C,5932909,684002,248.0,Tonalita de biotita?o GG,TON,20.0,0.4649,4649.0,1148.0,0.117,1170.0,68.0,42.0,0.1797,1797.0,3.7496,37496.0,147.8,223.178,370.0,85.0,183.0,100.0,267.0,,"Fundo El Candado, Celco, columna CELEBS-04, material con 10-15%ox negros", ,,0,0,0,0,0,0,,Tonalita de Biotita
582,Point ZM,CELEBS-05,5932727,684932,293.0,Tonalita de biotita,TON,20.0,1.3261,13261.0,20.0,0.5546,5546.0,93.0,76.0,0.0534,534.0,5.7248,57248.0,18.5,27.935,20.0,18.9,15.0,30.0,35.0,,"Fundo El Candado, Celco", ,,0,0,0,0,0,0,,Tonalita de biotita
583,Point ZM,CSPBS rodado,5932673,683694,323.0,Granito de biotita,TON,20.0,1.4759,14759.0,21749.0,0.3451,3451.0,83.0,37.0,0.0553,553.0,3.7484,37484.0,28.0,42.28,20.0,6.0,15.0,278.0,663.0,,Cantera Santa Paola, ,,0,0,0,0,0,0,,Granito de biotita
584,Point ZM,CSPBS-01,5932673,683694,323.0,Falla,FA,597.0,2.5481,25481.0,20.0,0.2234,2234.0,52.0,46.0,0.0189,189.0,1.0259,10259.0,27.1,40.921,20.0,25.0,15.0,30.0,35.0,,"Cantera Santa Paola, brecha de falla mx de salbanda-arc-lim", ,,0,0,0,0,0,0,,Zona de Falla
585,Point ZM,CSPBS-02,5932678,683704,329.0,Granito de biotita,GB,20.0,1.02,10200.0,20.0,0.0949,949.0,34.0,15.0,0.0216,216.0,1.738,17380.0,31.8,48.018,124.0,33.7,101.0,123.0,285.0,,Cantera Santa Paola, ,,0,0,0,0,0,0,,Granito de biotita
586,Point ZM,CSPBS-03,5932655,683699,336.0,Granito de biotita,GB,20.0,1.1929,11929.0,20.0,0.1941,1941.0,51.0,46.0,0.0385,385.0,3.2435,32435.0,28.5,43.035,159.0,38.0,71.0,68.0,168.0,,Cantera Santa Paola, ,,0,0,0,0,0,0,,Granito de biotita
587,Point ZM,curm-02,5878194,678844,317.0,Arenisca,ARE,20.0,0.6996,6996.0,10.0,0.6589,6589.0,143.0,42.0,0.0466,466.0,6.5367,65367.0,12.6,19.026,91.0,7.2,15.0,194.0,412.0,, , ,,0,0,0,0,0,0,,Arenisca
588,Point ZM,curm-03,5878110,678288,416.0,Granito de bt?,GB,30.0,1.7826,17826.0,25.0,0.5571,5571.0,100.0,428.0,571.0,5710000.0,5.3088,53088.0,17.2,25.972,82.0,9.5,15.0,113.0,276.0,, , ,Mn_ALTO(571.0%),0,0,0,0,0,0,,Granito de Biotita
589,Point ZM,curm-04,5877794,678377,367.0,Granito de bt,GB,30.0,1.1977,11977.0,25.0,0.4675,4675.0,76.0,10.0,536.0,5360000.0,3.3128,33128.0,5.0,7.55,20.0,7.1,15.0,153.0,264.0,, , ,Mn_ALTO(536.0%),0,0,0,0,0,0,,Granito de Biotita
590,Point ZM,curm-05,5877794,678377,367.0,Xenolito de tonalita?,XEN,20.0,1.3458,13458.0,2589.0,0.8224,8224.0,132.0,2.0,0.1108,1108.0,8.4084,84084.0,5.9,8.909,20.0,7.4,15.0,99.0,242.0,, , ,,0,0,0,0,0,0,,Xenolito Tonalitico
591,Point ZM,curm-06,5877794,678377,367.0,Granito de bt,GB,20.0,1.4157,14157.0,2053.0,0.5859,5859.0,86.0,2.0,0.0809,809.0,4.2679,42679.0,5.8,8.758,20.0,7.2,15.0,134.0,268.0,, , ,,0,0,0,0,0,0,,Granito de Biotita
592,Point ZM,curm-07,5877790,678380,367.0,Granito de bt,GB,985.0,2.1626,21626.0,4377.0,0.7948,7948.0,136.0,2.0,0.1172,1172.0,5.6128,56128.0,7.0,10.57,20.0,7.3,15.0,116.0,281.0,, , ,,0,0,0,0,0,0,,Granito de Biotita
593,Point ZM,curm-08,5877970,677698,438.0,Granito de bt,GB,1299.0,0.8308,8308.0,10.0,0.2513,2513.0,48.0,14.0,0.0107,107.0,2.4239,24239.0,6.5,9.815,20.0,0.5,15.0,77.0,217.0,, , ,,1,0,0,0,0,0,,Granito de Biotita
594,Point ZM,curm-09,5878195,677281,404.0,Granito de bt,GB,414.0,0.9198,9198.0,10.0,0.6452,6452.0,121.0,49.0,0.1333,1333.0,4.7726,47726.0,82.9,125.179,20.0,6.5,54.0,153.0,324.0,, , ,,0,0,0,0,0,0,,Granito de Biotita
595,Point ZM,curm-10,5878188,677280,404.0,Granito de bt,GB,20.0,0.9111,9111.0,10.0,0.5985,5985.0,106.0,49.0,0.1886,1886.0,5.5075,55075.0,96.8,146.168,86.0,10.8,59.0,72.0,209.0,, , ,,0,0,0,0,0,0,,Granito de Biotita
596,Point ZM,curm-11,5878192,677282,404.0,Granito de bt,GB,20.0,1.1173,11173.0,10.0,0.7184,7184.0,123.0,32.0,0.0524,524.0,4.5205,45205.0,117.4,177.274,20.0,6.2,52.0,133.0,276.0,, , ,,0,0,0,0,0,0,,Granito de Biotita
597,Point ZM,curm-12,5878177,677288,409.0,Granito de bt,GB,882.0,0.9225,9225.0,10.0,0.6771,6771.0,124.0,30.0,0.0646,646.0,5.3067,53067.0,111.6,168.516,60.0,5.4,49.0,65.0,194.0,, , ,,0,0,0,0,0,0,,Granito de Biotita
598,Point ZM,curm-13,5878223,677240,395.0,Granito de bt,GB,380.0,0.6661,6661.0,10.0,0.6874,6874.0,116.0,36.0,0.2259,2259.0,5.1703,51703.0,48.5,73.235,20.0,4.7,15.0,118.0,256.0,, , ,,0,0,0,0,0,0,,Granito de Biotita
599,Point ZM,curm-14,5879157,677222,380.0,Granito de bt,GB,20.0,1.2615,12615.0,10.0,0.4752,4752.0,92.0,16.0,0.102,1020.0,3.7336,37336.0,22.9,34.579,20.0,10.0,15.0,66.0,187.0,, , ,,0,0,0,0,0,0,,Granito de Biotita
600,Point ZM,curm-15,5879162,677217,378.0,Granito de bt,GB,535.0,1.3499,13499.0,10.0,0.4353,4353.0,91.0,2.0,0.0716,716.0,3.3035,33035.0,4.5,6.795,20.0,3.7,15.0,84.0,202.0,, , ,,0,0,0,0,0,0,,Granito de Biotita
601,Point ZM,curm-16,5879163,677217,378.0,Granito de bt,GB,20.0,1.329,13290.0,10.0,0.5174,5174.0,98.0,17.0,0.057,570.0,4.3559,43559.0,18.9,28.539,20.0,10.3,41.0,94.0,205.0,, , ,,0,0,0,0,0,0,,Granito de Biotita
602,Point ZM,curm-17,5879169,677221,378.0,Granito de bt,GB,20.0,1.2799,12799.0,10941.0,0.4815,4815.0,105.0,46.0,0.0449,449.0,3.6424,36424.0,24.4,36.844,72.0,16.8,119.0,141.0,365.0,, , ,,0,0,0,0,0,0,,Granito de Biotita
603,Point ZM,curm-18,5878198,677280,420.0,Granito de bt,GB,468.0,1.1222,11222.0,10.0,0.94,9400.0,136.0,26.0,0.0986,986.0,7.101,71010.0,36.4,54.964,20.0,9.8,15.0,142.0,275.0,, , ,,0,0,0,0,0,0,,Granito de Biotita
604,Point ZM,curm-19,5878198,677280,420.0,Granito de bt,GB,20.0,0.8882,8882.0,10.0,0.6979,6979.0,110.0,41.0,0.0828,828.0,5.2499,52499.0,57.1,86.221,80.0,6.3,53.0,30.0,35.0,, , ,,0,0,0,0,0,0,,Granito de Biotita
605,Point ZM,curm-20,5878198,677280,420.0,Granito de bt,GB,20.0,0.9372,9372.0,10.0,0.7124,7124.0,104.0,23.0,0.046,460.0,4.8373,48373.0,58.9,88.939,20.0,5.1,15.0,30.0,35.0,, , ,,0,0,0,0,0,0,,Granito de Biotita
606,Point ZM,curm-21,5878203,677278,420.0,Xenolito de tonalita?,XEN,783.0,0.6174,6174.0,10.0,0.7437,7437.0,140.0,63.0,0.0981,981.0,8.1301,81301.0,69.2,104.492,112.0,7.1,51.0,102.0,224.0,, , ,,0,0,0,0,0,0,,Xenolito Tonalitico
607,Point ZM,curm-22,5878195,677281,404.0,Granito de bt,GB,1345.0,0.88,8800.0,10.0,0.9186,9186.0,131.0,41.0,0.0945,945.0,5.9143,59143.0,65.1,98.301,68.0,4.8,15.0,64.0,156.0,, , ,,0,0,0,0,0,0,,Granito de Biotita
608,Point ZM,curm-23,5878195,677281,404.0,Granito de bt,GB,20.0,0.8976,8976.0,10.0,0.6642,6642.0,114.0,40.0,0.0388,388.0,5.4498,54498.0,103.0,155.53,53.0,0.5,47.0,30.0,35.0,, , ,,1,0,0,0,0,0,,Granito de Biotita
609,Point ZM,curm-24,5877842,677541,426.0,Granito de bt,GB,1226.0,1.0107,10107.0,9999.0,0.3681,3681.0,109.0,65.0,0.0674,674.0,3.855,38550.0,29.1,43.941,20.0,9.4,47.0,111.0,313.0,, , ,,0,0,0,0,0,0,,Granito de Biotita
610,Point ZM,curm-25,5877932,677291,415.0,Granito de bt,GB,20.0,0.526,5260.0,12594.0,0.1855,1855.0,52.0,13.0,0.0238,238.0,1.5736,15736.0,7.4,11.174,20.0,0.5,15.0,96.0,203.0,, , ,,1,0,0,0,0,0,,Granito de Biotita
611,Point ZM,curm-26,5878982,676930,360.0,Granito de bt,GB,20.0,0.7694,7694.0,10.0,0.7984,7984.0,151.0,39.0,0.1899,1899.0,7.0612,70612.0,78.7,118.837,53.0,0.5,64.0,81.0,198.0,, , ,,1,0,0,0,0,0,,Granito de Biotita
612,Point ZM,curm-27,5878825,677090,349.0,Granito de bt,GB,369.0,1.3925,13925.0,1497.0,0.6029,6029.0,102.0,18.0,0.0628,628.0,4.8795,48795.0,10.8,16.308,20.0,4.4,15.0,66.0,129.0,, , ,,0,0,0,0,0,0,,Granito de Biotita
613,Point ZM,curm-28,5878780,677115,348.0,Granito de bt,GB,20.0,1.4578,14578.0,3411.0,0.3683,3683.0,98.0,30.0,0.0441,441.0,2.9149,29149.0,27.9,42.129,20.0,17.4,15.0,120.0,226.0,, , ,,0,0,0,0,0,0,,Granito de Biotita
614,Point ZM,curm-29,5878692,677030,333.0,Granito de bt,GB,474.0,0.9397,9397.0,10.0,0.7118,7118.0,114.0,22.0,0.0416,416.0,6.3977,63977.0,22.7,34.277,51.0,6.0,15.0,68.0,166.0,, , ,,0,0,0,0,0,0,,Granito de Biotita
615,Point ZM,curm-30,5878692,677030,333.0,Granito de bt,GB,20.0,1.1187,11187.0,10.0,0.7754,7754.0,126.0,29.0,0.1178,1178.0,5.7989,57989.0,24.5,36.995,20.0,5.2,15.0,139.0,247.0,, , ,,0,0,0,0,0,0,,Granito de Biotita
616,Point ZM,curm-31,5878692,677030,333.0,Granito de bt,GB,2067.0,0.8256,8256.0,10.0,0.6388,6388.0,119.0,23.0,0.0605,605.0,5.4659,54659.0,63.1,95.281,20.0,4.9,15.0,104.0,207.0,, , ,,0,0,0,0,0,0,,Granito de Biotita
617,Point ZM,curm-32,5878684,677024,334.0,Granito de bt,GB,20.0,1.0371,10371.0,10.0,0.5634,5634.0,93.0,27.0,0.1019,1019.0,4.6029,46029.0,21.3,32.163,55.0,6.6,15.0,90.0,236.0,, , ,,0,0,0,0,0,0,,Granito de Biotita
618,Point ZM,curm-33,5878686,677024,337.0,Granito de bt,GB,1929.0,0.8951,8951.0,10.0,0.8989,8989.0,129.0,36.0,0.0769,769.0,7.4314,74314.0,34.8,52.548,77.0,4.8,15.0,61.0,151.0,, , ,,0,0,0,0,0,0,,Granito de Biotita
619,Point ZM,curm-34,5878368,677061,303.0,Granito de bt,GB,20.0,0.8574,8574.0,3099.0,0.4306,4306.0,98.0,29.0,0.0866,866.0,4.8586,48586.0,37.4,56.474,70.0,7.2,15.0,79.0,164.0,, , ,,0,0,0,0,0,0,,Granito de Biotita
620,Point ZM,curm-35,5878512,677150,318.0,Granito de bt,GB,20.0,1.3214,13214.0,10.0,0.4455,4455.0,75.0,26.0,0.0691,691.0,3.7253,37253.0,29.6,44.696,20.0,3.9,15.0,155.0,313.0,, , ,,0,0,0,0,0,0,,Granito de Biotita
621,Point ZM,curm-36,5878515,677142,317.0,Granito de bt,GB,20.0,2.1463,21463.0,10.0,0.6,6000.0,126.0,67.0,0.1012,1012.0,5.033,50330.0,130.7,197.357,142.0,10.4,141.0,101.0,256.0,, , ,,0,0,0,0,0,0,,Granito de Biotita
622,Point ZM,parm-05,5878115,676516,178.0,Granito de bt,GB,20.0,0.6712,6712.0,23807.0,0.3471,3471.0,70.0,29.0,0.0744,744.0,3.5461,35461.0,21.4,32.314,20.0,4.9,15.0,201.0,442.0,, , ,,0,0,0,0,0,0,,Granito de Biotita
623,Point ZM,parm-06,5878178,676638,211.0,Granito de bt,GB,20.0,1.0996,10996.0,5883.0,0.6412,6412.0,127.0,35.0,0.0552,552.0,5.3667,53667.0,32.6,49.226,20.0,5.0,15.0,30.0,110.0,, , ,,0,0,0,0,0,0,,Granito de Biotita
624,Point ZM,parm-07,5878189,676635,212.0,Granito de bt,GB,20.0,0.7753,7753.0,10.0,0.2632,2632.0,77.0,37.0,0.0138,138.0,1.6173,16173.0,27.2,41.072,108.0,25.9,84.0,60.0,175.0,, , ,,0,0,0,0,0,0,,Granito de Biotita
625,Point ZM,parm-08,5878195,676624,211.0,Granito de bt,GB,216.0,0.6196,6196.0,1824.0,0.1251,1251.0,44.0,14.0,0.0094,94.0,1.1321,11321.0,7.1,10.721,20.0,3.4,15.0,88.0,194.0,, , ,,0,0,0,0,0,0,,Granito de Biotita
626,Point ZM,parm-09,5878201,676622,211.0,Granito de bt,GB,20.0,0.772,7720.0,10.0,0.3917,3917.0,106.0,30.0,0.0159,159.0,3.5376,35376.0,11.0,16.61,75.0,22.3,15.0,30.0,35.0,, , ,,0,0,0,0,0,0,,Granito de Biotita
627,Point ZM,parm-10,5878202,676615,213.0,Granito de bt,GB,20.0,1.4557,14557.0,10.0,0.8384,8384.0,198.0,83.0,0.0909,909.0,6.5921,65921.0,124.9,188.599,20.0,5.5,181.0,156.0,494.0,, , ,,0,0,0,0,0,0,,Granito de Biotita
628,Point ZM,parm-11,5878200,676616,213.0,Xenolito de tonalita?,XEN,20.0,0.8308,8308.0,10.0,1.3733,13733.0,249.0,70.0,0.1114,1114.0,13.0142,130142.0,128.9,194.639,20.0,9.1,140.0,126.0,289.0,, , ,,0,0,0,0,0,0,,Xenolito Tonalitico
629,Point ZM,parm-12,5878278,676683,224.0,Granito de bt,GB,20.0,1.0567,10567.0,8392.0,0.6183,6183.0,98.0,23.0,0.0823,823.0,5.6568,56568.0,21.6,32.616,20.0,5.6,15.0,193.0,398.0,, , ,,0,0,0,0,0,0,,Granito de Biotita
630,Point ZM,parm-13,5878230,676934,285.0,Granito de bt,GB,20.0,0.5525,5525.0,2999.0,0.8632,8632.0,164.0,36.0,0.0905,905.0,7.8031,78031.0,51.9,78.369,69.0,8.4,15.0,104.0,276.0,, , ,,0,0,0,0,0,0,,Granito de Biotita
631,Point ZM,parm-14,5878230,676934,285.0,Granito de bt,GB,20.0,0.8581,8581.0,875.0,0.5109,5109.0,89.0,2.0,0.0459,459.0,4.4134,44134.0,17.6,26.576,20.0,0.5,15.0,116.0,303.0,, , ,,1,0,0,0,0,0,,Granito de Biotita
632,Point ZM,parm-15,5878229,676922,285.0,Granito de bt,GB,20.0,1.8835,18835.0,10.0,0.6626,6626.0,129.0,2.0,0.0368,368.0,5.1133,51133.0,23.5,35.485,20.0,8.2,15.0,101.0,195.0,, , ,,0,0,0,0,0,0,,Granito de Biotita
633,Point ZM,parm-16,5878229,676922,285.0,Granito de bt,GB,20.0,1.1118,11118.0,10.0,0.6206,6206.0,88.0,23.0,0.0854,854.0,3.9349,39349.0,19.9,30.049,55.0,3.9,15.0,80.0,204.0,, , ,,0,0,0,0,0,0,,Granito de Biotita
634,Point ZM,parm-17,5878229,676922,285.0,Xenolito de tonalita?,XEN,20.0,1.0524,10524.0,17612.0,0.7643,7643.0,101.0,28.0,0.0749,749.0,5.9944,59944.0,18.6,28.086,20.0,5.4,15.0,158.0,348.0,, , ,,0,0,0,0,0,0,,Xenolito Tonalitico
635,Point ZM,parm-18,5878633,675631,134.0,Migmatita,MIG,20.0,1.6896,16896.0,10.0,0.2484,2484.0,69.0,24.0,0.0122,122.0,3.4587,34587.0,15.9,24.009,143.0,30.7,55.0,197.0,453.0,, , ,,0,0,0,0,0,0,,Migmatita
636,Point ZM,parm-19,5878528,675681,125.0,Granito de bt,GB,20.0,1.539,15390.0,10.0,0.4511,4511.0,88.0,15.0,0.0189,189.0,3.292,32920.0,100.6,151.906,20.0,19.8,72.0,68.0,164.0,, , ,,0,0,0,0,0,0,,Granito de Biotita
637,Point ZM,rlrm-34,5879564,677338,329.0,Granito de bt,GB,20.0,1.2059,12059.0,9890.0,0.5168,5168.0,95.0,2.0,0.0625,625.0,4.2118,42118.0,25.8,38.958,20.0,5.8,15.0,68.0,156.0,, , ,,0,0,0,0,0,0,,Granito de Biotita
638,Point ZM,rlrm-35,5879561,677335,330.0,Xenolito de tonalita?,XEN,20.0,1.4078,14078.0,15501.0,0.7892,7892.0,126.0,2.0,0.0797,797.0,6.1779,61779.0,38.7,58.437,64.0,0.5,15.0,159.0,385.0,, , ,,1,0,0,0,0,0,,Xenolito Tonalitico
639,Point ZM,rlrm-36,5879563,677333,331.0,Granito de bt,GB,20.0,1.1537,11537.0,14332.0,0.5618,5618.0,99.0,19.0,0.0592,592.0,4.2499,42499.0,23.5,35.485,20.0,6.5,15.0,144.0,305.0,, , ,,0,0,0,0,0,0,,Granito de Biotita
640,Point ZM,rlrm-37,5879595,677322,329.0,Granito de bt,GB,20.0,1.317,13170.0,7485.0,0.5618,5618.0,98.0,24.0,0.0675,675.0,4.583,45830.0,15.6,23.556,64.0,6.5,15.0,106.0,278.0,, , ,,0,0,0,0,0,0,,Granito de Biotita
641,Point ZM,rlrm-38,5879623,677296,335.0,Granito de bt,GB,20.0,1.0651,10651.0,4750.0,0.6142,6142.0,111.0,21.0,0.0852,852.0,4.514,45140.0,103.1,155.681,20.0,0.5,15.0,53.0,126.0,, , ,,1,0,0,0,0,0,,Granito de Biotita
642,Point ZM,rlrm-39,5879610,677298,333.0,Granito de bt,GB,476.0,1.2614,12614.0,8267.0,0.5908,5908.0,105.0,2.0,0.0519,519.0,4.7709,47709.0,48.7,73.537,20.0,6.1,15.0,96.0,221.0,, , ,,0,0,0,0,0,0,,Granito de Biotita
643,Point ZM,rlrm-40,5879608,677298,332.0,Granito de bt,GB,20.0,1.1669,11669.0,6307.0,0.4855,4855.0,93.0,26.0,0.0704,704.0,3.7015,37015.0,16.5,24.915,20.0,6.3,15.0,146.0,353.0,, , ,,0,0,0,0,0,0,,Granito de Biotita
644,Point ZM,rlrm-41,5879621,677276,330.0,Granito de bt,GB,20.0,1.162,11620.0,9752.0,0.5148,5148.0,97.0,21.0,0.0458,458.0,4.2004,42004.0,27.3,41.223,20.0,0.5,44.0,169.0,363.0,, , ,,1,0,0,0,0,0,,Granito de Biotita
645,Point ZM,saae-15,5933988,691956,282.0,Granito de biotita,GB,449.0,1.1831,11831.0,6887.0,0.325,3250.0,67.0,19.0,0.0319,319.0,2.5225,25225.0,9.1,13.741,20.0,7.2,15.0,30.0,35.0,, , ,,0,0,0,0,0,0,,Granito de biotita
646,Point ZM,saae-15b,5933986,691958,282.0,Granito de biotita,GB,1795.0,1.4783,14783.0,10.0,0.3695,3695.0,93.0,29.0,0.0249,249.0,3.4613,34613.0,22.3,33.673,20.0,9.8,15.0,30.0,88.0,, , ,,0,0,0,0,0,0,,Granito de biotita
647,Point ZM,saae-16,5933299,692473,314.0,Granito de biotita,GB,20.0,0.8922,8922.0,10.0,0.429,4290.0,108.0,45.0,0.0661,661.0,4.37,43700.0,28.1,42.431,135.0,23.6,57.0,30.0,35.0,, , ,,0,0,0,0,0,0,,Granito de biotita
648,Point ZM,eeae-16b,5933300,692451,315.0,Granito de biotita,GB,20.0,0.8181,8181.0,10.0,0.3221,3221.0,68.0,2.0,0.0403,403.0,3.6399,36399.0,13.7,20.687,20.0,5.1,15.0,30.0,35.0,, , ,,0,0,0,0,0,0,,Granito de biotita
649,Point ZM,eeae-17,5933881,693106,283.0,Granito de biotita,GB,697.0,0.9085,9085.0,10.0,0.4235,4235.0,103.0,28.0,0.0786,786.0,4.6478,46478.0,27.2,41.072,72.0,16.6,15.0,30.0,35.0,, , ,,0,0,0,0,0,0,,Granito de biotita
650,Point ZM,eeae-17b,5933882,693107,283.0,Granito de biotita,GB,747.0,0.9611,9611.0,10.0,0.4458,4458.0,88.0,32.0,0.0784,784.0,4.368,43680.0,25.3,38.203,20.0,20.0,15.0,30.0,35.0,, , ,,0,0,0,0,0,0,,Granito de biotita
651,Point ZM,eeae-17c,5933883,693108,283.0,Granito de biotita,GB,20.0,0.7689,7689.0,10.0,0.3742,3742.0,70.0,2.0,0.036,360.0,3.4746,34746.0,13.7,20.687,20.0,11.7,15.0,30.0,35.0,, , ,,0,0,0,0,0,0,,Granito de biotita
652,Point ZM,eeae-18,5934712,693242,314.0,Granito de biotita,GB,420.0,1.0341,10341.0,10.0,0.7133,7133.0,110.0,39.0,0.0533,533.0,6.9085,69085.0,24.7,37.297,20.0,19.2,15.0,30.0,35.0,, , ,,0,0,0,0,0,0,,Granito de biotita
653,Point ZM,saae-19,5933737,696247,210.0,Granito de biotita,GB,20.0,1.9932,19932.0,10.0,0.3441,3441.0,102.0,44.0,0.0417,417.0,3.1592,31592.0,36.0,54.36,83.0,17.4,52.0,30.0,145.0,, , ,,0,0,0,0,0,0,,Granito de biotita
654,Point ZM,saae-20,5934245,695907,237.0,Granito de biotita,GB,20.0,0.9005,9005.0,275.0,0.5564,5564.0,102.0,40.0,0.0491,491.0,5.063,50630.0,14.7,22.197,59.0,20.1,15.0,30.0,35.0,, , ,,0,0,0,0,0,0,,Granito de biotita
655,Point ZM,saae-21,5933661,695334,236.0,Granito de biotita,GB,20.0,1.2934,12934.0,10.0,0.4238,4238.0,84.0,44.0,0.0859,859.0,3.7239,37239.0,28.7,43.337,20.0,23.9,15.0,114.0,244.0,, , ,,0,0,0,0,0,0,,Granito de biotita
656,Point ZM,eeae-09,5933926,690390,299.0,Granito de biotita,GB,20.0,0.5719,5719.0,304.0,0.6535,6535.0,102.0,37.0,0.1182,1182.0,5.4265,54265.0,10.4,15.704,20.0,12.1,15.0,80.0,186.0,, , ,,0,0,0,0,0,0,,Granito de biotita
657,Point ZM,eeae-10,5934531,691276,258.0,Granito de biotita,GB,674.0,1.0083,10083.0,3514.0,0.32,3200.0,90.0,43.0,0.0453,453.0,2.8641,28641.0,50.4,76.104,58.0,101.0,51.0,61.0,182.0,, , ,,0,0,0,0,0,0,,Granito de biotita
658,Point ZM,eeae-11,5939813,693600,289.0,Granito de biotita,GB,20.0,0.6109,6109.0,10.0,0.5643,5643.0,128.0,68.0,0.181,1810.0,4.8942,48942.0,26.1,39.411,253.0,6.0,15.0,30.0,35.0,, , ,,0,0,0,0,0,0,,Granito de biotita
659,Point ZM,liae-43,5939621,688053,288.0,Granito de biotita,GB,20.0,1.0122,10122.0,10.0,0.599,5990.0,133.0,44.0,0.0886,886.0,6.6631,66631.0,17.3,26.123,62.0,18.0,15.0,30.0,122.0,, , ,,0,0,0,0,0,0,,Granito de biotita
660,Point ZM,ppae-01,5939667,682932,165.0,Metapelita,MP,20.0,1.608,16080.0,10.0,0.4736,4736.0,113.0,69.0,0.0221,221.0,5.3331,53331.0,23.7,35.787,71.0,25.9,15.0,113.0,326.0,, , ,,0,0,0,0,0,0,,Metapelita
661,Point ZM,ppae-02,5939570,683312,117.0,Metapelita,MP,20.0,2.444,24440.0,10.0,0.6316,6316.0,190.0,126.0,0.0398,398.0,5.9678,59678.0,23.8,35.938,99.0,25.4,15.0,290.0,684.0,, , ,,0,0,0,0,0,0,,Metapelita
662,Point ZM,ppae-03,5939611,683819,189.0,Metapelita,MP,20.0,2.1742,21742.0,10.0,0.8537,8537.0,175.0,154.0,0.0582,582.0,5.0293,50293.0,29.2,44.092,80.0,28.6,15.0,329.0,673.0,, , ,,0,0,0,0,0,0,,Metapelita
663,Point ZM,ppae-04,5939494,684565,273.0,Granito de biotita,GB,348.0,1.3479,13479.0,10.0,0.3185,3185.0,119.0,62.0,0.0407,407.0,4.1427,41427.0,16.9,25.519,214.0,25.3,74.0,30.0,35.0,, , ,,0,0,0,0,0,0,,Granito de biotita
664,Point ZM,ppae-05,5939561,684389,257.0,Metapelita,MP,20.0,4.9905,49905.0,10.0,0.7486,7486.0,152.0,92.0,0.0862,862.0,8.8656,88656.0,19.4,29.294,94.0,18.0,15.0,257.0,646.0,, , ,,0,0,0,0,0,0,,Metapelita
665,Point ZM,ppae-06,5939168,685343,257.0,Granito de biotita,GB,20.0,1.0942,10942.0,10.0,0.2852,2852.0,67.0,27.0,0.0178,178.0,2.7014,27014.0,17.9,27.029,98.0,20.3,39.0,64.0,139.0,, , ,,0,0,0,0,0,0,,Granito de biotita
666,Point ZM,rtae-01,5937087,681639,151.0,Metapelita,MP,20.0,4.3951,43951.0,1829.0,0.6579,6579.0,159.0,106.0,0.0578,578.0,5.5018,55018.0,21.3,32.163,67.0,19.2,15.0,284.0,686.0,, , ,,0,0,0,0,0,0,,Metapelita
667,Point ZM,rtae-02,5937076,681642,143.0,Metapelita,MP,20.0,2.2269,22269.0,477.0,0.5561,5561.0,134.0,185.0,0.0071,71.0,1.7999,17999.0,26.0,39.26,121.0,24.4,58.0,222.0,506.0,, , ,,0,0,0,0,0,0,,Metapelita
668,Point ZM,rtae-03,5937002,681582,127.0,Arenisca,ARE,20.0,1.0869,10869.0,4804.0,0.4922,4922.0,101.0,66.0,0.04,400.0,4.2881,42881.0,10.2,15.402,20.0,11.0,15.0,30.0,35.0,, , ,,0,0,0,0,0,0,,Arenisca
669,Point ZM,rtae-04,5936993,681574,121.0,Metapelita,MP,20.0,3.5058,35058.0,1528.0,0.5155,5155.0,125.0,93.0,0.0315,315.0,3.9965,39965.0,21.0,31.71,63.0,18.1,48.0,240.0,591.0,, , ,,0,0,0,0,0,0,,Metapelita
670,Point ZM,ppae-07,5938894,685110,263.0,Granito de biotita,GB,20.0,2.6261,26261.0,10.0,0.0804,804.0,33.0,23.0,0.0541,541.0,1.0233,10233.0,40.8,61.608,74.0,33.3,15.0,30.0,35.0,, , ,,0,0,0,0,0,0,,Granito de biotita
671,Point ZM,ppae-08,5939199,684908,260.0,Granito de biotita,GB,20.0,1.1716,11716.0,10.0,0.3291,3291.0,81.0,46.0,0.0146,146.0,4.2566,42566.0,13.2,19.932,67.0,11.9,15.0,30.0,35.0,, , ,,0,0,0,0,0,0,,Granito de biotita
672,Point ZM,liae-44,5938908,685908,230.0,Granito de biotita,GB,20.0,1.1257,11257.0,833.0,0.4383,4383.0,99.0,35.0,0.0455,455.0,4.1048,41048.0,22.0,33.22,57.0,10.0,15.0,30.0,35.0,, , ,,0,0,0,0,0,0,,Granito de biotita
673,Point ZM,liae-46,5936424,686704,262.0,Granito de biotita,GB,20.0,0.728,7280.0,227.0,0.5319,5319.0,114.0,39.0,0.0297,297.0,6.7201,67201.0,17.1,25.821,20.0,23.3,15.0,30.0,35.0,, , ,,0,0,0,0,0,0,,Granito de biotita
674,Point ZM,riae-19,5936358,695664,303.0,Granito de biotita,GB,20.0,1.2717,12717.0,1522.0,0.3613,3613.0,79.0,20.0,0.0515,515.0,3.6828,36828.0,18.6,28.086,20.0,15.7,15.0,53.0,140.0,, , ,,0,0,0,0,0,0,,Granito de biotita
675,Point ZM,riae-20,5935564,696002,308.0,Granito de biotita,GB,20.0,0.978,9780.0,1641.0,0.4011,4011.0,93.0,2.0,0.0673,673.0,4.2946,42946.0,23.7,35.787,20.0,27.7,15.0,61.0,135.0,, , ,,0,0,0,0,0,0,,Granito de biotita
676,Point ZM,eeae-12,5933740,690972,287.0,Granito de biotita,GB,20.0,1.7772,17772.0,10.0,0.5823,5823.0,108.0,34.0,0.0579,579.0,4.0295,40295.0,32.3,48.773,61.0,16.9,15.0,87.0,220.0,, , ,,0,0,0,0,0,0,,Granito de biotita
677,Point ZM,eeae-12b,5933702,690958,292.0,Granito de biotita,GB,20.0,1.4531,14531.0,11652.0,0.5849,5849.0,147.0,66.0,0.0865,865.0,5.159,51590.0,34.9,52.699,156.0,8.4,60.0,143.0,395.0,, , ,,0,0,0,0,0,0,,Granito de biotita
678,Point ZM,rlrm-43,5879570,677456,358.0,Granito de Biotita Máfico,GBM,20.0,1.7043,17043.0,10.0,0.7918,7918.0,311.0,224.0,0.1296,1296.0,5.5687,55687.0,468.0,706.68,154.0,8.8,218.0,131.0,455.0,1192, , ,Y_ALTO(468.0ppm),0,0,0,0,0,0,,Granito de Biotita Mafico
679,Point ZM,rlrm-44,5879578,677456,358.0,Granito de Biotita Máfico,GBM,20.0,1.122,11220.0,2374.0,0.5631,5631.0,120.0,42.0,0.0752,752.0,4.5105,45105.0,75.2,113.552,20.0,0.5,55.0,30.0,35.0,199, , ,,1,0,0,0,0,0,,Granito de Biotita Mafico
680,Point ZM,rlrm-45,5879565,677476,355.0,Granito de Biotita Máfico,GBM,20.0,1.4915,14915.0,10.0,0.9591,9591.0,144.0,32.0,0.0776,776.0,8.8611,88611.0,25.5,38.505,69.0,8.1,15.0,30.0,155.0,265, , ,,0,0,0,0,0,0,,Granito de Biotita Mafico
681,Point ZM,rlrm-46,5879565,677476,356.0,Granito de Biotita Máfico,GBM,352.0,2.2151,22151.0,10.0,0.6154,6154.0,133.0,40.0,0.0535,535.0,4.3257,43257.0,84.7,127.897,20.0,0.5,89.0,30.0,236.0,352, , ,,1,0,0,0,0,0,,Granito de Biotita Mafico
682,Point ZM,rlrm-47,5879565,677476,357.0,Granito de Biotita Máfico,GBM,20.0,1.0309,10309.0,662.0,1.0122,10122.0,192.0,2.0,0.0922,922.0,10.6146,106146.0,22.3,33.673,20.0,0.5,15.0,30.0,35.0,38, , ,,1,0,0,0,0,0,,Granito de Biotita Mafico
683,Point ZM,rlrm-48,5879565,677476,358.0,Granito de Biotita Máfico,GBM,20.0,1.2368,12368.0,508.0,0.7019,7019.0,161.0,78.0,0.1022,1022.0,6.5738,65738.0,178.0,268.78,78.0,5.5,117.0,76.0,256.0,462, , ,,0,0,0,0,0,0,,Granito de Biotita Mafico
684,Point ZM,rlrm-49,5879565,677476,359.0,Granito de Biotita Máfico,GBM,20.0,1.4345,14345.0,10.0,0.6238,6238.0,143.0,55.0,0.1021,1021.0,5.0358,50358.0,212.0,320.12,20.0,5.3,79.0,30.0,35.0,480, , ,,0,0,0,0,0,0,,Granito de Biotita Mafico
685,Point ZM,rlrm-50,5879564,677447,355.0,Granito de Biotita Máfico,GBM,669.0,1.4484,14484.0,1214.0,0.7138,7138.0,149.0,51.0,0.1237,1237.0,6.4868,64868.0,132.0,199.32,20.0,7.5,15.0,30.0,35.0,263, , ,,0,0,0,0,0,0,,Granito de Biotita Mafico
686,Point ZM,rlrm-51,5879564,677447,356.0,Granito de Biotita Máfico,GBM,20.0,1.4313,14313.0,2438.0,0.7271,7271.0,137.0,29.0,0.1011,1011.0,5.73,57300.0,106.0,160.06,20.0,9.4,15.0,144.0,267.0,218, , ,,0,0,0,0,0,0,,Granito de Biotita Mafico
687,Point ZM,rlrm-52,5879564,677447,357.0,Granito de Biotita Máfico,GBM,470.0,1.4117,14117.0,3178.0,0.7714,7714.0,154.0,36.0,0.0872,872.0,6.1187,61187.0,83.5,126.085,20.0,5.8,15.0,30.0,35.0,128, , ,,0,0,0,0,0,0,,Granito de Biotita Mafico
688,Point ZM,rlrm-53,5879564,677447,358.0,Granito de Biotita Máfico,GBM,20.0,1.5931,15931.0,1352.0,0.8115,8115.0,150.0,40.0,0.0922,922.0,6.4595,64595.0,60.3,91.053,71.0,5.6,15.0,79.0,201.0,135, , ,,0,0,0,0,0,0,,Granito de Biotita Mafico
689,Point ZM,rlrm-54,5879564,677447,359.0,Granito de Biotita Máfico,GBM,410.0,1.8045,18045.0,3020.0,0.6901,6901.0,139.0,37.0,0.0621,621.0,5.0015,50015.0,42.6,64.326,20.0,7.0,15.0,74.0,211.0,82, , ,,0,0,0,0,0,0,,Granito de Biotita Mafico
690,Point ZM,curm-37,5878515,677142,313.0,Granito de biotita oxidado,GBO,20.0,2.3664,23664.0,10.0,0.651,6510.0,129.0,34.0,0.0548,548.0,5.8765,58765.0,24.1,36.391,68.0,12.9,52.0,76.0,204.0,93, , ,,0,0,0,0,0,0,,Granito de Biotita Oxidado
691,Point ZM,curm-38,5878515,677142,314.0,Granito de biotita oxidado,GBO,20.0,1.2455,12455.0,10.0,0.6729,6729.0,138.0,50.0,0.0773,773.0,5.9188,59188.0,80.2,121.102,86.0,8.1,94.0,94.0,183.0,328, , ,,0,0,0,0,0,0,,Granito de Biotita Oxidado
692,Point ZM,curm-39,5878515,677142,315.0,Granito de biotita oxidado,GBO,20.0,1.7033,17033.0,10.0,0.8312,8312.0,169.0,77.0,0.081,810.0,8.4075,84075.0,150.0,226.5,148.0,77.0,80.0,30.0,35.0,480, , ,,0,0,0,0,0,0,,Granito de Biotita Oxidado
693,Point ZM,curm-40,5878515,677142,316.0,Granito de biotita oxidado,GBO,20.0,1.2847,12847.0,10.0,0.8529,8529.0,149.0,66.0,0.091,910.0,6.293,62930.0,147.0,221.97,20.0,0.5,77.0,30.0,225.0,452, , ,,1,0,0,0,0,0,,Granito de Biotita Oxidado
694,Point ZM,curm-41,5878515,677142,317.0,Granito de biotita oxidado,GBO,20.0,1.7897,17897.0,10.0,0.6335,6335.0,132.0,73.0,0.1934,1934.0,7.4025,74025.0,128.0,193.28,88.0,9.8,80.0,105.0,308.0,0, , ,,0,0,0,0,0,0,,Granito de Biotita Oxidado
695,Point ZM,curm-42,5878515,677142,318.0,Granito de biotita oxidado,GBO,20.0,1.242,12420.0,10.0,0.6226,6226.0,126.0,54.0,0.1141,1141.0,5.1968,51968.0,138.4,208.984,20.0,5.8,89.0,137.0,299.0,410, , ,,0,0,0,0,0,0,,Granito de Biotita Oxidado
696,Point ZM,curm-43,5878523,677174,315.0,Granito de biotita mafico,GBM,20.0,0.9363,9363.0,7479.0,0.3995,3995.0,88.0,20.0,0.0824,824.0,3.3322,33322.0,29.8,44.998,20.0,0.5,15.0,128.0,332.0,, , ,,1,0,0,0,0,0,,Granito de Biotita Mafico
697,Point ZM,curm-45,5878177,677288,405.0,Granito de biotita mafico,GBM,20.0,1.4918,14918.0,10.0,0.7935,7935.0,134.0,29.0,0.0572,572.0,6.8107,68107.0,24.6,37.146,20.0,5.3,15.0,30.0,217.0,56, , ,,0,0,0,0,0,0,,Granito de Biotita Mafico
698,Point ZM,curm-46,5878177,677288,406.0,Granito de biotita mafico,GBM,369.0,1.4234,14234.0,10.0,0.735,7350.0,132.0,36.0,0.0835,835.0,5.7502,57502.0,31.2,47.112,20.0,8.6,15.0,30.0,190.0,, , ,,0,0,0,0,0,0,,Granito de Biotita Mafico
699,Point ZM,curm-47,5878177,677288,407.0,Granito de biotita mafico,GBM,20.0,1.3315,13315.0,10.0,0.7086,7086.0,134.0,30.0,0.0779,779.0,5.8048,58048.0,73.1,110.381,20.0,5.5,15.0,30.0,191.0,199, , ,,0,0,0,0,0,0,,Granito de Biotita Mafico
700,Point ZM,curm-48,5878177,677288,408.0,Granito de biotita mafico,GBM,20.0,1.0699,10699.0,10.0,0.8411,8411.0,148.0,67.0,0.0975,975.0,10.7161,107161.0,94.7,142.997,20.0,0.5,15.0,72.0,134.0,234, , ,,1,0,0,0,0,0,,Granito de Biotita Mafico
701,Point ZM,curm-49,5878177,677288,409.0,Granito de biotita mafico,GBM,20.0,0.9975,9975.0,10.0,0.6825,6825.0,117.0,42.0,0.0565,565.0,5.143,51430.0,125.3,189.203,20.0,0.5,53.0,30.0,35.0,311, , ,,1,0,0,0,0,0,,Granito de Biotita Mafico
702,Point ZM,amrm-01,5876446,677773,461.0,Granito de biotita siliceo,GBS,20.0,1.0934,10934.0,10991.0,0.5621,5621.0,117.0,44.0,0.0781,781.0,5.0137,50137.0,69.6,105.096,79.0,15.0,15.0,127.0,339.0,, , ,,0,0,0,0,0,0,,Granito de Biotita Siliceo
703,Point ZM,amrm-02,5876448,677772,461.0,Granito de biotita siliceo,GBS,20.0,1.6541,16541.0,1051.0,0.534,5340.0,151.0,49.0,0.1318,1318.0,4.1273,41273.0,62.2,93.922,221.0,0.5,15.0,30.0,35.0,, , ,,1,0,0,0,0,0,,Granito de Biotita Siliceo
704,Point ZM,amrm-03,5876455,677772,462.0,Granito de biotita siliceo,GBS,20.0,1.207,12070.0,10626.0,0.4583,4583.0,114.0,38.0,0.1071,1071.0,4.3935,43935.0,16.3,24.613,20.0,0.5,15.0,148.0,367.0,, , ,,1,0,0,0,0,0,,Granito de Biotita Siliceo
705,Point ZM,amrm-04,5876688,677623,428.0,Granito de biotita siliceo,GBS,20.0,1.2223,12223.0,2299.0,0.2796,2796.0,100.0,31.0,0.0437,437.0,2.7783,27783.0,7.4,11.174,131.0,6.3,15.0,30.0,180.0,, , ,,0,0,0,0,0,0,,Granito de Biotita Siliceo
706,Point ZM,amrm-05,5876685,677610,427.0,Granito de biotita siliceo,GBS,20.0,1.2699,12699.0,1851.0,0.2622,2622.0,115.0,43.0,0.0351,351.0,2.5372,25372.0,9.4,14.194,105.0,15.1,15.0,97.0,199.0,, , ,,0,0,0,0,0,0,,Granito de Biotita Siliceo
707,Point ZM,amrm-06,5876563,677460,366.0,Granito de biotita siliceo,GBS,20.0,1.1471,11471.0,10.0,1.1369,11369.0,58.0,40.0,0.0272,272.0,1.2542,12542.0,0.5,1.51,20.0,6.3,15.0,125.0,320.0,, , ,,0,0,0,0,0,1,,Granito de Biotita Siliceo
708,Point ZM,amrm-07,5876562,677471,369.0,Granito de biotita siliceo,GBS,20.0,1.6577,16577.0,10.0,1.7797,17797.0,47.0,29.0,0.015,150.0,1.8187,18187.0,0.5,1.51,20.0,4.8,15.0,30.0,35.0,, , ,,0,0,0,0,0,1,,Granito de Biotita Siliceo
709,Point ZM,amrm-08,5876537,677481,369.0,Granito de biotita mafico,GBM,20.0,1.0676,10676.0,247.0,1.6232,16232.0,49.0,36.0,0.0391,391.0,2.9482,29482.0,6.5,9.815,74.0,0.5,15.0,106.0,253.0,, , ,,1,0,0,0,0,0,DUP_1/2,Granito de Biotita Mafico
710,Point ZM,amrm-08,5876537,677481,369.0,Granito de biotita mafico,GBM,259.0,1.0256,10256.0,419.0,0.9949,9949.0,57.0,33.0,0.0336,336.0,2.4713,24713.0,5.8,8.758,20.0,7.4,15.0,104.0,183.0,, , ,,0,0,0,0,0,0,DUP_2/2,Granito de Biotita Mafico
711,Point ZM,amrm-09,5876468,677476,364.0,Granito de biotita mafico,GBM,20.0,1.1313,11313.0,1221.0,2.1362,21362.0,57.0,48.0,0.0931,931.0,5.1287,51287.0,10.5,15.855,20.0,9.1,15.0,30.0,175.0,, , ,,0,0,0,0,0,0,,Granito de Biotita Mafico
712,Point ZM,amrm-10,5876467,677468,363.0,Granito de biotita mafico,GBM,20.0,1.2292,12292.0,792.0,2.3534,23534.0,59.0,47.0,0.0667,667.0,4.9912,49912.0,9.3,14.043,20.0,5.8,15.0,30.0,161.0,, , ,,0,0,0,0,0,0,,Granito de Biotita Mafico
713,Point ZM,amrm-11,5876467,677465,363.0,Granito de biotita mafico,GBM,20.0,1.3369,13369.0,708.0,1.5453,15453.0,81.0,41.0,0.0712,712.0,6.723,67230.0,8.6,12.986,20.0,6.7,15.0,116.0,314.0,, , ,,0,0,0,0,0,0,,Granito de Biotita Mafico
714,Point ZM,amrm-12,5876459,677458,362.0,Granito de biotita mafico,GBM,20.0,1.5229,15229.0,1143.0,2.4574,24574.0,62.0,53.0,0.0951,951.0,6.3951,63951.0,10.1,15.251,20.0,6.5,15.0,126.0,368.0,, , ,,0,0,0,0,0,0,,Granito de Biotita Mafico
715,Point ZM,amrm-13,5876509,677506,384.0,Granito de biotita siliceo,GBS,20.0,1.204,12040.0,1010.0,0.6751,6751.0,239.0,160.0,0.0587,587.0,4.8653,48653.0,11.9,17.969,244.0,17.7,69.0,73.0,208.0,, , ,,0,0,0,0,0,0,,Granito de Biotita Siliceo
716,Point ZM,amrm-14,5876511,677498,389.0,Granito de biotita siliceo,GBS,20.0,0.7877,7877.0,14099.0,0.2604,2604.0,94.0,38.0,0.0367,367.0,2.3497,23497.0,9.3,14.043,95.0,6.9,15.0,131.0,302.0,, , ,,0,0,0,0,0,0,,Granito de Biotita Siliceo
717,Point ZM,amrm-15,5876498,677506,389.0,Granito de biotita siliceo,GBS,20.0,1.0092,10092.0,8267.0,0.3118,3118.0,87.0,23.0,0.0493,493.0,3.1835,31835.0,9.6,14.496,20.0,7.6,15.0,136.0,274.0,, , ,,0,0,0,0,0,0,,Granito de Biotita Siliceo
718,Point ZM,amrm-16,5876487,677500,388.0,Granito de biotita siliceo,GBS,20.0,1.4409,14409.0,6038.0,0.4913,4913.0,104.0,44.0,0.0367,367.0,4.207,42070.0,14.2,21.442,90.0,9.0,15.0,30.0,35.0,, , ,,0,0,0,0,0,0,,Granito de Biotita Siliceo
719,Point ZM,amrm-17,5876470,677487,383.0,Granito de biotita siliceo,GBS,20.0,0.6616,6616.0,8327.0,0.2131,2131.0,160.0,140.0,0.0967,967.0,2.3915,23915.0,10.4,15.704,157.0,8.8,15.0,90.0,190.0,, , ,,0,0,0,0,0,0,,Granito de Biotita Siliceo
720,Point ZM,amrm-18,5876270,677379,344.0,Granito de biotita mafico,GBM,20.0,1.2858,12858.0,13958.0,0.3813,3813.0,80.0,18.0,0.0558,558.0,4.5193,45193.0,32.5,49.075,66.0,13.5,15.0,169.0,440.0,, , ,,0,0,0,0,0,0,,Granito de Biotita Mafico
721,Point ZM,amrm-19,5876272,677302,339.0,Granito de biotita mafico,GBM,20.0,1.6287,16287.0,246.0,0.3618,3618.0,104.0,36.0,0.0482,482.0,3.3281,33281.0,18.7,28.237,20.0,14.6,15.0,108.0,258.0,, , ,,0,0,0,0,0,0,,Granito de Biotita Mafico
722,Point ZM,amrm-20,5876249,677287,342.0,Granito de biotita siliceo,GBS,20.0,1.1514,11514.0,11424.0,0.2547,2547.0,70.0,19.0,0.0417,417.0,2.6991,26991.0,6.3,9.513,20.0,6.8,15.0,30.0,113.0,, , ,,0,0,0,0,0,0,,Granito de Biotita Siliceo
723,Point ZM,parm-20,5878540,675665,122.0,Granito de biotita siliceo,GBS,20.0,1.4243,14243.0,5251.0,0.5815,5815.0,108.0,154.0,0.0276,276.0,4.3903,43903.0,134.1,202.491,145.0,47.0,86.0,90.0,347.0,, , ,,0,0,0,0,0,0,,Granito de Biotita Siliceo
724,Point ZM,parm-21,5878401,675423,123.0,Migmatita,MG,20.0,1.9164,19164.0,10.0,0.287,2870.0,71.0,37.0,0.0543,543.0,2.5354,25354.0,43.7,65.987,20.0,8.8,15.0,98.0,188.0,, , ,,0,0,0,0,0,0,,Migmatita
725,Point ZM,parm-22,5878198,675284,122.0,Migmatita,MG,20.0,1.5026,15026.0,10.0,0.5867,5867.0,138.0,206.0,0.0422,422.0,6.0051,60051.0,22.2,33.522,107.0,24.0,15.0,30.0,194.0,, , ,,0,0,0,0,0,0,,Migmatita
726,Point ZM,parm-23,5878079,675183,131.0,Migmatita,MG,20.0,2.2938,22938.0,10.0,0.5958,5958.0,128.0,96.0,0.0853,853.0,5.6218,56218.0,32.3,48.773,122.0,27.0,15.0,243.0,565.0,, , ,,0,0,0,0,0,0,,Migmatita
727,Point ZM,amrm-21,5876227,677130,314.0,Granito de biotita siliceo,GBS,20.0,1.329,13290.0,702.0,0.4044,4044.0,104.0,40.0,0.0378,378.0,3.16,31600.0,10.0,15.1,20.0,17.0,15.0,81.0,121.0,, , ,,0,0,0,0,0,0,,Granito de Biotita Siliceo
728,Point ZM,amrm-22,5876231,677123,312.0,Xenolito microdioritico,XEN,20.0,1.3047,13047.0,10.0,0.9895,9895.0,212.0,104.0,0.2044,2044.0,8.9393,89393.0,15.0,22.65,20.0,0.5,15.0,30.0,188.0,, , ,,1,0,0,0,0,0,,Xenolito Microdioritico
729,Point ZM,amrm-23,5876049,677113,299.0,Granito de biotita siliceo,GBS,20.0,1.5053,15053.0,3335.0,0.31,3100.0,99.0,40.0,0.0388,388.0,3.0209,30209.0,17.4,26.274,20.0,13.3,52.0,79.0,330.0,, , ,,0,0,0,0,0,0,,Granito de Biotita Siliceo
730,Point ZM,amrm-24,5875973,677152,291.0,Granito de biotita mafico,GBM,20.0,0.8433,8433.0,10951.0,0.3622,3622.0,85.0,227.0,0.0722,722.0,6.5724,65724.0,16.5,24.915,20.0,0.5,15.0,30.0,185.0,, , ,,1,0,0,0,0,0,,Granito de Biotita Mafico
731,Point ZM,amrm-25,5875943,677193,290.0,Granito de biotita siliceo,GBS,20.0,1.2277,12277.0,8935.0,0.4504,4504.0,114.0,50.0,0.0624,624.0,3.9047,39047.0,10.0,15.1,20.0,0.5,15.0,30.0,35.0,, , ,,1,0,0,0,0,0,,Granito de Biotita Siliceo
732,Point ZM,amrm-26,5875925,677220,288.0,Granito de biotita mafico,GBM,20.0,1.2992,12992.0,7777.0,0.3956,3956.0,96.0,31.0,0.0801,801.0,4.2089,42089.0,35.9,54.209,20.0,0.5,15.0,30.0,35.0,, , ,,1,0,0,0,0,0,,Granito de Biotita Mafico
733,Point ZM,amrm-27,5875903,677226,289.0,Granito de biotita mafico,GBM,20.0,1.1874,11874.0,9694.0,0.5079,5079.0,93.0,306.0,0.0515,515.0,4.4123,44123.0,34.2,51.642,20.0,9.2,15.0,95.0,251.0,, , ,,0,0,0,0,0,0,,Granito de Biotita Mafico
734,Point ZM,amrm-28,5875892,677230,288.0,Granito de biotita mafico,GBM,20.0,0.9712,9712.0,1837.0,0.3636,3636.0,76.0,15.0,0.0807,807.0,3.2794,32794.0,18.6,28.086,20.0,0.5,15.0,30.0,195.0,, , ,,1,0,0,0,0,0,,Granito de Biotita Mafico
735,Point ZM,amrm-29,5875881,677237,287.0,Granito de biotita mafico,GBM,20.0,1.0097,10097.0,3913.0,0.5085,5085.0,113.0,48.0,0.0565,565.0,3.8391,38391.0,28.4,42.884,95.0,9.7,52.0,91.0,193.0,, , ,,0,0,0,0,0,0,,Granito de Biotita Mafico
736,Point ZM,amrm-30,5875860,677264,285.0,Granito de biotita mafico,GBM,20.0,1.0827,10827.0,9052.0,0.4008,4008.0,96.0,123.0,0.0455,455.0,3.6375,36375.0,25.0,37.75,63.0,25.0,15.0,30.0,35.0,, , ,,0,0,0,0,0,0,,Granito de Biotita Mafico
737,Point ZM,amrm-31,5875850,677299,284.0,Granito de biotita siliceo,GBS,20.0,1.3144,13144.0,18135.0,0.4988,4988.0,103.0,32.0,0.086,860.0,4.8686,48686.0,23.3,35.183,20.0,0.5,15.0,75.0,151.0,, , ,,1,0,0,0,0,0,,Granito de Biotita Siliceo
738,Point ZM,amrm-32,5875791,677257,270.0,Granito de biotita siliceo,GBS,20.0,1.1754,11754.0,12948.0,0.2877,2877.0,92.0,139.0,0.0456,456.0,2.4752,24752.0,6.6,9.966,20.0,0.5,15.0,85.0,160.0,, , ,,1,0,0,0,0,0,,Granito de Biotita Siliceo
739,Point ZM,amrm-33,5875766,677228,269.0,Granito de biotita mafico,GBM,20.0,0.9527,9527.0,15038.0,0.4021,4021.0,108.0,23.0,0.0722,722.0,4.2971,42971.0,14.5,21.895,20.0,0.5,15.0,159.0,278.0,, , ,,1,0,0,0,0,0,,Granito de Biotita Mafico
740,Point ZM,amrm-34,5875759,677204,275.0,Granito de biotita mafico,GBM,20.0,1.0035,10035.0,1244.0,0.403,4030.0,96.0,32.0,0.072,720.0,3.5965,35965.0,40.7,61.457,20.0,0.5,52.0,30.0,139.0,, , ,,1,0,0,0,0,0,,Granito de Biotita Mafico
741,Point ZM,amrm-35,5875749,677202,273.0,Granito de biotita mafico,GBM,20.0,1.417,14170.0,10.0,0.2558,2558.0,74.0,14.0,0.0524,524.0,1.7674,17674.0,6.2,9.362,20.0,5.0,15.0,84.0,145.0,, , ,,0,0,0,0,0,0,,Granito de Biotita Mafico
742,Point ZM,BNGG-01,5940933,687646,289.0,Microdiorita,MDRT,20.0,0.7592,7592.0,10.0,0.3002,3002.0,72.0,54.0,0.0152,152.0,2.3408,23408.0,16.3,24.613,99.0,12.7,15.0,30.0,35.0,, , ,,0,0,0,0,0,0,,Microdiorita
743,Point ZM,BNGG-02,5940933,687646,288.0,Microdiorita,MDRT,20.0,0.7023,7023.0,10.0,0.5908,5908.0,137.0,75.0,0.0313,313.0,8.0823,80823.0,31.5,47.565,20.0,7.9,15.0,169.0,390.0,, , ,,0,0,0,0,0,0,,Microdiorita
744,Point ZM,BNGG-03,5940933,687646,287.0,Microdiorita,MDRT,20.0,0.845,8450.0,10.0,0.8355,8355.0,149.0,88.0,0.0917,917.0,8.1285,81285.0,52.5,79.275,20.0,0.5,15.0,30.0,35.0,, , ,,1,0,0,0,0,0,,Microdiorita
745,Point ZM,BNGG-04,5940933,687646,286.0,Microdiorita,MDRT,20.0,0.9754,9754.0,10.0,0.8437,8437.0,153.0,74.0,0.0388,388.0,8.4116,84116.0,50.0,75.5,20.0,0.5,15.0,131.0,362.0,, , ,,1,0,0,0,0,0,,Microdiorita
746,Point ZM,BNGG-05,5940496,686836,255.0,Granito de Biotita,GB,20.0,1.019,10190.0,170.0,0.3838,3838.0,110.0,53.0,0.0819,819.0,3.5249,35249.0,29.1,43.941,74.0,38.0,15.0,161.0,288.0,, , ,,0,0,0,0,0,0,,Granito de Biotita
747,Point ZM,BNGG-06,5941200,686989,274.0,Granito de Biotita,GB,20.0,1.5192,15192.0,10.0,0.6124,6124.0,141.0,61.0,0.0981,981.0,5.679,56790.0,41.1,62.061,107.0,27.0,15.0,30.0,35.0,56, , ,,0,0,0,0,0,0,,Granito de Biotita
748,Point ZM,BNGG-07,5940523,688205,244.0,Granito de Biotita,GB,20.0,1.67,16700.0,10.0,0.4923,4923.0,101.0,45.0,0.0728,728.0,4.9078,49078.0,43.4,65.534,20.0,20.0,15.0,30.0,35.0,75, , ,,0,0,0,0,0,0,,Granito de Biotita
749,Point ZM,BNGG-08,5940808,688900,280.0,Microdiorita,MDRT,20.0,1.0513,10513.0,10.0,0.5608,5608.0,111.0,17.0,0.0275,275.0,5.0316,50316.0,11.5,17.365,96.0,11.0,15.0,100.0,265.0,, , ,,0,0,0,0,0,0,,Microdiorita
750,Point ZM,BNGG-09,5939672,691076,352.0,Granito de Biotita,GB,20.0,1.2073,12073.0,10.0,0.5165,5165.0,114.0,40.0,0.0468,468.0,5.0963,50963.0,15.8,23.858,110.0,16.8,15.0,98.0,155.0,, , ,,0,0,0,0,0,0,,Granito de Biotita
751,Point ZM,BNGG-10,5939880,693671,277.0,Granito de Biotita,GB,20.0,1.4352,14352.0,10.0,0.3838,3838.0,73.0,33.0,0.0245,245.0,3.9732,39732.0,32.5,49.075,20.0,28.0,15.0,30.0,35.0,, , ,,0,0,0,0,0,0,,Granito de Biotita
752,Point ZM,BNGG-11,5941221,696890,228.0,Granito de Biotita,GB,20.0,0.714,7140.0,9717.0,0.4395,4395.0,104.0,85.0,0.078,780.0,5.9033,59033.0,25.9,39.109,20.0,6.1,64.0,150.0,361.0,, , ,,0,0,0,0,0,0,,Granito de Biotita
753,Point ZM,BNGG-12,5941221,696892,228.0,Granito de Biotita,GB,20.0,1.7709,17709.0,1017.0,0.1335,1335.0,45.0,20.0,0.0177,177.0,1.0875,10875.0,14.4,21.744,96.0,14.6,15.0,63.0,153.0,, , ,,0,0,0,0,0,0,,Granito de Biotita
754,Point ZM,BNGG-13,5941224,696891,228.0,Microdiorita,MDRT,20.0,0.6926,6926.0,409.0,1.0095,10095.0,121.0,39.0,0.0575,575.0,6.835,68350.0,34.0,51.34,20.0,6.9,15.0,30.0,35.0,, , ,,0,0,0,0,0,0,,Microdiorita
755,Point ZM,BNGG-14,5940430,698027,227.0,Granito de Biotita,GB,20.0,1.2092,12092.0,10.0,0.4792,4792.0,90.0,19.0,0.0342,342.0,4.7476,47476.0,15.3,23.103,90.0,29.0,15.0,75.0,224.0,, , ,,0,0,0,0,0,0,,Granito de Biotita
756,Point ZM,BNGG-15,5942006,684644,208.0,Granito de Biotita,GB,20.0,1.779,17790.0,10.0,0.2697,2697.0,63.0,29.0,0.0247,247.0,2.9977,29977.0,20.7,31.257,20.0,12.5,15.0,30.0,162.0,, , ,,0,0,0,0,0,0,,Granito de Biotita
757,Point ZM,BNGG-16,5942256,687611,277.0,Granito de Biotita,GB,20.0,0.5092,5092.0,10.0,0.6801,6801.0,99.0,48.0,0.0407,407.0,5.9574,59574.0,13.2,19.932,20.0,8.0,15.0,30.0,35.0,, , ,,0,0,0,0,0,0,,Granito de Biotita
758,Point ZM,BNGG-17,5941912,687647,278.0,Granito de Biotita,GB,20.0,2.0211,20211.0,10.0,0.4527,4527.0,116.0,35.0,0.0718,718.0,4.2261,42261.0,34.7,52.397,100.0,13.6,15.0,30.0,35.0,, , ,,0,0,0,0,0,0,,Granito de Biotita
759,Point ZM,BNGG-18,5941573,687845,269.0,Granito de Biotita,GB,20.0,0.9375,9375.0,10.0,0.6243,6243.0,128.0,119.0,0.0529,529.0,7.1743,71743.0,20.1,30.351,190.0,14.3,15.0,30.0,35.0,, , ,,0,0,0,0,0,0,,Granito de Biotita
760,Point ZM,BNGG-19,5941654,691398,294.0,Granito de Biotita,GB,20.0,0.9843,9843.0,10.0,0.598,5980.0,116.0,27.0,0.0354,354.0,5.4961,54961.0,34.8,52.548,20.0,10.9,15.0,67.0,259.0,, , ,,0,0,0,0,0,0,,Granito de Biotita
761,Point ZM,BNGG-20,5941504,690565,284.0,Granito de Biotita,GB,20.0,1.2218,12218.0,10.0,0.6545,6545.0,125.0,32.0,0.0656,656.0,6.3638,63638.0,18.4,27.784,100.0,11.4,15.0,88.0,166.0,, , ,,0,0,0,0,0,0,,Granito de Biotita
762,Point ZM,BNGG-21,5941762,689057,302.0,Granito de Biotita,GB,20.0,0.6146,6146.0,10.0,0.3903,3903.0,58.0,26.0,0.0188,188.0,2.8516,28516.0,9.5,14.345,20.0,11.8,15.0,80.0,146.0,, , ,,0,0,0,0,0,0,,Granito de Biotita
763,Point ZM,BNGG-22,5942729,691863,303.0,Granito de Biotita,GB,20.0,0.7087,7087.0,10.0,0.4783,4783.0,77.0,25.0,0.0213,213.0,4.2186,42186.0,11.2,16.912,20.0,9.8,15.0,30.0,35.0,, , ,,0,0,0,0,0,0,,Granito de Biotita
764,Point ZM,EEGG-01,5934494,691291,254.0,Granito de Biotita,GB,20.0,1.4425,14425.0,3311.0,0.3643,3643.0,96.0,30.0,0.0615,615.0,3.6298,36298.0,53.3,80.483,20.0,5.0,15.0,99.0,239.0,, , ,,0,0,0,0,0,0,,Granito de Biotita
765,Point ZM,EEGG-02,5934375,691254,262.0,Granito de Biotita,GB,20.0,1.2815,12815.0,10.0,0.3918,3918.0,87.0,19.0,0.1432,1432.0,4.2844,42844.0,32.9,49.679,20.0,17.0,15.0,30.0,35.0,, , ,,0,0,0,0,0,0,,Granito de Biotita
766,Point ZM,EEGG-03,5934378,691256,262.0,Granito de Biotita,GB,20.0,1.4817,14817.0,10.0,0.6177,6177.0,107.0,29.0,0.1349,1349.0,5.3922,53922.0,36.6,55.266,20.0,18.1,15.0,30.0,35.0,, , ,,0,0,0,0,0,0,,Granito de Biotita
767,Point ZM,LIGG-01,5936334,687392,265.0,Granito de Biotita,GB,20.0,1.9495,19495.0,10.0,0.5011,5011.0,88.0,39.0,0.0258,258.0,4.7125,47125.0,42.7,64.477,83.0,21.0,15.0,69.0,134.0,90, , ,,0,0,0,0,0,0,,Granito de Biotita
768,Point ZM,LIGG-02,5936332,687391,265.0,Granito de Biotita,GB,20.0,1.5754,15754.0,10.0,0.4374,4374.0,156.0,114.0,0.0169,169.0,4.2322,42322.0,66.4,100.264,191.0,26.0,127.0,30.0,150.0,, , ,,0,0,0,0,0,0,,Granito de Biotita
769,Point ZM,LIGG-03,5936330,687390,265.0,Granito de Biotita,GB,20.0,1.6194,16194.0,10.0,0.4478,4478.0,84.0,29.0,0.021,210.0,4.9192,49192.0,39.7,59.947,20.0,13.4,15.0,30.0,35.0,185, , ,,0,0,0,0,0,0,,Granito de Biotita
770,Point ZM,SAGG-01,5935277,693647,318.0,Granito de Biotita,GB,20.0,0.8539,8539.0,1618.0,0.608,6080.0,110.0,50.0,0.0786,786.0,5.6572,56572.0,25.7,38.807,83.0,17.0,15.0,127.0,237.0,, , ,,0,0,0,0,0,0,,Granito de Biotita
771,Point ZM,SAGG-02,5935277,693647,317.0,Granito de Biotita,GB,20.0,0.5597,5597.0,10.0,0.5224,5224.0,136.0,66.0,0.1369,1369.0,8.2824,82824.0,41.1,62.061,308.0,25.0,86.0,90.0,137.0,, , ,,0,0,0,0,0,0,,Granito de Biotita
772,Point ZM,SAGG-03,5935277,693647,316.0,Granito de Biotita,GB,20.0,0.5963,5963.0,2334.0,0.4455,4455.0,78.0,33.0,0.0578,578.0,5.0216,50216.0,42.5,64.175,20.0,17.0,15.0,30.0,188.0,, , ,,0,0,0,0,0,0,,Granito de Biotita
773,Point ZM,SAGG-04,5935277,693647,315.0,Granito de Biotita,GB,241.0,0.5405,5405.0,140.0,0.3068,3068.0,74.0,29.0,0.0975,975.0,2.9878,29878.0,29.2,44.092,20.0,8.7,15.0,30.0,130.0,, , ,,0,0,0,0,0,0,,Granito de Biotita
774,Point ZM,SAGG-05,5935748,696427,295.0,Granito de Biotita,GB,20.0,1.0038,10038.0,275.0,0.4799,4799.0,119.0,56.0,0.0441,441.0,4.5764,45764.0,24.1,36.391,119.0,23.0,67.0,30.0,35.0,, , ,,0,0,0,0,0,0,,Granito de Biotita
775,Point ZM,SAGG-06,5935748,696427,294.0,Granito de Biotita,GB,20.0,1.1327,11327.0,1706.0,0.3816,3816.0,116.0,54.0,0.0569,569.0,4.0118,40118.0,48.7,73.537,111.0,18.5,68.0,114.0,242.0,, , ,,0,0,0,0,0,0,,Granito de Biotita
776,Point ZM,SAGG-07,5935748,696427,293.0,Granito de Biotita,GB,424.0,2.009,20090.0,7940.0,0.7906,7906.0,186.0,101.0,0.2137,2137.0,7.9534,79534.0,80.1,120.951,204.0,20.0,78.0,144.0,436.0,, , ,,0,0,0,0,0,0,,Granito de Biotita
777,Point ZM,SAGG-08,5935748,696427,292.0,Granito de Biotita,GB,20.0,1.2624,12624.0,1682.0,0.4282,4282.0,103.0,29.0,0.0666,666.0,4.0496,40496.0,25.7,38.807,20.0,11.8,15.0,75.0,203.0,, , ,,0,0,0,0,0,0,,Granito de Biotita
778,Point ZM,SAGG-09,5935290,693650,349.0,Granito de Biotita,GB,20.0,0.8956,8956.0,7247.0,0.2369,2369.0,81.0,42.0,0.0456,456.0,3.2732,32732.0,26.7,40.317,82.0,27.0,15.0,139.0,297.0,, , ,,0,0,0,0,0,0,,Granito de Biotita
779,Point ZM,SAGG-10,5935286,693652,349.0,Granito de Biotita,GB,20.0,1.0595,10595.0,10.0,0.425,4250.0,108.0,68.0,0.0475,475.0,3.4891,34891.0,28.5,43.035,75.0,23.2,15.0,30.0,121.0,, , ,,0,0,0,0,0,0,,Granito de Biotita
780,Point ZM,SAGG-11,5935285,693654,349.0,Granito de Biotita,GB,20.0,1.3443,13443.0,10.0,0.2516,2516.0,114.0,69.0,0.3526,3526.0,2.6709,26709.0,40.1,60.551,123.0,14.2,79.0,30.0,35.0,, , ,,0,0,0,0,0,0,,Granito de Biotita
781,Point ZM,TSGG-01,5943585,687653,298.0,Granito de Biotita,GB,20.0,0.6701,6701.0,1999.0,0.672,6720.0,121.0,43.0,0.048,480.0,5.2294,52294.0,17.2,25.972,74.0,14.2,15.0,158.0,356.0,, , ,,0,0,0,0,0,0,,Granito de Biotita
782,Point ZM,TSGG-02,5943585,687653,297.0,Granito de Biotita,GB,20.0,0.1901,1901.0,1819.0,0.3327,3327.0,77.0,42.0,0.0313,313.0,3.5289,35289.0,9.6,14.496,20.0,0.5,15.0,30.0,35.0,, , ,,1,0,0,0,0,0,,Granito de Biotita
783,Point ZM,TSGG-03,5943585,687653,296.0,Granito de Biotita,GB,20.0,0.4674,4674.0,10.0,0.4656,4656.0,129.0,49.0,0.0559,559.0,5.2761,52761.0,66.1,99.811,117.0,10.5,15.0,115.0,262.0,, , ,,0,0,0,0,0,0,,Granito de Biotita
784,Point ZM,TSGG-04,5943585,687653,295.0,Granito de Biotita,GB,20.0,0.8034,8034.0,1087.0,0.4217,4217.0,111.0,59.0,0.0549,549.0,4.395,43950.0,28.7,43.337,134.0,14.4,15.0,30.0,35.0,, , ,,0,0,0,0,0,0,,Granito de Biotita
785,Point ZM,TSGG-05,5943585,687653,294.0,Granito de Biotita,GB,333.0,1.2408,12408.0,10.0,0.5573,5573.0,141.0,57.0,0.0715,715.0,5.5221,55221.0,31.0,46.81,20.0,23.0,15.0,30.0,35.0,, , ,,0,0,0,0,0,0,,Granito de Biotita
786,Point ZM,TSGG-06,5943585,687656,295.0,Granito de Biotita,GB,20.0,0.6812,6812.0,1840.0,0.4678,4678.0,128.0,59.0,0.0989,989.0,4.4446,44446.0,49.4,74.594,79.0,10.8,54.0,88.0,172.0,, , ,,0,0,0,0,0,0,,Granito de Biotita
787,Point ZM,TSGG-07,5943585,687650,295.0,Granito de Biotita,GB,20.0,1.1255,11255.0,10.0,0.7903,7903.0,139.0,50.0,0.0474,474.0,7.9405,79405.0,11.1,16.761,108.0,26.0,15.0,30.0,119.0,, , ,,0,0,0,0,0,0,,Granito de Biotita
788,Point ZM,BNGG-23,5941265,682957,201.0,Metapelita,MP,694.38,0.972817,9728.17,25.0,0.418502,4185.02,860.18,10.0,0.003,30.0,6.585677,65856.77,15.51,23.7303,215.15,21.66,175.77,349.11,486.06,, , ,,0,0,0,0,0,0,,Metapelita
789,Point ZM,BNGG-24,5940984,683428,228.0,Metapelita,MP,207.75,1.992457,19924.57,25.0,0.452123,4521.23,5.0,10.0,0.003,30.0,5.891169,58911.69,16.15,24.7095,297.65,19.87,254.65,349.82,556.32,, , ,,0,0,0,0,0,0,,Metapelita
790,Point ZM,BNGG-25,5940680,684002,209.0,Metapelita,MP,157.76,1.648129,16481.29,430.12,0.469282,4692.82,5.0,10.0,0.003,30.0,6.15753,61575.3,22.44,34.3332,253.79,17.78,206.75,346.13,561.86,, , ,,0,0,0,0,0,0,,Metapelita
791,Point ZM,BNGG-26,5942411,683090,189.0,Metapelita,MP,110.92,2.450974,24509.74,25.0,0.443907,4439.07,5.0,10.0,0.003,30.0,4.492286,44922.86,17.56,26.8668,225.65,17.38,159.78,284.88,510.38,, , ,,0,0,0,0,0,0,,Metapelita
792,Point ZM,BNGG-27,5943810,682976,78.0,Metapelita,MP,1364.43,2.743074,27430.74,25.0,0.537919,5379.19,5.0,10.0,0.003,30.0,6.076753,60767.53,22.83,34.9299,179.49,15.04,180.79,293.72,507.45,, , ,,0,0,0,0,0,0,,Metapelita
793,Point ZM,BNGG-28,5943219,683808,26.0,Metapelita,MP,30.0,2.034495,20344.95,2319.15,0.350477,3504.77,5.0,10.0,0.003,30.0,5.005627,50056.27,28.87,44.1711,240.44,19.75,188.04,309.38,486.4,, , ,,0,0,0,0,0,0,,Metapelita
794,Point ZM,BNGG-29,5943032,684397,171.0,Granito de Biotita,GB,277.53,1.208368,12083.68,12641.06,0.193679,1936.79,5.0,10.0,0.003,30.0,2.243489,22434.89,7.23,11.0619,144.78,8.35,141.81,240.48,449.23,, , ,,0,0,0,0,0,0,,Granito de Biotita
795,Point ZM,BNGG-30,5942786,684764,228.0,Granito de Biotita,GB,652.95,1.357289,13572.89,425.14,0.385659,3856.59,5.0,10.0,0.003,30.0,5.419833,54198.33,10.41,15.9273,93.49,7.92,80.53,127.71,188.79,, , ,,0,0,0,0,0,0,,Granito de Biotita
796,Point ZM,BNGG-31,5942430,685056,269.0,Microdiorita,MDRT,1088.12,1.049264,10492.64,25.0,0.350523,3505.23,5.0,10.0,0.003,30.0,5.61857,56185.7,3.06,4.6818,114.01,15.12,25.0,137.43,183.88,, , ,,0,0,0,0,0,0,,Microdiorita
797,Point ZM,BNGG-32,5942572,686109,230.0,Granito de Biotita,GB,123.23,3.735752,37357.52,4385.96,0.0005,5.0,5.0,10.0,0.003,30.0,1.037132,10371.32,2.0,3.06,196.22,0.5,151.12,225.49,430.39,, , ,,1,0,0,0,0,0,,Granito de Biotita
798,Point ZM,BNGG-33,5942167,685759,278.0,Granito de Biotita,GB,466.36,0.799784,7997.84,3120.65,0.185296,1852.96,5.0,325.22,0.003,30.0,2.510584,25105.84,2.0,3.06,145.42,0.5,140.14,246.49,354.75,, , ,,1,0,0,0,0,0,,Granito de Biotita
799,Point ZM,BNGG-34,5941141,685855,164.0,Metapelita,MP,30.0,2.161597,21615.97,25.0,0.458938,4589.38,5.0,10.0,0.003,30.0,11.940588,119405.88,21.67,33.1551,264.63,20.33,221.19,423.81,711.0,, , ,,0,0,0,0,0,0,,Metapelita
800,Point ZM,BNGG-35,5940650,685518,129.0,Metapelita,MP,189.77,1.549806,15498.06,1479.63,0.343038,3430.38,5.0,10.0,0.286341,2863.41,11.811716,118117.16,12.38,18.9414,260.46,18.46,199.12,310.71,541.59,, , ,,0,0,0,0,0,0,,Metapelita
801,Point ZM,BNGG-36,5940446,691378,308.0,Microdiorita,MDRT,440.79,0.484125,4841.25,182.92,0.374825,3748.25,808.56,10.0,0.003,30.0,6.541623,65416.23,9.74,14.9022,82.74,0.5,25.0,122.06,168.26,, , ,,1,0,0,0,0,0,,Microdiorita
802,Point ZM,BNGG-37,5941052,691490,304.0,Microdiorita,MDRT,441.32,0.425583,4255.83,240.77,0.444013,4440.13,5.0,10.0,0.003,30.0,7.339049,73390.49,10.34,15.8202,122.16,0.5,111.85,145.08,298.98,, , ,,1,0,0,0,0,0,,Microdiorita
803,Point ZM,BNGG-38,5942903,692600,316.0,Microdiorita,MDRT,795.64,0.414302,4143.02,1610.87,0.454301,4543.01,5.0,10.0,0.003,30.0,8.037192,80371.92,38.7,59.211,30.0,0.5,25.0,32.0,126.6,, , ,,1,0,0,0,0,0,,Microdiorita
804,Point ZM,BNGG-39,5942181,692318,320.0,Microdiorita,MDRT,859.1,0.529718,5297.18,25.0,0.562945,5629.45,5.0,10.0,0.003,30.0,8.701949,87019.49,37.87,57.9411,107.92,0.5,90.33,168.45,215.9,, , ,,1,0,0,0,0,0,,Microdiorita
805,Point ZM,BNGG-40,5942066,692360,314.0,Granito de Biotita,GB,1156.57,0.861539,8615.39,14117.82,0.495994,4959.94,5.0,10.0,0.003,30.0,5.792185,57921.85,23.52,35.9856,116.68,14.77,95.81,143.04,263.58,, , ,,0,0,0,0,0,0,,Granito de Biotita
806,Point ZM,BNGG-41,5941647,692490,273.0,Microdiorita,MDRT,476.73,0.960057,9600.57,639.56,0.397869,3978.69,5.0,10.0,0.003,30.0,6.690636,66906.36,20.78,31.7934,92.99,8.85,102.24,184.48,255.17,, , ,,0,0,0,0,0,0,,Microdiorita
807,Point ZM,BNGG-42,5940991,692804,264.0,Granito de Biotita,GB,531.33,0.990566,9905.66,2169.02,0.326377,3263.77,5.0,10.0,0.003,30.0,4.793796,47937.96,25.6,39.168,140.34,21.73,74.21,100.92,180.4,, , ,,0,0,0,0,0,0,,Granito de Biotita
808,Point ZM,BNGG-43,5940993,693164,260.0,Granito de Biotita,GB,677.22,0.877786,8777.86,25.0,0.43179,4317.9,5.0,10.0,0.003,30.0,7.002501,70025.01,35.69,54.6057,171.29,9.36,156.09,213.29,322.89,, , ,,0,0,0,0,0,0,,Granito de Biotita
809,Point ZM,BNGG-44,5943028,692875,305.0,Granito de Biotita,GB,947.14,1.888401,18884.01,25.0,0.466707,4667.07,5.0,10.0,0.003,30.0,5.832021,58320.21,14.44,22.0932,72.07,0.5,25.0,91.84,195.16,, , ,,1,0,0,0,0,0,,Granito de Biotita
810,Point ZM,BNGG-45,5943012,693890,333.0,Microdiorita,MDRT,551.69,0.355357,3553.57,251.61,0.36338,3633.8,5.0,10.0,0.003,30.0,6.851498,68514.98,14.5,22.185,30.0,8.73,25.0,32.0,45.0,, , ,,0,0,0,0,0,0,,Microdiorita
811,Point ZM,BNGG-46,5942637,693846,299.0,Granito de Biotita,GB,529.77,1.120065,11200.65,472.03,0.450604,4506.04,5.0,10.0,0.003,30.0,6.419997,64199.97,57.21,87.5313,118.75,0.5,126.63,141.72,236.12,183, , ,,1,0,0,0,0,0,,Granito de Biotita
812,Point ZM,BNGG-47,5941772,694104,245.0,Granito de Biotita,GB,376.21,1.625797,16257.97,25.0,0.301927,3019.27,5.0,10.0,0.003,30.0,5.909505,59095.05,31.13,47.6289,98.56,24.29,90.53,137.68,235.49,, , ,,0,0,0,0,0,0,,Granito de Biotita
813,Point ZM,BNGG-48,5940495,694846,267.0,Microdiorita,MDRT,614.73,1.440529,14405.29,25.0,0.276971,2769.71,5.0,10.0,0.003,30.0,3.807506,38075.06,9.56,14.6268,30.0,17.44,25.0,32.0,141.57,, , ,,0,0,0,0,0,0,,Microdiorita
814,Point ZM,BNGG-49,5939465,696741,260.0,Microdiorita,MDRT,895.77,0.768509,7685.09,25.0,0.283485,2834.85,5.0,10.0,0.003,30.0,5.03421,50342.1,11.02,16.8606,84.58,12.39,25.0,32.0,45.0,, , ,,0,0,0,0,0,0,,Microdiorita
815,Point ZM,BNGG-50,5940977,696715,208.0,Granito de Biotita,GB,837.06,0.742271,7422.71,10604.59,0.157432,1574.32,5.0,10.0,0.003,30.0,3.310639,33106.39,21.2,32.436,115.42,36.61,83.74,124.28,194.27,, , ,,0,0,0,0,0,0,,Granito de Biotita
816,Point ZM,BNGG-51,5941546,696771,266.0,Microdiorita,MDRT,876.55,0.59942,5994.2,626.88,0.445299,4452.99,5.0,10.0,0.003,30.0,6.372598,63725.98,18.14,27.7542,92.52,9.3,25.0,73.59,117.02,, , ,,0,0,0,0,0,0,,Microdiorita
817,Point ZM,BNGG-52,5942544,697416,225.0,Brecha Intrusiva,BXI,481.07,1.565711,15657.11,454.1,0.269784,2697.84,5.0,10.0,0.313227,3132.27,4.960025,49600.25,14.47,22.1391,150.62,11.17,76.19,137.97,187.37,, , ,,0,0,0,0,0,0,,Brecha Intrusiva
818,Point ZM,BNGG-53,5942103,697858,218.0,Granito de Biotita,GB,817.47,1.244692,12446.92,25.0,0.207922,2079.22,5.0,10.0,0.003,30.0,3.642891,36428.91,16.51,25.2603,30.0,9.64,25.0,32.0,109.35,, , ,,0,0,0,0,0,0,,Granito de Biotita
819,Point ZM,BNGG-54,5941479,698397,213.0,Granito de Biotita,GB,446.58,1.320293,13202.93,1076.41,0.213082,2130.82,5.0,10.0,0.003,30.0,3.676592,36765.92,28.74,43.9722,91.01,11.85,98.11,151.58,231.82,, , ,,0,0,0,0,0,0,,Granito de Biotita
820,Point ZM,BNGG-55,5943699,698861,218.0,Microdiorita,MDRT,314.5,0.592727,5927.27,335.13,0.531432,5314.32,5.0,10.0,0.003,30.0,5.561291,55612.91,16.12,24.6636,126.16,8.17,124.24,145.18,250.9,, , ,,0,0,0,0,0,0,,Microdiorita
821,Point ZM,BNGG-56,5944241,698053,183.0,Granito de Biotita,GB,387.1,0.66858,6685.8,542.67,0.643949,6439.49,5.0,10.0,0.003,30.0,6.77357,67735.7,38.98,59.6394,101.93,9.75,69.63,82.53,174.86,, , ,,0,0,0,0,0,0,,Granito de Biotita
822,Point ZM,BNGG-57,5943472,697388,225.0,Microdiorita,MDRT,366.23,1.199288,11992.88,388.79,0.301418,3014.18,5.0,10.0,0.003,30.0,3.757768,37577.68,14.22,21.7566,203.59,10.13,161.7,237.37,360.68,, , ,,0,0,0,0,0,0,,Microdiorita
823,Point ZM,BNGG-58,5943205,697342,225.0,Granito de Biotita,GB,376.5,1.587863,15878.63,25.0,0.260032,2600.32,5.0,10.0,0.003,30.0,4.267955,42679.55,20.59,31.5027,82.24,16.42,25.0,32.0,123.22,, , ,,0,0,0,0,0,0,,Granito de Biotita
824,Point ZM,BNGG-59,5943098,696139,281.0,Granito de Biotita,GB,585.47,1.000176,10001.76,25.0,0.359949,3599.49,5.0,10.0,0.003,30.0,4.999948,49999.48,26.19,40.0707,99.03,8.68,66.42,32.0,135.93,, , ,,0,0,0,0,0,0,,Granito de Biotita
825,Point ZM,BNGG-60,5943627,695353,305.0,Aplita,AP,420.18,2.539388,25393.88,669.63,0.117528,1175.28,5.0,10.0,0.003,30.0,0.978771,9787.71,5.65,8.6445,115.32,0.5,56.69,117.43,200.31,, , ,,1,0,0,0,0,0,,Aplita
826,Point ZM,BNGG-61,5942343,694760,308.0,Microdiorita,MDRT,638.67,0.604145,6041.45,25.0,0.405715,4057.15,5.0,10.0,0.003,30.0,6.631226,66312.26,34.21,52.3413,139.52,0.5,88.56,156.34,300.06,, , ,,1,0,0,0,0,0,,Microdiorita
827,Point ZM,BNGG-62,5942327,696323,224.0,Granito de Biotita,GB,557.91,1.928687,19286.87,257.38,0.117555,1175.55,5.0,10.0,0.003,30.0,2.394659,23946.59,6.97,10.6641,30.0,9.4,25.0,101.55,143.93,, , ,,0,0,0,0,0,0,,Granito de Biotita
828,Point ZM,BNGG-63,5941765,695773,230.0,Granito de Biotita,GB,434.26,0.9086,9086.0,945.13,0.291749,2917.49,5.0,10.0,0.003,30.0,4.050223,40502.23,18.35,28.0755,92.53,0.5,25.0,93.01,158.29,, , ,,1,0,0,0,0,0,,Granito de Biotita
829,Point ZM,BNGG-64,5943460,694179,301.0,Granito de Biotita,GB,378.28,0.641042,6410.42,25.0,0.314853,3148.53,5.0,10.0,0.003,30.0,3.274153,32741.53,6.74,10.3122,30.0,14.78,25.0,103.07,45.0,, , ,,0,0,0,0,0,0,,Granito de Biotita
830,Point ZM,BNGG-65,5943791,693340,304.0,Microdiorita,MDRT,531.26,0.214487,2144.87,25.0,0.459248,4592.48,5.0,10.0,0.003,30.0,5.598038,55980.38,6.6,10.098,96.59,7.99,71.49,117.4,188.78,, , ,,0,0,0,0,0,0,,Microdiorita
831,Point ZM,BNGG-66,5943709,692397,294.0,Granito de Biotita,GB,462.61,0.788355,7883.55,25.0,0.358688,3586.88,5.0,10.0,0.003,30.0,5.45292,54529.2,16.82,25.7346,108.19,0.5,92.97,121.45,184.82,, , ,,1,0,0,0,0,0,,Granito de Biotita
832,Point ZM,BNGG-67,5943793,691547,275.0,Granito de Biotita,GB,893.62,0.928094,9280.94,14259.62,0.276688,2766.88,5.0,10.0,0.003,30.0,4.157413,41574.13,21.38,32.7114,156.4,17.1,155.49,213.88,402.93,, , ,,0,0,0,0,0,0,,Granito de Biotita
833,Point ZM,BNGG-68,5943930,690932,295.0,Microdiorita,MDRT,1028.0,0.659567,6595.67,25.0,0.458639,4586.39,5.0,10.0,0.003,30.0,6.840166,68401.66,15.23,23.3019,82.59,0.5,25.0,111.7,117.54,, , ,,1,0,0,0,0,0,,Microdiorita
834,Point ZM,BNGG-69,5943934,689990,231.0,Granito de Biotita,GB,727.31,1.145099,11450.99,7008.25,0.286444,2864.44,5.0,10.0,0.003,30.0,4.894538,48945.38,42.65,65.2545,131.72,0.5,85.19,113.58,199.11,, , ,,1,0,0,0,0,0,,Granito de Biotita
835,Point ZM,BNGG-70,5943915,688077,331.0,Microdiorita,MDRT,550.63,0.607606,6076.06,25.0,0.522304,5223.04,5.0,10.0,0.003,30.0,5.920688,59206.88,8.43,12.8979,94.21,0.5,77.7,132.22,224.0,, , ,,1,0,0,0,0,0,,Microdiorita
836,Point ZM,BNGG-71,5943755,687240,277.0,Microdiorita,MDRT,408.93,0.469594,4695.94,170.21,0.394803,3948.03,5.0,10.0,0.003,30.0,5.47904,54790.4,9.18,14.0454,30.0,8.08,25.0,32.0,98.97,, , ,,0,0,0,0,0,0,,Microdiorita
837,Point ZM,BNGG-72,5943703,686512,261.0,Microdiorita,MDRT,467.16,0.8727,8727.0,25.0,0.434812,4348.12,5.0,10.0,0.003,30.0,5.283051,52830.51,14.93,22.8429,174.57,0.5,122.05,196.81,258.62,, , ,,1,0,0,0,0,0,,Microdiorita
838,Point ZM,BNGG-73,5943829,685275,241.0,Granito de Biotita,GB,905.39,0.847015,8470.15,213.3,0.357993,3579.93,5.0,10.0,0.003,30.0,4.660151,46601.51,34.84,53.3052,84.73,12.42,60.0,32.0,129.5,129, , ,,0,0,0,0,0,0,,Granito de Biotita
839,Point ZM,BNGG-74,5944063,684463,193.0,Granito de Biotita,GB,480.02,1.814396,18143.96,25.0,0.236787,2367.87,5.0,10.0,0.003,30.0,3.709911,37099.11,20.93,32.0229,86.56,10.36,56.64,32.0,94.99,, , ,,0,0,0,0,0,0,,Granito de Biotita
840,Point ZM,TOGG-01,5945316,684969,48.0,Granito de Biotita,GB,30.0,4.028214,40282.14,1983.89,0.434773,4347.73,5.0,10.0,0.003,30.0,5.163533,51635.33,14.54,22.2462,241.58,21.45,174.66,346.56,519.01,, , ,,0,0,0,0,0,0,,Granito de Biotita
841,Point ZM,TOGG-02,5945876,686229,131.0,Granito de Biotita,GB,343.38,1.436575,14365.75,25.0,0.290152,2901.52,5.0,10.0,0.003,30.0,4.348251,43482.51,47.12,72.0936,157.35,15.34,136.98,165.51,267.1,183, , ,,0,0,0,0,0,0,,Granito de Biotita
842,Point ZM,TOGG-03,5945531,686162,200.0,Granito de Biotita,GB,523.64,1.11079,11107.9,423.03,0.255427,2554.27,5.0,10.0,0.003,30.0,4.496002,44960.02,71.53,109.4409,203.36,11.57,127.66,129.49,180.84,98, , ,,0,0,0,0,0,0,,Granito de Biotita
843,Point ZM,TOGG-04,5944911,685870,295.0,Granito de Biotita,GB,465.34,1.235668,12356.68,25.0,0.276785,2767.85,5.0,10.0,0.003,30.0,4.597343,45973.43,12.11,18.5283,168.77,15.01,128.8,164.11,273.93,, , ,,0,0,0,0,0,0,,Granito de Biotita
844,Point ZM,TOGG-05,5946234,687118,185.0,Granito de Biotita,GB,485.56,1.127453,11274.53,25.0,0.327614,3276.14,5.0,10.0,0.003,30.0,5.019552,50195.52,14.57,22.2921,111.99,10.91,25.0,32.0,111.15,, , ,,0,0,0,0,0,0,,Granito de Biotita
845,Point ZM,TOGG-06,5946272,687821,246.0,Granito de Biotita,GB,464.34,1.733065,17330.65,288.29,0.0005,5.0,5.0,10.0,0.003,30.0,2.773956,27739.56,22.2,33.966,147.91,9.96,114.69,169.94,241.43,, , ,,0,0,0,0,0,0,,Granito de Biotita
846,Point ZM,TOGG-07,5946174,687160,202.0,Granito de Biotita,GB,435.67,0.81971,8197.1,5343.31,0.270112,2701.12,5.0,10.0,0.003,30.0,4.577439,45774.39,24.41,37.3473,151.15,9.23,116.87,170.36,251.35,, , ,,0,0,0,0,0,0,,Granito de Biotita
847,Point ZM,TOGG-08,5946126,688815,301.0,Microdiorita,MDRT,587.05,0.152205,1522.05,2334.69,0.413448,4134.48,5.0,1089.8,0.003,30.0,9.42223,94222.3,47.46,72.6138,133.42,10.64,106.65,188.31,327.89,128, , ,,0,0,0,0,0,0,,Microdiorita
848,Point ZM,TOGG-08b,5946126,688815,301.0,Vetillas,VTT,554.72,0.163223,1632.23,1826.73,0.248236,2482.36,5.0,1125.29,0.363737,3637.37,10.853991,108539.91,97.12,148.5936,145.92,0.5,182.79,303.99,442.64,, , ,,1,0,0,0,0,0,,Vetilla
849,Point ZM,TOGG-09,5946231,688952,293.0,Microdiorita,MDRT,351.45,0.498718,4987.18,25.0,0.327994,3279.94,5.0,10.0,0.003,30.0,7.323349,73233.49,18.62,28.4886,154.37,0.5,77.41,144.88,167.42,, , ,,1,0,0,0,0,0,,Microdiorita
850,Point ZM,TOGG-10,5946231,688952,293.0,Dique Andesitico,DAND,600.13,1.215434,12154.34,25.0,0.417054,4170.54,5.0,10.0,0.22703,2270.3,6.121811,61218.11,32.85,50.2605,163.94,0.5,149.01,275.35,431.92,, , ,,1,0,0,0,0,0,,Dique Andesita
851,Point ZM,TOGG-11,5946232,688956,293.0,Granito de Biotita,GB,548.9,0.653228,6532.28,913.49,0.346225,3462.25,5.0,10.0,0.003,30.0,5.853525,58535.25,39.03,59.7159,91.88,0.5,79.12,110.36,206.79,114, , ,,1,0,0,0,0,0,,Granito de Biotita
852,Point ZM,TOGG-12,5946702,689392,342.0,Microdiorita,MDRT,390.64,0.394206,3942.06,3204.71,0.309921,3099.21,5.0,10.0,0.003,30.0,4.913993,49139.93,17.94,27.4482,30.0,11.06,25.0,32.0,45.0,, , ,,0,0,0,0,0,0,,Microdiorita
853,Point ZM,TOGG-13,5945414,690530,300.0,Granito de Biotita,GB,480.82,0.568594,5685.94,25.0,0.332326,3323.26,5.0,10.0,0.003,30.0,5.63585,56358.5,15.19,23.2407,113.23,0.5,25.0,90.64,152.99,, , ,,1,0,0,0,0,0,,Granito de Biotita
854,Point ZM,TOGG-14,5945631,689691,334.0,Granito de Biotita,GB,619.27,1.351099,13510.99,25.0,0.31346,3134.6,5.0,10.0,0.003,30.0,4.4793,44793.0,22.36,34.2108,115.5,12.72,94.42,110.99,205.95,, , ,,0,0,0,0,0,0,,Granito de Biotita
855,Point ZM,TOGG-15,5945638,689694,333.0,Granito de Biotita,GB,385.37,1.269314,12693.14,25.0,0.471386,4713.86,5.0,10.0,0.003,30.0,5.188896,51888.96,18.44,28.2132,78.2,14.99,60.08,32.0,162.95,, , ,,0,0,0,0,0,0,,Granito de Biotita
856,Point ZM,TOGG-16,5944799,688793,340.0,Granito de Biotita,GB,603.98,1.352822,13528.22,25.0,0.555203,5552.03,5.0,10.0,0.003,30.0,6.734966,67349.66,11.63,17.7939,121.32,9.87,25.0,114.37,164.46,, , ,,0,0,0,0,0,0,,Granito de Biotita
857,Point ZM,TOGG-17,5944959,690947,293.0,Granito de Biotita?,GB,913.57,1.793241,17932.41,12513.38,0.440841,4408.41,5.0,10.0,0.003,30.0,5.620719,56207.19,30.55,46.7415,321.02,12.42,237.55,391.29,685.87,, , ,,0,0,0,0,0,0,,Granito de Biotita
858,Point ZM,TOGG-18,5946870,691749,327.0,Granito de Biotita,GB,395.67,0.992145,9921.45,25.0,0.410377,4103.77,5.0,10.0,0.003,30.0,6.102209,61022.09,28.2,43.146,142.68,13.43,25.0,103.05,156.51,, , ,,0,0,0,0,0,0,,Granito de Biotita
859,Point ZM,TOGG-19,5947762,692092,295.0,Granito de Biotita,GB,397.1,1.645779,16457.79,25.0,0.249331,2493.31,5.0,10.0,0.003,30.0,3.72458,37245.8,7.23,11.0619,108.63,13.3,25.0,122.12,157.97,, , ,,0,0,0,0,0,0,,Granito de Biotita
860,Point ZM,TOGG-20,5948549,693590,168.0,Granito de Biotita,GB,536.68,0.785664,7856.64,616.28,0.411395,4113.95,5.0,10.0,0.003,30.0,7.111921,71119.21,38.09,58.2777,145.68,0.5,114.29,190.41,274.41,, , ,,1,0,0,0,0,0,,Granito de Biotita
861,Point ZM,TOGG-21,5947247,694989,207.0,Granito de Biotita,GB,359.16,0.495839,4958.39,483.48,0.532424,5324.24,5.0,10.0,0.003,30.0,5.991352,59913.52,15.42,23.5926,96.61,9.29,67.98,133.21,196.96,, , ,,0,0,0,0,0,0,,Granito de Biotita
862,Point ZM,TOGG-22,5946598,694933,167.0,Granito de Biotita,GB,458.27,3.214686,32146.86,11031.85,0.0005,5.0,5.0,10.0,0.003,30.0,2.513158,25131.58,13.44,20.5632,370.49,12.65,197.67,272.21,404.45,, , ,,0,0,0,0,0,0,,Granito de Biotita
863,Point ZM,TOGG-23,5946953,695645,237.0,Granito de Biotita,GB,393.07,1.191561,11915.61,266.86,0.45041,4504.1,5.0,10.0,0.003,30.0,5.571861,55718.61,48.23,73.7919,124.29,0.5,82.58,81.33,127.68,172, , ,,1,0,0,0,0,0,,Granito de Biotita
864,Point ZM,TOGG-24,5947962,696015,377.0,Diorita,DIO,849.3,0.207965,2079.65,151.23,0.234664,2346.64,5.0,10.0,0.003,30.0,3.753271,37532.71,11.2,17.136,30.0,15.09,25.0,32.0,45.0,, , ,,0,0,0,0,0,0,,Diorita
865,Point ZM,TOGG-25,5948562,695788,399.0,Granito de Biotita,GB,442.45,1.18154,11815.4,25.0,0.0005,5.0,5.0,10.0,0.003,30.0,2.4997,24997.0,20.15,30.8295,160.39,21.84,97.13,122.02,182.41,, , ,,0,0,0,0,0,0,,Granito de Biotita
866,Point ZM,TOGG-26,5949918,695219,404.0,Granito de Biotita,GB,343.8,1.419371,14193.71,237.87,0.174969,1749.69,5.0,10.0,0.003,30.0,2.333081,23330.81,10.56,16.1568,99.27,12.38,25.0,32.0,45.0,, , ,,0,0,0,0,0,0,,Granito de Biotita
867,Point ZM,TOGG-27,5950632,694860,330.0,Microdiorita,MDRT,383.79,0.903222,9032.22,25.0,0.307815,3078.15,5.0,10.0,0.003,30.0,3.963837,39638.37,19.99,30.5847,84.49,0.5,85.02,95.24,157.24,, , ,,1,0,0,0,0,0,,Microdiorita
868,Point ZM,TOGG-27b,5950632,694860,330.0,Microdiorita,MDRT,955.87,1.413548,14135.48,1554.23,0.289977,2899.77,5.0,10.0,0.186262,1862.62,6.180903,61809.03,29.27,44.7831,364.17,9.81,357.29,455.58,731.29,, , ,,0,0,0,0,0,0,,Microdiorita
869,Point ZM,TOGG-28,5946759,684634,173.0,Metapelita,MP,844.99,0.498465,4984.65,17506.05,0.406126,4061.26,1621.47,10.0,0.257561,2575.61,9.071211,90712.11,17.64,26.9892,330.01,10.22,239.15,407.5,661.82,, , ,,0,0,0,0,0,0,,Metapelita
870,Point ZM,TOGG-29,5946715,685397,236.0,Areniscas,ARE,398.7,0.088609,886.09,340.81,0.100788,1007.88,5.0,10.0,0.003,30.0,1.324808,13248.08,2.0,3.06,30.0,0.5,65.52,103.92,146.77,, , ,,1,0,0,0,0,0,,Arenisca
871,Point ZM,TOGG-30,5947371,686155,280.0,Metapelita,MP,837.2,1.458079,14580.79,711.58,0.553455,5534.55,5.0,10.0,0.003,30.0,7.947498,79474.98,17.44,26.6832,340.88,18.47,297.11,433.39,709.06,, , ,,0,0,0,0,0,0,,Metapelita
872,Point ZM,TOGG-31,5947002,686632,280.0,Granito de Biotita,GB,575.2,0.667335,6673.35,192.08,0.323325,3233.25,5.0,10.0,0.003,30.0,4.258237,42582.37,2.0,3.06,89.21,11.48,79.47,108.61,152.7,, , ,,0,0,0,0,0,0,,Granito de Biotita
873,Point ZM,TOGG-32,5947474,687051,244.0,Granito de Biotita,GB,419.08,1.256972,12569.72,25.0,0.21521,2152.1,5.0,10.0,0.003,30.0,3.881307,38813.07,17.62,26.9586,158.23,10.96,86.28,125.22,164.92,, , ,,0,0,0,0,0,0,,Granito de Biotita
874,Point ZM,TOGG-33,5948351,687851,277.0,Granito de Biotita,GB,389.7,0.748031,7480.31,199.44,0.275533,2755.33,5.0,10.0,0.003,30.0,4.517483,45174.83,9.61,14.7033,135.88,13.73,71.5,104.94,144.55,, , ,,0,0,0,0,0,0,,Granito de Biotita
875,Point ZM,TOGG-34,5947881,688697,319.0,Granito de Biotita,GB,405.14,0.946102,9461.02,412.16,0.276104,2761.04,5.0,10.0,0.003,30.0,5.379462,53794.62,21.92,33.5376,155.18,15.8,199.83,110.64,204.9,, , ,,0,0,0,0,0,0,,Granito de Biotita
876,Point ZM,TOGG-35,5948057,689198,344.0,Granito de Biotita,GB,220.93,0.785846,7858.46,1542.63,0.0005,5.0,5.0,10.0,0.003,30.0,0.535693,5356.93,2.0,3.06,100.7,7.49,25.0,112.36,181.2,, , ,,0,0,0,0,0,0,,Granito de Biotita
877,Point ZM,TOGG-36,5948519,688852,343.0,Granito de Biotita,GB,765.04,0.778996,7789.96,25.0,0.296591,2965.91,5.0,10.0,0.003,30.0,5.637548,56375.48,9.97,15.2541,137.8,15.56,92.37,99.0,165.31,, , ,,0,0,0,0,0,0,,Granito de Biotita
878,Point ZM,TOGG-37,5948611,689736,335.0,Granito de Biotita,GB,440.12,1.528332,15283.32,25.0,0.143379,1433.79,5.0,10.0,0.003,30.0,2.689042,26890.42,2.0,3.06,90.37,0.5,25.0,93.68,134.35,, , ,,1,0,0,0,0,0,,Granito de Biotita
879,Point ZM,TOGG-38,5944475,691680,276.0,Granito de Biotita,GB,629.03,0.735474,7354.74,9213.33,0.346007,3460.07,5.0,10.0,0.003,30.0,3.967763,39677.63,12.74,19.4922,138.74,0.5,133.69,236.3,335.77,, , ,,1,0,0,0,0,0,,Granito de Biotita
880,Point ZM,TOGG-39,5944463,693236,337.0,Microdiorita,MDRT,413.22,0.348975,3489.75,277.0,0.396884,3968.84,5.0,10.0,0.003,30.0,6.494415,64944.15,13.3,20.349,105.03,0.5,25.0,87.32,146.64,, , ,,1,0,0,0,0,0,,Microdiorita
881,Point ZM,TOGG-40,5945052,692789,308.0,Microdiorita,MDRT,461.08,0.820004,8200.04,414.02,0.346767,3467.67,5.0,10.0,0.003,30.0,4.8563,48563.0,17.32,26.4996,101.26,0.5,89.41,150.39,186.59,, , ,,1,0,0,0,0,0,,Microdiorita
882,Point ZM,TOGG-41,5945799,692005,283.0,Granito de Biotita,GB,430.94,0.751133,7511.33,470.28,0.262648,2626.48,5.0,10.0,0.003,30.0,5.4683,54683.0,36.65,56.0745,30.0,0.5,25.0,109.08,150.06,59, , ,,1,0,0,0,0,0,,Granito de Biotita
883,Point ZM,TOGG-41b,5945799,692005,283.0,Enclave Máfico,EM,1240.71,0.766166,7661.66,28155.82,0.375641,3756.41,5.0,10.0,0.003,30.0,4.142142,41421.42,19.21,29.3913,241.87,24.25,246.05,394.82,616.68,, , ,,0,0,0,0,0,0,,Enclave Mafico
884,Point ZM,TOGG-42,5945090,693349,309.0,Granito de Biotita,GB,507.55,1.438459,14384.59,1517.31,0.373488,3734.88,5.0,10.0,0.003,30.0,5.234503,52345.03,16.82,25.7346,100.1,11.7,25.0,93.25,178.34,, , ,,0,0,0,0,0,0,,Granito de Biotita
885,Point ZM,TOGG-43,5944898,693786,293.0,Granito de Biotita,GB,437.77,1.34364,13436.4,25.0,0.322209,3222.09,5.0,10.0,0.003,30.0,5.452708,54527.08,26.76,40.9428,66.39,0.5,67.09,89.14,121.82,, , ,,1,0,0,0,0,0,,Granito de Biotita
886,Point ZM,TOGG-44,5945621,694438,230.0,Microdiorita,MDRT,336.41,0.45099,4509.9,343.46,0.311353,3113.53,5.0,10.0,0.003,30.0,5.765318,57653.18,28.55,43.6815,63.13,0.5,25.0,70.3,45.0,, , ,,1,0,0,0,0,0,,Microdiorita
887,Point ZM,TOGG-45,5946588,694043,154.0,Granito de Biotita,GB,514.9,0.781976,7819.76,1539.43,0.406726,4067.26,5.0,10.0,0.003,30.0,5.977274,59772.74,27.76,42.4728,153.78,13.16,123.68,160.28,287.61,, , ,,0,0,0,0,0,0,,Granito de Biotita
888,Point ZM,TOGG-12b,5946702,689392,342.0,Microdiorita,MDRT,432.97,0.4004,4004.0,5383.6,0.517883,5178.83,5.0,10.0,0.003,30.0,7.157483,71574.83,18.27,27.9531,178.9,0.5,204.8,319.02,568.11,, , ,,1,0,0,0,0,0,,Microdiorita
889,Point ZM,TOGG-46,5944526,695330,292.0,Microgranito,MGR,810.72,1.699759,16997.59,380.93,0.0005,5.0,5.0,146.89,0.003,30.0,1.122915,11229.15,2.84,4.3452,122.95,0.5,75.14,208.15,294.77,, , ,,1,0,0,0,0,0,,Microgranito
890,Point ZM,TOGG-47,5944736,695301,276.0,Granito de Biotita,GB,479.45,2.211174,22111.74,25.0,0.177487,1774.87,5.0,10.0,0.003,30.0,2.465258,24652.58,33.84,51.7752,115.57,18.08,86.64,126.38,139.82,, , ,,0,0,0,0,0,0,,Granito de Biotita
891,Point ZM,TOGG-48,5945844,696090,195.0,Granito de Biotita,GB,393.52,2.440186,24401.86,25.0,0.0005,5.0,5.0,10.0,0.003,30.0,1.91415,19141.5,8.85,13.5405,80.79,8.4,25.0,97.6,139.55,, , ,,0,0,0,0,0,0,,Granito de Biotita
892,Point ZM,TOGG-49,5945384,695953,199.0,Granito de Biotita,GB,483.68,1.733709,17337.09,2116.69,0.0005,5.0,5.0,10.0,0.003,30.0,1.298814,12988.14,7.06,10.8018,123.79,0.5,79.02,114.92,138.75,, , ,,1,0,0,0,0,0,,Granito de Biotita
893,Point ZM,TOGG-50,5945361,695211,173.0,Granito de Biotita,GB,855.18,0.944525,9445.25,189.94,0.264094,2640.94,5.0,10.0,0.003,30.0,4.009652,40096.52,17.51,26.7903,112.38,0.5,74.8,115.33,187.31,, , ,,1,0,0,0,0,0,,Granito de Biotita
894,Point ZM,TOGG-51,5944054,698219,184.0,Granito de Biotita,GB,647.24,2.209636,22096.36,25.0,0.0005,5.0,5.0,10.0,0.003,30.0,1.374583,13745.83,9.49,14.5197,30.0,8.22,25.0,32.0,45.0,, , ,,0,0,0,0,0,0,,Granito de Biotita
895,Point ZM,TOGG-51b,5944054,698219,184.0,Dique Andesitico,DAND,1059.91,0.876424,8764.24,3244.77,0.0005,5.0,5.0,10.0,1.678722,16787.22,4.61133,46113.3,30.75,47.0475,226.78,17.22,202.14,344.38,537.11,, , ,Mn_ALTO(1.678722%),0,0,0,0,0,0,,Dique Andesita
896,Point ZM,TOGG-52,5944573,698805,223.0,Granito de Biotita,GB,568.5,1.392303,13923.03,320.16,0.0005,5.0,5.0,10.0,0.003,30.0,3.650744,36507.44,24.58,37.6074,147.01,20.29,95.18,149.25,247.77,, , ,,0,0,0,0,0,0,,Granito de Biotita
897,Point ZM,TOGG-53,5944351,697289,208.0,Granito de Biotita,GB,507.12,1.597823,15978.23,2749.85,0.0005,5.0,5.0,10.0,2.678722,30.0,1.790196,17901.96,2.0,3.06,30.0,0.5,64.97,83.31,168.11,, , ,Mn_ALTO(2.678722%),1,0,0,0,0,0,,Granito de Biotita
898,Point ZM,TOGG-54,5945368,696902,212.0,Granito de Biotita,GB,969.83,1.264588,12645.88,25.0,0.205685,2056.85,5.0,10.0,0.003,30.0,3.777395,37773.95,17.36,26.5608,30.0,8.74,25.0,32.0,106.44,, , ,,0,0,0,0,0,0,,Granito de Biotita
899,Point ZM,TOGG-55,5946627,695873,222.0,Granito de Biotita,GB,366.67,2.109404,21094.04,375.13,0.0005,5.0,5.0,10.0,3.678722,30.0,1.501472,15014.72,3.97,6.0741,70.33,0.5,60.91,83.53,164.8,, , ,Mn_ALTO(3.678722%),1,0,0,0,0,0,,Granito de Biotita
900,Point ZM,TOGG-56,5948915,694248,177.0,Granito de Biotita,GB,654.98,1.204533,12045.33,688.36,0.372694,3726.94,5.0,10.0,0.003,30.0,4.68607,46860.7,12.66,19.3698,95.74,0.5,25.0,96.52,145.65,, , ,,1,0,0,0,0,0,,Granito de Biotita
901,Point ZM,TOGG-57,5949571,694417,254.0,Granito de Biotita,GB,585.17,0.5201,5201.0,240.28,0.447221,4472.21,5.0,10.0,4.678722,30.0,5.834959,58349.59,55.02,84.1806,130.08,0.5,111.73,88.48,194.22,230, , ,Mn_ALTO(4.678722%),1,0,0,0,0,0,,Granito de Biotita
902,Point ZM,TOGG-58,5948991,692562,151.0,Granito de Biotita,GB,532.86,1.050395,10503.95,405.13,0.41654,4165.4,5.0,10.0,0.003,30.0,5.87251,58725.1,25.64,39.2292,92.7,0.5,101.02,98.98,176.31,, , ,,1,0,0,0,0,0,,Granito de Biotita
903,Point ZM,TOGG-59,5950522,692669,117.0,Granito de Biotita,GB,388.02,1.136341,11363.41,212.39,0.0005,5.0,5.0,240.95,5.678722,30.0,3.210385,32103.85,40.7,62.271,30.0,14.37,25.0,32.0,45.0,61, , ,Mn_ALTO(5.678722%),0,0,0,0,0,0,,Granito de Biotita
904,Point ZM,TOGG-60,5951581,691464,95.0,Granito de Biotita,GB,727.2,1.216222,12162.22,25.0,0.333036,3330.36,5.0,10.0,0.003,30.0,5.337434,53374.34,40.98,62.6994,77.9,0.5,79.68,108.94,190.67,94, , ,,1,0,0,0,0,0,,Granito de Biotita
905,Point ZM,TOGG-61,5949293,691619,193.0,Granito de Biotita,GB,520.26,0.93614,9361.4,713.94,0.278046,2780.46,5.0,10.0,6.678722,30.0,4.737457,47374.57,26.48,40.5144,123.43,18.09,118.14,133.96,200.33,, , ,Mn_ALTO(6.678722%),0,0,0,0,0,0,,Granito de Biotita
906,Point ZM,TOGG-62,5949036,691150,256.0,Granito de Biotita,GB,431.09,1.170658,11706.58,25.0,0.208456,2084.56,5.0,10.0,0.003,30.0,3.369477,33694.77,31.87,48.7611,100.9,0.5,73.21,109.08,233.62,, , ,,1,0,0,0,0,0,,Granito de Biotita
907,Point ZM,TOGG-63,5949888,690767,330.0,Granito de Biotita,GB,476.44,1.526771,15267.71,25.0,0.243971,2439.71,5.0,10.0,7.678722,30.0,3.806009,38060.09,11.71,17.9163,86.5,16.29,25.0,73.51,45.0,, , ,Mn_ALTO(7.678722%),0,0,0,0,0,0,,Granito de Biotita
908,Point ZM,TOGG-64,5951149,691578,209.0,Granito de Biotita,GB,403.22,0.682739,6827.39,25.0,0.277029,2770.29,5.0,10.0,0.003,30.0,4.712794,47127.94,7.0,10.71,123.25,0.5,81.56,146.06,219.23,, , ,,1,0,0,0,0,0,,Granito de Biotita
909,Point ZM,TOGG-65,5949660,690353,336.0,Granito de Biotita,GB,422.6,1.057975,10579.75,387.9,0.283891,2838.91,5.0,10.0,8.678722,30.0,4.347032,43470.32,13.28,20.3184,145.37,15.08,114.54,131.24,247.52,, , ,Mn_ALTO(8.678722%),0,0,0,0,0,0,,Granito de Biotita
910,Point ZM,TOGG-66,5950739,690527,303.0,Microdiorita,MDRT,424.54,0.621103,6211.03,299.7,0.362968,3629.68,5.0,10.0,0.003,30.0,5.659632,56596.32,16.47,25.1991,150.53,23.19,64.7,156.23,257.71,, , ,,0,0,0,0,0,0,,Microdiorita
911,Point ZM,TOGG-67,5951674,690961,210.0,Granito de Biotita,GB,442.42,0.188284,1882.84,163.3,0.190672,1906.72,5.0,10.0,9.678722,30.0,3.777726,37777.26,18.36,28.0908,30.0,12.53,25.0,32.0,45.0,, , ,Mn_ALTO(9.678722%),0,0,0,0,0,0,,Granito de Biotita
912,Point ZM,TOGG-68,5947467,698958,224.0,Granito de Biotita,GB,567.76,1.261698,12616.98,279.83,0.217958,2179.58,5.0,10.0,0.003,30.0,3.812269,38122.69,8.98,13.7394,84.53,0.5,83.31,91.12,173.06,, , ,,1,0,0,0,0,0,,Granito de Biotita
913,Point ZM,TOGG-69,5947095,698087,316.0,Granito de Biotita,GB,519.55,0.958577,9585.77,263.51,0.265606,2656.06,5.0,10.0,10.678722,30.0,5.625801,56258.01,30.03,45.9459,187.57,8.53,121.4,193.84,303.58,, , ,Mn_ALTO(10.678722%),0,0,0,0,0,0,,Granito de Biotita
914,Point ZM,TOGG-70,5946719,697755,305.0,Granito de Biotita,GB,442.6,1.170134,11701.34,25.0,0.231616,2316.16,5.0,10.0,0.003,30.0,3.142093,31420.93,11.51,17.6103,78.68,0.5,94.46,107.74,193.79,, , ,,1,0,0,0,0,0,,Granito de Biotita
915,Point ZM,TOGG-71,5946418,697131,197.0,Granito de Biotita,GB,658.08,1.351975,13519.75,25.0,0.228769,2287.69,5.0,10.0,11.678722,30.0,3.927539,39275.39,14.62,22.3686,98.69,0.5,92.3,97.57,193.04,, , ,Mn_ALTO(11.678722%),1,0,0,0,0,0,,Granito de Biotita
916,Point ZM,TOGG-72,5947256,697656,354.0,Granito de Biotita,GB,489.77,1.753815,17538.15,25.0,0.18654,1865.4,5.0,10.0,0.003,30.0,2.512742,25127.42,5.94,9.0882,126.61,0.5,83.87,126.35,176.86,, , ,,1,0,0,0,0,0,,Granito de Biotita
917,Point ZM,TOGG-73,5947912,697367,363.0,Granito de Biotita,GB,567.95,1.091062,10910.62,1329.18,0.123621,1236.21,5.0,10.0,12.678722,30.0,2.296544,22965.44,38.96,59.6088,94.59,19.41,99.09,82.67,125.4,, , ,Mn_ALTO(12.678722%),0,0,0,0,0,0,,Granito de Biotita
918,Point ZM,TOGG-74,5948687,697389,346.0,Granito de Biotita,GB,783.2,1.688571,16885.71,25.0,0.128238,1282.38,5.0,10.0,0.003,30.0,2.78588,27858.8,15.43,23.6079,119.1,20.95,115.97,187.62,237.49,, , ,,0,0,0,0,0,0,,Granito de Biotita
919,Point ZM,TOGG-75,5948510,698323,271.0,Granito de Biotita,GB,522.65,1.506629,15066.29,25.0,0.146809,1468.09,5.0,10.0,13.678722,30.0,2.689364,26893.64,10.01,15.3153,30.0,16.31,25.0,32.0,45.0,, , ,Mn_ALTO(13.678722%),0,0,0,0,0,0,,Granito de Biotita
920,Point ZM,TOGG-76,5948706,699318,267.0,Granito de Biotita,GB,397.37,1.39575,13957.5,25.0,0.146042,1460.42,5.0,10.0,0.003,30.0,2.899156,28991.56,19.71,30.1563,30.0,14.35,25.0,32.0,45.0,, , ,,0,0,0,0,0,0,,Granito de Biotita
921,Point ZM,TOGG-77,5949637,699118,241.0,Granito de Biotita,GB,525.04,2.032422,20324.22,25.0,0.134745,1347.45,5.0,10.0,14.678722,30.0,2.356674,23566.74,11.76,17.9928,77.91,13.86,72.38,89.62,101.07,, , ,Mn_ALTO(14.678722%),0,0,0,0,0,0,,Granito de Biotita
922,Point ZM,TOGG-78,5949525,698112,306.0,Granito de Biotita,GB,713.45,1.68123,16812.3,25.0,0.0005,5.0,5.0,10.0,0.003,30.0,2.037292,20372.92,19.14,29.2842,69.66,8.81,25.0,67.11,116.37,, , ,,0,0,0,0,0,0,,Granito de Biotita
923,Point ZM,TOGG-79,5950636,696926,330.0,Granito de Biotita,GB,371.27,1.171728,11717.28,2302.63,0.391734,3917.34,5.0,10.0,15.678722,30.0,4.988768,49887.68,57.72,88.3116,99.39,0.5,71.16,140.45,201.36,157, , ,Mn_ALTO(15.678722%),1,0,0,0,0,0,,Granito de Biotita
924,Point ZM,TOGG-80,5949844,696205,401.0,Micro Granito,MGR,30.0,2.481946,24819.46,4491.54,0.134605,1346.05,5.0,10.0,0.003,30.0,1.571756,15717.56,8.88,13.5864,238.49,0.5,219.32,288.69,453.78,, , ,,1,0,0,0,0,0,,Microgranito
925,Point ZM,TOGG-81,5951566,695792,255.0,Granito de Biotita,GB,418.7,0.825686,8256.86,893.79,0.383973,3839.73,5.0,10.0,16.678722,30.0,4.496169,44961.69,28.22,43.1766,103.08,0.5,67.49,131.76,211.88,, , ,Mn_ALTO(16.678722%),1,0,0,0,0,0,,Granito de Biotita
926,Point ZM,TOGG-82,5951307,694709,261.0,Granito de Biotita,GB,468.8,0.703676,7036.76,352.74,0.402768,4027.68,5.0,10.0,0.003,30.0,6.169429,61694.29,21.51,32.9103,99.1,0.5,25.0,141.2,212.58,, , ,,1,0,0,0,0,0,,Granito de Biotita
927,Point ZM,TOGG-83,5951565,693668,208.0,Granito de Biotita,GB,629.18,1.307868,13078.68,1695.27,0.267308,2673.08,5.0,10.0,17.678722,30.0,4.35058,43505.8,19.7,30.141,107.15,10.43,59.76,119.53,154.5,, , ,Mn_ALTO(17.678722%),0,0,0,0,0,0,,Granito de Biotita
928,Point ZM,TOGG-84,5952346,694226,173.0,Granito de Biotita,GB,541.72,1.094412,10944.12,11171.56,0.344842,3448.42,5.0,10.0,0.003,30.0,5.832783,58327.83,23.17,35.4501,173.59,12.23,160.67,260.57,371.0,, , ,,0,0,0,0,0,0,,Granito de Biotita
929,Point ZM,TOGG-85,5951772,692516,173.0,Granito de Biotita,GB,399.78,0.715574,7155.74,1850.79,0.229869,2298.69,5.0,10.0,18.678722,30.0,3.33945,33394.5,17.26,26.4078,89.66,7.54,59.34,106.89,144.05,, , ,Mn_ALTO(18.678722%),0,0,0,0,0,0,,Granito de Biotita
930,Point ZM,TOGG-86,5946067,685537,66.0,Granito de Biotita,GB,903.23,2.259579,22595.79,10190.53,0.256291,2562.91,5.0,10.0,0.003,30.0,2.581866,25818.66,7.14,10.9242,230.03,0.5,209.79,354.17,498.31,, , ,,1,0,0,0,0,0,,Granito de Biotita
931,Point ZM,TOGG-87,5946088,685589,81.0,Granito de Biotita,GB,397.79,0.930116,9301.16,25.0,0.449131,4491.31,5.0,10.0,19.678722,30.0,5.874135,58741.35,8.65,13.2345,78.14,12.34,61.17,83.66,129.49,, , ,Mn_ALTO(19.678722%),0,0,0,0,0,0,,Granito de Biotita
932,Point ZM,TOGG-88,5944733,695556,225.0,Granito de Biotita,GB,415.34,0.697471,6974.71,1032.75,0.326514,3265.14,5.0,10.0,0.003,30.0,4.739603,47396.03,22.46,34.3638,94.57,0.5,25.0,110.74,156.62,30, , ,,1,0,0,0,0,0,,Granito de Biotita
933,Point ZM,VTT JUAN CHICO,5937672,690625,331.0,Granito de Biotita,GB,689.16,1.284134,12841.34,25.0,0.88059,8805.9,5.0,10.0,20.678722,2698.83,11.00276,110027.6,117.06,179.1018,222.04,0.5,149.49,240.3,411.4,, , ,Mn_ALTO(20.678722%),1,0,0,0,0,0,DUP_1/2,Granito de Biotita
934,Point ZM,TOGG-89,5953212,689812,141.0,MDiorita,MDRT,295.1,0.670619,6706.19,223.08,0.367374,3673.74,5.0,10.0,0.003,30.0,5.839114,58391.14,5.8,8.874,132.0,0.5,25.0,112.93,152.53,, , ,,1,0,0,0,0,0,,Microdiorita
935,Point ZM,TOGG-90,5952659,689255,281.0,MDiorita,MDRT,314.98,0.73067,7306.7,25.0,0.391554,3915.54,5.0,10.0,15.678722,30.0,8.961034,89610.34,6.44,9.8532,109.56,0.5,74.93,169.23,322.04,, , ,Mn_ALTO(15.678722%),1,0,0,0,0,0,,Microdiorita
936,Point ZM,TOGG-91,5951977,689752,355.0,Granito de Biotita,GB,292.61,0.152723,1527.23,310.34,0.210918,2109.18,5.0,10.0,0.003,30.0,3.926506,39265.06,7.99,12.2247,107.9,12.6,72.21,83.77,162.62,, , ,,0,0,0,0,0,0,,Granito de Biotita
937,Point ZM,TOGG-92,5951977,689752,355.0,Metapelita,MP,788.4,1.907961,19079.61,1101.86,0.449556,4495.56,5.0,10.0,16.678722,30.0,5.049846,50498.46,26.74,40.9122,308.33,18.51,273.56,399.44,679.07,, , ,Mn_ALTO(16.678722%),0,0,0,0,0,0,,Metapelita
938,Point ZM,TOGG-93,5951087,689241,327.0,Granito de Biotita,GB,403.92,0.39491,3949.1,25.0,0.47806,4780.6,5.0,10.0,0.003,30.0,6.317235,63172.35,2.0,3.06,102.87,0.5,25.0,102.91,45.0,, , ,,1,0,0,0,0,0,,Granito de Biotita
939,Point ZM,TOGG-94,5950483,689340,294.0,Granito de Biotita,GB,437.26,1.92899,19289.9,25.0,0.0005,5.0,5.0,10.0,17.678722,30.0,1.268394,12683.94,17.31,26.4843,94.66,11.96,25.0,32.0,45.0,, , ,Mn_ALTO(17.678722%),0,0,0,0,0,0,,Granito de Biotita
940,Point ZM,TOGG-95,5949524,689113,304.0,Granito de Biotita,GB,405.94,1.653551,16535.51,25.0,0.282375,2823.75,5.0,10.0,0.003,30.0,4.967985,49679.85,23.02,35.2206,114.29,11.86,164.35,144.13,222.72,152, , ,,0,0,0,0,0,0,,Granito de Biotita
941,Point ZM,TOGG-96,5949783,688623,353.0,Metapelita,MP,456.48,1.321105,13211.05,25.0,0.429502,4295.02,5.0,10.0,18.678722,30.0,6.433185,64331.85,30.93,47.3229,197.7,19.73,150.59,198.11,346.31,, , ,Mn_ALTO(18.678722%),0,0,0,0,0,0,,Metapelita
942,Point ZM,TOGG-97,5949580,687920,425.0,Metapelita,MP,332.34,1.80824,18082.4,25.0,0.214553,2145.53,728.27,345.94,0.003,30.0,4.516304,45163.04,14.94,22.8582,231.24,16.42,151.93,285.55,431.39,, , ,,0,0,0,0,0,0,,Metapelita
943,Point ZM,TOGG-98,5948269,686951,397.0,Metapelita,MP,644.31,1.595683,15956.83,25.0,0.275014,2750.14,915.96,397.21,19.678722,30.0,5.733421,57334.21,18.59,28.4427,132.77,16.76,135.6,270.3,461.38,, , ,Mn_ALTO(19.678722%),0,0,0,0,0,0,,Metapelita
944,Point ZM,TOGG-99,5949412,686714,399.0,Metapelita,MP,583.89,2.138192,21381.92,25.0,0.378694,3786.94,5.0,10.0,0.003,30.0,4.212948,42129.48,13.16,20.1348,211.68,16.73,166.92,299.5,481.84,, , ,,0,0,0,0,0,0,,Metapelita
945,Point ZM,TOGG-100,5949646,684918,176.0,Granito de Biotita,GB,405.75,0.167035,1670.35,264.54,0.343729,3437.29,5.0,10.0,20.678722,30.0,5.053075,50530.75,13.99,21.4047,93.95,11.0,25.0,106.57,146.71,, , ,Mn_ALTO(20.678722%),0,0,0,0,0,0,,Granito de Biotita
946,Point ZM,TOGG-101,5949883,684038,23.0,Metapelita,MP,519.83,0.406603,4066.03,489.21,0.503848,5038.48,5.0,10.0,0.003,30.0,6.109206,61092.06,6.54,10.0062,174.36,8.12,168.23,319.03,474.64,, , ,,0,0,0,0,0,0,,Metapelita
947,Point ZM,TOGG-102,5951649,688986,254.0,Granito de Biotita,GB,223.87,0.691037,6910.37,25.0,0.221217,2212.17,5.0,10.0,21.678722,30.0,4.127571,41275.71,28.17,43.1001,88.84,8.31,67.03,94.31,155.25,, , ,Mn_ALTO(21.678722%),0,0,0,0,0,0,,Granito de Biotita
948,Point ZM,TOGG-103,5951767,688096,285.0,Granito de Biotita,GB,204.55,0.749046,7490.46,25.0,0.426405,4264.05,5.0,10.0,0.003,30.0,6.381745,63817.45,5.61,8.5833,115.2,0.5,87.15,162.22,194.5,, , ,,1,0,0,0,0,0,,Granito de Biotita
949,Point ZM,TOGG-104,5951067,687693,228.0,Granito de Biotita,GB,394.76,1.910186,19101.86,239.86,0.130804,1308.04,5.0,10.0,16.678722,30.0,2.777899,27778.99,20.47,31.3191,137.68,15.04,76.09,103.09,126.1,, , ,Mn_ALTO(16.678722%),0,0,0,0,0,0,,Granito de Biotita
950,Point ZM,TOGG-105,5950990,686939,189.0,Metapelita,MP,340.55,1.32484,13248.4,25.0,0.348979,3489.79,5.0,10.0,0.003,30.0,6.241816,62418.16,21.78,33.3234,180.79,18.66,134.1,221.65,342.45,, , ,,0,0,0,0,0,0,,Metapelita
951,Point ZM,TOGG-106,5951766,687496,264.0,Metapelita,MP,230.9,0.542331,5423.31,25.0,0.410153,4101.53,5.0,10.0,17.678722,30.0,5.766841,57668.41,10.68,16.3404,79.02,12.41,25.0,148.08,149.23,, , ,Mn_ALTO(17.678722%),0,0,0,0,0,0,,Metapelita
952,Point ZM,TOGG-107,5952675,686096,170.0,Diorita,DIO,353.59,0.306791,3067.91,608.98,0.243862,2438.62,5.0,642.3,0.003,30.0,8.105729,81057.29,6.29,9.6237,79.48,0.5,25.0,123.19,128.11,, , ,,1,0,0,0,0,0,,Diorita
953,Point ZM,TOGG-107b,5952675,686096,170.0,Diorita,DIO,30.0,0.271606,2716.06,52705.06,0.587608,5876.08,5.0,497.74,18.678722,30.0,6.362395,63623.95,20.69,31.6557,335.62,9.97,307.26,565.98,913.59,, , ,Mn_ALTO(18.678722%),0,0,0,0,0,0,,Diorita
954,Point ZM,TOGG-108,5951995,686521,256.0,Granito de Biotita,GB,339.72,0.566436,5664.36,296.56,0.248843,2488.43,5.0,10.0,0.003,30.0,4.187164,41871.64,13.9,21.267,91.83,8.99,25.0,32.0,45.0,, , ,,0,0,0,0,0,0,,Granito de Biotita
955,Point ZM,TOGG-109,5952127,685581,166.0,Granito de Biotita,GB,392.02,0.68874,6887.4,219.03,0.171281,1712.81,5.0,10.0,19.678722,30.0,3.498575,34985.75,23.88,36.5364,91.8,10.82,25.0,92.99,45.0,, , ,Mn_ALTO(19.678722%),0,0,0,0,0,0,,Granito de Biotita
956,Point ZM,TOGG-110,5952269,684913,95.0,Granito de Biotita,GB,298.82,0.662333,6623.33,25.0,0.360091,3600.91,5.0,10.0,0.003,30.0,5.082039,50820.39,2.4,3.672,100.93,12.81,82.7,121.57,135.39,, , ,,0,0,0,0,0,0,,Granito de Biotita
957,Point ZM,TOGG-111,5952052,684328,72.0,Roca Sedimentarias,RSED,375.09,0.276626,2766.26,396.99,0.330597,3305.97,5.0,10.0,20.678722,30.0,12.385799,123857.99,8.8,13.464,206.16,0.5,170.18,330.96,547.72,, , ,Mn_ALTO(20.678722%),1,0,0,0,0,0,,Roca Sedimentaria
958,Point ZM,DIGG-01,5954636,686634,56.0,Granito de Biotita,GB,526.34,0.743613,7436.13,9339.53,0.412395,4123.95,5.0,10.0,0.003,30.0,5.857889,58578.89,10.22,15.6366,167.65,11.29,124.33,195.67,314.88,, , ,,0,0,0,0,0,0,,Granito de Biotita
959,Point ZM,DIGG-02,5954660,687796,95.0,Roca Sedimentarias,RSED,357.03,1.04481,10448.1,408.42,0.302406,3024.06,5.0,10.0,21.678722,30.0,4.70693,47069.3,11.18,17.1054,85.43,0.5,58.99,84.31,183.56,, , ,Mn_ALTO(21.678722%),1,0,0,0,0,0,,Roca Sedimentaria
960,Point ZM,DIGG-03,5954098,688626,83.0,Granito de Biotita,GB,416.95,0.580014,5800.14,219.42,0.471524,4715.24,5.0,10.0,0.003,30.0,6.876322,68763.22,15.93,24.3729,30.0,0.5,25.0,82.69,121.16,, , ,,1,0,0,0,0,0,,Granito de Biotita
961,Point ZM,DIGG-04,5953565,689482,85.0,Metapelita,MP,420.33,0.647574,6475.74,2262.52,0.478192,4781.92,5.0,10.0,22.678722,30.0,7.118713,71187.13,13.52,20.6856,161.69,0.5,117.96,210.89,322.06,, , ,Mn_ALTO(22.678722%),1,0,0,0,0,0,,Metapelita
962,Point ZM,DIGG-05,5953589,689875,85.0,Microdiorita,MDRT,751.62,0.38307,3830.7,397.95,0.159936,1599.36,5.0,10.0,0.003,30.0,3.871291,38712.91,39.14,59.8842,112.55,19.54,71.39,74.65,121.6,, , ,,0,0,0,0,0,0,,Microdiorita
963,Point ZM,DIIGG-06,5952733,690424,95.0,Granito de Biotita,GB,414.9,1.843329,18433.29,25.0,0.425076,4250.76,5.0,10.0,17.678722,30.0,6.326162,63261.62,9.18,14.0454,111.28,0.5,125.24,193.84,190.39,, , ,Mn_ALTO(17.678722%),1,0,0,0,0,0,,Granito de Biotita
964,Point ZM,DIGG-07,5952810,691079,81.0,Granito de Biotita,GB,280.19,1.253908,12539.08,25.0,0.279803,2798.03,5.0,10.0,0.003,30.0,4.365157,43651.57,12.78,19.5534,94.2,8.85,73.42,147.38,204.15,, , ,,0,0,0,0,0,0,,Granito de Biotita
965,Point ZM,DIGG-08,5952978,691366,64.0,Granito de Biotita,GB,933.57,0.512368,5123.68,11198.2,0.099888,998.88,5.0,10.0,18.678722,30.0,1.027959,10279.59,4.34,6.6402,117.05,10.63,116.62,193.94,330.02,, , ,Mn_ALTO(18.678722%),0,0,0,0,0,0,,Granito de Biotita
966,Point ZM,DIGG-09,5953412,691582,139.0,Granito de Biotita,GB,437.77,0.60392,6039.2,237.71,0.346193,3461.93,5.0,10.0,0.003,30.0,5.129498,51294.98,15.57,23.8221,118.03,19.62,62.6,118.58,137.91,, , ,,0,0,0,0,0,0,,Granito de Biotita
967,Point ZM,DIGG-10,5953681,691843,165.0,Granito de Biotita,GB,279.14,1.093956,10939.56,3525.63,0.289499,2894.99,5.0,10.0,19.678722,30.0,4.723729,47237.29,42.33,64.7649,206.64,43.68,149.61,174.89,264.34,27, , ,Mn_ALTO(19.678722%),0,0,0,0,0,0,,Granito de Biotita
968,Point ZM,DIGG-11,5954159,691819,211.0,Microdiorita,MDRT,449.87,0.817295,8172.95,25.0,0.554632,5546.32,5.0,10.0,0.003,30.0,4.983794,49837.94,75.63,115.7139,65.61,0.5,120.4,100.83,158.19,323, , ,,1,0,0,0,0,0,,Microdiorita
969,Point ZM,DIGG-12,5954159,691819,211.0,Granito de Biotita,GB,338.21,1.076086,10760.86,25.0,0.374385,3743.85,5.0,10.0,20.678722,30.0,5.562053,55620.53,49.63,75.9339,145.56,11.12,109.13,104.69,162.43,193, , ,Mn_ALTO(20.678722%),0,0,0,0,0,0,,Granito de Biotita
970,Point ZM,DIGG-13,5954736,691652,272.0,Granito de Biotita,GB,203.17,1.420367,14203.67,25.0,0.368204,3682.04,5.0,10.0,0.003,30.0,4.5235,45235.0,34.45,52.7085,122.62,16.51,109.71,140.98,285.0,103, , ,,0,0,0,0,0,0,,Granito de Biotita
971,Point ZM,DIGG-14,5955225,692630,370.0,Diorita,DIO,366.9,1.439938,14399.38,25.0,0.414796,4147.96,5.0,10.0,21.678722,30.0,4.435111,44351.11,15.88,24.2964,97.83,0.5,64.17,102.98,147.8,, , ,Mn_ALTO(21.678722%),1,0,0,0,0,0,,Diorita
972,Point ZM,DIGG-15,5955503,693376,337.0,Granito de Biotita,GB,284.93,2.39627,23962.7,25.0,0.135774,1357.74,5.0,10.0,0.003,30.0,2.889356,28893.56,16.45,25.1685,84.88,7.5,65.32,91.39,156.93,, , ,,0,0,0,0,0,0,,Granito de Biotita
973,Point ZM,DIGG-16,5955396,691858,391.0,Granito de Biotita,GB,756.81,1.579749,15797.49,2339.84,0.340277,3402.77,5.0,10.0,22.678722,30.0,6.467759,64677.59,21.59,33.0327,263.2,21.03,230.28,334.01,532.03,, , ,Mn_ALTO(22.678722%),0,0,0,0,0,0,,Granito de Biotita
974,Point ZM,DIGG-17,5954832,691098,347.0,Microdiorita,MDRT,340.76,1.184184,11841.84,25.0,0.311582,3115.82,5.0,10.0,0.003,30.0,4.528341,45283.41,11.84,18.1152,140.98,12.61,123.61,106.78,215.28,, , ,,0,0,0,0,0,0,,Microdiorita
975,Point ZM,DIGG-18,5955622,690541,409.0,Microdiorita,MDRT,668.65,1.5425,15425.0,25.0,0.412253,4122.53,5.0,10.0,23.678722,30.0,6.981901,69819.01,20.73,31.7169,268.63,9.96,205.35,338.76,542.85,, , ,Mn_ALTO(23.678722%),0,0,0,0,0,0,,Microdiorita
976,Point ZM,DIGG-19,5955483,689783,344.0,Microdiorita,MDRT,782.07,0.603747,6037.47,439.48,0.384762,3847.62,5.0,10.0,0.379099,3790.99,8.112438,81124.38,13.33,20.3949,310.4,19.11,291.85,456.25,693.94,, , ,,0,0,0,0,0,0,,Microdiorita
977,Point ZM,DIGG-20,5952198,691657,100.0,Porfido Dacitico,PDA,478.0,1.525484,15254.84,25.0,0.0005,5.0,5.0,10.0,0.003,30.0,3.525741,35257.41,154.87,236.9511,100.44,15.66,251.98,92.08,242.92,689, , ,,0,0,0,0,0,0,,Porfido Dacitico
978,Point ZM,DIGG-21,5952064,692784,205.0,Granito de Biotita,GB,516.98,0.827048,8270.48,3042.54,0.202146,2021.46,5.0,10.0,15.678722,30.0,3.482413,34824.13,29.26,44.7678,114.39,50.65,84.78,78.76,178.82,26, , ,Mn_ALTO(15.678722%),0,0,0,0,0,0,,Granito de Biotita
979,Point ZM,DIGG-22,5952616,691804,138.0,Granito de Biotita,GB,361.08,0.757354,7573.54,25.0,0.453744,4537.44,5.0,10.0,0.003,30.0,6.540936,65409.36,50.12,76.6836,195.97,12.45,229.42,257.9,445.74,150, , ,,0,0,0,0,0,0,,Granito de Biotita
980,Point ZM,DIGG-23,5952478,692738,253.0,Granito de Biotita,GB,270.65,1.625686,16256.86,948.57,0.159981,1599.81,5.0,10.0,16.678722,30.0,2.559638,25596.38,5.8,8.874,130.43,0.5,111.14,160.18,239.47,, , ,Mn_ALTO(16.678722%),1,0,0,0,0,0,,Granito de Biotita
981,Point ZM,DIGG-24,5952689,693570,297.0,Granito de Biotita,GB,594.22,1.282994,12829.94,25.0,0.228172,2281.72,5.0,10.0,0.003,30.0,3.602011,36020.11,2.0,3.06,102.35,21.32,25.0,32.0,98.16,, , ,,0,0,0,0,0,0,,Granito de Biotita
982,Point ZM,DIGG-25,5953379,694029,337.0,Granito de Biotita,GB,669.54,0.910653,9106.53,25.0,0.178183,1781.83,5.0,10.0,17.678722,30.0,3.28616,32861.6,50.33,77.0049,96.9,17.89,101.24,32.0,98.63,274, , ,Mn_ALTO(17.678722%),0,0,0,0,0,0,,Granito de Biotita
983,Point ZM,DIGG-26,5952202,691661,80.0,Diorita,DIO,666.64,0.388495,3884.95,300.34,0.171883,1718.83,5.0,10.0,0.003,30.0,3.545898,35458.98,61.49,94.0797,169.36,13.39,140.35,189.53,340.55,, , ,,0,0,0,0,0,0,,Diorita
984,Point ZM,DIGG-27,5952216,691663,88.0,Granito de Biotita,GB,467.46,1.076721,10767.21,312.45,0.393409,3934.09,5.0,10.0,18.678722,30.0,3.3706,33706.0,42.23,64.6119,174.34,14.73,162.72,111.72,189.68,278, , ,Mn_ALTO(18.678722%),0,0,0,0,0,0,,Granito de Biotita
985,Point ZM,DIGG-28,5952156,691677,94.0,Granito de Biotita,GB,591.36,0.684944,6849.44,204.29,0.210468,2104.68,5.0,10.0,0.003,30.0,3.938333,39383.33,12.8,19.584,122.46,14.8,25.0,32.0,45.0,, , ,,0,0,0,0,0,0,,Granito de Biotita
986,Point ZM,DIGG-29,5952063,691695,106.0,Diorita cuarcifera,DRTQ,415.0,2.315619,23156.19,25.0,0.0005,5.0,5.0,10.0,19.678722,30.0,1.167622,11676.22,63.86,97.7058,101.77,11.96,84.72,90.22,98.26,, , ,Mn_ALTO(19.678722%),0,0,0,0,0,0,,Diorita cuarcifera
987,Point ZM,DIGG-29b,5952063,691695,106.0,Diorita cuarcifera,DRTQ,643.32,1.621938,16219.38,25.0,1.318332,13183.32,5.0,10.0,0.003,30.0,1.053353,10533.53,20.63,31.5639,30.0,10.17,25.0,77.82,109.85,, , ,,0,0,0,0,0,0,,Diorita cuarcifera
988,Point ZM,DIGG-30,5952043,691681,128.0,Diorita,DIO,507.36,0.188533,1885.33,268.69,0.153949,1539.49,5.0,10.0,20.678722,30.0,3.033993,30339.93,78.9,120.717,102.72,0.5,105.02,32.0,107.68,397, , ,Mn_ALTO(20.678722%),1,0,0,0,0,0,,Diorita
989,Point ZM,DIGG-30b,5952043,691681,128.0,Diorita,DIO,729.57,0.744662,7446.62,14084.16,0.211339,2113.39,5.0,10.0,0.003,30.0,3.724253,37242.53,42.76,65.4228,229.1,12.77,186.15,326.21,544.78,, , ,,0,0,0,0,0,0,,Diorita
990,Point ZM,DIGG-31,5951792,691750,125.0,Granito de Biotita,GB,563.59,1.043109,10431.09,4568.92,0.195984,1959.84,5.0,10.0,21.678722,30.0,3.42829,34282.9,22.73,34.7769,119.76,0.5,108.22,109.85,239.66,, , ,Mn_ALTO(21.678722%),1,0,0,0,0,0,,Granito de Biotita
991,Point ZM,DIGG-32,5953573,694539,346.0,Granito de Biotita,GB,548.71,1.116154,11161.54,25.0,0.0005,5.0,5.0,10.0,0.159016,1590.16,3.3586,33586.0,11.71,17.9163,118.1,10.52,95.51,104.61,160.24,, , ,,0,0,0,0,0,0,,Granito de Biotita
992,Point ZM,DIGG-33,5953043,694909,304.0,Granito de Biotita,GB,443.39,0.549078,5490.78,643.08,0.296007,2960.07,5.0,10.0,0.003,30.0,4.4555,44555.0,21.49,32.8797,150.45,7.47,97.24,129.83,219.05,, , ,,0,0,0,0,0,0,,Granito de Biotita
993,Point ZM,DIGG-34,5954028,694578,339.0,Granito de Biotita,GB,441.47,0.572049,5720.49,152.37,0.129878,1298.78,5.0,10.0,0.003,30.0,2.110319,21103.19,4.63,7.0839,83.41,7.87,25.0,32.0,45.0,, , ,,0,0,0,0,0,0,,Granito de Biotita
994,Point ZM,DIGG-35,5954968,695013,381.0,Granito de Biotita,GB,328.16,0.470351,4703.51,352.2,0.260745,2607.45,5.0,10.0,0.003,30.0,4.092938,40929.38,6.01,9.1953,60.02,10.83,25.0,32.0,45.0,, , ,,0,0,0,0,0,0,,Granito de Biotita
995,Point ZM,DIGG-36,5955730,694712,347.0,Granito de Biotita,GB,426.25,1.699088,16990.88,25.0,0.117262,1172.62,5.0,10.0,0.003,30.0,1.78466,17846.6,13.43,20.5479,58.09,7.2,25.0,99.76,151.97,, , ,,0,0,0,0,0,0,,Granito de Biotita
996,Point ZM,DIGG-37,5956662,695203,358.0,Microdiorita,MDRT,408.52,0.562188,5621.88,25.0,0.503722,5037.22,5.0,10.0,0.003,30.0,5.246535,52465.35,7.04,10.7712,115.47,0.5,85.04,176.69,230.98,, , ,,1,0,0,0,0,0,,Microdiorita
997,Point ZM,DIGG-38,5957107,695444,357.0,Granito de Biotita,GB,566.96,0.924387,9243.87,25.0,0.339359,3393.59,5.0,10.0,0.003,30.0,3.990557,39905.57,27.18,41.5854,122.42,13.95,25.0,32.0,103.63,, , ,,0,0,0,0,0,0,,Granito de Biotita
998,Point ZM,DIGG-39,5958073,695122,311.0,Granito de Biotita,GB,514.93,0.537728,5377.28,199.34,0.29909,2990.9,5.0,10.0,0.003,30.0,4.493628,44936.28,13.16,20.1348,131.97,12.05,93.63,32.0,132.82,, , ,,0,0,0,0,0,0,,Granito de Biotita
999,Point ZM,TOGG-112,5946072,699899,246.0,Granito de Biotita,GB,376.11,2.754306,27543.06,267.21,0.108478,1084.78,5.0,10.0,0.003,30.0,1.892196,18921.96,14.38,22.0014,81.39,9.7,81.59,85.83,161.54,, , ,,0,0,0,0,0,0,,Granito de Biotita
1000,Point ZM,TOGG-113,5946494,700147,281.0,Granito de Biotita,GB,422.38,3.432671,34326.71,25.0,0.0005,5.0,5.0,10.0,0.155636,1556.36,1.391775,13917.75,12.26,18.7578,116.2,0.5,84.89,108.38,176.94,, , ,,1,0,0,0,0,0,,Granito de Biotita
1001,Point ZM,TOGG-114,5946496,700147,281.0,Granito de Biotita,GB,211.55,3.430039,34300.39,25.0,0.0005,5.0,5.0,10.0,0.003,30.0,1.736993,17369.93,10.02,15.3306,82.31,0.5,25.0,32.0,45.0,, , ,,1,0,0,0,0,0,,Granito de Biotita
1002,Point ZM,TOGG-115,5946497,700149,281.0,Granito de Biotita,GB,181.21,3.45441,34544.1,25.0,0.0005,5.0,5.0,10.0,0.003,30.0,1.971139,19711.39,15.68,23.9904,59.83,0.5,25.0,76.71,45.0,, , ,,1,0,0,0,0,0,,Granito de Biotita
1003,Point ZM,TOGG-116,5947277,700273,256.0,Granito de Biotita,GB,148.95,2.677875,26778.75,25.0,0.175936,1759.36,5.0,10.0,0.003,30.0,2.487949,24879.49,18.53,28.3509,78.87,17.88,102.89,107.73,45.0,, , ,,0,0,0,0,0,0,,Granito de Biotita
1004,Point ZM,TOGG-117,5948721,700368,250.0,Granito de Biotita,GB,328.28,1.597095,15970.95,25.0,0.266924,2669.24,5.0,10.0,0.003,30.0,4.013495,40134.95,21.2,32.436,30.0,0.5,25.0,87.31,102.86,, , ,,1,0,0,0,0,0,,Granito de Biotita
1005,Point ZM,TOG- 118,5952617,700531,182.0,Granito de Biotita,GB,366.53,2.304776,23047.76,25.0,0.159592,1595.92,5.0,10.0,0.003,30.0,2.296788,22967.88,17.97,27.4941,142.34,10.11,70.1,139.08,207.56,, , ,,0,0,0,0,0,0,,Granito de Biotita
1006,Point ZM,TOGG-119,5952690,699178,181.0,Granito de Biotita,GB,124.56,2.157149,21571.49,1731.29,0.0005,5.0,5.0,10.0,0.003,30.0,1.658388,16583.88,5.71,8.7363,30.0,0.5,25.0,32.0,102.23,, , ,,1,0,0,0,0,0,,Granito de Biotita
1007,Point ZM,TOGG-120,5952248,697455,312.0,Microgranito,MGR,179.83,2.324638,23246.38,912.99,0.0005,5.0,5.0,10.0,0.003,30.0,0.748065,7480.65,44.82,68.5746,30.0,0.5,25.0,32.0,45.0,, , ,,1,0,0,0,0,0,,Microgranito
1008,Point ZM,TOGG-120B,5952248,697455,312.0,Microgranito,MGR,427.51,2.67367,26736.7,2500.79,0.0005,5.0,5.0,10.0,0.003,30.0,0.605148,6051.48,3.07,4.6971,145.76,0.5,173.95,261.25,391.28,, , ,,1,0,0,0,0,0,,Microgranito
1009,Point ZM,TOGG-121,5952681,696813,329.0,Microgranito,MGR,140.44,2.394567,23945.67,380.42,0.0005,5.0,5.0,10.0,0.003,30.0,1.458846,14588.46,5.04,7.7112,91.31,0.5,25.0,32.0,45.0,, , ,,1,0,0,0,0,0,,Microgranito
1010,Point ZM,DIGG-40,5953579,700402,176.0,Granito de Biotita,GB,251.73,0.791895,7918.95,537.51,0.311645,3116.45,5.0,10.0,0.003,30.0,4.773615,47736.15,10.44,15.9732,60.66,0.5,25.0,32.0,45.0,, , ,,1,0,0,0,0,0,,Granito de Biotita
1011,Point ZM,DIGG-41,5953680,696473,290.0,Granito de Biotita,GB,30.0,1.163863,11638.63,25.0,0.34561,3456.1,5.0,10.0,0.003,30.0,4.648329,46483.29,22.55,34.5015,99.25,14.51,65.86,32.0,134.29,, , ,,0,0,0,0,0,0,,Granito de Biotita
1012,Point ZM,DIGG-42,5953677,697583,302.0,Granito de Biotita,GB,146.19,1.808437,18084.37,25.0,0.0005,5.0,5.0,10.0,0.003,30.0,1.923374,19233.74,4.48,6.8544,30.0,0.5,25.0,32.0,45.0,, , ,,1,0,0,0,0,0,,Granito de Biotita
1013,Point ZM,DIGG-43,5954657,699024,222.0,Granito de Biotita,GB,89.92,1.924863,19248.63,25.0,0.176345,1763.45,5.0,10.0,0.003,30.0,2.810686,28106.86,15.28,23.3784,89.69,0.5,58.68,80.28,128.61,, , ,,1,0,0,0,0,0,,Granito de Biotita
1014,Point ZM,DIGG-44,5954705,700201,155.0,Microdiorita,MDRT,194.1,1.489404,14894.04,241.11,0.211683,2116.83,5.0,10.0,0.003,30.0,3.784264,37842.64,11.67,17.8551,59.26,0.5,25.0,32.0,93.97,, , ,,1,0,0,0,0,0,,Microdiorita
1015,Point ZM,DIGG-45,5955378,701250,92.0,Granito de Biotita,GB,136.62,1.725088,17250.88,3409.12,0.287604,2876.04,5.0,10.0,0.003,30.0,3.651441,36514.41,20.39,31.1967,101.79,0.5,78.86,85.52,154.18,, , ,,1,0,0,0,0,0,,Granito de Biotita
1016,Point ZM,DIGG-46,5954760,702253,109.0,Granito de Biotita,GB,324.1,2.32568,23256.8,25.0,0.140814,1408.14,5.0,10.0,0.003,30.0,2.452675,24526.75,21.19,32.4207,59.26,0.5,25.0,32.0,45.0,, , ,,1,0,0,0,0,0,,Granito de Biotita
1017,Point ZM,DIGG-47,5954884,692160,324.0,Metapelita,MP,607.99,1.343276,13432.76,1616.43,0.557916,5579.16,5.0,10.0,0.003,30.0,7.834865,78348.65,22.75,34.8075,378.17,18.82,360.23,526.42,770.68,, , ,,0,0,0,0,0,0,,Metapelita
1018,Point ZM,DIGG-48,5955241,691524,391.0,Metapelita,MP,843.77,1.629912,16299.12,25.0,0.473335,4733.35,5.0,10.0,0.003,30.0,6.727802,67278.02,21.9,33.507,233.21,15.14,138.75,323.87,487.36,, , ,,0,0,0,0,0,0,,Metapelita
1019,Point ZM,DIGG-49,5956128,690820,397.0,Metapelita,MP,253.13,0.581668,5816.68,931.44,0.570429,5704.29,5.0,10.0,0.003,30.0,7.530163,75301.63,22.71,34.7463,199.7,8.15,154.95,201.65,339.14,, , ,,0,0,0,0,0,0,,Metapelita
1020,Point ZM,DIGG-49B,5956128,690820,397.0,Metapelita,MP,694.27,1.117873,11178.73,602.12,0.413647,4136.47,5.0,10.0,0.003,30.0,10.330848,103308.48,14.17,21.6801,304.77,9.32,206.81,359.71,576.02,, , ,,0,0,0,0,0,0,,Metapelita
1021,Point ZM,DIGG-50,5956732,690466,345.0,Metapelita,MP,567.38,1.273057,12730.57,1087.85,0.572523,5725.23,5.0,10.0,0.003,30.0,7.891291,78912.91,23.61,36.1233,285.95,16.97,183.77,287.09,470.25,, , ,,0,0,0,0,0,0,,Metapelita
1022,Point ZM,DIGG-51,5956854,689926,234.0,Metapelita,MP,209.85,1.898174,18981.74,25.0,0.382115,3821.15,5.0,10.0,0.003,30.0,5.455659,54556.59,9.4,14.382,188.3,0.5,130.99,195.55,338.76,, , ,,1,0,0,0,0,0,,Metapelita
1023,Point ZM,DIGG-52,5957763,690299,228.0,Metapelita,MP,387.75,0.394621,3946.21,637.72,0.419908,4199.08,5.0,10.0,0.003,30.0,6.686192,66861.92,10.72,16.4016,203.77,11.07,138.6,162.17,287.41,, , ,,0,0,0,0,0,0,,Metapelita
1024,Point ZM,DIGG-53,5957303,688538,168.0,Granito de Biotita,GB,183.9,0.26678,2667.8,25.0,0.34948,3494.8,5.0,10.0,0.003,30.0,7.109479,71094.79,19.16,29.3148,121.0,0.5,100.6,155.73,233.64,, , ,,1,0,0,0,0,0,,Granito de Biotita
1025,Point ZM,DIGG-54,5958778,687789,84.0,Metapelita,MP,643.05,0.785916,7859.16,824.96,0.548935,5489.35,5.0,10.0,0.003,30.0,8.245964,82459.64,16.99,25.9947,30.0,10.61,103.61,150.87,235.1,, , ,,0,0,0,0,0,0,,Metapelita
1026,Point ZM,DIGG-55,5959671,689260,156.0,Metapelita,MP,145.7,1.353743,13537.43,25.0,0.360807,3608.07,836.01,10.0,0.003,30.0,6.382013,63820.13,21.15,32.3595,74.35,15.94,62.48,100.44,212.67,, , ,,0,0,0,0,0,0,,Metapelita
1027,Point ZM,DIGG-56,5959516,690255,182.0,Metapelita,MP,356.67,0.614753,6147.53,25.0,0.50307,5030.7,5.0,10.0,0.003,30.0,7.301789,73017.89,16.66,25.4898,145.55,11.52,82.36,162.85,179.38,, , ,,0,0,0,0,0,0,,Metapelita
1028,Point ZM,DIGG-57,5959300,690382,184.0,Granito de Biotita,GB,95.63,1.406861,14068.61,25.0,0.261005,2610.05,5.0,10.0,0.003,30.0,3.621452,36214.52,10.82,16.5546,30.0,0.5,25.0,75.55,118.36,, , ,,1,0,0,0,0,0,,Granito de Biotita
1029,Point ZM,DIGG-58,5958821,691133,209.0,Granito de Biotita,GB,30.0,1.652066,16520.66,25.0,0.409066,4090.66,5.0,10.0,0.003,30.0,4.610354,46103.54,10.86,16.6158,92.1,7.66,73.53,114.85,215.05,, , ,,0,0,0,0,0,0,,Granito de Biotita
1030,Point ZM,DIGG-59,5959578,691876,214.0,Granito de Biotita,GB,69.25,1.018705,10187.05,747.3,0.333501,3335.01,5.0,10.0,0.003,30.0,5.057875,50578.75,7.21,11.0313,143.14,8.27,106.9,178.36,252.49,, , ,,0,0,0,0,0,0,,Granito de Biotita
1031,Point ZM,DIGG-60,5958742,692777,250.0,Granito de Biotita,GB,30.0,2.245366,22453.66,25.0,0.17525,1752.5,5.0,10.0,0.003,30.0,2.60036,26003.6,6.83,10.4499,65.57,0.5,25.0,82.3,112.58,, , ,,1,0,0,0,0,0,,Granito de Biotita
1032,Point ZM,DIGG-62,5957508,693065,289.0,Granito de Biotita,GB,263.27,0.621837,6218.37,268.33,0.296523,2965.23,5.0,10.0,0.003,30.0,5.086646,50866.46,5.49,8.3997,89.22,9.52,65.42,153.44,235.49,, , ,,0,0,0,0,0,0,DUP_1/2,Granito de Biotita
1033,Point ZM,DIGG-62,5956686,692827,375.0,Metapelita,MP,229.64,0.426698,4266.98,396.03,0.487692,4876.92,5.0,10.0,0.003,30.0,8.784152,87841.52,31.22,47.7666,188.55,14.87,203.67,271.99,420.13,, , ,,0,0,0,0,0,0,DUP_2/2,Metapelita
1034,Point ZM,DIGG-63,5954819,686257,89.0,Granito de Biotita,GB,111.3,0.342052,3420.52,1474.56,0.408155,4081.55,5.0,10.0,0.003,30.0,3.517527,35175.27,16.97,25.9641,64.32,12.01,25.0,102.75,148.31,, , ,,0,0,0,0,0,0,,Granito de Biotita
1035,Point ZM,DIGG-64,5955458,687455,55.0,Granito de Biotita,GB,355.65,1.341926,13419.26,25.0,0.207339,2073.39,5.0,10.0,0.003,30.0,5.672379,56723.79,15.26,23.3478,151.41,14.06,122.97,108.18,228.56,, , ,,0,0,0,0,0,0,,Granito de Biotita
1036,Point ZM,DIGG-65,5956594,687419,91.0,Metapelita,MP,506.53,0.502118,5021.18,2029.4,0.0005,5.0,5.0,10.0,0.637154,6371.54,14.678663,146786.63,14.26,21.8178,390.61,14.58,315.18,529.18,852.81,, , ,,0,0,0,0,0,0,,Metapelita
1037,Point ZM,amrm-36,5875658,676763,227.0,Granito de Biotita Siliceo,GBS,988.07,1.18752,11875.2,3029.03,0.40926,4092.6,2.0,2.0,0.003,30.0,4.373855,43738.55,9.9,15.147,128.76,38.62,105.55,145.67,220.21,, , ,,0,0,0,0,0,0,,Granito de Biotita Siliceo
1038,Point ZM,amrm-37,5876246,677626,438.0,Granito de Biotita Mafico,GBM,2911.74,0.783864,7838.64,5664.54,0.323853,3238.53,2.0,2.0,0.003,30.0,4.661308,46613.08,18.96,29.0088,119.31,13.68,96.07,141.07,223.22,, , ,,0,0,0,0,0,0,,Granito de Biotita Mafico
1039,Point ZM,amrm-38,5871911,677532,444.0,Granito de Biotita Siliceo,GBS,508.11,1.322579,13225.79,2379.64,0.341664,3416.64,2.0,2.0,0.003,30.0,4.835067,48350.67,8.13,12.4389,91.35,0.5,77.18,131.05,124.8,, , ,,1,0,0,0,0,0,,Granito de Biotita Siliceo
1040,Point ZM,amrm-39,5871680,676794,487.0,Granito de Biotita Mafico,GBM,2832.73,0.98872,9887.2,1590.82,0.283919,2839.19,2.0,2.0,0.003,30.0,3.530994,35309.94,7.53,11.5209,63.48,0.5,15.0,30.0,35.0,, , ,,1,0,0,0,0,0,,Granito de Biotita Mafico
1041,Point ZM,amrm-40,5872318,676676,455.0,Granito de Biotita Siliceo,GBS,494.4,1.275463,12754.63,10.0,0.229937,2299.37,2.0,2.0,0.003,30.0,4.232896,42328.96,9.68,14.8104,175.72,16.75,15.0,116.1,187.96,, , ,,0,0,0,0,0,0,,Granito de Biotita Siliceo
1042,Point ZM,amrm-41,5872049,676875,473.0,Granito de Biotita Mafico,GBM,380.01,1.57399,15739.9,10.0,0.351613,3516.13,2.0,2.0,0.003,30.0,4.930669,49306.69,166.88,255.3264,118.13,8.18,117.02,123.97,242.21,, , ,,0,0,0,0,0,0,,Granito de Biotita Mafico
1043,Point ZM,amrm-42,5872439,676477,417.0,Granito de Biotita Mafico,GBM,569.06,1.06928,10692.8,10.0,0.316755,3167.55,2.0,2.0,0.003,30.0,5.527953,55279.53,66.49,101.7297,70.16,10.37,133.55,132.24,249.01,, , ,,0,0,0,0,0,0,,Granito de Biotita Mafico
1044,Point ZM,amrm-43,5872317,676521,429.0,Granito de Biotita Siliceo,GBS,590.23,0.887031,8870.31,2488.44,0.231202,2312.02,2.0,2.0,0.003,30.0,3.385561,33855.61,15.49,23.6997,169.0,18.78,75.0,86.08,192.7,, , ,,0,0,0,0,0,0,,Granito de Biotita Siliceo
1045,Point ZM,amrm-44,5872134,676509,437.0,Granito de Biotita Siliceo,GBS,589.87,1.045284,10452.84,10.0,0.249524,2495.24,2.0,2.0,0.003,30.0,4.046157,40461.57,25.79,39.4587,96.67,12.42,88.27,112.5,182.96,, , ,,0,0,0,0,0,0,,Granito de Biotita Siliceo
1046,Point ZM,amrm-45,5871970,676666,458.0,Granito de Biotita Siliceo,GBS,1116.84,1.54758,15475.8,324.67,0.21556,2155.6,2.0,247.65,0.003,30.0,3.507449,35074.49,0.5,1.53,126.87,13.52,63.65,107.77,205.0,, , ,,0,0,0,0,0,1,,Granito de Biotita Siliceo
1047,Point ZM,amrm-46,5871564,676349,472.0,Granito de Biotita Siliceo,GBS,572.93,1.219183,12191.83,568.85,0.290566,2905.66,2.0,2.0,0.003,30.0,3.995011,39950.11,4.61,7.0533,152.42,12.49,109.28,151.34,189.71,, , ,,0,0,0,0,0,0,,Granito de Biotita Siliceo
1048,Point ZM,amrm-47,5871324,676441,488.0,Granito de Biotita Siliceo,GBS,470.97,1.282151,12821.51,941.0,0.211441,2114.41,2.0,2.0,0.003,30.0,3.526731,35267.31,5.88,8.9964,141.97,8.96,129.4,105.47,174.07,, , ,,0,0,0,0,0,0,,Granito de Biotita Siliceo
1049,Point ZM,amrm-48,5870534,677760,510.0,Granito de Biotita Mafico,GBM,664.08,0.706109,7061.09,10.0,0.545048,5450.48,2.0,2.0,0.003,30.0,7.138582,71385.82,17.76,27.1728,106.89,0.5,86.32,138.21,235.05,, , ,,1,0,0,0,0,0,,Granito de Biotita Mafico
1050,Point ZM,amrm-49,5870523,677760,509.0,Granito de Biotita Mafico,GBM,787.57,0.880068,8800.68,261.74,0.279203,2792.03,2.0,2.0,0.003,30.0,4.222243,42222.43,15.8,24.174,70.94,0.5,15.0,77.64,125.02,, , ,,1,0,0,0,0,0,,Granito de Biotita Mafico
1051,Point ZM,armr-50,5870517,677763,511.0,Dique arcilloso fino(oxidado),DQ,579.79,0.425075,4250.75,10.0,0.863908,8639.08,2.0,2.0,0.003,30.0,8.022439,80224.39,89.23,136.5219,156.5,8.78,188.73,183.44,298.12,, , ,,0,0,0,0,0,0,,Dique Arcilloso
1052,Point ZM,armr-51,5870514,677762,512.0,Granito de Biotita Mafico,GBM,1423.81,0.806682,8066.82,277.4,0.526186,5261.86,2.0,2.0,0.003,30.0,6.665807,66658.07,27.42,41.9526,104.86,0.5,95.12,120.86,226.41,, , ,,1,0,0,0,0,0,,Granito de Biotita Mafico
1053,Point ZM,armr-52,5870508,677758,512.0,Granito de Biotita Mafico,GBM,514.26,0.904056,9040.56,10.0,0.538925,5389.25,2.0,2.0,0.003,30.0,8.019866,80198.66,9.56,14.6268,128.98,0.5,125.08,197.7,288.09,, , ,,1,0,0,0,0,0,,Granito de Biotita Mafico
1054,Point ZM,curm-50,5877585,678219,122.0,Granito de Biotita Mafico,GBM,1428.51,1.005961,10059.61,10.0,0.693697,6936.97,2.0,2.0,0.003,30.0,8.051973,80519.73,12.76,19.5228,173.08,0.5,112.43,153.97,255.35,, , ,,1,0,0,0,0,0,,Granito de Biotita Mafico
1055,Point ZM,curm-51,5877573,678196,123.0,Granito de Biotita Mafico,GBM,490.6,1.140095,11400.95,10.0,0.476372,4763.72,2.0,2.0,0.003,30.0,5.399634,53996.34,8.73,13.3569,134.91,0.5,94.05,89.32,152.74,, , ,,1,0,0,0,0,0,,Granito de Biotita Mafico
1056,Point ZM,curm-52,5877565,678189,122.0,Granito de Biotita Mafico,GBM,807.35,1.00287,10028.7,270.3,0.418445,4184.45,2.0,2.0,0.003,30.0,4.512468,45124.68,11.4,17.442,142.85,0.5,128.96,134.05,258.08,, , ,,1,0,0,0,0,0,,Granito de Biotita Mafico
1057,Point ZM,curm-53,5877570,678178,131.0,Granito de Biotita Mafico,GBM,464.29,1.296036,12960.36,10.0,0.4566,4566.0,2.0,2.0,0.003,30.0,5.042258,50422.58,27.96,42.7788,120.27,0.5,120.4,134.66,214.04,, , ,,1,0,0,0,0,0,,Granito de Biotita Mafico
1058,Point ZM,curm-54,5877558,678174,121.0,Granito de Biotita Mafico,GBM,527.82,1.245597,12455.97,10.0,0.478868,4788.68,2.0,2.0,0.003,30.0,5.192364,51923.64,5.64,8.6292,123.65,0.5,128.69,177.07,273.13,, , ,,1,0,0,0,0,0,,Granito de Biotita Mafico
1059,Point ZM,curm-55,5877552,678161,119.0,Granito de Biotita Mafico,GBM,291.8,1.220199,12201.99,10.0,0.361958,3619.58,2.0,2.0,0.003,30.0,6.602443,66024.43,14.49,22.1697,107.84,8.09,128.57,118.29,207.3,, , ,,0,0,0,0,0,0,,Granito de Biotita Mafico
1060,Point ZM,curm-56,5877542,678131,127.0,Granito de Biotita Mafico,GBM,594.29,1.126114,11261.14,319.18,0.352099,3520.99,2.0,2.0,0.003,30.0,5.61525,56152.5,22.89,35.0217,186.47,8.02,120.11,144.8,243.43,, , ,,0,0,0,0,0,0,,Granito de Biotita Mafico
1061,Point ZM,parm-24,5877961,675041,121.0,Migmatita,MIG,775.24,0.95316,9531.6,945.0,0.557607,5576.07,2.0,2.0,0.003,30.0,5.000482,50004.82,9.8,14.994,103.77,10.25,78.0,130.49,221.92,, , ,,0,0,0,0,0,0,,Migmatita
1062,Point ZM,parm-25,5877944,675030,119.0,Migmatita,MIG,643.9,1.342295,13422.95,440.89,0.3708,3708.0,2.0,2.0,0.003,30.0,4.940922,49409.22,19.52,29.8656,166.79,17.12,88.76,113.36,231.04,, , ,,0,0,0,0,0,0,,Migmatita
1063,Point ZM,parm-26,5877895,674967,127.0,Granito de Biotita de Granate,GBG,750.58,1.769142,17691.42,10.0,0.923501,9235.01,2.0,2.0,0.003,30.0,3.311097,33110.97,5.34,8.1702,117.0,16.46,86.21,76.83,185.44,, , ,,0,0,0,0,0,0,,Granito de Biotita con Granate
1064,Point ZM,parm-27,5877780,674999,117.0,MIgmatita,MIG,670.6,0.780838,7808.38,10.0,0.289892,2898.92,2.0,2.0,0.003,30.0,3.18339,31833.9,16.52,25.2756,105.5,15.4,15.0,30.0,119.03,, , ,,0,0,0,0,0,0,,MIgmatita
1065,Point ZM,parm-28,5877724,675000,131.0,Granito de Biotita de Granate,GBG,1407.98,0.538297,5382.97,13217.54,0.0,0.0,2.0,2.0,0.296267,2962.67,6.377739,63777.39,33.13,50.6889,337.91,22.25,257.31,402.18,715.1,, , ,,0,0,0,0,0,0,,Granito de Biotita con Granate
1066,Point ZM,parm-29,5877417,674715,134.0,Granito de Biotita Siliceo,GBS,1324.42,0.913498,9134.98,5553.33,1.908031,19080.31,2.0,2.0,0.003,30.0,3.909821,39098.21,3.88,5.9364,120.22,0.5,91.75,176.58,281.47,, , ,,1,0,0,0,0,0,,Granito de Biotita Siliceo
1067,Point ZM,parm-30,5876979,674306,112.0,Granito de Biotita Mafico,GBM,536.37,0.646123,6461.23,3134.07,1.76192,17619.2,2.0,2.0,0.003,30.0,6.266827,62668.27,18.81,28.7793,153.25,0.5,106.81,121.53,283.68,, , ,,1,0,0,0,0,0,,Granito de Biotita Mafico
1068,Point ZM,parm-31,5876983,674305,111.0,Granito de Biotita Mafico,GBM,950.47,0.792139,7921.39,6881.99,0.368448,3684.48,2.0,2.0,0.003,30.0,6.638654,66386.54,19.91,30.4623,197.46,21.69,165.74,232.21,372.2,, , ,,0,0,0,0,0,0,,Granito de Biotita Mafico
1069,Point ZM,parm-32,5877033,674280,112.0,Granito de Biotita Mafico,GBM,343.13,0.843072,8430.72,2255.7,1.535771,15357.71,2.0,2.0,0.003,30.0,2.426838,24268.38,5.34,8.1702,30.0,11.96,15.0,30.0,35.0,, , ,,0,0,0,0,0,0,,Granito de Biotita Mafico
1070,Point ZM,parm-33,5877033,674280,112.0,Granito de Biotita Mafico,GBM,941.75,0.569824,5698.24,5578.97,1.456379,14563.79,2.0,2.0,0.003,30.0,4.275614,42756.14,10.01,15.3153,106.3,7.95,85.9,80.28,158.83,, , ,,0,0,0,0,0,0,,Granito de Biotita Mafico
1071,Point ZM,parm-34,5876945,674055,110.0,Granito de Biotita Siliceo,GBS,1180.0,0.746689,7466.89,14769.93,0.278192,2781.92,2.0,2.0,0.003,30.0,4.763397,47633.97,20.12,30.7836,149.31,18.51,114.92,158.85,311.67,, , ,,0,0,0,0,0,0,,Granito de Biotita Siliceo
1072,Point ZM,parm-35,5876966,674008,111.0,Granito de Biotita Siliceo,GBS,740.53,1.109307,11093.07,7840.44,0.366654,3666.54,2.0,2.0,0.003,30.0,7.048666,70486.66,23.19,35.4807,157.1,0.5,91.2,249.21,341.23,, , ,,1,0,0,0,0,0,,Granito de Biotita Siliceo
1073,Point ZM,parm-36,5876251,673212,147.0,Migmatita,MIG,826.83,1.654195,16541.95,10.0,0.322199,3221.99,2.0,2.0,0.003,30.0,6.079544,60795.44,22.25,34.0425,193.98,16.14,121.88,139.36,221.81,, , ,,0,0,0,0,0,0,,Migmatita
1074,Point ZM,parm-37,5875877,672984,129.0,Migmatita,MIG,1114.3,1.648638,16486.38,3192.27,0.441861,4418.61,2.0,2.0,0.003,30.0,5.832227,58322.27,18.12,27.7236,153.35,16.51,87.95,176.05,225.12,, , ,,0,0,0,0,0,0,,Migmatita
1075,Point ZM,parm-38,5876830,674372,110.0,Granito de Biotita Siliceo,GBS,475.81,0.527633,5276.33,18382.15,0.24381,2438.1,2.0,557.5,0.003,30.0,4.515797,45157.97,23.75,36.3375,182.62,13.11,149.11,204.9,330.14,, , ,,0,0,0,0,0,0,,Granito de Biotita Siliceo
1076,Point ZM,parm-39,5876693,674555,137.0,Granito de Biotita Mafico,GBM,489.3,0.627863,6278.63,4304.4,0.226704,2267.04,2.0,2.0,0.003,30.0,3.683558,36835.58,16.14,24.6942,230.14,18.24,97.89,30.0,201.15,, , ,,0,0,0,0,0,0,,Granito de Biotita Mafico
1077,Point ZM,parm-40,5876689,674567,138.0,Granito de Biotita Mafico,GBM,539.13,0.536759,5367.59,6413.94,0.176532,1765.32,2.0,2.0,0.003,30.0,3.841627,38416.27,20.92,32.0076,136.54,11.89,93.2,160.48,263.55,, , ,,0,0,0,0,0,0,,Granito de Biotita Mafico
1078,Point ZM,parm-41,5876810,674999,126.0,Granito de Biotita Siliceo,GBS,468.36,2.101039,21010.39,10.0,0.0,0.0,2.0,2.0,0.283986,2839.86,0.89773,8977.3,8.74,13.3722,105.98,16.81,15.0,75.94,139.9,, , ,,0,0,0,0,0,0,,Granito de Biotita Siliceo
1079,Point ZM,parm-42,5874416,676084,477.0,Granito de Biotita Mafico,GBM,489.09,0.939197,9391.97,3890.57,0.317523,3175.23,2.0,2.0,0.003,30.0,5.034953,50349.53,17.18,26.2854,77.87,0.5,61.06,85.3,209.41,, , ,,1,0,0,0,0,0,,Granito de Biotita Mafico
1080,Point ZM,parm-43,5874403,676059,497.0,Granito de Biotita Oxidado,GBO,622.38,1.421221,14212.21,987.19,0.420456,4204.56,2.0,2.0,0.003,30.0,5.959389,59593.89,29.64,45.3492,107.74,0.5,87.01,139.89,206.99,, , ,,1,0,0,0,0,0,,Granito de Biotita Oxidado
1081,Point ZM,PARM-44,5874398,676050,498.0,Granito de Biotita Oxidado,GBO,559.24,1.037847,10378.47,10.0,0.38316,3831.6,2.0,2.0,0.003,30.0,5.142273,51422.73,35.56,54.4068,78.85,9.05,80.41,77.93,166.71,123, , ,,0,0,0,0,0,0,,Granito de Biotita Oxidado
1082,Point ZM,PARM-45,5874398,676050,497.0,Granito de Biotita Oxidado,GBO,680.55,1.094908,10949.08,10.0,0.420456,4204.56,2.0,2.0,0.003,30.0,5.69267,56926.7,86.89,132.9417,125.41,0.5,154.23,154.14,262.95,305, , ,,1,0,0,0,0,0,,Granito de Biotita Oxidado
1083,Point ZM,PARM-46,5874398,676050,496.0,Granito de Biotita Oxidado,GBO,2396.78,0.964479,9644.79,10.0,0.352704,3527.04,2.0,2.0,0.003,30.0,5.511218,55112.18,77.05,117.8865,85.93,0.5,110.73,84.74,159.96,242, , ,,1,0,0,0,0,0,,Granito de Biotita Oxidado
1084,Point ZM,PARM-47,5874398,676050,495.0,Granito de Biotita Oxidado,GBO,604.55,0.890472,8904.72,10.0,0.374839,3748.39,2.0,2.0,0.003,30.0,4.782569,47825.69,57.29,87.6537,100.53,0.5,111.72,139.76,182.1,226, , ,,1,0,0,0,0,0,,Granito de Biotita Oxidado
1085,Point ZM,PARM-48,5874398,676050,494.0,Granito de Biotita Oxidado,GBO,2961.91,1.147682,11476.82,1547.94,0.37336,3733.6,2.0,2.0,0.003,30.0,4.674757,46747.57,54.88,83.9664,231.37,29.73,189.0,157.76,356.0,201, , ,,0,0,0,0,0,0,,Granito de Biotita Oxidado
1086,Point ZM,PARM-49,5874398,676050,493.0,Granito de Biotita Oxidado,GBO,1340.12,1.2871,12871.0,498.3,0.402017,4020.17,2.0,2.0,0.003,30.0,5.381391,53813.91,28.86,44.1558,109.35,9.37,81.81,148.85,203.25,130, , ,,0,0,0,0,0,0,,Granito de Biotita Oxidado
1087,Point ZM,PARM-50,5874398,676050,492.0,Granito de Biotita Oxidado,GBO,777.55,1.341426,13414.26,725.15,0.448868,4488.68,2.0,2.0,0.003,30.0,6.071456,60714.56,27.44,41.9832,135.36,9.99,105.95,177.38,230.43,97, , ,,0,0,0,0,0,0,,Granito de Biotita Oxidado
1088,Point ZM,PARM-51,5874398,676050,491.0,Granito de Biotita Oxidado,GBO,2640.99,0.894434,8944.34,1399.31,0.359134,3591.34,2.0,2.0,0.164223,1642.23,6.136162,61361.62,22.78,34.8534,135.22,0.5,113.66,110.98,235.48,141, , ,,1,0,0,0,0,0,,Granito de Biotita Oxidado
1089,Point ZM,parm-52,5874396,676063,497.0,Granito de Biotita Oxidado,GBO,879.54,1.273268,12732.68,10.0,0.435552,4355.52,2.0,2.0,0.003,30.0,5.327559,53275.59,96.72,147.9816,66.41,0.5,85.22,80.68,203.62,305, , ,,1,0,0,0,0,0,,Granito de Biotita Oxidado
1090,Point ZM,parm-53,5874396,676063,496.0,Granito de Biotita Oxidado,GBO,362.88,1.9346,19346.0,10.0,0.351864,3518.64,2.0,2.0,0.003,30.0,4.988756,49887.56,43.74,66.9222,188.79,16.93,126.89,166.26,249.38,191, , ,,0,0,0,0,0,0,,Granito de Biotita Oxidado
1091,Point ZM,parm-54,5874396,676063,495.0,Granito de Biotita Oxidado,GBO,1091.18,1.084372,10843.72,10.0,0.47116,4711.6,2.0,2.0,0.003,30.0,5.969667,59696.67,32.81,50.1993,120.37,0.5,92.2,125.76,180.02,111, , ,,1,0,0,0,0,0,,Granito de Biotita Oxidado
1092,Point ZM,parm-55,5874396,676063,494.0,Granito de Biotita Oxidado,GBO,659.29,1.24409,12440.9,269.25,0.504199,5041.99,2.0,2.0,0.003,30.0,5.595508,55955.08,26.43,40.4379,138.32,0.5,120.37,143.95,253.15,109, , ,,1,0,0,0,0,0,,Granito de Biotita Oxidado
1093,Point ZM,parm-56,5874396,676063,493.0,Granito de Biotita Oxidado,GBO,2186.9,1.990706,19907.06,713.9,0.282723,2827.23,2.0,2.0,0.003,30.0,4.469087,44690.87,19.64,30.0492,107.88,9.09,15.0,91.05,133.64,53, , ,,0,0,0,0,0,0,,Granito de Biotita Oxidado
1094,Point ZM,parm-57,5874396,676063,492.0,Granito de Biotita Oxidado,GBO,428.67,1.031893,10318.93,1371.39,0.466053,4660.53,2.0,2.0,0.003,30.0,5.322227,53222.27,50.16,76.7448,150.69,0.5,117.91,133.11,243.54,137, , ,,1,0,0,0,0,0,,Granito de Biotita Oxidado
1095,Point ZM,parm-58,5874396,676063,491.0,Granito de Biotita Oxidado,GBO,391.25,1.648746,16487.46,604.08,0.372316,3723.16,2.0,2.0,0.003,30.0,5.552888,55528.88,30.06,45.9918,81.11,0.5,15.0,80.28,143.33,99, , ,,1,0,0,0,0,0,,Granito de Biotita Oxidado
1096,Point ZM,parm-59,5874409,676076,497.0,Granito de Biotita Mafico,GBM,388.69,1.589407,15894.07,456.39,0.370032,3700.32,2.0,2.0,0.003,30.0,5.239281,52392.81,38.37,58.7061,82.91,0.5,76.91,89.34,176.5,123, , ,,1,0,0,0,0,0,,Granito de Biotita Mafico
1097,Point ZM,parm-60,5874409,676076,496.0,Granito de Biotita Mafico,GBM,485.15,1.297566,12975.66,994.41,0.583817,5838.17,2.0,2.0,0.003,30.0,6.322248,63222.48,23.92,36.5976,173.47,11.39,142.61,173.76,318.08,81, , ,,0,0,0,0,0,0,,Granito de Biotita Mafico
1098,Point ZM,parm-61,5874409,676076,495.0,Granito de Biotita Mafico,GBM,2083.53,1.33968,13396.8,395.32,0.448788,4487.88,2.0,2.0,0.003,30.0,5.075315,50753.15,23.97,36.6741,119.17,0.5,108.48,142.89,248.95,108, , ,,1,0,0,0,0,0,,Granito de Biotita Mafico
1099,Point ZM,parm-62,5874409,676076,494.0,Granito de Biotita Mafico,GBM,1338.06,0.960529,9605.29,1211.33,0.568371,5683.71,2.0,2.0,0.003,30.0,6.816855,68168.55,203.26,310.9878,136.69,0.5,141.03,133.61,222.02,424, , ,,1,0,0,0,0,0,,Granito de Biotita Mafico
1100,Point ZM,parm-63,5874409,676076,493.0,Granito de Biotita Mafico,GBM,537.37,1.108265,11082.65,2315.81,0.388584,3885.84,2.0,2.0,0.003,30.0,4.927248,49272.48,33.71,51.5763,88.78,0.5,75.18,123.9,160.12,96, , ,,1,0,0,0,0,0,,Granito de Biotita Mafico
1101,Point ZM,parm-64,5874409,676076,492.0,Granito de Biotita Mafico,GBM,506.47,0.97132,9713.2,2407.61,0.451073,4510.73,2.0,2.0,0.003,30.0,6.177663,61776.63,39.05,59.7465,143.04,0.5,71.05,32.0,192.14,82, , ,,1,0,0,0,0,0,,Granito de Biotita Mafico
1102,Point ZM,parm-65,5874409,676076,491.0,Granito de Biotita Mafico,GBM,1045.93,1.083276,10832.76,3029.7,0.326244,3262.44,2.0,2.0,0.003,30.0,4.44727,44472.7,14.05,21.4965,114.33,0.5,91.88,128.58,222.2,13, , ,,1,0,0,0,0,0,,Granito de Biotita Mafico
1103,Point ZM,parm-66,5874408,676069,479.0,Dique arcilloso fino(oxidado),DQ,471.48,1.039242,10392.42,528.31,0.798928,7989.28,2.0,2.0,1.100204,11002.04,8.643149,86431.49,21.68,33.1704,163.99,13.57,118.21,240.34,350.53,, , ,Mn_ALTO(1.100204%),0,0,0,0,0,0,,Dique Arcilloso
1104,Point ZM,parm-67,5874327,676143,463.0,Granito de Biotita Mafico,GBM,538.85,1.124566,11245.66,10798.65,0.381025,3810.25,2.0,2.0,0.003,30.0,5.054248,50542.48,15.91,24.3423,167.64,15.68,128.88,153.35,285.08,, , ,,0,0,0,0,0,0,,Granito de Biotita Mafico
1105,Point ZM,parm-68,5874357,676209,453.0,Granito de Biotita Mafico,GBM,902.15,1.435439,14354.39,10038.94,0.35877,3587.7,2.0,2.0,0.003,30.0,5.665278,56652.78,7.52,11.5056,137.21,10.42,128.69,180.75,315.33,, , ,,0,0,0,0,0,0,,Granito de Biotita Mafico
1106,Point ZM,parm-69,5873388,671546,170.0,Migmatita,MIG,1382.15,1.096864,10968.64,883.65,0.0,0.0,2.0,2.0,0.003,30.0,5.263246,52632.46,22.71,34.7463,167.64,0.5,120.84,242.16,253.25,, , ,,1,0,0,0,0,0,,Migmatita
1107,Point ZM,parm-70,5873452,671572,180.0,Migmatita,MIG,20.0,0.569509,5695.09,2496.79,0.166875,1668.75,2.0,2.0,0.003,30.0,1.963734,19637.34,18.65,28.5345,183.82,9.65,137.29,163.03,297.28,, , ,,0,0,0,0,0,0,,Migmatita
1108,Point ZM,parm-71,5873510,671574,188.0,Migmatita,MIG,683.41,1.727245,17272.45,10.0,0.612842,6128.42,2.0,2.0,0.003,30.0,7.722592,77225.92,30.65,46.8945,166.99,18.66,111.46,152.46,246.85,, , ,,0,0,0,0,0,0,,Migmatita
1109,Point ZM,parm-72,5874063,671239,272.0,Migmatita,MIG,1017.46,1.01876,10187.6,10.0,0.269697,2696.97,2.0,327.08,0.003,30.0,4.112593,41125.93,15.93,24.3729,143.92,10.99,90.95,142.58,257.85,, , ,,0,0,0,0,0,0,,Migmatita
1110,Point ZM,parm-73,5873439,671752,194.0,Migmatita,MIG,1002.31,0.832717,8327.17,10.0,0.29954,2995.4,2.0,2.0,0.003,30.0,3.951198,39511.98,23.46,35.8938,202.85,37.88,153.95,145.28,239.93,, , ,,0,0,0,0,0,0,,Migmatita
1111,Point ZM,parm-74,5874135,672030,271.0,Migmatita,MIG,1056.48,2.782116,27821.16,10.0,0.519845,5198.45,2.0,1250.44,0.003,30.0,4.267363,42673.63,2.91,4.4523,268.27,17.09,181.38,288.84,445.63,, , ,,0,0,0,0,0,0,,Migmatita
1112,Point ZM,parm-75,5873294,672499,391.0,Granito de Biotita Siliceo,GBS,651.33,2.473564,24735.64,10.0,0.553068,5530.68,2.0,674.58,0.003,30.0,6.50786,65078.6,12.79,19.5687,506.36,118.14,307.86,336.22,573.71,, , ,,0,0,0,0,0,0,,Granito de Biotita Siliceo
1113,Point ZM,parm-76,5872883,672845,454.0,Granito de Biotita Siliceo,GBS,755.52,1.477923,14779.23,391.5,0.326911,3269.11,2.0,721.15,0.003,30.0,4.982004,49820.04,6.96,10.6488,81.63,0.5,15.0,110.73,159.09,, , ,,1,0,0,0,0,0,,Granito de Biotita Siliceo
1114,Point ZM,pgrm-01,5867583,677068,606.0,Granito de Biotita Siliceo,GBS,696.14,0.931872,9318.72,11598.53,0.236295,2362.95,2.0,2.0,0.003,30.0,4.135348,41353.48,25.19,38.5407,161.83,0.5,123.32,149.13,307.43,, , ,,1,0,0,0,0,0,,Granito de Biotita Siliceo
1115,Point ZM,pgrm-02,5867765,676881,593.0,Granito de Biotita Siliceo,GBS,659.8,1.268174,12681.74,1949.75,0.432269,4322.69,2.0,2.0,0.003,30.0,5.06611,50661.1,4.05,6.1965,152.86,0.5,122.72,169.03,301.68,, , ,,1,0,0,0,0,0,,Granito de Biotita Siliceo
1116,Point ZM,pgrm-03,5867575,676765,560.0,Granito de Biotita Mafico,GBM,490.92,1.154452,11544.52,262.98,0.423095,4230.95,2.0,2.0,0.003,30.0,6.25132,62513.2,5.61,8.5833,165.36,0.5,103.82,168.67,225.52,, , ,,1,0,0,0,0,0,,Granito de Biotita Mafico
1117,Point ZM,pgrm-04,5867570,676764,559.0,Granito de Biotita Siliceo,GBS,453.11,1.374347,13743.47,276.27,0.316784,3167.84,2.0,361.27,0.003,30.0,3.945409,39454.09,3.51,5.3703,107.27,7.18,96.92,136.75,236.14,, , ,,0,0,0,0,0,0,,Granito de Biotita Siliceo
1118,Point ZM,pgrm-05,5867681,676660,529.0,Granito de Biotita Siliceo,GBS,581.73,1.353305,13533.05,497.02,0.322913,3229.13,2.0,2.0,0.003,30.0,4.017722,40177.22,5.47,8.3691,63.62,0.5,15.0,30.0,35.0,, , ,,1,0,0,0,0,0,,Granito de Biotita Siliceo
1119,Point ZM,pgrm-06,5867676,676653,529.0,Granito de Biotita Mafico,GBM,555.29,1.058779,10587.79,416.42,0.397922,3979.22,2.0,2.0,0.003,30.0,6.153584,61535.84,8.25,12.6225,141.59,0.5,127.97,174.53,293.25,, , ,,1,0,0,0,0,0,,Granito de Biotita Mafico
1120,Point ZM,pgrm-07,5867669,676654,528.0,Granito de Biotita Mafico,GBM,724.77,0.90313,9031.3,1624.53,0.418373,4183.73,2.0,2.0,0.003,30.0,6.614694,66146.94,11.0,16.83,263.36,16.85,74.42,102.28,175.28,, , ,,0,0,0,0,0,0,,Granito de Biotita Mafico
1121,Point ZM,pgrm-08,5867672,676654,528.0,Xenolito Dioritico,XEN,717.61,0.582603,5826.03,1713.87,0.671879,6718.79,2.0,2.0,0.003,30.0,9.42525,94252.5,15.36,23.5008,133.85,0.5,112.84,173.68,309.32,, , ,,1,0,0,0,0,0,,Xenolito Dioritico
1122,Point ZM,pgrm-09,5867656,676657,524.0,Granito de Biotita Mafico,GBM,481.85,0.916549,9165.49,1410.42,0.433246,4332.46,2.0,2.0,0.003,30.0,6.664305,66643.05,11.9,18.207,146.21,0.5,102.9,171.15,246.21,, , ,,1,0,0,0,0,0,,Granito de Biotita Mafico
1123,Point ZM,pgrm-10,5867632,676510,485.0,Granito de Biotita Siliceo,GBS,943.08,1.404698,14046.98,2797.56,0.311826,3118.26,2.0,2.0,0.003,30.0,4.783442,47834.42,65.06,99.5418,78.22,0.5,63.74,100.77,128.14,178, , ,,1,0,0,0,0,0,,Granito de Biotita Siliceo
1124,Point ZM,pgrm-11,5867467,676492,473.0,Granito de Biotita Siliceo,GBS,494.87,1.525339,15253.39,2016.78,0.254269,2542.69,2.0,338.07,0.003,30.0,4.119538,41195.38,13.35,20.4255,157.6,8.47,131.4,199.75,335.43,, , ,,0,0,0,0,0,0,,Granito de Biotita Siliceo
1125,Point ZM,pgrm-12,5867498,675990,465.0,Granito de Biotita Siliceo,GBS,846.94,1.168163,11681.63,8641.3,0.361913,3619.13,2.0,2.0,0.003,30.0,5.128386,51283.86,35.0,53.55,146.5,0.5,114.76,165.23,318.55,, , ,,1,0,0,0,0,0,,Granito de Biotita Siliceo
1126,Point ZM,pgrm-13,5867671,675789,480.0,Granito de Biotita Siliceo,GBS,420.12,0.498958,4989.58,3869.66,0.232652,2326.52,2.0,408.73,0.003,30.0,2.731021,27310.21,11.67,17.8551,96.37,9.78,56.84,133.74,174.05,, , ,,0,0,0,0,0,0,,Granito de Biotita Siliceo
1127,Point ZM,pgrm-14,5867500,675618,508.0,Granito de Biotita Siliceo,GBS,557.75,0.808816,8088.16,1524.47,0.25203,2520.3,2.0,2.0,0.003,30.0,4.525629,45256.29,12.21,18.6813,86.79,0.5,62.05,111.65,183.87,, , ,,1,0,0,0,0,0,,Granito de Biotita Siliceo
1128,Point ZM,pgrm-15,5867607,675119,619.0,Granito de Biotita Siliceo,GBS,322.05,0.67412,6741.2,7174.44,0.165827,1658.27,2.0,2.0,0.003,30.0,3.277984,32779.84,29.43,45.0279,159.24,16.96,108.77,98.35,213.79,, , ,,0,0,0,0,0,0,,Granito de Biotita Siliceo
1129,Point ZM,pgrm-16,5867528,674703,713.0,Granito de Biotita Mafico,GBM,413.54,1.086248,10862.48,10.0,0.367217,3672.17,2.0,2.0,0.003,30.0,6.529041,65290.41,8.12,12.4236,106.18,0.5,67.08,117.43,199.56,, , ,,1,0,0,0,0,0,,Granito de Biotita Mafico
1130,Point ZM,pgrm-17,5867508,674699,717.0,Granito de Biotita Siliceo,GBS,460.29,0.959622,9596.22,2589.93,0.329907,3299.07,2.0,2.0,0.003,30.0,6.401013,64010.13,21.49,32.8797,172.12,10.06,93.55,124.88,227.48,, , ,,0,0,0,0,0,0,,Granito de Biotita Siliceo
1131,Point ZM,pgrm-18,5867071,674644,739.0,Granito de Biotita Siliceo,GBS,532.96,0.773353,7733.53,765.53,0.287673,2876.73,2.0,313.4,0.003,30.0,4.009684,40096.84,21.56,32.9868,142.65,27.03,105.96,143.95,191.39,, , ,,0,0,0,0,0,0,,Granito de Biotita Siliceo
1132,Point ZM,pgrm-19,5867600,674257,721.0,Granito de Biotita Siliceo,GBS,804.82,0.818225,8182.25,5397.7,0.28242,2824.2,2.0,360.59,0.003,30.0,4.250527,42505.27,10.6,16.218,99.34,24.72,118.84,121.98,195.9,, , ,,0,0,0,0,0,0,,Granito de Biotita Siliceo
1133,Point ZM,pgrm-20,5867604,674244,720.0,Granito de Biotita Siliceo,GBS,119.51,2.012202,20122.02,12079.55,0.244367,2443.67,2.0,2.0,0.003,30.0,2.854966,28549.66,5.83,8.9199,259.42,0.5,242.74,416.48,671.61,, , ,,1,0,0,0,0,0,,Granito de Biotita Siliceo
1134,Point ZM,pgrm-21,5867874,674370,695.0,Granito de Biotita Siliceo,GBS,622.48,1.129849,11298.49,1361.73,0.288337,2883.37,2.0,2.0,0.003,30.0,4.993678,49936.78,5.24,8.0172,66.69,0.5,59.29,30.0,35.0,, , ,,1,0,0,0,0,0,,Granito de Biotita Siliceo
1135,Point ZM,pgrm-22,5867872,674384,695.0,Granito de Biotita Siliceo,GBS,310.51,1.12058,11205.8,28077.1,0.419045,4190.45,2.0,2.0,0.003,30.0,3.989971,39899.71,28.1,42.993,237.71,0.5,176.69,317.82,518.13,, , ,,1,0,0,0,0,0,,Granito de Biotita Siliceo
1136,Point ZM,pgrm-23,5867997,674276,678.0,Granito de Biotita Siliceo,GBS,607.93,0.906931,9069.31,10.0,0.530209,5302.09,2.0,2.0,0.003,30.0,5.797126,57971.26,10.86,16.6158,101.35,0.5,78.21,107.66,156.83,, , ,,1,0,0,0,0,0,,Granito de Biotita Siliceo
1137,Point ZM,pgrm-24,5867917,673833,651.0,Granito de Biotita Mafico,GBM,666.23,0.924229,9242.29,10.0,0.339288,3392.88,2.0,2.0,0.003,30.0,5.203029,52030.29,10.2,15.606,66.09,10.74,15.0,30.0,111.67,, , ,,0,0,0,0,0,0,,Granito de Biotita Mafico
1138,Point ZM,pgrm-25,5867914,673827,642.0,Granito de Biotita Mafico,GBM,510.77,0.985752,9857.52,10.0,0.489991,4899.91,2.0,2.0,0.003,30.0,5.782888,57828.88,6.43,9.8379,170.18,15.33,131.68,207.12,344.45,, , ,,0,0,0,0,0,0,,Granito de Biotita Mafico
1139,Point ZM,pgrm-26,5867905,673825,641.0,Granito de Biotita Mafico,GBM,528.29,0.720828,7208.28,10.0,0.398492,3984.92,2.0,2.0,0.003,30.0,5.05445,50544.5,7.27,11.1231,125.33,0.5,105.19,113.9,199.79,, , ,,1,0,0,0,0,0,,Granito de Biotita Mafico
1140,Point ZM,pgrm-27,5867900,673824,638.0,Granito de Biotita Mafico,GBM,483.4,0.769036,7690.36,190.52,0.439739,4397.39,2.0,2.0,0.003,30.0,5.0688,50688.0,8.09,12.3777,108.45,0.5,80.52,139.87,211.32,, , ,,1,0,0,0,0,0,,Granito de Biotita Mafico
1141,Point ZM,pgrm-28,5867889,673819,633.0,Granito de Biotita Mafico,GBM,608.79,0.605327,6053.27,10.0,0.453853,4538.53,2.0,2.0,0.003,30.0,5.098531,50985.31,17.42,26.6526,107.95,8.24,83.83,139.68,225.79,, , ,,0,0,0,0,0,0,,Granito de Biotita Mafico
1142,Point ZM,pgrm-29,5867574,673504,637.0,Granito de Biotita Siliceo,GBS,569.09,0.881715,8817.15,972.0,0.25587,2558.7,2.0,2.0,0.003,30.0,3.643783,36437.83,9.28,14.1984,67.02,17.29,15.0,95.44,35.0,, , ,,0,0,0,0,0,0,,Granito de Biotita Siliceo
1143,Point ZM,pgrm-30,5867434,672626,747.0,Granito de Biotita Mafico,GBM,559.01,0.723461,7234.61,185.62,0.273867,2738.67,2.0,2.0,0.003,30.0,4.264568,42645.68,4.33,6.6249,73.62,8.97,15.0,79.66,35.0,, , ,,0,0,0,0,0,0,,Granito de Biotita Mafico
1144,Point ZM,pgrm-31,5867366,672570,757.0,Granito de Biotita Siliceo,GBS,480.93,0.630887,6308.87,3352.67,0.24125,2412.5,2.0,2.0,0.003,30.0,4.741587,47415.87,14.52,22.2156,95.45,21.64,85.27,124.73,135.58,, , ,,0,0,0,0,0,0,,Granito de Biotita Siliceo
1145,Point ZM,pgrm-32,5866866,672386,791.0,Granito de Biotita Siliceo,GBS,458.59,0.753166,7531.66,2473.83,0.3008,3008.0,2.0,2.0,0.003,30.0,4.347861,43478.61,10.97,16.7841,90.9,7.6,62.02,30.0,110.11,, , ,,0,0,0,0,0,0,,Granito de Biotita Siliceo
1146,Point ZM,pgrm-33,5866072,671944,794.0,Granito de Biotita Siliceo,GBS,696.46,0.637531,6375.31,348.24,0.149295,1492.95,2.0,2.0,0.003,30.0,2.416311,24163.11,3.46,5.2938,20.0,0.5,15.0,30.0,35.0,, , ,,1,0,0,0,0,0,,Granito de Biotita Siliceo
1147,Point ZM,pgrm-34,5867953,672340,655.0,Granito de Biotita Siliceo,GBS,639.62,1.978635,19786.35,10.0,0.139609,1396.09,2.0,2.0,0.003,30.0,2.698755,26987.55,0.5,1.53,102.14,0.5,95.06,157.44,228.47,, , ,,1,0,0,0,0,1,,Granito de Biotita Siliceo
1148,Point ZM,pgrm-35,5868548,672278,595.0,Granito de Biotita Siliceo,GBS,697.29,0.858797,8587.97,228.78,0.279978,2799.78,2.0,364.73,0.003,30.0,4.252455,42524.55,7.59,11.6127,97.69,0.5,59.83,143.94,209.45,, , ,,1,0,0,0,0,0,,Granito de Biotita Siliceo
1149,Point ZM,pgrm-36,5867067,671681,662.0,Granito de Biotita Siliceo,GBS,386.25,1.139717,11397.17,2907.86,0.444258,4442.58,2.0,2.0,0.003,30.0,5.615269,56152.69,6.45,9.8685,76.47,14.31,72.89,103.68,170.26,, , ,,0,0,0,0,0,0,,Granito de Biotita Siliceo
1150,Point ZM,qqrm-01,5865783,671351,796.0,Granito de Biotita Siliceo,GBS,1013.42,0.958441,9584.41,10.0,0.214572,2145.72,2.0,2.0,0.003,30.0,4.861548,48615.48,15.49,23.6997,80.11,12.71,15.0,30.0,35.0,, , ,,0,0,0,0,0,0,,Granito de Biotita Siliceo
1151,Point ZM,qqrm-02,5865547,670946,828.0,Granito de Biotita Siliceo,GBS,855.41,0.713868,7138.68,1542.24,0.643785,6437.85,2.0,2.0,0.003,30.0,7.922892,79228.92,18.59,28.4427,154.34,20.05,178.86,183.4,278.46,, , ,,0,0,0,0,0,0,,Granito de Biotita Siliceo
1152,Point ZM,qqrm-03,5865747,670633,830.0,Granito de Biotita Siliceo,GBS,1098.25,2.142434,21424.34,690.89,0.278669,2786.69,2.0,762.66,0.003,30.0,3.725939,37259.39,0.5,1.53,85.1,0.5,15.0,94.74,173.24,, , ,,1,0,0,0,0,1,,Granito de Biotita Siliceo
1153,Point ZM,qqrm-04,5865664,669889,810.0,Migmatita,MIG,1012.05,1.641937,16419.37,846.29,0.335749,3357.49,2.0,2.0,0.003,30.0,4.675243,46752.43,21.07,32.2371,175.06,15.45,134.26,204.49,278.9,, , ,,0,0,0,0,0,0,,Migmatita
1154,Point ZM,qqrm-05,5865892,669559,820.0,Migmatita,MIG,790.88,1.97787,19778.7,10.0,0.305798,3057.98,2.0,2.0,0.003,30.0,4.963902,49639.02,21.32,32.6196,149.13,20.8,106.61,184.77,281.48,, , ,,0,0,0,0,0,0,,Migmatita
1155,Point ZM,qqrm-06,5865615,670266,829.0,Granito de Biotita Siliceo,GBS,786.85,0.785896,7858.96,866.73,0.478599,4785.99,2.0,2.0,0.003,30.0,5.816327,58163.27,4.48,6.8544,108.56,8.51,15.0,78.41,161.27,, , ,,0,0,0,0,0,0,,Granito de Biotita Siliceo
1156,Point ZM,qqrm-07,5865206,670706,797.0,Granito de Biotita Siliceo,GBS,820.19,0.833386,8333.86,905.36,0.291575,2915.75,2.0,2.0,0.003,30.0,4.993948,49939.48,21.77,33.3081,67.07,9.48,15.0,30.0,35.0,, , ,,0,0,0,0,0,0,,Granito de Biotita Siliceo
1157,Point ZM,qqrm-08,5864988,670698,809.0,Granito de Biotita Siliceo,GBS,913.72,0.541512,5415.12,2799.96,0.396718,3967.18,2.0,2.0,0.003,30.0,5.764167,57641.67,18.15,27.7695,158.2,14.62,163.71,183.72,298.92,, , ,,0,0,0,0,0,0,,Granito de Biotita Siliceo
1158,Point ZM,qqrm-09,5865001,670699,808.0,Granito de Biotita Mafico,GBM,851.52,1.772375,17723.75,285.22,0.339739,3397.39,2.0,2.0,0.003,30.0,4.933082,49330.82,25.31,38.7243,158.49,0.5,140.53,202.85,303.71,, , ,,1,0,0,0,0,0,,Granito de Biotita Mafico
1159,Point ZM,qqrm-10,5865012,670693,807.0,Granito de Biotita Mafico,GBM,717.41,1.085106,10851.06,265.44,0.361472,3614.72,2.0,2.0,0.003,30.0,5.645916,56459.16,11.01,16.8453,103.0,0.5,15.0,30.0,134.16,, , ,,1,0,0,0,0,0,,Granito de Biotita Mafico
1160,Point ZM,qqrm-11,5865032,670699,806.0,Granito de Biotita Mafico,GBM,747.9,1.879777,18797.77,10.0,0.580762,5807.62,2.0,2.0,0.003,30.0,6.77017,67701.7,0.5,1.53,151.95,0.5,71.24,190.84,267.06,, , ,,1,0,0,0,0,1,,Granito de Biotita Mafico
1161,Point ZM,qqrm-12,5865029,670694,808.0,Granito de Biotita Siliceo,GBS,987.83,0.681404,6814.04,1429.75,0.424696,4246.96,2.0,2.0,0.003,30.0,6.022505,60225.05,24.77,37.8981,133.05,10.12,122.83,149.94,227.92,, , ,,0,0,0,0,0,0,,Granito de Biotita Siliceo
1162,Point ZM,qqrm-13,5864939,671253,806.0,Granito de Biotita Siliceo,GBS,675.62,0.936445,9364.45,492.48,0.408506,4085.06,2.0,2.0,0.003,30.0,5.578141,55781.41,11.0,16.83,189.26,13.84,112.49,201.73,321.38,, , ,,0,0,0,0,0,0,,Granito de Biotita Siliceo
1163,Point ZM,qqrm-14,5865072,671486,784.0,Granito de Biotita Siliceo,GBS,665.08,0.860524,8605.24,2452.12,0.249115,2491.15,2.0,2.0,0.003,30.0,4.184594,41845.94,8.89,13.6017,124.78,11.6,129.77,140.66,199.42,, , ,,0,0,0,0,0,0,,Granito de Biotita Siliceo
1164,Point ZM,qqrm-15,5864851,671671,786.0,Granito de Biotita Siliceo,GBS,967.59,0.994974,9949.74,10895.2,0.306836,3068.36,2.0,2.0,0.003,30.0,4.561223,45612.23,23.98,36.6894,108.37,8.87,118.92,188.76,276.92,, , ,,0,0,0,0,0,0,,Granito de Biotita Siliceo
1165,Point ZM,qqrm-16,5864647,671744,811.0,Granito de Biotita Siliceo,GBS,911.48,0.78671,7867.1,4220.34,0.451181,4511.81,2.0,2.0,0.003,30.0,4.747359,47473.59,15.24,23.3172,139.32,0.5,101.19,133.51,241.9,, , ,,1,0,0,0,0,0,,Granito de Biotita Siliceo
1166,Point ZM,qqrm-17,5864746,671184,763.0,Granito de Biotita Siliceo,GBS,510.31,2.293183,22931.83,10.0,0.228151,2281.51,2.0,299.16,0.003,30.0,2.463594,24635.94,6.06,9.2718,145.41,16.54,88.6,117.62,195.78,, , ,,0,0,0,0,0,0,,Granito de Biotita Siliceo
1167,Point ZM,qqrm-18,5864752,671185,758.0,Granito de Biotita Mafico,GBM,1942.96,0.895504,8955.04,234.52,0.294767,2947.67,2.0,2.0,0.003,30.0,4.485708,44857.08,23.19,35.4807,130.21,0.5,94.69,111.63,173.18,, , ,,1,0,0,0,0,0,,Granito de Biotita Mafico
1168,Point ZM,qqrm-19,5864755,671202,762.0,Granito de Biotita Mafico,GBM,539.92,0.838358,8383.58,234.41,0.24838,2483.8,2.0,2.0,0.003,30.0,3.856335,38563.35,5.72,8.7516,62.94,17.5,15.0,104.04,120.52,, , ,,0,0,0,0,0,0,,Granito de Biotita Mafico
1169,Point ZM,qqrm-20,5864770,671195,765.0,Granito de Biotita Mafico,GBM,842.01,0.922014,9220.14,376.71,0.22185,2218.5,2.0,2.0,0.003,30.0,4.290493,42904.93,10.95,16.7535,159.16,9.31,84.48,127.31,169.82,, , ,,0,0,0,0,0,0,,Granito de Biotita Mafico
1170,Point ZM,qqrm-21,5864291,670992,747.0,Granito de Biotita Siliceo,GBS,822.44,0.802577,8025.77,1411.56,0.20715,2071.5,2.0,2.0,0.003,30.0,3.684598,36845.98,21.65,33.1245,122.03,0.5,86.36,30.0,154.14,, , ,,1,0,0,0,0,0,,Granito de Biotita Siliceo
1171,Point ZM,qqrm-22,5864489,670768,732.0,Granito de Biotita Siliceo,GBS,568.55,1.320084,13200.84,2036.26,0.464467,4644.67,2.0,2.0,0.003,30.0,6.541593,65415.93,9.98,15.2694,118.27,31.66,77.86,123.95,244.04,, , ,,0,0,0,0,0,0,,Granito de Biotita Siliceo
1172,Point ZM,qqrm-23,5864427,670604,699.0,Granito de Biotita Siliceo,GBS,656.33,1.062069,10620.69,9148.69,0.376064,3760.64,2.0,2.0,0.003,30.0,3.803409,38034.09,15.27,23.3631,244.29,8.82,178.51,151.61,265.17,, , ,,0,0,0,0,0,0,,Granito de Biotita Siliceo
1173,Point ZM,qqrm-24,5864247,670200,644.0,Granito de Biotita Mafico,GBM,690.28,1.211516,12115.16,10.0,0.528953,5289.53,2.0,2.0,0.003,30.0,5.059209,50592.09,4.15,6.3495,91.65,9.87,88.21,126.72,204.72,, , ,,0,0,0,0,0,0,,Granito de Biotita Mafico
1174,Point ZM,qqrm-25,5864254,670210,644.0,Granito de Biotita Siliceo,GBS,551.77,1.368522,13685.22,983.32,0.33901,3390.1,2.0,2.0,0.003,30.0,5.702766,57027.66,10.28,15.7284,93.4,9.66,15.0,95.32,157.34,, , ,,0,0,0,0,0,0,,Granito de Biotita Siliceo
1175,Point ZM,qqrm-26,5864502,670073,603.0,Granito de Biotita Siliceo,GBS,692.04,1.680129,16801.29,2030.93,0.0,0.0,2.0,219.18,0.003,30.0,1.037679,10376.79,4.97,7.6041,76.56,17.25,15.0,77.66,130.8,, , ,,0,0,0,0,0,0,,Granito de Biotita Siliceo
1176,Point ZM,qqrm-27,5864733,670067,596.0,Granito de Biotita Siliceo,GBS,822.82,0.958337,9583.37,8091.54,0.284049,2840.49,2.0,2.0,0.003,30.0,3.556593,35565.93,9.34,14.2902,156.75,14.77,70.29,111.57,168.42,, , ,,0,0,0,0,0,0,,Granito de Biotita Siliceo
1177,Point ZM,qqrm-28,5864216,668104,765.0,Migmatita,MIG,1855.86,2.065908,20659.08,10.0,0.500172,5001.72,2.0,2.0,0.003,30.0,4.661896,46618.96,28.07,42.9471,110.36,17.47,72.81,98.11,182.17,, , ,,0,0,0,0,0,0,,Migmatita
1178,Point ZM,qqrm-29,5864467,671862,791.0,Granito de Biotita Siliceo,GBS,518.95,0.727348,7273.48,7085.82,0.368057,3680.57,2.0,2.0,0.003,30.0,4.763069,47630.69,21.17,32.3901,99.84,0.5,72.25,79.04,187.04,, , ,,1,0,0,0,0,0,,Granito de Biotita Siliceo
1179,Point ZM,qqrm-30,5864729,672226,778.0,Granito de Biotita Siliceo,GBS,480.81,1.546286,15462.86,7338.27,0.342848,3428.48,2.0,2.0,0.003,30.0,4.949336,49493.36,19.34,29.5902,152.95,0.5,96.45,158.83,227.85,, , ,,1,0,0,0,0,0,,Granito de Biotita Siliceo
1180,Point ZM,qqrm-31,5864225,672515,715.0,Granito de Biotita Siliceo,GBS,595.28,1.652376,16523.76,2861.18,0.411496,4114.96,2.0,2.0,0.003,30.0,5.873659,58736.59,6.64,10.1592,94.96,0.5,100.18,96.34,155.07,, , ,,1,0,0,0,0,0,,Granito de Biotita Siliceo
1181,Point ZM,curm-57,5878370,677070,0.0,Granito de Biotita Mafico,GBM,747.25,1.63718,16371.8,25.0,0.355129,3551.29,2.0,2.0,0.003,30.0,4.862178,48621.78,20.33,31.1049,87.51,10.99,77.52,112.39,142.23,, , ,,0,0,0,0,0,0,,Granito de Biotita Mafico
1182,Point ZM,parm-77,5878231,676921,0.0,Granito de Biotita Mafico,GBM,564.7,1.085485,10854.85,25.0,0.479518,4795.18,2.0,2.0,0.003,30.0,5.385991,53859.91,8.91,13.6323,20.0,0.5,15.0,78.75,35.0,, , ,,1,0,0,0,0,0,,Granito de Biotita Mafico
1183,Point ZM,parm-78,5878229,676916,0.0,Granito de Biotita Mafico,GBM,687.22,1.133856,11338.56,354.78,0.577828,5778.28,2.0,2.0,0.003,30.0,7.129143,71291.43,23.12,35.3736,92.38,0.5,15.0,117.64,146.05,, , ,,1,0,0,0,0,0,,Granito de Biotita Mafico
1184,Point ZM,parm-79,5878164,676514,0.0,Granito de Biotita Mafico,GBM,2356.87,0.835986,8359.86,12623.57,0.401269,4012.69,2.0,2.0,0.003,30.0,5.489414,54894.14,24.43,37.3779,135.74,0.5,86.24,136.84,284.38,, , ,,1,0,0,0,0,0,,Granito de Biotita Mafico
1185,Point ZM,parm-80,5878251,676543,0.0,Granito de Biotita Siliceo,GBS,1368.01,0.972392,9723.92,15985.59,0.31922,3192.2,2.0,2.0,0.003,30.0,2.185457,21854.57,3.01,4.6053,401.38,21.65,328.92,348.05,608.33,, , ,,0,0,0,0,0,0,,Granito de Biotita Siliceo
1186,Point ZM,parm-81,5878278,676551,0.0,Granito de Biotita Siliceo,GBS,1771.73,0.972739,9727.39,859.81,0.280592,2805.92,2.0,2.0,0.003,30.0,3.658379,36583.79,6.97,10.6641,81.83,0.5,77.35,123.25,139.52,, , ,,1,0,0,0,0,0,,Granito de Biotita Siliceo
1187,Point ZM,parm-82,5878256,676595,0.0,Granito de Biotita Mafico,GBM,594.18,1.189939,11899.39,3743.44,0.369902,3699.02,2.0,2.0,0.003,30.0,5.21787,52178.7,14.98,22.9194,90.62,0.5,81.09,148.63,176.0,, , ,,1,0,0,0,0,0,,Granito de Biotita Mafico
1188,Point ZM,parm-83,5878262,676656,0.0,Granito de Biotita Mafico,GBM,526.4,0.433079,4330.79,2755.73,0.708776,7087.76,2.0,2.0,0.003,30.0,11.227745,112277.45,67.05,102.5865,224.81,0.5,216.52,292.45,402.12,, , ,,1,0,0,0,0,0,,Granito de Biotita Mafico
1189,Point ZM,parm-84,5878289,676730,0.0,Granito de Biotita Mafico,GBM,943.39,0.950661,9506.61,2443.74,0.404345,4043.45,2.0,2.0,0.003,30.0,5.907868,59078.68,28.75,43.9875,127.98,0.5,65.17,140.03,188.88,, , ,,1,0,0,0,0,0,,Granito de Biotita Mafico
1190,Point ZM,parm-85,5878342,676826,0.0,Granito de Biotita Siliceo,GBS,650.21,0.41871,4187.1,5030.6,0.172047,1720.47,2.0,2.0,0.003,30.0,4.144968,41449.68,13.67,20.9151,70.58,0.5,15.0,80.08,35.0,, , ,,1,0,0,0,0,0,,Granito de Biotita Siliceo
1191,Point ZM,parm-86,5878338,676822,0.0,Granito de Biotita Mafico,GBM,2343.27,0.431307,4313.07,209.84,0.249106,2491.06,2.0,2.0,0.003,30.0,6.398098,63980.98,0.5,1.53,92.41,0.5,83.34,124.21,150.94,, , ,,1,0,0,0,0,1,,Granito de Biotita Mafico
1192,Point ZM,parm-87,5878410,677163,0.0,Granito de Biotita Mafico,GBM,1044.84,0.796638,7966.38,2103.26,0.208894,2088.94,2.0,2.0,0.003,30.0,2.861653,28616.53,4.5,6.885,104.2,9.35,62.09,115.5,198.61,, , ,,0,0,0,0,0,0,,Granito de Biotita Mafico
1193,Point ZM,parm-88,5878445,677166,0.0,Granito de Biotita Mafico,GBM,1311.88,1.566855,15668.55,2137.47,0.280146,2801.46,2.0,491.69,0.003,30.0,3.085746,30857.46,0.5,1.53,98.57,10.17,15.0,117.2,149.25,, , ,,0,0,0,0,0,1,,Granito de Biotita Mafico
1194,Point ZM,parm-89,5878452,677161,0.0,Granito de Biotita Mafico,GBM,1188.73,0.837669,8376.69,2911.77,0.212164,2121.64,2.0,2.0,0.135179,1351.79,6.473493,64734.93,28.49,43.5897,69.8,0.5,70.04,124.34,218.09,, , ,,1,0,0,0,0,0,,Granito de Biotita Mafico
1195,Point ZM,parm-90,5878457,677151,0.0,Granito de Biotita Mafico,GBM,656.63,0.838717,8387.17,1710.7,0.297013,2970.13,2.0,386.97,0.003,30.0,5.153459,51534.59,18.59,28.4427,87.66,9.77,93.77,103.84,210.25,, , ,,0,0,0,0,0,0,,Granito de Biotita Mafico
1196,Point ZM,parm-91,5878469,677157,0.0,Granito de Biotita Mafico,GBM,685.15,1.211501,12115.01,678.49,0.534001,5340.01,2.0,2.0,0.003,30.0,8.372564,83725.64,42.57,65.1321,172.54,0.5,91.76,197.57,284.52,, , ,,1,0,0,0,0,0,,Granito de Biotita Mafico
1197,Point ZM,CELBS-01a,5930607,682702,226.0,Diorita,DRT,475.49,0.491256,4912.56,25.0,0.301611,3016.11,5.0,10.0,0.003,30.0,9.515494,95154.94,36.6,55.998,243.1,16.65,217.12,212.84,368.89,, , ,,0,0,0,0,0,0,,Diorita
1198,Point ZM,CELBS-01b,5930607,682702,226.0,Vetilla Caol-Lim,VLT,377.74,0.035356,353.56,25.0,0.160199,1601.99,5.0,10.0,0.003,30.0,3.024156,30241.56,21.25,32.5125,30.0,9.94,25.0,32.0,45.0,, , ,,0,0,0,0,0,0,,Vetilla Caolinita-Limonita
1199,Point ZM,CELCBS-03,5931594,682441,281.0,Granito de granate,GG,389.28,0.283605,2836.05,25.0,0.238306,2383.06,5.0,10.0,0.729714,7297.14,10.11858,101185.8,31.68,48.4704,604.66,169.08,267.49,227.62,457.9,, , ,,0,0,0,0,0,0,,Granito de Granate
1200,Point ZM,CELCBS-04,5931189,682317,281.0,Granito de granate,GG,424.59,0.445741,4457.41,25.0,0.276039,2760.39,5.0,10.0,0.216428,2164.28,10.016909,100169.09,60.92,93.2076,485.21,73.03,275.11,248.65,428.7,, , ,,0,0,0,0,0,0,,Granito de Granate
1201,Point ZM,CELCBS-05,5931002,682568,252.0,Diorita,DRT,450.42,0.351567,3515.67,292.74,0.36123,3612.3,5.0,605.54,0.003,30.0,10.935522,109355.22,226.24,346.1472,261.63,19.57,180.22,227.05,401.11,, , ,,0,0,0,0,0,0,,Diorita
1202,Point ZM,CELCBS-06,5931588,682483,295.0,Diorita con cúmulos de granate,DRT,572.44,0.177713,1777.13,8339.75,0.356197,3561.97,5.0,10.0,0.519038,5190.38,13.148372,131483.72,601.88,920.8764,511.7,62.32,375.89,393.09,803.25,, , ,Y_ALTO(601.88ppm),0,0,0,0,0,0,,Diorita con Granate
1203,Point ZM,CELCBS-07,5931989,682835,332.0,Diorita,DRT,551.1,0.284673,2846.73,25.0,0.463813,4638.13,5.0,934.07,0.003,30.0,7.022325,70223.25,14.97,22.9041,333.06,54.2,225.52,211.76,375.65,, , ,,0,0,0,0,0,0,,Diorita
1204,Point ZM,CELCBS-08,5931321,681892,174.0,Diorita,DRT,592.24,0.32233,3223.3,435.92,0.305398,3053.98,5.0,10.0,0.003,30.0,10.498798,104987.98,83.77,128.1681,212.16,9.25,178.19,220.06,370.44,, , ,,0,0,0,0,0,0,,Diorita
1205,Point ZM,CELCBS-09,5931242,682063,220.0,Granito de granate?,GG,844.56,0.515851,5158.51,25.0,0.357216,3572.16,5.0,10.0,0.321147,3211.47,13.303548,133035.48,108.59,166.1427,1309.12,193.91,747.91,448.61,859.59,, , ,,0,0,0,0,0,0,,Granito de granate?
1206,Point ZM,CELCBS-11a,5931474,682118,223.0,Diorita con cúmulos de granate,DRT,398.34,0.830826,8308.26,9970.36,0.291126,2911.26,5.0,10.0,0.003,30.0,9.220278,92202.78,109.87,168.1011,443.76,80.16,343.01,310.66,566.38,, , ,,0,0,0,0,0,0,,Diorita con Granate
1207,Point ZM,CELCBS-12,5931668,682029,214.0,Granito de granate?,GG,914.77,0.290263,2902.63,259.58,0.194833,1948.33,5.0,10.0,0.240364,2403.64,8.516267,85162.67,63.24,96.7572,467.38,81.47,319.38,201.47,366.91,, , ,,0,0,0,0,0,0,,Granito de granate?
1208,Point ZM,CELCBS-13,5931903,681661,115.0,Granito de granate,GG,468.58,0.518864,5188.64,1953.78,0.514235,5142.35,5.0,10.0,0.003,30.0,7.703984,77039.84,102.9,157.437,547.87,122.87,292.78,210.02,381.08,, , ,,0,0,0,0,0,0,,Granito de Granate
1209,Point ZM,LPPR-01,5930069,685681,372.0,Microdiorita,MDRT,605.08,0.672873,6728.73,210.08,0.223669,2236.69,5.0,10.0,0.003,30.0,7.07461,70746.1,22.48,34.3944,225.69,32.64,150.76,205.3,321.97,, , ,,0,0,0,0,0,0,,Microdiorita
1210,Point ZM,LPPR-02a,5929699,686348,302.0,Metapelita,MP,911.29,0.966547,9665.47,25.0,0.372649,3726.49,5.0,10.0,0.003,30.0,6.38714,63871.4,22.17,33.9201,125.44,10.69,122.41,146.55,220.86,, , ,,0,0,0,0,0,0,,Metapelita
1211,Point ZM,LPPR-02b,5929699,686348,302.0,Metapelita,MP,2425.0,1.537212,15372.12,626.31,0.293113,2931.13,5.0,10.0,0.003,30.0,5.273156,52731.56,30.94,47.3382,304.39,19.6,259.97,412.24,656.31,, , ,,0,0,0,0,0,0,,Metapelita
1212,Point ZM,LPPR-03,5930220,686801,273.0,Granito de Biotita,GB,468.97,1.731481,17314.81,25.0,0.250763,2507.63,5.0,10.0,0.003,30.0,3.575592,35755.92,4.79,7.3287,121.67,0.5,95.28,110.64,163.8,, , ,,1,0,0,0,0,0,,Granito de Biotita
1213,Point ZM,LPPR-04,5929651,687517,275.0,Granito de Biotita,GB,614.55,1.141246,11412.46,25.0,0.355867,3558.67,5.0,10.0,0.003,30.0,4.624037,46240.37,81.15,124.1595,148.75,24.24,131.41,164.79,270.31,227, , ,,0,0,0,0,0,0,,Granito de Biotita
1214,Point ZM,LPPR-05,5929328,687990,312.0,Granito de Biotita,GB,595.44,1.807351,18073.51,25.0,0.302581,3025.81,5.0,10.0,0.003,30.0,3.561362,35613.62,41.39,63.3267,113.32,0.5,125.34,153.34,193.9,, , ,,1,0,0,0,0,0,,Granito de Biotita
1215,Point ZM,LPPR-06,5929222,688242,306.0,Granito de Biotita,GB,498.06,1.044816,10448.16,25.0,0.359119,3591.19,5.0,10.0,0.003,30.0,4.890131,48901.31,32.03,49.0059,125.11,14.08,109.69,73.42,151.79,112, , ,,0,0,0,0,0,0,,Granito de Biotita
1216,Point ZM,LPPR-07,5928744,689082,276.0,Granito de Biotita,GB,398.55,0.882922,8829.22,25.0,0.312079,3120.79,5.0,10.0,0.003,30.0,3.604986,36049.86,15.45,23.6385,111.69,8.38,25.0,77.07,192.23,, , ,,0,0,0,0,0,0,,Granito de Biotita
1217,Point ZM,LPPR-08,5929240,689809,183.0,Granito de Biotita,GB,692.23,1.039049,10390.49,10940.33,0.368733,3687.33,5.0,10.0,0.003,30.0,4.738521,47385.21,23.95,36.6435,167.04,49.5,124.85,204.23,351.28,, , ,,0,0,0,0,0,0,,Granito de Biotita
1218,Point ZM,LPPR-09,5929145,690336,174.0,Granito de Biotita,GB,791.27,0.665482,6654.82,8043.03,0.238218,2382.18,5.0,10.0,0.003,30.0,2.393134,23931.34,3.96,6.0588,137.1,0.5,113.52,205.08,356.29,, , ,,1,0,0,0,0,0,,Granito de Biotita
1219,Point ZM,LPPR-10,5929479,690336,217.0,Granito de Biotita,GB,566.47,1.173837,11738.37,247.97,0.57449,5744.9,5.0,10.0,0.003,30.0,6.554264,65542.64,20.81,31.8393,147.4,11.15,110.42,170.51,247.59,, , ,,0,0,0,0,0,0,,Granito de Biotita
1220,Point ZM,LPPR-11a,5930293,690514,275.0,Granito de Biotita,GB,521.47,1.30415,13041.5,3743.78,0.450258,4502.58,5.0,10.0,0.003,30.0,4.993369,49933.69,17.91,27.4023,119.25,0.5,66.99,103.12,235.38,, , ,,1,0,0,0,0,0,,Granito de Biotita
1221,Point ZM,LPPR-11b,5930293,690514,275.0,Granito de Biotita,GB,524.86,0.834075,8340.75,522.96,0.387332,3873.32,5.0,10.0,0.003,30.0,4.645399,46453.99,36.78,56.2734,78.27,0.5,25.0,90.51,112.16,215, , ,,1,0,0,0,0,0,,Granito de Biotita
1222,Point ZM,LPPR-12,5928285,688981,253.0,Granito de Biotita,GB,457.64,0.95942,9594.2,541.0,0.376387,3763.87,5.0,10.0,0.003,30.0,6.275089,62750.89,16.59,25.3827,126.5,8.54,85.9,150.98,232.33,, , ,,0,0,0,0,0,0,,Granito de Biotita
1223,Point ZM,LPPR-13,5928264,687574,276.0,Metapelita,MP,816.68,1.70067,17006.7,766.75,0.496107,4961.07,5.0,10.0,0.003,30.0,6.146659,61466.59,25.91,39.6423,295.88,19.45,300.26,405.13,696.02,, , ,,0,0,0,0,0,0,,Metapelita
1224,Point ZM,LPPR-14,5928375,687489,255.0,Granito de Biotita,GB,1411.36,1.125368,11253.68,314.88,0.144299,1442.99,5.0,10.0,0.003,30.0,2.767393,27673.93,3.37,5.1561,30.0,0.5,25.0,32.0,45.0,, , ,,1,0,0,0,0,0,,Granito de Biotita
1225,Point ZM,LPPR-15A,5926374,688379,210.0,Granito de Biotita,GB,4818.8,1.028891,10288.91,263.44,0.411623,4116.23,5.0,10.0,0.003,30.0,5.062458,50624.58,17.66,27.0198,160.68,0.5,102.44,146.51,243.23,96, , ,,1,0,0,0,0,0,,Granito de Biotita
1226,Point ZM,LPPR-15B,5926374,688379,210.0,Granito de Biotita,GB,517.08,1.108123,11081.23,267.12,0.356767,3567.67,5.0,10.0,0.003,30.0,5.202301,52023.01,16.15,24.7095,135.79,7.7,79.43,134.8,185.71,, , ,,0,0,0,0,0,0,,Granito de Biotita
1227,Point ZM,LPPR-16,5926235,690236,186.0,Granito de Biotita,GB,6639.22,0.375256,3752.56,811.68,0.345093,3450.93,5.0,10.0,0.003,30.0,5.156451,51564.51,21.0,32.13,106.05,0.5,70.76,133.57,174.13,, , ,,1,0,0,0,0,0,,Granito de Biotita
1228,Point ZM,LPPR-17,5924887,687829,112.0,Granito de Biotita,GB,2469.82,1.332581,13325.81,559.19,0.295178,2951.78,5.0,10.0,0.003,30.0,3.669821,36698.21,13.66,20.8998,71.04,12.13,25.0,96.89,45.0,, , ,,0,0,0,0,0,0,,Granito de Biotita
1229,Point ZM,LPPR-18,5924066,687923,119.0,Granito de Biotita,GB,604.71,1.292253,12922.53,5952.42,0.345598,3455.98,5.0,10.0,0.003,30.0,5.200385,52003.85,23.98,36.6894,150.15,0.5,107.44,178.76,299.47,, , ,,1,0,0,0,0,0,,Granito de Biotita
1230,Point ZM,LPPR-19,5923151,687353,73.0,Granito de biotita,GB,999.17,0.0,4455.79,13040.59,0.0,5.0,5.0,10.0,0.003,30.0,0.0,4970.97,11.4,17.442,160.51,0.5,130.25,212.93,342.71,, , ,,1,0,0,0,0,0,,Granito de biotita
1231,Point ZM,LPPR-20,5922973,688280,71.0,Granito de Biotita y Anfibol,GBA,512.11,0.782795,7827.95,7067.94,0.418389,4183.89,5.0,10.0,0.003,30.0,5.06452,50645.2,18.64,28.5192,161.82,8.52,119.11,217.63,285.12,, , ,,0,0,0,0,0,0,,Granito de Biotita y Anfibol
1232,Point ZM,FLPR-01,5922288,707756,266.0,Granito de Biotita,GB,309.54,1.470472,14704.72,402.71,0.233715,2337.15,5.0,10.0,0.003,30.0,4.672296,46722.96,11.76,17.9928,119.13,10.03,81.46,146.29,227.72,, , ,,0,0,0,0,0,0,DUP_1/2,Granito de Biotita
1233,Point ZM,FLPR-01,5922288,707756,266.0,Granito de Biotita,GB,439.2,1.043397,10433.97,267.12,0.235544,2355.44,5.0,10.0,0.784085,7840.85,9.588341,95883.41,11.3,17.289,403.97,17.92,123.58,202.25,347.88,, , ,,0,0,0,0,0,0,DUP_2/2,Granito de Biotita
1234,Point ZM,FLPR-02,5922071,706739,265.0,Granito de Biotita,GB,317.11,1.349041,13490.41,700.7,0.175798,1757.98,5.0,10.0,0.003,30.0,2.749824,27498.24,13.63,20.8539,88.88,16.14,25.0,81.07,45.0,, , ,,0,0,0,0,0,0,,Granito de Biotita
1235,Point ZM,FLPR-03,5922430,704343,235.0,Granito de Biotita,GB,561.01,1.599066,15990.66,1196.3,0.220644,2206.44,5.0,10.0,0.003,30.0,2.535935,25359.35,8.03,12.2859,59.85,9.47,78.24,141.12,190.85,, , ,,0,0,0,0,0,0,,Granito de Biotita
1236,Point ZM,FLPR-04a,5922317,702716,235.0,Leucogranito,LGR,510.33,2.754241,27542.41,1088.41,0.0,5.0,5.0,10.0,0.003,30.0,0.662086,6620.86,2.0,3.06,73.53,0.5,25.0,151.02,164.59,, , ,,1,0,0,0,0,0,,Leucogranito
1237,Point ZM,FLPR-04b,5922317,702716,235.0,Leucogranito,LGR,689.39,2.800393,28003.93,1008.76,0.0,5.0,5.0,10.0,0.003,30.0,0.214602,2146.02,2.0,3.06,135.7,10.1,95.26,168.67,271.67,, , ,,0,0,0,0,0,0,,Leucogranito
1238,Point ZM,FLPR-04c,5922317,702716,235.0,Granito de biotita,GB,382.95,3.033366,30333.66,825.89,0.231532,2315.32,5.0,10.0,0.003,30.0,3.260148,32601.48,34.41,52.6473,95.33,0.5,107.05,186.55,267.4,, , ,,1,0,0,0,0,0,,Granito de biotita
1239,Point ZM,FLPR-05a,5923035,700915,170.0,Granito de biotita,GB,515.86,0.930092,9300.92,14778.96,0.269859,2698.59,5.0,10.0,0.003,30.0,4.645041,46450.41,13.9,21.267,166.09,33.37,136.41,177.96,331.62,, , ,,0,0,0,0,0,0,,Granito de biotita
1240,Point ZM,FLPR-05b,5923035,700915,170.0,Dique dacitico,DDA,590.8,4.580972,45809.72,2265.74,0.0,5.0,5.0,10.0,0.164457,1644.57,3.478986,34789.86,2.0,3.06,267.98,0.5,207.26,379.25,572.14,, , ,,1,0,0,0,0,0,,Dique Dacitico
1241,Point ZM,FLPR-06,5923188,698547,143.0,Granito de Biotita y Anfibol,GBA,517.43,0.890066,8900.66,13604.87,0.236553,2365.53,5.0,10.0,0.003,30.0,4.383614,43836.14,25.06,38.3418,192.27,16.77,145.42,175.17,389.85,0, , ,,0,0,0,0,0,0,DUP_1/2,Granito de Biotita y Anfibol
1242,Point ZM,FLPR-07,5924455,707493,0.0,Granito de biotita,GB,269.8,2.483708,24837.08,491.49,0.397764,3977.64,5.0,10.0,0.003,30.0,7.204961,72049.61,19.85,30.3705,156.46,0.5,113.37,162.99,301.69,, , ,,1,0,0,0,0,0,,Granito de biotita
1243,Point ZM,FLPR-08A,5926434,706226,235.0,Granito de Biotita y Anfibol,GBA,368.77,1.210356,12103.56,3356.76,0.0,5.0,5.0,10.0,0.003,30.0,2.137237,21372.37,2.0,3.06,115.64,10.92,92.24,111.35,165.75,, , ,,0,0,0,0,0,0,,Granito de Biotita y Anfibol
1244,Point ZM,FLPR-08B,5926434,706226,235.0,Granito de Biotita y Anfibol,GBA,556.9,0.573131,5731.31,17354.52,0.173732,1737.32,5.0,10.0,0.003,30.0,3.515751,35157.51,8.05,12.3165,310.13,13.75,229.44,398.06,626.45,, , ,,0,0,0,0,0,0,,Granito de Biotita y Anfibol
1245,Point ZM,FLPR-09,5929007,705891,233.0,Granito de biotita?,GB,432.78,0.93174,9317.4,812.77,0.252849,2528.49,5.0,10.0,0.003,30.0,4.283458,42834.58,7.59,11.6127,155.93,0.5,130.26,139.42,270.47,, , ,,1,0,0,0,0,0,,Granito de biotita?
1246,Point ZM,FLPR-10,5930495,705906,205.0,Granito de Biotita,GB,669.4,0.781916,7819.16,13175.01,0.124244,1242.44,5.0,10.0,0.003,30.0,2.871435,28714.35,6.43,9.8379,166.81,11.5,114.3,140.34,229.19,, , ,,0,0,0,0,0,0,,Granito de Biotita
1247,Point ZM,FLPR-11,5931815,705309,246.0,Granito de Biotita,GB,375.77,1.097198,10971.98,4230.45,0.264088,2640.88,5.0,10.0,0.003,30.0,3.540234,35402.34,16.13,24.6789,159.52,17.94,86.03,94.57,194.12,, , ,,0,0,0,0,0,0,,Granito de Biotita
1248,Point ZM,FLPR-12,5932183,704160,195.0,Granito de Biotita,GB,367.27,0.593848,5938.48,4074.01,0.225424,2254.24,5.0,10.0,0.003,30.0,4.57755,45775.5,17.99,27.5247,87.64,20.17,25.0,32.0,45.0,, , ,,0,0,0,0,0,0,,Granito de Biotita
1249,Point ZM,FLPR-13,5932013,702631,217.0,Granito de Biotita,GB,360.59,1.083091,10830.91,997.96,0.316783,3167.83,5.0,10.0,0.003,30.0,5.214209,52142.09,12.69,19.4157,87.19,15.76,67.28,93.69,183.03,, , ,,0,0,0,0,0,0,,Granito de Biotita
1250,Point ZM,FLPR-14,5931657,700820,230.0,Granito de Biotita,GB,288.89,0.949663,9496.63,2449.03,0.231745,2317.45,5.0,10.0,0.003,30.0,3.037359,30373.59,14.93,22.8429,89.41,19.26,59.82,32.0,150.39,, , ,,0,0,0,0,0,0,,Granito de Biotita
1251,Point ZM,FLPR-15,5930207,702123,209.0,Granito de Biotita,GB,332.69,1.79614,17961.4,240.78,0.206059,2060.59,5.0,10.0,0.003,30.0,3.284045,32840.45,7.12,10.8936,98.16,16.38,71.63,98.63,121.22,, , ,,0,0,0,0,0,0,,Granito de Biotita
1252,Point ZM,FLPR-16,5928065,704674,260.0,Granito de Biotita,GB,440.63,0.980162,9801.62,710.16,0.315988,3159.88,5.0,10.0,0.003,30.0,5.378309,53783.09,21.71,33.2163,111.04,17.94,96.45,118.01,200.4,, , ,,0,0,0,0,0,0,,Granito de Biotita
1253,Point ZM,FLPR-17,5928516,701920,208.0,Granito de Biotita,GB,449.76,0.930268,9302.68,638.72,0.342509,3425.09,5.0,10.0,0.003,30.0,4.537359,45373.59,11.14,17.0442,121.34,10.28,103.85,157.4,231.41,, , ,,0,0,0,0,0,0,,Granito de Biotita
1254,Point ZM,FLPR-19,5928978,699635,178.0,Granito de Biotita,GB,401.14,1.276928,12769.28,6827.59,0.338259,3382.59,5.0,10.0,0.003,30.0,5.137989,51379.89,13.98,21.3894,136.31,23.1,168.02,221.6,360.44,, , ,,0,0,0,0,0,0,,Granito de Biotita
1255,Point ZM,FLPR-20,5923279,700137,177.0,Granito de Biotita y Anfibol,GBA,655.35,1.127432,11274.32,11427.26,0.333105,3331.05,5.0,10.0,0.003,30.0,5.303246,53032.46,17.23,26.3619,193.0,12.22,161.69,236.61,376.62,, , ,,0,0,0,0,0,0,,Granito de Biotita y Anfibol
1256,Point ZM,FLPR-21,5924187,702850,225.0,Granito de Biotita y Anfibol,GBA,790.47,0.655815,6558.15,5583.72,0.251542,2515.42,5.0,10.0,0.182861,1828.61,4.403963,44039.63,12.71,19.4463,80.74,7.78,25.0,86.76,140.58,, , ,,0,0,0,0,0,0,,Granito de Biotita y Anfibol
1257,Point ZM,FLPR-23,5923547,699271,192.0,Granito de Biotita y Anfibol,GBA,603.63,1.018247,10182.47,15482.44,0.261345,2613.45,5.0,10.0,0.003,30.0,2.882956,28829.56,7.48,11.4444,229.67,0.5,200.34,247.46,426.5,, , ,,1,0,0,0,0,0,,Granito de Biotita y Anfibol
1258,Point ZM,FLPR-24,5924084,698023,194.0,Granito de Biotita,GB,261.55,1.087131,10871.31,2211.42,0.336032,3360.32,5.0,10.0,0.003,30.0,4.936343,49363.43,25.31,38.7243,98.04,15.45,107.52,147.47,199.38,, , ,,0,0,0,0,0,0,,Granito de Biotita
1259,Point ZM,CCPR-07,5923947,692337,108.0,Granito de Biotita,GB,463.96,2.377326,23773.26,1664.59,0.0,5.0,5.0,10.0,0.003,30.0,1.729042,17290.42,41.86,64.0458,135.58,16.44,116.56,184.41,294.4,, , ,,0,0,0,0,0,0,,Granito de Biotita
1260,Point ZM,CCPR-08,5922890,692695,228.0,Granito de Biotita,GB,763.08,0.72443,7244.3,3250.66,0.0,5.0,5.0,10.0,0.003,30.0,1.612679,16126.79,17.15,26.2395,60.76,0.5,25.0,32.0,45.0,, , ,,1,0,0,0,0,0,,Granito de Biotita
1261,Point ZM,CCPR-09,5923205,692944,272.0,Granito de Biotita,GB,562.18,1.312921,13129.21,628.37,0.174336,1743.36,5.0,10.0,0.003,30.0,3.718704,37187.04,29.58,45.2574,106.79,35.0,66.46,91.96,146.58,, , ,,0,0,0,0,0,0,,Granito de Biotita
1262,Point ZM,CCPR-10,5924573,696771,120.0,Granito de Biotita,GB,434.83,0.957641,9576.41,2598.33,0.295729,2957.29,5.0,10.0,0.003,30.0,3.759994,37599.94,9.68,14.8104,30.0,0.5,25.0,32.0,45.0,, , ,,1,0,0,0,0,0,,Granito de Biotita
1263,Point ZM,CCPR-11,5924071,695635,154.0,Granito de Biotita y Anfibol,GBA,766.16,0.601678,6016.78,16727.34,0.0,5.0,5.0,10.0,0.003,30.0,4.777252,47772.52,28.98,44.3394,120.12,16.76,84.33,194.88,305.73,, , ,,0,0,0,0,0,0,,Granito de Biotita y Anfibol
1264,Point ZM,CCPR-12A,5923476,694636,0.0,Granito de Biotita,GB,7299.46,1.041708,10417.08,4968.69,0.26836,2683.6,5.0,10.0,0.003,30.0,3.497619,34976.19,9.13,13.9689,141.36,13.96,95.22,96.48,191.58,, , ,,0,0,0,0,0,0,,Granito de Biotita
1265,Point ZM,CCPR-12B,5923476,694636,0.0,Microdiorita,MDRTO,552.25,1.141679,11416.79,2896.31,0.294388,2943.88,5.0,10.0,0.792823,7928.23,7.095426,70954.26,16.81,25.7193,292.61,12.95,177.32,367.29,645.91,, , ,,0,0,0,0,0,0,,Microdiorita
1266,Point ZM,CCPR-13A,5924501,692240,100.0,Leucogranito,LGR,752.98,2.142863,21428.63,3520.25,0.0,5.0,5.0,10.0,0.003,30.0,0.965149,9651.49,4.19,6.4107,64.08,0.5,25.0,32.0,151.88,, , ,,1,0,0,0,0,0,,Leucogranito
1267,Point ZM,CCPR-13B,5924501,692240,100.0,Leucogranito,LGR,1115.03,2.179444,21794.44,849.14,0.0,5.0,5.0,10.0,0.003,30.0,0.411005,4110.05,2.0,3.06,187.52,0.5,147.75,258.95,418.12,, , ,,1,0,0,0,0,0,,Leucogranito
1268,Point ZM,CCPR-14,5924409,692135,84.0,Migmatita?,MIG,1043.07,1.171464,11714.64,11114.0,0.831798,8317.98,5.0,10.0,0.003,30.0,6.074428,60744.28,19.67,30.0951,294.6,22.99,226.46,380.17,641.69,, , ,,0,0,0,0,0,0,,Migmatita
1269,Point ZM,CCPR-15A,5924059,684405,41.0,Granito de Biotita,GB,403.63,1.746564,17465.64,832.62,0.395496,3954.96,5.0,10.0,0.003,30.0,5.436204,54362.04,14.39,22.0167,155.25,23.91,91.91,131.83,191.5,, , ,,0,0,0,0,0,0,,Granito de Biotita
1270,Point ZM,CCPR-15B,5924059,684405,41.0,Dique Aplitico,DA,411.15,1.509888,15098.88,310.76,0.0,5.0,5.0,10.0,0.003,30.0,1.176947,11769.47,2.0,3.06,30.0,0.5,25.0,32.0,45.0,, , ,,1,0,0,0,0,0,,Dique Aplitico
1271,Point ZM,CCPR-15C,5924059,684405,41.0,Cen?/Metapelita,MP,392.02,1.149279,11492.79,610.12,0.306012,3060.12,5.0,10.0,0.003,30.0,4.255971,42559.71,9.7,14.841,84.78,0.5,66.3,92.98,149.95,, , ,,1,0,0,0,0,0,,Metapelita
1272,Point ZM,CCPR-16A,5922342,685455,33.0,Granito de Biotita,GB,381.61,1.277905,12779.05,9061.84,0.261569,2615.69,5.0,10.0,0.003,30.0,4.133214,41332.14,10.24,15.6672,144.06,0.5,130.13,195.68,266.83,, , ,,1,0,0,0,0,0,,Granito de Biotita
1273,Point ZM,CCPR-16B,5922342,685455,33.0,Cen?/Metapelita,MP,676.55,2.258867,22588.67,4326.8,0.475806,4758.06,5.0,10.0,0.003,30.0,7.470019,74700.19,30.59,46.8027,265.71,19.51,198.84,313.03,500.04,, , ,,0,0,0,0,0,0,,Metapelita
1274,Point ZM,CCPR-16C,5922342,685455,33.0,Cen?/Metapelita,MP,396.38,1.58893,15889.3,1636.12,0.378584,3785.84,5.0,10.0,0.003,30.0,14.530508,145305.08,27.08,41.4324,427.02,20.81,354.72,578.08,924.52,, , ,,0,0,0,0,0,0,,Metapelita
1275,Point ZM,CCPR-17A,5923976,696824,160.0,Granito de Biotita,GB,422.98,1.026011,10260.11,12483.39,0.477956,4779.56,5.0,10.0,0.003,30.0,6.584254,65842.54,26.23,40.1319,162.01,23.7,127.17,178.0,321.47,, , ,,0,0,0,0,0,0,,Granito de Biotita
1276,Point ZM,CCPR-17B,5923976,696824,160.0,Microdiorita,MDRT,284.17,0.712737,7127.37,11301.94,0.741237,7412.37,5.0,10.0,0.202114,2021.14,9.178827,91788.27,37.44,57.2832,274.55,0.5,266.43,444.06,789.89,, , ,,1,0,0,0,0,0,,Microdiorita
1277,Point ZM,CCPR-17C,5923976,696824,160.0,Dique Pegm,DPG,486.34,1.465253,14652.53,2366.75,0.0,5.0,5.0,10.0,0.17362,1736.2,0.905397,9053.97,6.35,9.7155,175.78,13.75,161.17,258.44,437.54,, , ,,0,0,0,0,0,0,,Dique Pegmatitico
1278,Point ZM,POPR-01,5929090,696067,127.0,Granito de Biotita,GB,503.31,0.92283,9228.3,2228.51,0.263211,2632.11,5.0,10.0,0.003,30.0,4.010481,40104.81,20.6,31.518,101.81,9.76,85.55,95.85,179.18,, , ,,0,0,0,0,0,0,,Granito de Biotita
1279,Point ZM,POPR-02,5930392,697375,144.0,Granito de Biotita,GB,589.58,1.103885,11038.85,944.5,0.247811,2478.11,5.0,10.0,0.003,30.0,4.35914,43591.4,20.11,30.7683,86.41,14.25,25.0,150.28,179.04,, , ,,0,0,0,0,0,0,,Granito de Biotita
1280,Point ZM,POPR-03,5929609,697854,129.0,Granito de Biotita,GB,480.74,1.188769,11887.69,2333.6,0.321151,3211.51,5.0,10.0,0.003,30.0,5.162429,51624.29,29.93,45.7929,160.7,16.96,117.14,141.81,233.38,, , ,,0,0,0,0,0,0,,Granito de Biotita
1281,Point ZM,POPR-04,5930038,696890,0.0,Granito de Biotita,GB,621.8,0.89661,8966.1,3391.06,0.23154,2315.4,5.0,10.0,0.003,30.0,2.449462,24494.62,6.93,10.6029,92.23,0.5,71.39,89.11,127.87,, , ,,1,0,0,0,0,0,,Granito de Biotita
1282,Point ZM,POPR-05,5930083,696223,153.0,Granito de Biotita,GB,558.03,0.93971,9397.1,2380.15,0.304709,3047.09,5.0,10.0,0.003,30.0,4.722135,47221.35,14.32,21.9096,122.45,13.94,25.0,32.0,106.07,, , ,,0,0,0,0,0,0,,Granito de Biotita
1283,Point ZM,POPR-06,5932070,697353,166.0,Granito de Biotita,GB,556.31,1.255067,12550.67,4501.63,0.380924,3809.24,5.0,10.0,0.003,30.0,4.992021,49920.21,27.69,42.3657,133.02,24.0,25.0,101.39,165.53,, , ,,0,0,0,0,0,0,,Granito de Biotita
1284,Point ZM,POPR-07,5931200,697110,145.0,Granito de Biotita,GB,543.49,0.558842,5588.42,8817.86,0.282086,2820.86,5.0,10.0,0.003,30.0,4.907961,49079.61,30.86,47.2158,184.85,8.85,150.23,214.76,386.55,, , ,,0,0,0,0,0,0,,Granito de Biotita
1285,Point ZM,POPR-8A,5928062,695322,121.0,Granito de Biotita,GB,465.82,1.263656,12636.56,8063.35,0.218227,2182.27,5.0,10.0,0.003,30.0,2.531809,25318.09,8.65,13.2345,128.95,0.5,130.03,166.63,288.03,, , ,,1,0,0,0,0,0,,Granito de Biotita
1286,Point ZM,POPR-8B,5928062,695322,121.0,Pegmatita,PG,897.58,2.127025,21270.25,1417.96,0.0,5.0,5.0,10.0,0.003,30.0,0.292052,2920.52,2.0,3.06,128.22,0.5,100.46,196.29,261.93,, , ,,1,0,0,0,0,0,,Pegmatita
1287,Point ZM,POPR-8C,5928062,695322,121.0,Granito de Biotita,GB,636.11,0.98152,9815.2,5978.89,0.299854,2998.54,5.0,10.0,0.003,30.0,4.678068,46780.68,15.7,24.021,155.43,0.5,73.64,107.14,190.98,, , ,,1,0,0,0,0,0,,Granito de Biotita
1288,Point ZM,POPR-8D,5928062,695322,121.0,Granito de Biotita,GB,763.61,0.713183,7131.83,8863.25,0.159819,1598.19,5.0,10.0,0.003,30.0,3.020754,30207.54,7.87,12.0411,116.94,0.5,70.1,123.46,189.58,, , ,,1,0,0,0,0,0,,Granito de Biotita
1289,Point ZM,POPR-8E,5928062,695322,121.0,Pegmatita,PG,355.21,1.231436,12314.36,4072.25,0.0,5.0,5.0,10.0,0.003,30.0,3.498272,34982.72,71.85,109.9305,124.41,55.6,60.18,32.0,45.0,, , ,,0,0,0,0,0,0,,Pegmatita
1290,Point ZM,POPR-09,5926197,694729,111.0,Granito de Biotita,GB,506.14,1.028596,10285.96,552.49,0.238865,2388.65,5.0,10.0,0.003,30.0,4.657127,46571.27,7.68,11.7504,30.0,0.5,25.0,32.0,45.0,, , ,,1,0,0,0,0,0,,Granito de Biotita
1291,Point ZM,POPR-10,5925352,693835,141.0,Granito de Biotita,GB,780.09,0.915695,9156.95,472.45,0.298539,2985.39,5.0,10.0,0.003,30.0,4.494742,44947.42,13.02,19.9206,135.3,0.5,79.79,121.32,153.7,, , ,,1,0,0,0,0,0,,Granito de Biotita
1292,Point ZM,POPR-11(1),5926796,693012,177.0,Granito de biotita,GB,1222.36,1.305399,13053.99,524.54,0.162683,1626.83,5.0,10.0,0.003,30.0,4.566818,45668.18,18.68,28.5804,87.19,0.5,70.37,94.23,129.38,, , ,,1,0,0,0,0,0,,Granito de biotita
1293,Point ZM,POPR-11(2),5929976,692489,341.0,Granito de biotita,GB,698.59,0.402755,4027.55,303.97,0.442597,4425.97,5.0,10.0,0.003,30.0,6.124559,61245.59,30.09,46.0377,118.91,0.5,73.56,115.25,175.54,, , ,,1,0,0,0,0,0,,Granito de biotita
1294,Point ZM,POPR-12A,5929043,693261,0.0,Granito de biotita,GB,803.43,0.716088,7160.88,242.27,0.290433,2904.33,5.0,10.0,0.003,30.0,5.521761,55217.61,7.7,11.781,96.87,11.63,25.0,111.64,45.0,, , ,,0,0,0,0,0,0,,Granito de biotita
1295,Point ZM,POPR-12B,5929043,693261,0.0,Granito de biotita,GB,979.19,1.0551,10551.0,1367.6,0.224573,2245.73,5.0,10.0,0.003,30.0,4.301832,43018.32,6.75,10.3275,211.27,18.71,157.97,280.51,357.57,, , ,,0,0,0,0,0,0,,Granito de biotita
1296,Point ZM,POPR-13B,5928447,693412,0.0,Granito de biotita,GB,640.66,0.834843,8348.43,203.99,0.225044,2250.44,5.0,10.0,0.003,30.0,3.887504,38875.04,17.04,26.0712,129.65,10.0,75.06,97.17,163.98,, , ,,0,0,0,0,0,0,,Granito de biotita
1297,Point ZM,POPR-14,5928929,693213,0.0,Granito de biotita,GB,746.66,2.711821,27118.21,25.0,0.0,5.0,5.0,10.0,0.003,30.0,1.818424,18184.24,5.79,8.8587,119.09,26.55,94.81,121.69,165.56,, , ,,0,0,0,0,0,0,,Granito de biotita
1298,Point ZM,POPR-15,5928438,692876,0.0,Granito de biotita,GB,688.35,1.086402,10864.02,11849.91,0.279931,2799.31,5.0,10.0,0.003,30.0,5.297149,52971.49,17.71,27.0963,244.91,10.95,176.28,244.77,376.99,, , ,,0,0,0,0,0,0,,Granito de biotita
1299,Point ZM,POPR-16,5928547,692292,0.0,Granito de biotita,GB,573.7,1.015321,10153.21,285.07,0.332803,3328.03,5.0,10.0,0.003,30.0,5.047658,50476.58,12.57,19.2321,92.78,8.71,63.66,32.0,157.95,, , ,,0,0,0,0,0,0,,Granito de biotita
1300,Point ZM,POPR-17A,5927962,692825,0.0,Granito de biotita,GB,607.46,1.013017,10130.17,25.0,0.289752,2897.52,5.0,10.0,0.003,30.0,4.369568,43695.68,25.94,39.6882,82.31,0.5,25.0,107.38,177.96,, , ,,1,0,0,0,0,0,,Granito de biotita
1301,Point ZM,POPR-17C,5927962,692825,0.0,Microgranito de biotita,MGR,550.52,1.209404,12094.04,25.0,0.388176,3881.76,5.0,10.0,0.003,30.0,5.034652,50346.52,17.22,26.3466,216.15,8.52,168.06,269.52,408.75,, , ,,0,0,0,0,0,0,,Microgranito de Biotita
1302,Point ZM,POPR-17B,5927962,692825,246.0,Microgranito de biotita,MGR,589.07,1.35895,13589.5,25.0,0.3721,3721.0,5.0,10.0,0.003,30.0,5.144345,51443.45,16.83,25.7499,131.17,8.29,109.95,168.11,203.86,77, , ,,0,0,0,0,0,0,,Microgranito de Biotita
1303,Point ZM,POPR-18,5927951,693236,270.0,Granito de biotita,GB,753.68,0.0,10603.3,380.24,0.169247,1692.47,5.0,10.0,0.003,30.0,0.0,30850.34,7.11,10.8783,86.93,22.03,25.0,67.85,110.35,, , ,,0,0,0,0,0,0,,Granito de biotita
1304,Point ZM,POPR-19A,5923947,691380,93.0,Granito de biotita,GB,705.47,0.0,10188.23,8717.82,0.336046,3360.46,5.0,10.0,0.003,30.0,0.0,41418.02,11.7,17.901,114.93,11.06,76.18,130.82,181.54,0, , ,,0,0,0,0,0,0,,Granito de biotita
1305,Point ZM,POPR-19B,5924913,692455,85.0,Granito de biotita,GB,710.73,0.0,7307.52,8804.55,0.215559,2155.59,5.0,10.0,0.003,30.0,0.0,31124.6,14.76,22.5828,139.6,8.21,80.79,182.14,250.99,, , ,,0,0,0,0,0,0,DUP_1/2,Granito de biotita
1306,Point ZM,POPR-19B,5924913,692455,85.0,Granito de Biotita,GB,401.04,0.770096,7700.96,7922.46,0.241121,2411.21,5.0,10.0,0.003,30.0,3.5976,35976.0,13.13,20.0889,120.87,0.5,25.0,117.53,156.32,, , ,,1,0,0,0,0,0,DUP_2/2,Granito de Biotita
1307,Point ZM,POPR-20,5925971,696857,139.0,Granito de biotita,GB,459.85,0.960012,9600.12,4308.41,0.432746,4327.46,5.0,10.0,0.003,30.0,5.670715,56707.15,22.67,34.6851,158.54,0.5,120.34,164.95,248.55,, , ,,1,0,0,0,0,0,,Granito de biotita
1308,Point ZM,POPR-21,5927316,695727,162.0,Granito de biotita,GB,633.87,1.821105,18211.05,25.0,0.197623,1976.23,5.0,10.0,0.003,30.0,3.596572,35965.72,19.65,30.0645,91.24,15.2,64.95,77.81,101.04,, , ,,0,0,0,0,0,0,,Granito de biotita
1309,Point ZM,POPR-22,5929099,697055,169.0,Granito de biotita,GB,598.41,1.649337,16493.37,2508.19,0.3442,3442.0,5.0,10.0,0.003,30.0,4.486977,44869.77,20.67,31.6251,128.0,11.18,89.72,116.29,136.18,, , ,,0,0,0,0,0,0,,Granito de biotita
1310,Point ZM,POPR-23,5928036,698215,183.0,Granito de biotita,GB,365.97,1.465243,14652.43,474.49,0.282472,2824.72,5.0,10.0,0.003,30.0,5.133576,51335.76,8.7,13.311,126.15,11.5,67.16,78.87,186.79,, , ,,0,0,0,0,0,0,,Granito de biotita
1311,Point ZM,BEPR-01,5929978,683528,301.0,Granito de granate,GG,669.16,0.737103,7371.03,5395.73,0.374057,3740.57,5.0,10.0,0.233374,2333.74,11.130904,111309.04,326.97,500.2641,582.33,94.75,442.18,442.97,752.24,159, , ,,0,0,0,0,0,0,,Granito de Granate
1312,Point ZM,VTT JUAN CHICO,5937672,690625,331.0,Vetilla Oxidos,VTT,689.16,1.284134,12841.34,25.0,0.88059,8805.9,5.0,10.0,0.269883,2698.83,11.00276,110027.6,117.06,179.1018,222.04,0.5,149.49,240.3,411.4,, , ,,1,0,0,0,0,0,DUP_2/2,Vetilla de Oxidos
1313,Point ZM,LPPR22,5922093,689170,154.0,Granito de biotita,GB,445.41,0.0,13734.22,270.06,0.544172,5441.72,5.0,10.0,0.003,30.0,0.0,60575.98,35.78,54.7434,97.56,0.5,69.49,157.45,188.12,135, , ,,1,0,0,0,0,0,,Granito de biotita
1314,Point ZM,LPPR-23,5923623,690611,84.0,Granito de biotita,GB,851.19,0.0,12769.1,1633.57,0.0005,5.0,5.0,10.0,0.003,30.0,0.0,13995.29,25.26,38.6478,136.9,8.7,114.45,199.66,281.27,12, , ,,0,0,0,0,0,0,DUP_1/2,Granito de biotita
1315,Point ZM,lppr-24a,5931974,685297,0.0,Metapelita,MP,123.84,0.483766,4837.66,261.17,0.483774,4837.74,5.0,10.0,0.003,30.0,6.635343,66353.43,31.55,48.2715,157.53,25.77,110.37,141.31,253.6,0, , ,,0,0,0,0,0,0,,Metapelita
1316,Point ZM,lppr-24b,5931974,685297,0.0,Metapelita,MP,268.0,0.670184,6701.84,25.0,0.733446,7334.46,5.0,10.0,0.003,30.0,8.855259,88552.59,31.4,48.042,293.33,22.9,225.88,285.04,470.99,, , ,,0,0,0,0,0,0,,Metapelita
1317,Point ZM,lppr-24c,5931974,685297,0.0,Metapelita,MP,368.31,1.468542,14685.42,1756.57,0.263128,2631.28,5.0,10.0,0.003,30.0,4.00554,40055.4,32.59,49.8627,264.68,23.58,198.77,325.55,564.67,, , ,,0,0,0,0,0,0,,Metapelita
1318,Point ZM,lppr-25a,5931895,685586,0.0,Granito de granate,GG,271.99,0.738078,7380.78,25.0,0.422894,4228.94,5.0,10.0,0.259399,2593.99,9.11312,91131.2,116.45,178.1685,351.98,55.87,192.42,210.91,396.88,12, , ,,0,0,0,0,0,0,,Granito de Granate
1319,Point ZM,lppr-25b,5931895,685586,0.0,Granito de granate,GG,1071.48,0.482083,4820.83,1625.34,0.524036,5240.36,5.0,10.0,0.237404,2374.04,10.018489,100184.89,119.32,182.5596,556.76,60.54,312.87,340.72,618.77,, , ,,0,0,0,0,0,0,,Granito de Granate
1320,Point ZM,lppr-26a,5931872,685774,0.0,Granito de biotita,GB,3258.46,0.439096,4390.96,25.0,0.179549,1795.49,5.0,10.0,0.003,30.0,4.518006,45180.06,5.04,7.7112,100.18,10.99,56.8,87.19,119.79,, , ,,0,0,0,0,0,0,,Granito de biotita
1321,Point ZM,lppr-26b,5931872,685774,0.0,Microdiorita,MP,346.85,1.105322,11053.22,25.0,0.611388,6113.88,5.0,10.0,0.003,30.0,7.143418,71434.18,32.75,50.1075,183.27,26.47,158.36,266.85,460.09,, , ,,0,0,0,0,0,0,,Microdiorita
1322,Point ZM,lppr-27,5931783,686119,0.0,Granito de biotita,GB,273.87,1.190738,11907.38,25.0,0.224544,2245.44,5.0,10.0,0.003,30.0,3.356814,33568.14,10.98,16.7994,30.0,12.26,25.0,32.0,45.0,, , ,,0,0,0,0,0,0,,Granito de biotita
1323,Point ZM,lppr-28,5931724,686824,0.0,Metapelita,MP,343.28,1.072502,10725.02,25.0,0.603139,6031.39,5.0,10.0,0.003,30.0,5.028567,50285.67,24.87,38.0511,280.11,20.88,206.79,279.8,533.22,, , ,,0,0,0,0,0,0,,Metapelita
1324,Point ZM,lppr-29a,5931938,687004,0.0,Granito de biotita,GB,228.69,2.007888,20078.88,25.0,0.214245,2142.45,5.0,10.0,0.003,30.0,3.236913,32369.13,29.84,45.6552,113.18,10.47,72.03,84.04,119.49,, , ,,0,0,0,0,0,0,,Granito de biotita
1325,Point ZM,lppr-31,5931209,690526,0.0,Granito de biotita,GB,305.63,1.319293,13192.93,25.0,0.413637,4136.37,5.0,10.0,0.003,30.0,5.596738,55967.38,48.06,73.5318,120.14,9.97,92.94,142.06,218.44,176, , ,,0,0,0,0,0,0,,Granito de biotita
1326,Point ZM,popr-24,5931310,691423,0.0,Granito de biotita,GB,319.69,1.123482,11234.82,927.9,0.304971,3049.71,5.0,10.0,0.003,30.0,4.631054,46310.54,50.29,76.9437,116.51,11.63,121.88,130.12,203.91,124, , ,,0,0,0,0,0,0,,Granito de biotita
1327,Point ZM,popr-25,5931473,691600,0.0,Granito de biotita,GB,296.7,1.390169,13901.69,25.0,0.31541,3154.1,5.0,10.0,0.003,30.0,5.125041,51250.41,68.67,105.0651,107.15,9.6,100.27,82.66,172.04,135, , ,,0,0,0,0,0,0,,Granito de biotita
1328,Point ZM,popr-26a,5930989,693358,0.0,Microgranito de biotita,GB,460.04,1.542174,15421.74,3032.43,0.146299,1462.99,5.0,10.0,0.003,30.0,1.755982,17559.82,16.65,25.4745,157.68,24.37,125.74,215.8,325.42,, , ,,0,0,0,0,0,0,,Microgranito de Biotita
1329,Point ZM,popr-26b,5930989,693358,0.0,Microgranito de biotita,GB,251.75,1.79968,17996.8,25.0,0.0,5.0,5.0,10.0,0.003,30.0,2.500454,25004.54,4.4,6.732,100.93,10.09,101.47,127.01,185.4,, , ,,0,0,0,0,0,0,,Microgranito de Biotita
1330,Point ZM,popr-27,5931306,693897,0.0,Microgranito de biotita/aplita,GB,315.96,0.781,7810.0,2186.08,0.0,5.0,5.0,10.0,0.003,30.0,3.467195,34671.95,4.0,6.12,170.98,13.58,159.95,296.31,432.1,, , ,,0,0,0,0,0,0,,Microgranito de Biotita
1331,Point ZM,popr-28,5931348,693926,0.0,Granito de biotita,GB,2070.03,2.144743,21447.43,25.0,0.0,5.0,5.0,10.0,0.003,30.0,2.067603,20676.03,11.44,17.5032,136.78,17.16,110.35,149.17,266.64,, , ,,0,0,0,0,0,0,,Granito de biotita
1332,Point ZM,popr-29,5931990,694665,0.0,Granito de biotita,GB,382.45,1.234033,12340.33,25.0,0.18201,1820.1,5.0,10.0,0.003,30.0,2.667366,26673.66,10.47,16.0191,103.3,11.56,123.73,111.43,190.82,, , ,,0,0,0,0,0,0,,Granito de biotita
1333,Point ZM,flpr-25,5924077,700384,0.0,Granito de biotita,GB,537.32,0.866711,8667.11,929.56,0.285461,2854.61,5.0,10.0,0.003,30.0,4.577346,45773.46,28.84,44.1252,142.04,12.53,88.74,32.0,193.61,, , ,,0,0,0,0,0,0,,Granito de biotita
1334,Point ZM,pbpr-01a,5920328,685742,0.0,Granito de biotita,GB,2641.83,1.050827,10508.27,4266.74,0.397328,3973.28,5.0,10.0,0.003,30.0,4.581205,45812.05,19.96,30.5388,157.44,12.42,132.65,198.58,274.6,, , ,,0,0,0,0,0,0,,Granito de biotita
1335,Point ZM,pbpr-01b,5920328,685742,0.0,Pegmatita,PG,3890.14,2.380632,23806.32,1069.48,0.101401,1014.01,5.0,10.0,0.003,30.0,1.407018,14070.18,21.76,33.2928,115.56,10.46,25.0,119.34,165.08,12, , ,,0,0,0,0,0,0,,Pegmatita
1336,Point ZM,pbpr-01c,5920328,685742,0.0,Pegmatita,PG,2031.35,1.509606,15096.06,1987.51,0.261919,2619.19,5.0,10.0,0.274229,2742.29,5.047731,50477.31,26.61,40.7133,266.31,0.5,218.81,372.18,464.22,, , ,,1,0,0,0,0,0,,Pegmatita
1337,Point ZM,pbpr-02,5919906,686839,0.0,Granito de biotita,GB,370.95,1.283781,12837.81,634.75,0.339873,3398.73,5.0,10.0,0.003,30.0,4.199338,41993.38,15.71,24.0363,118.25,22.71,93.65,124.17,251.3,, , ,,0,0,0,0,0,0,,Granito de biotita
1338,Point ZM,chpr-01a,5919255,688522,0.0,Pegmatita,PG,285.04,0.921498,9214.98,1800.74,0.0,5.0,5.0,155.32,0.003,30.0,1.071203,10712.03,2.0,3.06,173.61,0.5,166.04,261.96,419.85,, , ,,1,0,0,0,0,0,,Pegmatita
1339,Point ZM,chpr-01b,5919255,688522,0.0,Pegmatita,PG,324.63,1.375551,13755.51,1429.89,0.0,5.0,5.0,10.0,0.196043,1960.43,0.624986,6249.86,36.66,56.0898,139.01,0.5,118.96,167.99,318.91,, , ,,1,0,0,0,0,0,,Pegmatita
1340,Point ZM,chpr-01c,5919255,688522,0.0,Microdiorita,MDRT,3531.45,1.958765,19587.65,2390.4,0.304599,3045.99,5.0,10.0,0.947891,9478.91,6.449941,64499.41,14.26,21.8178,232.22,0.5,174.53,310.0,512.78,, , ,,1,0,0,0,0,0,,Microdiorita
1341,Point ZM,chpr-01d,5919255,688522,0.0,Granito de biotita,GB,432.46,1.576463,15764.63,2503.11,0.27661,2766.1,5.0,10.0,0.003,30.0,3.549371,35493.71,6.72,10.2816,84.63,0.5,90.72,93.74,154.21,, , ,,1,0,0,0,0,0,,Granito de biotita
1342,Point ZM,chpr-01e,5919255,688522,0.0,Granito de biotita,GB,333.73,2.030398,20303.98,1780.51,0.0,5.0,5.0,10.0,0.003,30.0,0.576249,5762.49,6.82,10.4346,153.89,7.22,159.59,249.27,358.66,, , ,,0,0,0,0,0,0,,Granito de biotita
1343,Point ZM,chpr-02,5919214,690074,0.0,Granito de biotita,GB,522.88,1.385363,13853.63,3458.36,0.183695,1836.95,5.0,10.0,0.003,30.0,3.010016,30100.16,7.73,11.8269,70.89,8.6,25.0,32.0,143.23,, , ,,0,0,0,0,0,0,,Granito de biotita
1344,Point ZM,chpr-03,5918121,692716,0.0,Granito de biotita,GB,3127.22,1.317166,13171.66,1760.24,0.249709,2497.09,5.0,10.0,0.003,30.0,4.031946,40319.46,11.52,17.6256,30.0,0.5,25.0,32.0,45.0,, , ,,1,0,0,0,0,0,,Granito de biotita
1345,Point ZM,chpr-03b,5918121,692716,0.0,Granito de biotita,GB,519.66,0.501512,5015.12,12335.43,0.0,5.0,5.0,10.0,0.003,30.0,4.563291,45632.91,42.98,65.7594,177.75,13.64,148.55,283.4,408.15,, , ,,0,0,0,0,0,0,,Granito de biotita
1346,Point ZM,chpr-04,5917625,693947,0.0,Granito de biotita,GB,398.1,0.861329,8613.29,7149.56,0.484779,4847.79,5.0,10.0,0.003,30.0,5.412948,54129.48,14.52,22.2156,127.01,11.2,86.84,168.26,289.28,, , ,,0,0,0,0,0,0,,Granito de biotita
1347,Point ZM,chpr-05,5917102,695128,0.0,Granito de biotita,GB,383.92,0.797927,7979.27,4368.13,0.342154,3421.54,5.0,10.0,0.003,30.0,4.699029,46990.29,12.81,19.5993,92.87,8.91,82.51,107.4,183.84,, , ,,0,0,0,0,0,0,,Granito de biotita
1348,Point ZM,chpr-06,5918365,695824,0.0,Granito de biotita y anfibol,GBA,618.37,1.207086,12070.86,8021.91,0.479288,4792.88,5.0,10.0,0.003,30.0,5.027724,50277.24,16.31,24.9543,371.41,20.18,247.57,395.73,653.53,, , ,,0,0,0,0,0,0,,Granito de biotita y anfibol
1349,Point ZM,chpr-07,5918587,695589,0.0,Granito de biotita,GB,483.55,1.168396,11683.96,6385.77,0.252178,2521.78,5.0,10.0,0.003,30.0,4.125057,41250.57,8.82,13.4946,98.38,24.95,85.78,103.55,212.5,, , ,,0,0,0,0,0,0,,Granito de biotita
1350,Point ZM,chpr-08,5920103,695231,0.0,Granito de biotita,GB,347.65,1.031531,10315.31,3801.86,0.495736,4957.36,5.0,10.0,0.003,30.0,5.993782,59937.82,10.11,15.4683,160.82,0.5,114.86,183.82,297.63,, , ,,1,0,0,0,0,0,,Granito de biotita
1351,Point ZM,chpr-09,5922266,694508,0.0,Granito de biotita,GB,2389.04,1.621935,16219.35,1094.73,0.261092,2610.92,5.0,10.0,0.003,30.0,4.053021,40530.21,19.4,29.682,105.69,18.75,118.43,138.59,213.29,, , ,,0,0,0,0,0,0,,Granito de biotita
1352,Point ZM,chpr-10,5922918,694299,0.0,Granito de biotita,GB,915.81,0.730154,7301.54,4394.6,0.26109,2610.9,5.0,10.0,0.003,30.0,4.677477,46774.77,8.68,13.2804,131.3,14.54,108.34,235.48,406.17,, , ,,0,0,0,0,0,0,,Granito de biotita
1353,Point ZM,chpr-11,5922825,694047,0.0,Granito de biotita,GB,969.96,1.606973,16069.73,3660.7,0.203762,2037.62,5.0,10.0,0.003,30.0,2.961357,29613.57,10.04,15.3612,107.12,9.1,82.93,111.51,184.99,, , ,,0,0,0,0,0,0,,Granito de biotita
1354,Point ZM,chpr-12,5922393,693765,0.0,Granito de biotita,GB,321.91,1.744967,17449.67,444.65,0.178922,1789.22,5.0,10.0,0.003,30.0,3.194657,31946.57,9.11,13.9383,90.92,10.24,82.58,142.26,194.89,, , ,,0,0,0,0,0,0,,Granito de biotita
1355,Point ZM,BEPR-02A,5929746,682789,0.0,Diorita,DRT,520.41,0.739843,7398.43,229.64,0.38608,3860.8,5.0,10.0,0.003,30.0,8.220754,82207.54,35.06,53.6418,167.52,0.5,150.03,228.32,391.53,119, , ,,1,0,0,0,0,0,,Diorita
1356,Point ZM,BEPR-02b,5929746,682789,0.0,Diorita,DRT,447.75,0.290154,2901.54,25.0,0.290248,2902.48,5.0,10.0,0.003,30.0,8.843257,88432.57,28.56,43.6968,217.2,13.38,147.96,251.95,463.19,, , ,,0,0,0,0,0,0,,Diorita
1357,Point ZM,BEPR-02C,5929746,682789,0.0,Diorita,DRT,475.71,0.264988,2649.88,506.02,0.413109,4131.09,5.0,10.0,0.003,30.0,10.45307,104530.7,43.0,65.79,131.88,0.5,102.47,163.73,247.14,, , ,,1,0,0,0,0,0,,Diorita
1358,Point ZM,BEPR-02D,5929746,682789,0.0,Diorita,DRT,278.3,0.219668,2196.68,375.94,0.439654,4396.54,5.0,10.0,0.003,30.0,9.456775,94567.75,27.88,42.6564,222.78,9.22,189.48,306.45,513.77,, , ,,0,0,0,0,0,0,,Diorita
1359,Point ZM,BEPR-02E,5929746,682789,0.0,Diorita,DRT,494.61,0.264031,2640.31,373.29,0.324405,3244.05,5.0,10.0,0.003,30.0,9.891473,98914.73,29.05,44.4465,198.35,0.5,190.24,302.16,435.05,, , ,,1,0,0,0,0,0,,Diorita
1360,Point ZM,BEPR-02F,5929746,682789,0.0,Diorita,DRT,1506.85,0.237927,2379.27,2984.12,0.0005,5.0,5.0,313.74,0.003,30.0,8.261385,82613.85,25.79,39.4587,244.72,17.66,200.87,338.44,590.78,, , ,,0,0,0,0,0,0,,Diorita
1361,Point ZM,BEPR-03,5930062,684555,0.0,Granito de biotita,GB,404.55,1.300049,13000.49,25.0,0.249938,2499.38,5.0,10.0,0.003,30.0,1.395564,13955.64,2.0,3.06,30.0,0.5,25.0,32.0,45.0,, , ,,1,0,0,0,0,0,,Granito de biotita
1362,Point ZM,BEPR-04A,5930004,683644,0.0,Diorita,DRT,561.44,0.957913,9579.13,25.0,0.3779,3779.0,5.0,10.0,0.003,30.0,7.795023,77950.23,34.23,52.3719,141.13,0.5,130.55,176.9,256.86,, , ,,1,0,0,0,0,0,,Diorita
1363,Point ZM,BEPR-04B,5930004,683644,0.0,Dique aplítico,DAP,634.95,1.911096,19110.96,25.0,0.0005,5.0,5.0,10.0,0.003,30.0,1.171545,11715.45,3.67,5.6151,72.77,0.5,67.69,116.67,131.98,, , ,,1,0,0,0,0,0,,Dique Aplitico
1364,Point ZM,BEPR-04C,5930004,683644,0.0,Dique aplítico,DAP,743.83,2.435941,24359.41,810.92,0.0005,5.0,5.0,10.0,0.003,30.0,0.328751,3287.51,2.0,3.06,182.3,0.5,227.1,328.26,517.62,, , ,,1,0,0,0,0,0,,Dique Aplitico
1365,Point ZM,BEPR-04D,5930004,683644,0.0,Metapelita,MP,460.08,1.200567,12005.67,2292.2,0.370654,3706.54,5.0,10.0,0.003,30.0,7.303455,73034.55,39.26,60.0678,245.55,25.42,246.52,384.9,548.27,, , ,,0,0,0,0,0,0,,Metapelita
1366,Point ZM,PBPR-03,5921194,686681,0.0,Granito de biotita,GB,179.86,1.255828,12558.28,381.13,0.259384,2593.84,5.0,10.0,0.003,30.0,3.622027,36220.27,5.12,7.8336,95.69,0.5,67.01,104.52,240.53,, , ,,1,0,0,0,0,0,,Granito de biotita
1367,Point ZM,PBPR-04A,5922312,686504,0.0,Granito de biotita,GB,383.83,1.278303,12783.03,1746.29,0.388256,3882.56,5.0,10.0,0.003,30.0,5.585508,55855.08,22.36,34.2108,160.02,16.52,146.62,182.83,317.89,, , ,,0,0,0,0,0,0,,Granito de biotita
1368,Point ZM,PBPR-04B,5922312,686504,0.0,Metapelita,MP,584.15,2.128111,21281.11,1815.39,0.253397,2533.97,5.0,10.0,0.003,30.0,4.48623,44862.3,16.76,25.6428,288.54,20.84,220.43,319.33,536.9,, , ,,0,0,0,0,0,0,,Metapelita
1369,Point ZM,PBPR-04C,5922312,686504,0.0,Microdiorita,MDRT,860.35,2.198645,21986.45,3007.78,0.310524,3105.24,5.0,10.0,0.003,30.0,4.016241,40162.41,21.42,32.7726,341.4,23.34,245.01,392.0,615.77,, , ,,0,0,0,0,0,0,,Microdiorita
1370,Point ZM,PBPR-04D,5922312,686504,0.0,Granito de biotita,GB,625.6,1.417099,14170.99,12088.46,0.414084,4140.84,5.0,10.0,0.003,30.0,5.283821,52838.21,14.33,21.9249,183.32,16.6,140.89,247.94,429.59,, , ,,0,0,0,0,0,0,,Granito de biotita
1371,Point ZM,CHPR-13,5921450,689762,0.0,Leucogranito,LGR,951.93,1.952681,19526.81,1194.88,0.0,5.0,5.0,130.76,0.003,30.0,0.407518,4075.18,2.0,3.06,160.57,0.5,154.12,231.49,402.65,, , ,,1,0,0,0,0,0,,Leucogranito
1372,Point ZM,CHPR-14,5921618,689988,0.0,Leucogranito,LGR,365.14,2.022895,20228.95,242.57,0.0,5.0,5.0,10.0,0.003,30.0,1.449763,14497.63,2.0,3.06,75.25,18.06,25.0,97.92,152.47,, , ,,0,0,0,0,0,0,,Leucogranito
1373,Point ZM,CHPR-15,5920776,691030,0.0,Granito de biotita,GB,368.68,0.90938,9093.8,6737.04,0.410202,4102.02,5.0,10.0,0.003,30.0,4.973132,49731.32,15.42,23.5926,118.19,0.5,83.72,145.43,202.29,, , ,,1,0,0,0,0,0,,Granito de biotita
1374,Point ZM,CHPR-16A,5919394,690519,0.0,Microgranito de biotita,GB,445.12,1.04591,10459.1,286.98,0.460894,4608.94,5.0,10.0,0.003,30.0,5.920315,59203.15,21.76,33.2928,68.84,17.8,25.0,77.49,159.79,, , ,,0,0,0,0,0,0,,Microgranito de Biotita
1375,Point ZM,CHPR-16B,5919394,690519,0.0,Microgranito de biotita,GB,436.56,0.977815,9778.15,10934.21,0.0,5.0,5.0,10.0,0.003,30.0,1.640518,16405.18,12.19,18.6507,193.65,100.46,162.39,241.9,391.81,, , ,,0,0,0,0,0,0,,Microgranito de Biotita
1376,Point ZM,CHPR-17,5916886,696527,0.0,Granito de biotita,GB,413.86,0.797938,7979.38,1965.1,0.277101,2771.01,5.0,10.0,0.003,30.0,4.06904,40690.4,15.07,23.0571,71.86,8.36,25.0,32.0,45.0,, , ,,0,0,0,0,0,0,,Granito de biotita
1377,Point ZM,CHPR-18,5919016,696565,0.0,Granito de biotita,GB,477.66,1.064598,10645.98,785.59,0.238291,2382.91,5.0,10.0,0.003,30.0,2.982193,29821.93,8.99,13.7547,63.65,12.3,25.0,32.0,45.0,, , ,,0,0,0,0,0,0,,Granito de biotita
1378,Point ZM,CHPR-19,5918463,694498,0.0,Granito de biotita,GB,269.92,1.101245,11012.45,898.72,0.368718,3687.18,5.0,10.0,0.003,30.0,5.594677,55946.77,13.1,20.043,186.13,16.09,102.67,158.32,284.53,, , ,,0,0,0,0,0,0,,Granito de biotita
1379,Point ZM,CHPR-20,5919218,693142,0.0,Granito de biotita,GB,561.34,1.798878,17988.78,25.0,0.167052,1670.52,5.0,10.0,0.003,30.0,2.892053,28920.53,15.46,23.6538,30.0,14.08,25.0,32.0,45.0,, , ,,0,0,0,0,0,0,,Granito de biotita
1380,Point ZM,CHPR-21,5919951,693964,0.0,Granito de biotita,GB,298.77,1.997301,19973.01,388.94,0.12214,1221.4,5.0,10.0,0.003,30.0,1.784387,17843.87,27.28,41.7384,97.07,16.5,104.44,122.44,190.86,23, , ,,0,0,0,0,0,0,,Granito de biotita
1381,Point ZM,carm-01,5862892,674062,562.0,Granito de Biotita Siliceo,GBS,634.53,0.879719,8797.19,9468.32,0.142945,1429.45,5.0,10.0,0.003,30.0,2.940772,29407.72,9.72,14.8716,108.93,0.5,87.75,82.23,152.57,, , ,,1,0,0,0,0,0,,Granito de Biotita Siliceo
1382,Point ZM,carm-02,5863074,674178,580.0,Granito de Biotita Siliceo,GBS,446.29,1.468803,14688.03,5681.23,0.303357,3033.57,5.0,10.0,0.003,30.0,3.165526,31655.26,17.21,26.3313,65.87,12.07,25.0,32.0,45.0,, , ,,0,0,0,0,0,0,,Granito de Biotita Siliceo
1383,Point ZM,carm-03,5863132,674250,582.0,Granito de Biotita Mafico,GBM,484.36,1.175525,11755.25,296.54,0.34372,3437.2,5.0,10.0,0.003,30.0,5.338295,53382.95,6.21,9.5013,134.07,12.16,89.8,182.25,253.52,, , ,,0,0,0,0,0,0,,Granito de Biotita Mafico
1384,Point ZM,carm-04,5862972,674113,574.0,Xenolito microdioritico,XMDRT,1542.55,1.121626,11216.26,1690.53,0.418381,4183.81,5.0,10.0,0.003,30.0,7.519331,75193.31,7.02,10.7406,105.57,0.5,97.95,161.62,213.7,, , ,,1,0,0,0,0,0,,Xenolito Microdioritico
1385,Point ZM,carm-05,5862969,674110,574.0,Granito de Biotita Siliceo,GBS,592.99,1.628011,16280.11,1634.92,0.649925,6499.25,5.0,10.0,0.003,30.0,6.081402,60814.02,13.53,20.7009,111.71,0.5,70.61,151.94,223.76,, , ,,1,0,0,0,0,0,,Granito de Biotita Siliceo
1386,Point ZM,carm-06,5863192,674212,586.0,Granito de Biotita Siliceo,GBS,1019.74,1.576896,15768.96,2760.62,0.290721,2907.21,5.0,10.0,0.003,30.0,4.234702,42347.02,18.74,28.6722,111.79,10.54,66.28,103.49,155.79,, , ,,0,0,0,0,0,0,,Granito de Biotita Siliceo
1387,Point ZM,carm-07,5863204,674115,591.0,Granito de Biotita Siliceo,GBS,1041.38,1.160796,11607.96,7706.61,0.17885,1788.5,5.0,10.0,0.003,30.0,3.588029,35880.29,29.98,45.8694,130.4,7.59,86.44,116.95,228.29,, , ,,0,0,0,0,0,0,,Granito de Biotita Siliceo
1388,Point ZM,carm-08,5863280,674143,603.0,Granito de Biotita Siliceo,GBS,706.01,0.989028,9890.28,4603.26,0.257992,2579.92,5.0,319.13,0.003,30.0,3.45412,34541.2,14.52,22.2156,104.2,13.05,65.68,141.5,232.38,, , ,,0,0,0,0,0,0,,Granito de Biotita Siliceo
1389,Point ZM,carm-09,5863318,674106,607.0,Granito de Biotita Siliceo,GBS,991.36,1.481399,14813.99,1019.76,0.455702,4557.02,5.0,10.0,0.003,30.0,5.155027,51550.27,20.32,31.0896,175.68,8.09,142.66,153.33,325.87,, , ,,0,0,0,0,0,0,,Granito de Biotita Siliceo
1390,Point ZM,carm-10,5863357,674122,604.0,Dique Aplitico,DAP,348.85,2.823752,28237.52,25.0,0.0,5.0,5.0,10.0,0.003,30.0,0.582838,5828.38,2.0,3.06,139.81,0.5,97.48,210.65,284.52,, , ,,1,0,0,0,0,0,,Dique Aplitico
1391,Point ZM,carm-11,5863392,674146,608.0,Granito de Biotita Mafico,GBM,838.45,1.336232,13362.32,633.05,0.321083,3210.83,5.0,330.8,0.003,30.0,4.853267,48532.67,5.95,9.1035,138.39,12.43,69.89,145.64,244.93,, , ,,0,0,0,0,0,0,,Granito de Biotita Mafico
1392,Point ZM,carm-12,5863595,674136,601.0,Granito de Biotita Siliceo,GBS,578.69,1.410202,14102.02,1434.29,0.220254,2202.54,5.0,10.0,0.003,30.0,3.775065,37750.65,116.81,178.7193,113.56,0.5,139.3,113.96,208.57,, , ,,1,0,0,0,0,0,,Granito de Biotita Siliceo
1393,Point ZM,carm-13,5863605,674143,598.0,Diorita,DRT,1016.51,1.185848,11858.48,2283.74,0.391108,3911.08,5.0,10.0,0.230875,2308.75,6.744863,67448.63,44.72,68.4216,121.14,0.5,80.14,140.56,239.31,, , ,,1,0,0,0,0,0,,Diorita
1394,Point ZM,carm-14,5863659,674087,592.0,Granito de Biotita Siliceo,GBS,570.6,1.708567,17085.67,4019.78,0.233671,2336.71,5.0,10.0,0.003,30.0,3.727227,37272.27,10.19,15.5907,152.56,12.78,90.97,115.53,206.63,, , ,,0,0,0,0,0,0,,Granito de Biotita Siliceo
1395,Point ZM,carm-15,5863686,674173,584.0,Granito de Biotita Siliceo,GBS,720.02,1.257694,12576.94,6597.22,0.252227,2522.27,5.0,10.0,0.003,30.0,3.962489,39624.89,22.25,34.0425,122.11,8.82,89.85,112.38,205.33,, , ,,0,0,0,0,0,0,,Granito de Biotita Siliceo
1396,Point ZM,carm-16,5863690,674238,574.0,Granito de Biotita Siliceo,GBS,659.98,1.576832,15768.32,1366.69,0.186699,1866.99,5.0,10.0,0.003,30.0,2.805351,28053.51,6.65,10.1745,122.41,15.77,76.68,95.75,200.3,, , ,,0,0,0,0,0,0,,Granito de Biotita Siliceo
1397,Point ZM,carm-17,5863713,674286,567.0,Granito de Biotita Mafico,GBM,462.41,1.240605,12406.05,2841.65,0.255318,2553.18,5.0,10.0,0.003,30.0,4.088054,40880.54,113.67,173.9151,122.84,20.53,123.62,146.47,203.67,, , ,,0,0,0,0,0,0,,Granito de Biotita Mafico
1398,Point ZM,carm-18,5863744,674303,564.0,Granito de Biotita Mafico,GBM,878.25,1.233174,12331.74,2377.66,0.338145,3381.45,5.0,10.0,0.003,30.0,4.25757,42575.7,40.8,62.424,167.37,10.52,161.25,171.37,279.59,, , ,,0,0,0,0,0,0,,Granito de Biotita Mafico
1399,Point ZM,carm-19,5863736,674344,561.0,Granito de Biotita Siliceo,GBS,923.31,0.939699,9396.99,7597.38,0.329327,3293.27,5.0,10.0,0.003,30.0,5.053009,50530.09,63.63,97.3539,125.05,11.45,85.89,81.51,123.36,, , ,,0,0,0,0,0,0,,Granito de Biotita Siliceo
1400,Point ZM,carm-20,5863727,674478,540.0,Granito de Biotita Mafico,GBM,1017.81,1.210219,12102.19,5405.43,0.205487,2054.87,5.0,10.0,0.003,30.0,3.638657,36386.57,24.88,38.0664,99.98,11.71,25.0,98.29,164.05,, , ,,0,0,0,0,0,0,,Granito de Biotita Mafico
1401,Point ZM,carm-21,5863725,674483,540.0,Xenolito microdioritico,XMDRT,1178.8,0.549737,5497.37,10211.37,0.353518,3535.18,5.0,10.0,0.003,30.0,6.656046,66560.46,47.03,71.9559,80.44,0.5,91.53,146.31,229.23,, , ,,1,0,0,0,0,0,,Xenolito Microdioritico
1402,Point ZM,carm-22,5863691,674542,530.0,Granito de Biotita Mafico,GBM,789.8,1.137522,11375.22,5616.16,0.34317,3431.7,5.0,10.0,0.003,30.0,4.007033,40070.33,10.67,16.3251,139.0,10.94,95.59,171.71,222.86,, , ,,0,0,0,0,0,0,,Granito de Biotita Mafico
1403,Point ZM,carm-23,5863674,674571,518.0,Granito de Biotita Mafico,GBM,561.04,1.112656,11126.56,4585.28,0.308945,3089.45,5.0,10.0,0.003,30.0,4.821068,48210.68,18.91,28.9323,81.22,13.11,66.16,103.35,130.6,, , ,,0,0,0,0,0,0,,Granito de Biotita Mafico
1404,Point ZM,carm-24,5863671,674576,517.0,Granito de Biotita Mafico,GBM,519.32,1.143153,11431.53,2744.59,0.31972,3197.2,5.0,10.0,0.003,30.0,5.162023,51620.23,17.33,26.5149,140.31,0.5,130.07,157.74,309.28,, , ,,1,0,0,0,0,0,,Granito de Biotita Mafico
1405,Point ZM,carm-25,5863668,674578,518.0,Granito de Biotita Mafico,GBM,398.96,1.043828,10438.28,1052.8,0.416587,4165.87,5.0,10.0,0.003,30.0,6.037152,60371.52,15.52,23.7456,150.63,12.52,118.45,195.86,315.22,, , ,,0,0,0,0,0,0,,Granito de Biotita Mafico
1406,Point ZM,carm-26,5863653,674586,518.0,Granito de Biotita Oxidado,GBO,547.23,0.666776,6667.76,1056.37,0.470452,4704.52,5.0,10.0,0.003,30.0,6.614909,66149.09,26.16,40.0248,110.91,0.5,78.57,162.47,283.27,, , ,,1,0,0,0,0,0,,Granito de Biotita Oxidado
1407,Point ZM,carm-27,5863666,674582,520.0,Granito de Biotita Oxidado, ,726.45,1.121509,11215.09,1441.13,0.390303,3903.03,5.0,10.0,0.003,30.0,6.660127,66601.27,11.64,17.8092,114.11,0.5,84.36,163.12,273.38,, , ,,1,0,0,0,0,0,,Granito de Biotita Oxidado
1408,Point ZM,carm-28,5863668,674584,520.0,Granito de Biotita Oxidado,GBO,1146.25,0.918743,9187.43,329.97,0.482609,4826.09,5.0,10.0,0.233437,2334.37,6.145123,61451.23,19.06,29.1618,96.03,0.5,90.78,143.36,193.19,, , ,,1,0,0,0,0,0,,Granito de Biotita Oxidado
1409,Point ZM,carm-29,5863662,674588,520.0,Granito de Biotita Oxidado,GBO,1483.89,0.897566,8975.66,425.9,0.380341,3803.41,5.0,10.0,0.171491,1714.91,5.851545,58515.45,15.77,24.1281,99.96,0.5,93.76,157.38,258.24,, , ,,1,0,0,0,0,0,,Granito de Biotita Oxidado
1410,Point ZM,carm-30,5863663,674593,519.0,Granito de Biotita Oxidado,GBO,609.14,1.593642,15936.42,25.0,0.387902,3879.02,5.0,10.0,0.003,30.0,5.324734,53247.34,125.68,192.2904,70.65,0.5,101.27,119.63,193.12,, , ,,1,0,0,0,0,0,,Granito de Biotita Oxidado
1411,Point ZM,carm-31,5863646,674596,519.0,Granito de Biotita Oxidado,GBO,1180.06,0.687318,6873.18,25.0,0.340185,3401.85,5.0,10.0,0.129591,1295.91,5.573635,55736.35,27.22,41.6466,30.0,0.5,87.32,119.79,182.81,, , ,,1,0,0,0,0,0,,Granito de Biotita Oxidado
1412,Point ZM,carm-32,5863657,674601,521.0,Granito de Biotita Oxidado,GBO,695.04,1.143098,11430.98,349.6,0.375719,3757.19,5.0,10.0,0.165387,1653.87,6.400521,64005.21,27.45,41.9985,148.4,0.5,109.2,144.39,230.78,68, , ,,1,0,0,0,0,0,,Granito de Biotita Oxidado
1413,Point ZM,carm-33,5863665,674607,519.0,Granito de Biotita Mafico,GBM,813.44,0.768782,7687.82,14948.03,0.324322,3243.22,5.0,10.0,0.003,30.0,5.401998,54019.98,18.01,27.5553,139.13,8.64,98.01,164.64,322.07,, , ,,0,0,0,0,0,0,,Granito de Biotita Mafico
1414,Point ZM,carm-34,5863831,674739,536.0,Granito de Biotita Mafico,GBM,762.86,0.957981,9579.81,6500.81,0.348022,3480.22,5.0,10.0,0.003,30.0,4.079482,40794.82,5.49,8.3997,119.43,0.5,64.85,104.79,178.27,, , ,,1,0,0,0,0,0,,Granito de Biotita Mafico
1415,Point ZM,carm-35,5863791,674764,528.0,Granito de Biotita Mafico,GBM,685.67,0.614862,6148.62,13501.02,0.362746,3627.46,5.0,10.0,0.003,30.0,6.401814,64018.14,36.35,55.6155,109.35,0.5,109.61,209.6,347.05,0, , ,,1,0,0,0,0,0,,Granito de Biotita Mafico
1416,Point ZM,carm-36,5863551,674810,548.0,Granito de Biotita Mafico,GBM,523.96,1.252702,12527.02,2274.06,0.433238,4332.38,5.0,10.0,0.003,30.0,5.269914,52699.14,8.5,13.005,67.32,0.5,80.32,94.34,184.87,, , ,,1,0,0,0,0,0,,Granito de Biotita Mafico
1417,Point ZM,carm-37,5863786,674926,563.0,Granito de Biotita Siliceo,GBS,833.76,1.700734,17007.34,710.06,0.277943,2779.43,5.0,10.0,0.003,30.0,5.367775,53677.75,34.28,52.4484,121.93,0.5,88.9,123.7,181.64,94, , ,,1,0,0,0,0,0,,Granito de Biotita Siliceo
1418,Point ZM,carm-38,5864023,675732,619.0,Granito de Biotita Mafico,GBM,742.27,1.174013,11740.13,4629.34,0.353678,3536.78,5.0,10.0,0.003,30.0,5.060374,50603.74,18.4,28.152,146.06,18.1,125.4,141.03,220.33,, , ,,0,0,0,0,0,0,,Granito de Biotita Mafico
1419,Point ZM,carm-39,5863762,675308,557.0,Granito de Biotita Mafico,GBM,720.88,1.018368,10183.68,8651.03,0.681023,6810.23,5.0,10.0,0.003,30.0,5.299131,52991.31,25.38,38.8314,169.13,0.5,177.07,261.91,402.31,, , ,,1,0,0,0,0,0,DUP_1/2,Granito de Biotita Mafico
1420,Point ZM,carm-39,5863762,675308,557.0,Granito de Biotita Mafico,GBM,589.31,1.086839,10868.39,5302.55,0.567897,5678.97,5.0,10.0,0.003,30.0,4.902768,49027.68,16.47,25.1991,169.67,51.74,133.53,185.67,289.53,, , ,,0,0,0,0,0,0,DUP_2/2,Granito de Biotita Mafico
1421,Point ZM,carm-40,5864518,676198,658.0,Granito de Biotita Mafico,GBM,753.89,1.340651,13406.51,1385.31,0.329193,3291.93,5.0,10.0,0.003,30.0,5.404195,54041.95,16.23,24.8319,131.94,0.5,148.95,162.5,284.22,, , ,,1,0,0,0,0,0,,Granito de Biotita Mafico
1422,Point ZM,carm-41,5865393,674906,730.0,Granito de Biotita Mafico,GBM,953.97,1.151938,11519.38,25.0,0.354741,3547.41,5.0,10.0,0.003,30.0,4.720221,47202.21,15.03,22.9959,521.17,7.71,25.0,132.29,154.39,, , ,,0,0,0,0,0,0,,Granito de Biotita Mafico
1423,Point ZM,carm-42,5865397,674909,731.0,Granito de Biotita Siliceo,GBS,671.77,1.295733,12957.33,882.84,0.174418,1744.18,5.0,10.0,0.003,30.0,3.227119,32271.19,21.5,32.895,91.26,11.14,78.53,99.41,172.56,, , ,,0,0,0,0,0,0,,Granito de Biotita Siliceo
1424,Point ZM,carm-43,5865395,674907,731.0,Granito de Biotita Mafico,GBM,716.41,1.243315,12433.15,25.0,0.198879,1988.79,5.0,10.0,0.003,30.0,3.531115,35311.15,15.55,23.7915,141.22,7.74,89.2,102.0,121.1,, , ,,0,0,0,0,0,0,,Granito de Biotita Mafico
1425,Point ZM,carm-44,5865395,674906,729.0,Granito de Biotita Mafico,GBM,461.52,1.20701,12070.1,25.0,0.258566,2585.66,5.0,10.0,0.003,30.0,3.390256,33902.56,12.48,19.0944,128.83,0.5,57.88,100.1,169.05,, , ,,1,0,0,0,0,0,,Granito de Biotita Mafico
1426,Point ZM,carm-45,5865399,674908,725.0,Granito de Biotita Mafico,GBM,1118.92,1.481987,14819.87,25.0,0.143305,1433.05,5.0,10.0,0.003,30.0,3.122721,31227.21,16.11,24.6483,87.69,0.5,62.56,94.71,168.98,, , ,,1,0,0,0,0,0,,Granito de Biotita Mafico
1427,Point ZM,carm-46,5865398,674906,725.0,Granito de Biotita Mafico,GBM,893.19,0.808272,8082.72,25.0,0.517275,5172.75,5.0,10.0,0.003,30.0,5.261741,52617.41,28.29,43.2837,90.73,0.5,109.79,119.41,169.32,, , ,,1,0,0,0,0,0,,Granito de Biotita Mafico
1428,Point ZM,carm-47,5865400,674915,726.0,Granito de Biotita Siliceo,GBS,538.53,1.428624,14286.24,4226.65,0.475171,4751.71,5.0,10.0,0.003,30.0,5.531522,55315.22,17.96,27.4788,201.33,21.34,160.3,177.31,333.85,, , ,,0,0,0,0,0,0,,Granito de Biotita Siliceo
1429,Point ZM,carm-48,5865395,674911,726.0,Granito de Biotita Siliceo,GBS,937.58,0.58406,5840.6,8156.11,0.299684,2996.84,5.0,10.0,0.003,30.0,4.171007,41710.07,21.67,33.1551,134.21,23.54,110.1,140.09,224.54,, , ,,0,0,0,0,0,0,,Granito de Biotita Siliceo
1430,Point ZM,carm-49,5865560,675209,701.0,Granito de Biotita Siliceo,GBS,640.37,2.113126,21131.26,1659.32,0.0,5.0,5.0,10.0,0.003,30.0,2.322623,23226.23,6.6,10.098,158.79,7.67,81.64,75.37,131.63,, , ,,0,0,0,0,0,0,,Granito de Biotita Siliceo
1431,Point ZM,carm-50,5865562,675212,701.0,Granito de Biotita Mafico,GBM,1626.32,0.918632,9186.32,2186.76,0.33652,3365.2,5.0,10.0,0.003,30.0,4.318782,43187.82,14.49,22.1697,167.59,9.86,104.69,144.98,248.88,, , ,,0,0,0,0,0,0,,Granito de Biotita Mafico
1432,Point ZM,carm-51,5865522,675388,689.0,Granito de Biotita Siliceo,GBS,914.86,1.060022,10600.22,6862.95,0.269217,2692.17,5.0,10.0,0.003,30.0,4.207217,42072.17,14.17,21.6801,155.75,50.89,135.48,182.07,280.41,, , ,,0,0,0,0,0,0,,Granito de Biotita Siliceo
1433,Point ZM,carm-52,5865431,675641,669.0,Granito de Biotita Mafico,GBM,869.97,0.983145,9831.45,1442.39,0.478399,4783.99,5.0,10.0,0.003,30.0,6.983944,69839.44,19.02,29.1006,137.85,0.5,67.74,189.77,216.78,39, , ,,1,0,0,0,0,0,,Granito de Biotita Mafico
1434,Point ZM,carm-53,5865435,675638,669.0,Granito de Biotita Mafico,GBM,833.6,1.227825,12278.25,1085.84,0.484393,4843.93,5.0,10.0,0.003,30.0,7.433829,74338.29,29.89,45.7317,147.77,13.59,111.84,165.5,271.7,0, , ,,0,0,0,0,0,0,,Granito de Biotita Mafico
1435,Point ZM,carm-54,5865435,675637,669.0,Granito de Biotita Mafico,GBM,689.4,0.995101,9951.01,5257.81,0.432384,4323.84,5.0,10.0,0.003,30.0,4.823134,48231.34,76.65,117.2745,79.29,0.5,80.06,77.96,159.21,83, , ,,1,0,0,0,0,0,,Granito de Biotita Mafico
1436,Point ZM,carm-55,5865436,675640,672.0,Granito de Biotita Mafico,GBM,1120.12,1.079525,10795.25,3295.38,0.517817,5178.17,5.0,10.0,0.003,30.0,6.567021,65670.21,24.2,37.026,137.53,0.5,82.58,161.37,243.77,14, , ,,1,0,0,0,0,0,,Granito de Biotita Mafico
1437,Point ZM,carm-56,5865436,675641,671.0,Granito de Biotita Mafico,GBM,694.4,0.980533,9805.33,4057.07,0.497922,4979.22,5.0,10.0,0.147644,1476.44,7.697724,76977.24,18.51,28.3203,142.07,9.99,106.24,183.75,323.77,39, , ,,0,0,0,0,0,0,,Granito de Biotita Mafico
1438,Point ZM,carm-57,5865434,675646,670.0,Granito de Biotita Mafico,GBM,1519.74,1.078761,10787.61,8912.32,0.415072,4150.72,5.0,10.0,0.003,30.0,5.210732,52107.32,23.69,36.2457,114.76,0.5,25.0,93.66,163.86,0, , ,,1,0,0,0,0,0,,Granito de Biotita Mafico
1439,Point ZM,carm-58,5865434,675657,671.0,Granito de Biotita Mafico,GBM,506.0,1.02827,10282.7,2618.99,0.348629,3486.29,5.0,10.0,0.136951,1369.51,6.864423,68644.23,24.87,38.0511,122.53,18.59,99.64,169.25,259.37,43, , ,,0,0,0,0,0,0,,Granito de Biotita Mafico
1440,Point ZM,carm-59,5865433,675655,673.0,Granito de Biotita Mafico,GBM,1198.92,0.866916,8669.16,3516.04,0.479186,4791.86,5.0,10.0,0.003,30.0,6.102413,61024.13,47.9,73.287,119.29,0.5,105.38,155.21,293.73,108, , ,,1,0,0,0,0,0,,Granito de Biotita Mafico
1441,Point ZM,carm-60,5865430,675655,674.0,Granito de Biotita Mafico,GBM,502.17,0.887369,8873.69,3903.66,0.367538,3675.38,5.0,10.0,0.003,30.0,5.751532,57515.32,54.98,84.1194,137.82,0.5,87.6,186.98,292.64,156, , ,,1,0,0,0,0,0,,Granito de Biotita Mafico
1442,Point ZM,BEPR-06a,5932238,683905,347.0,Metapelita,MP,137.63,0.362787,3627.87,25.0,0.199134,1991.34,5.0,10.0,0.003,30.0,3.754092,37540.92,14.49,22.1697,79.55,9.91,52.84,32.0,45.0,, , ,,0,0,0,0,0,0,,Metapelita
1443,Point ZM,BEPR-06b,5932238,683905,347.0,Metapelita,MP,125.12,0.406944,4069.44,25.0,0.0,5.0,5.0,10.0,0.003,30.0,2.900122,29001.22,6.58,10.0674,115.87,18.31,62.92,81.7,149.84,, , ,,0,0,0,0,0,0,,Metapelita
1444,Point ZM,BEPR-07,5931695,683743,326.0,Metapelita,MP,462.97,0.561863,5618.63,1023.71,0.0,5.0,5.0,283.54,0.003,30.0,3.698607,36986.07,30.02,45.9306,198.79,24.56,158.59,284.08,439.12,, , ,,0,0,0,0,0,0,,Metapelita
1445,Point ZM,BEPR-08A,5931216,683340,348.0,Metapelita,MP,223.98,0.244245,2442.45,217.9,0.265543,2655.43,5.0,10.0,0.003,30.0,7.910584,79105.84,27.29,41.7537,432.54,76.82,240.34,215.01,360.65,, , ,,0,0,0,0,0,0,,Metapelita
1446,Point ZM,BEPR-08B,5931216,683340,348.0,Metapelita,MP,483.85,0.978115,9781.15,323.65,0.249456,2494.56,5.0,10.0,0.003,30.0,3.769961,37699.61,19.31,29.5443,220.07,28.02,188.65,248.44,420.57,, , ,,0,0,0,0,0,0,,Metapelita
1447,Point ZM,BEPR-09,5930954,683371,341.0,Metapelita,MP,602.33,0.676925,6769.25,785.8,0.0,5.0,5.0,327.99,0.003,30.0,4.632865,46328.65,19.47,29.7891,268.67,26.2,176.49,310.03,476.93,, , ,,0,0,0,0,0,0,,Metapelita
1448,Point ZM,BEPR-10,5930686,683417,328.0,Granito,GR,224.32,0.258591,2585.91,245.69,0.235858,2358.58,5.0,10.0,0.003,30.0,4.733656,47336.56,8.88,13.5864,73.18,7.64,25.0,81.19,132.3,, , ,,0,0,0,0,0,0,,Granito
1449,Point ZM,BEPR-11A,5930942,683458,334.0,Diorita,DIO,169.27,0.300443,3004.43,431.28,0.235211,2352.11,5.0,10.0,0.003,30.0,8.711023,87110.23,97.39,149.0067,205.1,47.62,134.97,150.21,291.88,96, , ,,0,0,0,0,0,0,,Diorita
1450,Point ZM,BEPR-11B,5930942,683458,334.0,Diorita,DIO,936.17,0.258608,2586.08,8394.19,0.0,5.0,5.0,10.0,0.003,30.0,3.530895,35308.95,22.7,34.731,245.98,15.75,198.71,288.04,456.01,, , ,,0,0,0,0,0,0,,Diorita
1451,Point ZM,BEPR-12,5931495,682435,302.0,Metapelita,MP,361.56,0.281197,2811.97,25.0,0.155352,1553.52,5.0,266.82,0.003,30.0,6.456489,64564.89,17.56,26.8668,88.83,15.37,25.0,85.8,134.89,, , ,,0,0,0,0,0,0,,Metapelita
1452,Point ZM,BEPR-13A,5930806,683623,317.0,Granito de biotita,GB,137.27,0.731069,7310.69,320.76,0.0,5.0,5.0,10.0,0.003,30.0,1.969034,19690.34,2.37,3.6261,30.0,0.5,25.0,32.0,45.0,, , ,,1,0,0,0,0,0,,Granito de biotita
1453,Point ZM,BEPR-13B,5930806,683623,317.0,Diorita,DIO,1022.73,1.648308,16483.08,580.16,0.651787,6517.87,5.0,10.0,0.003,30.0,8.217155,82171.55,16.43,25.1379,223.95,13.52,164.11,304.22,503.44,, , ,,0,0,0,0,0,0,,Diorita
1454,Point ZM,BEPR-14,5931935,684661,392.0,Metapelita,MP,533.75,0.286737,2867.37,378.34,0.0,5.0,5.0,306.79,0.003,30.0,3.790646,37906.46,27.55,42.1515,186.23,27.14,140.56,205.94,330.7,, , ,,0,0,0,0,0,0,,Metapelita
1455,Point ZM,BEPR-15A,5931442,684353,396.0,Granito de granate,GG,219.69,0.149138,1491.38,144.29,0.274116,2741.16,5.0,10.0,0.003,30.0,7.569394,75693.94,28.52,43.6356,197.18,61.08,111.21,96.14,196.73,, , ,,0,0,0,0,0,0,,Granito de Granate
1456,Point ZM,BEPR-15B,5931442,684353,396.0,Metapelita,MP,196.91,0.430192,4301.92,25.0,0.272356,2723.56,5.0,10.0,0.003,30.0,5.473618,54736.18,19.12,29.2536,82.76,18.96,25.0,80.04,115.52,, , ,,0,0,0,0,0,0,,Metapelita
1457,Point ZM,BEPR-16,5930765,683350,314.0,Granito,GR,194.3,0.468887,4688.87,25.0,0.0,5.0,5.0,10.0,0.003,30.0,4.359326,43593.26,10.25,15.6825,59.42,0.5,25.0,32.0,127.65,, , ,,1,0,0,0,0,0,,Granito
1458,Point ZM,BEPR-17,5930986,682565,247.0,Granito de granate,GG,482.98,0.167647,1676.47,25.0,0.0,5.0,5.0,10.0,0.003,30.0,8.011413,80114.13,157.82,241.4646,248.28,30.85,177.41,161.76,241.81,597, , ,,0,0,0,0,0,0,,Granito de Granate
1459,Point ZM,BEPR-18,5930862,682656,257.0,Granito de granate,GG,208.74,0.149906,1499.06,402.73,0.218453,2184.53,5.0,10.0,0.1558,1558.0,9.417818,94178.18,45.41,69.4773,321.42,49.65,165.87,149.62,362.9,, , ,,0,0,0,0,0,0,,Granito de Granate
1460,Point ZM,BEPR-19,5930963,682701,257.0,Granito de granate,GG,250.34,0.342413,3424.13,25.0,0.24462,2446.2,5.0,10.0,0.223362,2233.62,6.973275,69732.75,31.02,47.4606,285.26,56.61,170.03,104.11,217.78,, , ,,0,0,0,0,0,0,,Granito de Granate
1461,Point ZM,BEPR-20A,5931014,682735,273.0,Granito de granate,GG,251.95,0.289237,2892.37,25.0,0.0,5.0,5.0,10.0,0.273647,2736.47,6.521291,65212.91,242.86,371.5758,264.68,52.68,184.91,95.57,209.35,469, , ,,0,0,0,0,0,0,,Granito de Granate
1462,Point ZM,BEPR-20B,5931014,682735,273.0,Granito de granate,GG,200.74,0.473024,4730.24,25.0,0.256377,2563.77,5.0,330.04,0.003,30.0,6.511234,65112.34,50.26,76.8978,188.08,51.83,129.21,96.27,217.37,264, , ,,0,0,0,0,0,0,,Granito de Granate
1463,Point ZM,BEPR-21,5931007,682952,294.0,Granito de granate,GG,168.35,0.293059,2930.59,198.49,0.320145,3201.45,5.0,10.0,0.003,30.0,9.30146,93014.6,27.61,42.2433,248.07,56.3,77.77,92.94,137.84,, , ,,0,0,0,0,0,0,,Granito de Granate
1464,Point ZM,BEPR-22,5930925,682988,282.0,Granito de granate,GG,832.19,0.537421,5374.21,1455.53,0.278534,2785.34,5.0,10.0,0.003,30.0,6.770677,67706.77,80.65,123.3945,551.37,92.87,293.47,238.6,493.04,, , ,,0,0,0,0,0,0,,Granito de Granate
1465,Point ZM,BEPR-24,5930875,683171,293.0,Granito de granate,GG,198.04,0.346796,3467.96,25.0,0.218967,2189.67,5.0,10.0,0.129014,1290.14,6.787748,67877.48,57.35,87.7455,423.89,74.9,246.77,152.06,329.1,, , ,,0,0,0,0,0,0,,Granito de Granate
1466,Point ZM,BEPR-25,5930866,683868,337.0,Granito,GR,182.99,0.511411,5114.11,208.64,0.0,5.0,5.0,269.87,0.003,30.0,2.221235,22212.35,2.83,4.3299,30.0,9.0,25.0,32.0,45.0,, , ,,0,0,0,0,0,0,,Granito
1467,Point ZM,BEPR-27,5931033,684386,381.0,Metapelita,MP,374.95,0.558642,5586.42,803.9,0.210516,2105.16,5.0,10.0,0.003,30.0,3.718159,37181.59,16.0,24.48,123.3,9.42,127.89,154.38,244.43,, , ,,0,0,0,0,0,0,,Metapelita
1468,Point ZM,BEPR-28A,5930633,684101,351.0,Diorita,DIO,177.58,0.239023,2390.23,200.39,0.213595,2135.95,5.0,10.0,0.003,30.0,10.154487,101544.87,13.77,21.0681,217.69,20.88,168.36,195.79,422.32,, , ,,0,0,0,0,0,0,,Diorita
1469,Point ZM,BEPR-28B,5930633,684101,351.0,Granito,GR,207.6,0.350001,3500.01,328.87,0.232736,2327.36,5.0,10.0,0.003,30.0,6.207618,62076.18,21.85,33.4305,90.88,14.46,61.86,78.22,168.63,, , ,,0,0,0,0,0,0,,Granito
1470,Point ZM,BEPR-39,5928393,682477,326.0,Metapelita,MP,330.76,0.0,6577.47,25.0,0.0,2828.89,5.0,10.0,0.003,30.0,0.0,51481.0,19.69,30.1257,144.82,16.99,82.48,167.69,206.43,, , ,,0,0,0,0,0,0,,Metapelita
1471,Point ZM,BEPR-30,5930507,683961,318.0,Diorita,DIO,225.94,0.166123,1661.23,391.36,0.0,5.0,5.0,10.0,0.003,30.0,9.293626,92936.26,14.4,22.032,129.66,14.18,95.91,148.94,289.79,, , ,,0,0,0,0,0,0,,Diorita
1472,Point ZM,BEPR-31,5930289,684094,320.0,Metapelita/Roca cornea,MP,781.94,0.720238,7202.38,391.52,0.169199,1691.99,5.0,10.0,0.003,30.0,2.993253,29932.53,18.25,27.9225,186.54,17.02,183.9,285.64,403.92,, , ,,0,0,0,0,0,0,,Metapelita/Hornfels
1473,Point ZM,BEPR-33,5929694,684446,352.0,Metapelita/Roca cornea,MP,243.68,0.4825,4825.0,25.0,0.258972,2589.72,5.0,10.0,0.003,30.0,5.02557,50255.7,30.26,46.2978,116.85,23.44,99.42,219.18,274.13,, , ,,0,0,0,0,0,0,,Metapelita/Hornfels
1474,Point ZM,BEPR-34A,5929340,684219,367.0,Granito,GR,288.43,0.60708,6070.8,25.0,0.0,5.0,5.0,10.0,0.003,30.0,1.60548,16054.8,4.11,6.2883,30.0,0.5,25.0,32.0,45.0,, , ,,1,0,0,0,0,0,,Granito
1475,Point ZM,BEPR-34B,5929340,684219,367.0,Metapelita/Roca cornea,MP,334.79,0.554274,5542.74,25.0,0.0,5.0,5.0,10.0,0.003,30.0,10.102294,101022.94,21.59,33.0327,251.38,14.95,148.93,264.22,360.05,, , ,,0,0,0,0,0,0,,Metapelita/Hornfels
1476,Point ZM,BEPR-36,5929485,683835,370.0,Granito,GR,230.58,0.602757,6027.57,25.0,0.164317,1643.17,5.0,10.0,0.003,30.0,3.254702,32547.02,9.25,14.1525,114.88,13.49,71.31,123.8,140.65,, , ,,0,0,0,0,0,0,,Granito
1477,Point ZM,BEPR-37,5928484,682604,350.0,Granito,GR,195.36,0.352687,3526.87,25.0,0.148108,1481.08,5.0,10.0,0.003,30.0,4.621556,46215.56,13.01,19.9053,30.0,10.13,25.0,32.0,45.0,, , ,,0,0,0,0,0,0,,Granito
1478,Point ZM,LPPR-23,5923623,690611,84.0,Granito de biotita,GB,322.74,1.55718,15571.8,2434.0,0.147871,1478.71,5.0,10.0,0.003,30.0,1.798241,17982.41,42.4,64.872,100.63,45.25,96.11,145.19,188.65,, , ,,0,0,0,0,0,0,DUP_2/2,Granito de biotita
1479,Point ZM,LPPR-34A,5931898,687030,337.0,Granito de biotita,GB,525.1,1.178248,11782.48,25.0,0.340257,3402.57,5.0,10.0,0.003,30.0,4.158313,41583.13,14.94,22.8582,113.94,20.11,79.06,102.59,170.35,, , ,,0,0,0,0,0,0,,Granito de biotita
1480,Point ZM,LPPR-34B,5931898,687030,337.0,Granito de biotita,GB,398.78,1.05464,10546.4,237.08,0.30441,3044.1,5.0,10.0,0.003,30.0,4.914039,49140.39,6.32,9.6696,96.39,17.11,64.08,107.93,143.32,, , ,,0,0,0,0,0,0,,Granito de biotita
1481,Point ZM,LPPR-34C,5931898,687030,337.0,Granito de biotita,GB,356.48,1.344922,13449.22,25.0,0.256141,2561.41,5.0,10.0,0.003,30.0,4.058911,40589.11,2.0,3.06,140.77,8.48,83.95,156.09,212.79,, , ,,0,0,0,0,0,0,,Granito de biotita
1482,Point ZM,LPPR-34D,5931898,687030,337.0,Granito de biotita,GB,463.95,1.284721,12847.21,25.0,0.290082,2900.82,5.0,10.0,0.003,30.0,4.148023,41480.23,3.55,5.4315,88.34,11.9,25.0,77.86,123.73,, , ,,0,0,0,0,0,0,,Granito de biotita
1483,Point ZM,LPPR-34E,5931898,687030,337.0,Granito de biotita,GB,485.98,1.188825,11888.25,25.0,0.404582,4045.82,5.0,10.0,0.003,30.0,7.039779,70397.79,3.87,5.9211,145.25,10.32,121.04,189.03,286.88,, , ,,0,0,0,0,0,0,,Granito de biotita
1484,Point ZM,LPPR-35,5931956,687380,324.0,Granito de biotita,GB,538.05,1.31201,13120.1,25.0,0.308419,3084.19,5.0,10.0,0.003,30.0,4.800602,48006.02,80.41,123.0273,30.0,16.5,70.78,32.0,112.14,168, , ,,0,0,0,0,0,0,,Granito de biotita
1485,Point ZM,LPPR-34F,5931898,687030,337.0,Granito de biotita,GB,374.78,1.110798,11107.98,25.0,0.263549,2635.49,5.0,10.0,0.003,30.0,3.715811,37158.11,4.05,6.1965,90.55,0.5,25.0,116.46,154.56,, , ,,1,0,0,0,0,0,,Granito de biotita
1486,Point ZM,LPPR-29C,5931938,687004,344.0,Granito de biotita,GB,845.71,0.852259,8522.59,6175.56,0.192384,1923.84,5.0,10.0,0.003,30.0,2.390836,23908.36,12.83,19.6299,197.07,15.32,140.91,280.75,441.63,, , ,,0,0,0,0,0,0,,Granito de biotita
1487,Point ZM,BEPR-05,5929365,684300,350.0,Granito de biotita,GB,135.87,0.822809,8228.09,25.0,0.0,5.0,5.0,10.0,0.003,30.0,3.139609,31396.09,2.0,3.06,69.5,10.84,59.88,81.53,127.09,, , ,,0,0,0,0,0,0,,Granito de biotita
1488,Point ZM,LPPR-30A,5932411,688597,285.0,Granito de biotita,GB,141.87,0.844296,8442.96,25.0,0.250916,2509.16,5.0,10.0,0.003,30.0,5.132767,51327.67,13.63,20.8539,98.76,0.5,25.0,32.0,45.0,52, , ,,1,0,0,0,0,0,,Granito de biotita
1489,Point ZM,LPPR-30B,5932411,688597,285.0,Granito de biotita,GB,120.65,0.913272,9132.72,25.0,0.234016,2340.16,5.0,10.0,0.003,30.0,4.886489,48864.89,22.59,34.5627,105.33,16.57,108.91,118.81,220.33,107, , ,,0,0,0,0,0,0,,Granito de biotita
1490,Point ZM,LPPR-30C,5932411,688597,285.0,Granito de biotita,GB,195.5,0.755185,7551.85,25.0,0.305784,3057.84,5.0,10.0,0.003,30.0,5.19412,51941.2,27.59,42.2127,64.45,12.95,114.28,109.1,182.22,135, , ,,0,0,0,0,0,0,,Granito de biotita
1491,Point ZM,LPPR-30D,5932411,688597,285.0,Granito de biotita,GB,201.74,1.469887,14698.87,25.0,0.513795,5137.95,5.0,10.0,0.003,30.0,4.7173,47173.0,69.05,105.6465,112.64,17.86,141.01,144.34,269.46,262, , ,,0,0,0,0,0,0,,Granito de biotita
1492,Point ZM,LPPR-30E,5932411,688597,285.0,Granito de biotita,GB,114.34,0.827315,8273.15,25.0,0.320179,3201.79,5.0,10.0,0.003,30.0,5.04284,50428.4,101.33,155.0349,84.49,13.11,67.72,32.0,158.58,284, , ,,0,0,0,0,0,0,,Granito de biotita
1493,Point ZM,LPPR-33,5931723,689307,284.0,Granito de biotita,GB,745.79,0.933809,9338.09,252.78,0.237352,2373.52,5.0,10.0,0.003,30.0,3.747116,37471.16,17.66,27.0198,81.41,0.5,25.0,80.75,45.0,79, , ,,1,0,0,0,0,0,,Granito de biotita
1494,Point ZM,LPPR-32,5932218,689033,331.0,Granito de biotita,GB,516.65,0.936778,9367.78,273.49,0.295054,2950.54,5.0,10.0,0.003,30.0,4.912717,49127.17,65.46,100.1538,159.63,14.29,77.65,32.0,131.31,188, , ,,0,0,0,0,0,0,,Granito de biotita
1495,Point ZM,LPPR-29B,5931938,687004,344.0,Granito de biotita,GB,632.82,1.992211,19922.11,25.0,0.319765,3197.65,5.0,10.0,0.003,30.0,4.566113,45661.13,41.24,63.0972,148.38,11.59,128.62,87.21,147.8,184, , ,,0,0,0,0,0,0,,Granito de biotita
1496,Point ZM,CELCBS-17A,5932208,681284,184.0,Dique granitico,DGR,371.4,1.823778,18237.78,25.0,0.155905,1559.05,5.0,10.0,0.003,30.0,4.308618,43086.18,267.73,409.6269,351.84,67.61,192.09,145.22,236.32,, , ,,0,0,0,0,0,0,,Dique Granitico
1497,Point ZM,CELCBS-17B,5932208,681284,184.0,Granito de granate,GG,652.18,0.771207,7712.07,221.92,0.0,5.0,5.0,348.51,0.202544,2025.44,5.968102,59681.02,194.71,297.9063,392.19,52.59,264.22,284.03,488.89,, , ,,0,0,0,0,0,0,,Granito de Granate
1498,Point ZM,celcbs-18,5932250,682051,202.0,Granito de granate,GG,579.65,0.899219,8992.19,535.84,0.0,5.0,5.0,10.0,0.227899,2278.99,8.93997,89399.7,363.71,556.4763,524.99,68.4,261.94,230.08,414.85,, , ,,0,0,0,0,0,0,,Granito de Granate
1499,Point ZM,celcbs-19,5932227,682037,0.0,Granito de granate,GG,525.39,1.435626,14356.26,1000.76,0.282055,2820.55,5.0,10.0,0.003,30.0,7.330898,73308.98,236.52,361.8756,347.39,60.43,186.77,162.41,301.5,, , ,,0,0,0,0,0,0,,Granito de Granate
1500,Point ZM,BEPR-40,5928351,682864,279.0,Granito de biotita,GB,522.85,0.0,7289.65,25.0,0.0,5.0,5.0,10.0,0.003,30.0,0.0,43233.25,16.98,25.9794,80.85,7.93,25.0,32.0,123.45,, , ,,0,0,0,0,0,0,DUP_1/2,Granito de biotita
1501,Point ZM,BEPR-41,5928307,683228,225.0,Granito de biotita,GB,335.01,0.0,9154.12,25.0,0.0,1539.12,5.0,10.0,0.003,30.0,0.0,35487.68,25.41,38.8773,116.7,18.14,74.37,107.05,123.47,, , ,,0,0,0,0,0,0,,Granito de biotita
1502,Point ZM,BEPR-42,5929869,683088,296.0,Diorita,DIO,345.61,0.239581,2395.81,328.99,0.314931,3149.31,5.0,10.0,0.003,30.0,10.44864,104486.4,29.09,44.5077,168.1,11.68,100.85,147.26,223.99,, , ,,0,0,0,0,0,0,,Diorita
1503,Point ZM,BEPR-43,5929987,684182,312.0,Metapelita,MP,315.85,0.413626,4136.26,204.06,0.210107,2101.07,5.0,10.0,0.003,30.0,3.456982,34569.82,37.08,56.7324,83.42,12.83,67.36,69.08,127.78,, , ,,0,0,0,0,0,0,,Metapelita
1504,Point ZM,BEPR-44,5929984,684150,311.0,Granito de granate,GG,272.34,0.564129,5641.29,186.04,0.19538,1953.8,5.0,10.0,0.003,30.0,5.997389,59973.89,174.11,266.3883,363.9,52.82,260.09,202.4,360.29,253, , ,,0,0,0,0,0,0,,Granito de Granate
1505,Point ZM,BEPR-45,5931014,685537,341.0,Granito de biotita,GB,195.98,0.350324,3503.24,187.42,0.0,5.0,5.0,10.0,0.003,30.0,1.260798,12607.98,1.79,2.7387,30.0,0.5,25.0,32.0,45.0,, , ,,1,0,0,0,0,0,,Granito de biotita
1506,Point ZM,BEPR-46,5929394,680513,217.0,Metapelita,MP,1011.78,1.278825,12788.25,25.0,0.348023,3480.23,5.0,10.0,0.003,30.0,5.000097,50000.97,54.54,83.4462,160.38,23.08,102.99,180.16,258.05,, , ,,0,0,0,0,0,0,,Metapelita
1507,Point ZM,BEPR-47,5928950,680669,226.0,Granito de granate,GG,575.09,0.376909,3769.09,25.0,0.305501,3055.01,5.0,10.0,0.276309,2763.09,9.465143,94651.43,176.53,270.0909,599.91,101.84,358.83,290.66,574.77,95, , ,,0,0,0,0,0,0,,Granito de Granate
1508,Point ZM,BEPR-48,5928208,682870,263.0,Granito de biotita,GB,953.88,1.352251,13522.51,25.0,0.215135,2151.35,5.0,10.0,0.003,30.0,4.435532,44355.32,14.32,21.9096,111.93,13.33,25.0,32.0,99.11,, , ,,0,0,0,0,0,0,,Granito de biotita
1509,Point ZM,BEPR-49,5928218,683318,223.0,Granito de biotita,GB,752.75,0.595288,5952.88,648.89,0.0,5.0,5.0,261.43,0.003,30.0,1.977201,19772.01,6.03,9.2259,109.63,14.74,76.44,138.5,204.27,, , ,,0,0,0,0,0,0,,Granito de biotita
1510,Point ZM,LPPR-49,5928218,683318,223.0,Granito de biotita,GB,374.13,0.62017,6201.7,378.94,0.120135,1201.35,5.0,10.0,0.003,30.0,3.291779,32917.79,36.22,55.4166,64.88,12.36,25.0,32.0,102.21,, , ,,0,0,0,0,0,0,,Granito de biotita
1511,Point ZM,BEPR-50,5927792,683076,175.0,Granito de biotita,GB,688.69,1.189503,11895.03,25.0,0.197844,1978.44,5.0,10.0,0.003,30.0,4.513101,45131.01,24.07,36.8271,131.24,19.67,89.86,113.39,203.86,, , ,,0,0,0,0,0,0,,Granito de biotita
1512,Point ZM,LPPR-50,5927792,683076,175.0,Granito de biotita,GB,385.12,0.795609,7956.09,3505.57,0.0,5.0,5.0,10.0,0.003,30.0,3.419397,34193.97,10.44,15.9732,99.97,15.07,82.85,114.01,176.93,, , ,,0,0,0,0,0,0,,Granito de biotita
1513,Point ZM,BEPR51-A,5927427,683136,141.0,Diorita porfídica,DP,636.45,0.871937,8719.37,689.14,0.231278,2312.78,5.0,10.0,0.003,30.0,4.457732,44577.32,13.8,21.114,126.04,0.5,25.0,118.69,128.71,, , ,,1,0,0,0,0,0,,Diorita Porfidica
1514,Point ZM,BEPR51-B,5927427,683136,141.0,Diorita porfídica,DP,597.95,0.997648,9976.48,25.0,0.255625,2556.25,5.0,10.0,0.003,30.0,4.067759,40677.59,11.69,17.8857,124.9,0.5,87.46,163.51,285.42,, , ,,1,0,0,0,0,0,,Diorita Porfidica
1515,Point ZM,BEPR-52,5927931,683207,158.0,Granito de biotita,GB,641.26,1.450818,14508.18,25.0,0.160492,1604.92,5.0,10.0,0.003,30.0,3.465187,34651.87,16.76,25.6428,135.91,11.4,83.35,96.57,178.68,, , ,,0,0,0,0,0,0,,Granito de biotita
1516,Point ZM,LPPR-52,5927931,683207,158.0,Granito de biotita,GB,402.71,0.634749,6347.49,195.67,0.0,5.0,5.0,10.0,0.003,30.0,2.56817,25681.7,3.01,4.6053,57.83,16.53,25.0,32.0,45.0,, , ,,0,0,0,0,0,0,,Granito de biotita
1517,Point ZM,LPPR-53,5927601,682905,134.0,Metapelita,MP,377.73,1.803278,18032.78,2726.75,0.363499,3634.99,5.0,10.0,0.003,30.0,4.056838,40568.38,19.3,29.529,279.15,0.5,224.25,341.96,547.13,, , ,,1,0,0,0,0,0,,Metapelita
1518,Point ZM,BEPR-53,5927601,682905,134.0,Diorita porfídica,DP,743.99,1.286237,12862.37,25.0,0.303398,3033.98,5.0,10.0,0.003,30.0,5.519371,55193.71,7.01,10.7253,68.01,0.5,25.0,83.79,174.01,, , ,,1,0,0,0,0,0,,Diorita Porfidica
1519,Point ZM,BEPR-54,5927465,683088,122.0,Diorita porfídica,DP,690.02,0.508634,5086.34,7492.21,0.146741,1467.41,5.0,10.0,0.003,30.0,2.885,28850.0,8.69,13.2957,199.71,14.12,157.93,270.94,452.37,, , ,,0,0,0,0,0,0,,Diorita Porfidica
1520,Point ZM,BEPR-55,5927666,683271,149.0,Granito de biotita,GB,565.47,1.624703,16247.03,25.0,0.191684,1916.84,5.0,10.0,0.003,30.0,3.757941,37579.41,13.75,21.0375,86.22,12.35,70.85,89.38,147.04,, , ,,0,0,0,0,0,0,,Granito de biotita
1521,Point ZM,BEPR-56,5927459,683764,147.0,Granito de biotita,GB,562.76,0.60341,6034.1,25.0,0.288841,2888.41,5.0,10.0,0.003,30.0,4.294354,42943.54,17.98,27.5094,131.73,10.11,99.81,151.34,195.25,, , ,,0,0,0,0,0,0,,Granito de biotita
1522,Point ZM,LPPR-36,5931326,685894,334.0,Granito de biotita,GB,257.16,0.680488,6804.88,262.06,0.195074,1950.74,5.0,10.0,0.003,30.0,5.065518,50655.18,13.18,20.1654,30.0,12.48,80.57,79.06,142.78,, , ,,0,0,0,0,0,0,,Granito de biotita
1523,Point ZM,LPPR-37,5931671,685198,374.0,Metapelita,MP,648.32,0.202486,2024.86,25.0,0.476849,4768.49,5.0,10.0,0.003,30.0,7.392029,73920.29,31.28,47.8584,133.34,25.02,106.41,190.8,241.07,, , ,,0,0,0,0,0,0,,Metapelita
1524,Point ZM,LPPR-38,5931597,685760,312.0,Granito de biotita,GB,820.57,0.284328,2843.28,1969.89,0.93847,9384.7,5.0,10.0,0.003,30.0,1.090706,10907.06,5.94,9.0882,180.51,18.83,159.4,256.95,422.7,, , ,,0,0,0,0,0,0,,Granito de biotita
1525,Point ZM,LPPR-39,5931496,687500,236.0,Granito de biotita,GB,339.55,0.732763,7327.63,2733.29,0.146812,1468.12,5.0,10.0,0.003,30.0,2.967115,29671.15,31.07,47.5371,158.02,13.92,124.91,175.39,251.72,, , ,,0,0,0,0,0,0,,Granito de biotita
1526,Point ZM,LPPR-40,5931526,686478,329.0,Metapelita,MP,751.72,0.420618,4206.18,645.71,0.296813,2968.13,5.0,10.0,0.003,30.0,6.431889,64318.89,12.69,19.4157,241.58,15.61,207.4,312.11,485.85,, , ,,0,0,0,0,0,0,,Metapelita
1527,Point ZM,LPPR-41,5930774,686633,295.0,Metapelita,MP,643.58,0.806515,8065.15,179.03,0.261596,2615.96,5.0,10.0,0.003,30.0,4.031165,40311.65,18.37,28.1061,119.4,15.22,80.28,145.43,219.32,, , ,,0,0,0,0,0,0,,Metapelita
1528,Point ZM,LPPR-42,5930174,685637,372.0,Dique Granitico,DGR,544.63,0.870772,8707.72,218.8,0.0,5.0,5.0,10.0,0.003,30.0,2.150748,21507.48,5.3,8.109,95.2,0.5,85.48,144.03,184.11,, , ,,1,0,0,0,0,0,,Dique Granitico
1529,Point ZM,BEPR-57,5929368,680696,211.0,Metapelita,MP,742.76,0.552346,5523.46,172.4,0.153612,1536.12,5.0,10.0,0.003,30.0,4.524605,45246.05,15.62,23.8986,122.55,10.64,25.0,105.24,193.87,, , ,,0,0,0,0,0,0,,Metapelita
1530,Point ZM,BEPR-58,5929319,680741,211.0,Granito de granate,GG,30.0,0.404304,4043.04,14204.52,0.198932,1989.32,5.0,10.0,0.003,30.0,2.022438,20224.38,52.26,79.9578,359.76,44.0,196.7,163.28,328.49,, , ,,0,0,0,0,0,0,,Granito de Granate
1531,Point ZM,BEPR-59,5929205,680708,210.0,Granito de biotita,GB,749.61,0.348345,3483.45,310.8,0.252439,2524.39,5.0,10.0,0.003,30.0,5.719877,57198.77,35.01,53.5653,172.39,37.54,91.61,32.0,112.57,, , ,,0,0,0,0,0,0,,Granito de biotita
1532,Point ZM,BEPR-60,5929057,680661,229.0,Metapelita,MP,740.27,1.065668,10656.68,354.97,0.21962,2196.2,5.0,10.0,0.003,30.0,4.745283,47452.83,58.33,89.2449,152.34,19.65,125.51,173.78,284.23,120, , ,,0,0,0,0,0,0,,Metapelita
1533,Point ZM,BEPR-61,5929057,680661,0.0,Granito de granate,GG,664.01,0.236721,2367.21,25.0,0.0,5.0,5.0,10.0,0.982496,9824.96,12.135846,121358.46,131.57,201.3021,550.19,95.42,309.26,242.44,500.03,, , ,,0,0,0,0,0,0,,Granito de Granate
1534,Point ZM,BEPR-62,5928775,680635,208.0,Diorita,DIO,649.69,0.413207,4132.07,13041.25,0.41913,4191.3,5.0,10.0,0.003,30.0,8.760288,87602.88,48.32,73.9296,206.05,12.06,125.95,169.12,304.45,, , ,,0,0,0,0,0,0,,Diorita
1535,Point ZM,BEPR-63,5928317,680458,192.0,Metapelita,MP,1437.65,2.325198,23251.98,1068.6,0.833517,8335.17,5.0,10.0,0.003,30.0,5.076822,50768.22,21.61,33.0633,338.01,14.05,240.22,362.93,545.97,, , ,,0,0,0,0,0,0,,Metapelita
1536,Point ZM,BEPR-64,5927685,680486,129.0,Metapelita/Roca cornea,MP,734.1,0.603785,6037.85,302.33,0.23746,2374.6,5.0,10.0,0.003,30.0,5.258898,52588.98,14.69,22.4757,94.62,8.67,25.0,133.97,161.04,, , ,,0,0,0,0,0,0,,Metapelita/Hornfels
1537,Point ZM,BEPR-65,5927489,680425,107.0,Metapelita,MP,321.01,1.046939,10469.39,6559.17,0.335364,3353.64,5.0,10.0,0.211342,2113.42,8.991727,89917.27,96.09,147.0177,409.96,59.02,292.51,302.39,510.61,, , ,,0,0,0,0,0,0,,Metapelita
1538,Point ZM,BEPR-66,5927355,680369,68.0,Granito de biotita,GB,586.39,1.150136,11501.36,1368.69,0.379693,3796.93,5.0,10.0,0.003,30.0,2.111558,21115.58,14.34,21.9402,82.16,21.72,25.0,66.23,45.0,, , ,,0,0,0,0,0,0,,Granito de biotita
1539,Point ZM,BEPR-67,5927318,680513,42.0,Metapelita/Roca cornea,MP,2137.9,0.53792,5379.2,16333.87,0.0,5.0,5.0,10.0,0.003,30.0,3.856879,38568.79,9.6,14.688,722.75,0.5,703.24,1279.89,1860.72,, , ,,1,0,0,0,0,0,,Metapelita/Hornfels
1540,Point ZM,BEPR-68,5927089,680487,31.0,Granito de biotita,GB,432.48,1.220042,12200.42,13335.77,0.228327,2283.27,5.0,10.0,0.003,30.0,4.426933,44269.33,152.8,233.784,408.18,32.82,309.11,396.31,715.38,, , ,,0,0,0,0,0,0,,Granito de biotita
1541,Point ZM,BEPR-69,5928196,680865,159.0,Granito de granate,GG,616.12,0.481586,4815.86,364.04,0.281487,2814.87,5.0,10.0,0.374322,3743.22,8.603295,86032.95,186.53,285.3909,451.03,65.89,232.27,260.38,414.36,197, , ,,0,0,0,0,0,0,,Granito de Granate
1542,Point ZM,BEPR-71,5928649,680865,215.0,Granito de granate,GG,697.59,0.514608,5146.08,25.0,0.251603,2516.03,5.0,10.0,0.504735,5047.35,9.053766,90537.66,189.8,290.394,486.13,104.19,254.72,182.2,358.89,240, , ,,0,0,0,0,0,0,,Granito de Granate
1543,Point ZM,BEPR-73,5928673,681340,0.0,Metapelita,MP,888.58,0.276079,2760.79,1001.99,0.213971,2139.71,5.0,10.0,0.003,30.0,7.871469,78714.69,9.44,14.4432,127.39,15.27,25.0,95.2,193.33,, , ,,0,0,0,0,0,0,,Metapelita
1544,Point ZM,BEPR-74A,5928642,680802,232.0,Diorita con cúmulos de granate,DIO,835.95,0.409478,4094.78,25.0,0.178649,1786.49,5.0,10.0,0.200696,2006.96,10.257971,102579.71,326.2,499.086,414.44,137.19,229.52,92.25,233.67,736, , ,,0,0,0,0,0,0,,Diorita con Granate
1545,Point ZM,BEPR-74B,5928642,680802,232.0,Diorita con cúmulos de granate,DIO,191.99,0.447293,4472.93,2625.0,0.0,5.0,5.0,10.0,0.003,30.0,2.731457,27314.57,87.91,134.5023,189.76,0.5,289.94,226.63,415.32,, , ,,1,0,0,0,0,0,,Diorita con Granate
1546,Point ZM,BEPR-75A,5928085,681278,189.0,Diorita,DIO,659.39,0.985152,9851.52,25.0,0.44329,4432.9,5.0,10.0,0.003,30.0,7.138328,71383.28,17.15,26.2395,100.9,0.5,76.59,133.13,164.78,, , ,,1,0,0,0,0,0,,Diorita
1547,Point ZM,BEPR-75B,5928085,681278,189.0,Metapelita,MP,350.84,1.231152,12311.52,1225.27,0.503853,5038.53,5.0,10.0,0.003,30.0,13.211486,132114.86,41.59,63.6327,405.99,0.5,333.78,477.18,727.45,, , ,,1,0,0,0,0,0,,Metapelita
1548,Point ZM,BEPR-76,5928007,681746,224.0,Granito de biotita,GB,756.46,0.674549,6745.49,25.0,0.134629,1346.29,5.0,10.0,0.003,30.0,5.142501,51425.01,99.75,152.6175,30.0,12.97,25.0,32.0,45.0,230, , ,,0,0,0,0,0,0,,Granito de biotita
1549,Point ZM,BEPR-77,5928001,681810,226.0,Metapelita,MP,737.74,1.085564,10855.64,25.0,0.215214,2152.14,5.0,10.0,0.003,30.0,2.53609,25360.9,36.77,56.2581,30.0,0.5,25.0,32.0,45.0,114, , ,,1,0,0,0,0,0,,Metapelita
1550,Point ZM,BEPR-78,5927265,681929,186.0,Diorita porfídica,DP,486.79,1.349938,13499.38,27606.37,0.560374,5603.74,5.0,10.0,0.003,30.0,6.092331,60923.31,7.78,11.9034,423.4,0.5,338.72,684.71,903.65,, , ,,1,0,0,0,0,0,,Diorita Porfidica
1551,Point ZM,BEPR-79,5927189,682156,159.0,Granito de biotita,GB,357.33,1.076654,10766.54,515.93,0.247288,2472.88,5.0,10.0,0.003,30.0,4.684316,46843.16,5.24,8.0172,142.95,10.51,112.15,223.52,279.84,, , ,,0,0,0,0,0,0,,Granito de biotita
1552,Point ZM,BEPR-81A,5926757,682791,68.0,Granito de biotita,GB,658.0,1.162554,11625.54,25.0,0.0,5.0,5.0,10.0,0.003,30.0,3.839722,38397.22,18.88,28.8864,120.23,14.21,98.96,128.28,183.21,, , ,,0,0,0,0,0,0,,Granito de biotita
1553,Point ZM,BEPR-81B,5926757,682791,68.0,Diorita porfídica,DP,570.79,0.794535,7945.35,379.01,0.243825,2438.25,5.0,10.0,0.003,30.0,5.006248,50062.48,20.12,30.7836,143.39,14.68,114.26,159.52,210.55,, , ,,0,0,0,0,0,0,,Diorita Porfidica
1554,Point ZM,BEPR-82,5926921,682360,122.0,Diorita porfídica,DP,30.0,1.114172,11141.72,2777.99,0.670687,6706.87,5.0,10.0,0.003,30.0,7.067999,70679.99,15.08,23.0724,284.59,14.03,229.12,413.9,675.18,, , ,,0,0,0,0,0,0,,Diorita Porfidica
1555,Point ZM,BEPR-83A,5928022,682226,234.0,Metapelita?,MP,451.23,0.715048,7150.48,655.51,0.229096,2290.96,5.0,10.0,0.003,30.0,5.688112,56881.12,25.5,39.015,104.44,23.16,66.39,87.83,139.65,, , ,,0,0,0,0,0,0,,Metapelita
1556,Point ZM,BEPR-83B,5928022,682226,234.0,Metapelita?,MP,30.0,1.172844,11728.44,505.93,0.0,5.0,5.0,10.0,0.003,30.0,9.791728,97917.28,19.4,29.682,308.4,18.14,306.06,437.11,731.8,, , ,,0,0,0,0,0,0,,Metapelita
1557,Point ZM,BEPR-83C,5928022,682226,234.0,Dique Granitico argilizado,DGR,439.43,0.318304,3183.04,1114.64,0.0,5.0,5.0,10.0,0.003,30.0,1.967985,19679.85,4.98,7.6194,168.92,11.11,119.26,160.36,276.39,, , ,,0,0,0,0,0,0,,Dique Granitico
1558,Point ZM,BEPR-84,5926503,683610,33.0,Granito de biotita,GB,474.33,0.334212,3342.12,424.73,0.0,5.0,5.0,10.0,0.003,30.0,4.868253,48682.53,13.9,21.267,89.69,16.05,86.45,32.0,45.0,, , ,,0,0,0,0,0,0,,Granito de biotita
1559,Point ZM,BEPR-85,5926633,684315,36.0,Granito de biotita,GB,292.43,1.163664,11636.64,10274.77,0.224065,2240.65,5.0,10.0,0.003,30.0,3.306387,33063.87,24.38,37.3014,163.51,12.25,140.0,240.87,360.15,, , ,,0,0,0,0,0,0,,Granito de biotita
1560,Point ZM,BEPR-86A,5927527,684221,74.0,Diorita porfídica,DP,1118.36,0.709708,7097.08,20299.11,0.266048,2660.48,5.0,10.0,0.003,30.0,4.071659,40716.59,13.22,20.2266,258.11,0.5,270.55,476.27,720.4,, , ,,1,0,0,0,0,0,,Diorita Porfidica
1561,Point ZM,BEPR-86B,5927527,684221,74.0,Diorita porfídica,DP,435.45,1.265867,12658.67,20923.71,0.309081,3090.81,5.0,10.0,0.003,30.0,4.858641,48586.41,19.84,30.3552,236.51,0.5,192.84,375.39,541.34,, , ,,1,0,0,0,0,0,,Diorita Porfidica
1562,Point ZM,BEPR-87,5927594,684019,92.0,Granito de biotita,GB,393.37,0.844894,8448.94,960.92,0.165271,1652.71,5.0,10.0,0.003,30.0,3.672153,36721.53,15.66,23.9598,104.32,0.5,68.08,122.91,189.3,, , ,,1,0,0,0,0,0,,Granito de biotita
1563,Point ZM,BEPR-88,5926401,684579,86.0,Diorita porfídica,DP,30.0,1.658398,16583.98,7570.35,1.017835,10178.35,5.0,10.0,0.003,30.0,8.553198,85531.98,22.56,34.5168,224.89,0.5,255.2,441.31,719.89,, , ,,1,0,0,0,0,0,,Diorita Porfidica
1564,Point ZM,LPPR-43,5925296,685427,200.0,Granito de biotita,GB,360.78,0.903512,9035.12,25.0,0.0,5.0,5.0,10.0,0.003,30.0,2.438717,24387.17,6.52,9.9756,30.0,8.21,25.0,32.0,45.0,, , ,,0,0,0,0,0,0,,Granito de biotita
1565,Point ZM,LPPR-44,5926380,686074,154.0,Granito de biotita,GB,403.32,0.592795,5927.95,581.04,0.208832,2088.32,5.0,10.0,0.003,30.0,2.482034,24820.34,17.5,26.775,85.91,0.5,61.95,103.61,121.44,, , ,,1,0,0,0,0,0,,Granito de biotita
1566,Point ZM,LPPR-45A,5926540,685915,110.0,Diorita porfídica,DP,593.05,1.174371,11743.71,58200.44,0.545327,5453.27,5.0,10.0,0.003,30.0,5.549291,55492.91,8.77,13.4181,327.11,0.5,242.12,525.29,743.77,, , ,,1,0,0,0,0,0,,Diorita Porfidica
1567,Point ZM,LPPR-45B,5926540,685915,110.0,Aplita,APL,85.5,2.982497,29824.97,8301.58,0.16325,1632.5,5.0,10.0,0.003,30.0,1.533797,15337.97,5.73,8.7669,212.87,13.14,143.81,298.84,437.77,, , ,,0,0,0,0,0,0,,Aplita
1568,Point ZM,LPPR-45C,5926540,685915,110.0,Diorita porfídica,DP,284.93,1.428688,14286.88,56415.99,0.563452,5634.52,5.0,10.0,0.003,30.0,6.259754,62597.54,7.88,12.0564,294.69,0.5,296.31,514.03,778.65,, , ,,1,0,0,0,0,0,,Diorita Porfidica
1569,Point ZM,LPPR-46,5926780,685611,106.0,Aplita,APL,444.34,1.083979,10839.79,790.41,0.130649,1306.49,5.0,10.0,0.003,30.0,1.942145,19421.45,9.8,14.994,100.34,20.83,73.15,107.96,141.31,, , ,,0,0,0,0,0,0,,Aplita
1570,Point ZM,LPPR-47A,5926942,685179,90.0,Granito de biotita,GB,334.02,0.463263,4632.63,2880.84,0.155179,1551.79,5.0,10.0,0.003,30.0,3.447437,34474.37,9.13,13.9689,73.61,14.35,25.0,32.0,45.0,, , ,,0,0,0,0,0,0,,Granito de biotita
1571,Point ZM,LPPR-47B,5926942,685179,90.0,Granito de biotita,GB,429.62,4.21361,42136.1,18452.82,0.0,5.0,5.0,10.0,0.003,30.0,0.851018,8510.18,3.74,5.7222,205.18,0.5,164.61,307.94,383.83,, , ,,1,0,0,0,0,0,,Granito de biotita
1572,Point ZM,BEPR-40,5928351,682864,279.0,Granito de biotita,GB,522.85,0.728965,7289.65,25.0,0.0,5.0,5.0,10.0,0.003,30.0,4.323325,43233.25,16.98,25.9794,80.85,7.93,25.0,32.0,123.45,, , ,,0,0,0,0,0,0,DUP_2/2,Granito de biotita
1573,Point ZM,CELBS14,5931516,681743,222.0,Diorita con granate,GG,867.83,1.763279,17632.79,11015.23,0.0,5.0,5.0,270.05,0.003,30.0,1.307592,13075.92,2.75,4.2075,214.05,0.5,196.96,291.34,418.71,, , ,,1,0,0,0,0,0,,Diorita con Granate
1574,Point ZM,CELBS15,5931906,681217,161.0,Granito de biotita?,GB,256.92,1.355106,13551.06,354.0,3.531654,35316.54,5.0,10.0,0.003,30.0,1.945675,19456.75,2.0,3.06,30.0,0.5,25.0,32.0,94.12,, , ,,1,0,0,0,0,0,,Granito de biotita?
1575,Point ZM,CELBS16,5932042,681262,179.0,Zona de falla,ZFA,941.71,0.792393,7923.93,175.28,0.214007,2140.07,5.0,10.0,0.003,30.0,5.212402,52124.02,25.71,39.3363,205.27,12.6,139.9,251.91,410.46,, , ,,0,0,0,0,0,0,,Zona de Falla
1576,Point ZM,CELBS20,5932188,682212,235.0,Granito de granate?,GG,620.8,0.514689,5146.89,398.17,0.259209,2592.09,5.0,10.0,0.003,30.0,8.948669,89486.69,41.94,64.1682,689.66,154.97,319.21,216.35,361.78,, , ,,0,0,0,0,0,0,,Granito de granate?
1577,Point ZM,TOGG-122,5944710,685951,243.0,Granito de Biotita,GB,300.93,1.549189,15491.89,25.0,0.27065,2706.5,5.0,10.0,0.003,30.0,4.268663,42686.63,25.78,39.4434,98.41,11.76,25.0,74.77,118.91,, , ,,0,0,0,0,0,0,,Granito de Biotita
1578,Point ZM,TOGG-123,5946186,687949,256.0,Granito de Biotita,GB,331.3,1.285963,12859.63,4425.32,0.199494,1994.94,5.0,10.0,0.003,30.0,2.760898,27608.98,37.12,56.7936,117.86,8.0,25.0,86.71,120.83,, , ,,0,0,0,0,0,0,,Granito de Biotita
1579,Point ZM,TOGG-124,5948479,693950,153.0,Dique Dacitico,DDA,30.0,2.94116,29411.6,2835.05,0.0005,5.0,5.0,10.0,0.003,30.0,1.049257,10492.57,17.7,27.081,188.97,19.02,167.22,261.45,353.38,, , ,,0,0,0,0,0,0,,Dique Dacitico
1580,Point ZM,TOGG-125,5949564,694412,248.0,Dique Granodioritico?,DGRD,442.84,2.461199,24611.99,1052.32,0.0005,5.0,5.0,10.0,0.003,30.0,1.650922,16509.22,76.07,116.3871,71.39,13.07,100.5,32.0,115.47,, , ,,0,0,0,0,0,0,,Dique Granodioritico
1581,Point ZM,TOGG-125b,5949564,694412,248.0,Dique Granodioritico?,DGRD,30.0,2.482815,24828.15,5044.08,0.0005,5.0,5.0,10.0,0.003,30.0,1.071935,10719.35,21.99,33.6447,197.18,16.87,147.82,265.11,355.26,, , ,,0,0,0,0,0,0,,Dique Granodioritico
1582,Point ZM,TOGG-126,5947331,695933,281.0,Dique pegmatitico,DPG,81.16,1.59883,15988.3,25.0,0.0005,5.0,5.0,10.0,0.003,30.0,0.673324,6733.24,2.0,3.06,30.0,0.5,25.0,32.0,45.0,, , ,,1,0,0,0,0,0,,Dique Pegmatitico
1583,Point ZM,TOGG-127,5949031,691154,251.0,Granito de Biotita,GB,459.35,0.370026,3700.26,356.8,0.155213,1552.13,5.0,10.0,0.003,30.0,3.478751,34787.51,15.3,23.409,108.67,7.77,60.91,103.56,131.22,, , ,,0,0,0,0,0,0,,Granito de Biotita
1584,Point ZM,TRGG-01,5969162,693979,26.0,Metapelitas,MP,1135.26,0.768916,7689.16,25.0,0.335472,3354.72,5.0,10.0,0.285942,2859.42,8.82786,88278.6,15.98,24.4494,186.91,0.5,166.3,236.05,375.13,, ,B,,1,0,0,0,0,0,,Metapelita
1585,Point ZM,TRGG-02,5968981,694594,183.0,Metapelitas,MP,520.5,1.206722,12067.22,897.73,0.303868,3038.68,5.0,10.0,0.003,30.0,4.110566,41105.66,55.78,85.3434,197.35,8.32,216.39,302.73,501.86,, ,B,,0,0,0,0,0,0,,Metapelita
1586,Point ZM,TRGG-03,5968282,695472,309.0,Metapelitas,MP,137.61,0.964032,9640.32,1132.67,0.324859,3248.59,5.0,10.0,0.003,30.0,6.567259,65672.59,13.68,20.9304,76.63,14.95,107.25,151.94,219.66,, ,B,,0,0,0,0,0,0,,Metapelita
1587,Point ZM,TRGG-04,5968618,692838,11.0,Metapelitas,MP,739.25,0.552194,5521.94,730.77,0.0005,5.0,5.0,10.0,0.439154,4391.54,8.212123,82121.23,104.51,159.9003,402.44,0.5,346.88,332.71,636.17,, ,B,,1,0,0,0,0,0,,Metapelita
1588,Point ZM,TRGG-05,5966563,694147,278.0,Metapelitas,MP,386.04,0.767576,7675.76,25.0,0.30449,3044.9,5.0,543.53,0.003,30.0,8.702309,87023.09,27.99,42.8247,361.44,18.25,278.82,416.99,668.32,, ,B,,0,0,0,0,0,0,,Metapelita
1589,Point ZM,TRGG-06,5966123,695494,254.0,Granito de Biotita,GB,925.02,0.427036,4270.36,1197.55,0.266389,2663.89,5.0,526.76,0.003,30.0,5.408601,54086.01,37.83,57.8799,113.95,8.71,107.06,144.43,210.44,28, , ,,0,0,0,0,0,0,,Granito de Biotita
1590,Point ZM,TRGG-07,5966871,701474,351.0,hornfels,HF,2217.72,2.039389,20393.89,615.0,0.341925,3419.25,5.0,797.88,0.003,30.0,3.950168,39501.68,14.88,22.7664,148.72,22.04,25.0,32.0,45.0,, ,B,,0,0,0,0,0,0,,Hornfels
1591,Point ZM,TRGG-08,5966348,704242,48.0,Granito de Biotita,GB,282.22,2.427225,24272.25,4418.46,0.0005,5.0,5.0,10.0,0.003,30.0,1.700899,17008.99,8.59,13.1427,116.75,0.5,103.23,164.66,228.41,, ,B,,1,0,0,0,0,0,,Granito de Biotita
1592,Point ZM,TRGG-09,5966296,704049,96.0,Granito de Biotita,GB,557.87,1.256311,12563.11,25.0,0.264404,2644.04,5.0,10.0,0.003,30.0,3.408429,34084.29,17.51,26.7903,77.79,21.07,25.0,32.0,45.0,, , ,,0,0,0,0,0,0,,Granito de Biotita
1593,Point ZM,TRGG-10,5966372,703717,124.0,hornfels,HF,759.53,0.713563,7135.63,153.66,0.223131,2231.31,5.0,10.0,0.003,30.0,3.110808,31108.08,9.07,13.8771,94.3,8.62,73.11,98.61,168.82,, ,B,,0,0,0,0,0,0,,Hornfels
1594,Point ZM,TRGG-11,5966408,703599,116.0,hornfels,HF,549.42,0.631749,6317.49,25.0,0.226669,2266.69,5.0,10.0,0.201323,2013.23,5.463037,54630.37,10.33,15.8049,95.0,0.5,69.16,120.71,210.17,, ,B,,1,0,0,0,0,0,,Hornfels
1595,Point ZM,TRGG-11R,5966408,703599,116.0,hornfels,HF,892.25,1.120253,11202.53,339.76,0.233803,2338.03,5.0,10.0,0.003,30.0,3.587604,35876.04,13.6,20.808,189.54,0.5,141.95,243.67,393.83,, ,B,,1,0,0,0,0,0,,Hornfels
1596,Point ZM,TRGG-12,5966434,703558,114.0,Granito de Biotita,GB,692.2,2.100974,21009.74,25.0,0.0005,5.0,5.0,273.83,0.003,30.0,2.051167,20511.67,7.07,10.8171,30.0,0.5,25.0,74.32,45.0,, ,B,,1,0,0,0,0,0,,Granito de Biotita
1597,Point ZM,TRGG-12b,5966434,703558,114.0,Granito de Biotita,GB,550.5,1.235596,12355.96,25.0,0.232368,2323.68,5.0,10.0,0.220547,2205.47,3.13538,31353.8,17.82,27.2646,107.27,26.67,25.0,32.0,45.0,, ,B,,0,0,0,0,0,0,,Granito de Biotita
1598,Point ZM,TRGG-13,5966506,703193,172.0,Granito de Biotita,GB,510.47,1.019846,10198.46,25.0,0.404775,4047.75,5.0,10.0,0.003,30.0,4.502168,45021.68,58.59,89.6427,113.57,8.5,92.33,98.63,174.72,154, ,B,,0,0,0,0,0,0,,Granito de Biotita
1599,Point ZM,TRGG-14,5966669,702717,244.0,hornfels,HF,867.54,1.109541,11095.41,25.0,0.434798,4347.98,5.0,10.0,0.003,30.0,5.416136,54161.36,16.13,24.6789,154.02,10.59,132.77,182.7,292.58,, ,B,,0,0,0,0,0,0,,Hornfels
1600,Point ZM,TRGG-15,5966809,702218,324.0,hornfels,HF,445.62,0.614829,6148.29,25.0,0.469551,4695.51,5.0,10.0,0.003,30.0,4.49752,44975.2,17.06,26.1018,126.14,11.52,83.46,108.3,160.6,, ,B,,0,0,0,0,0,0,,Hornfels
1601,Point ZM,TRGG-16,5967106,704018,19.0,Granito de Biotita,GB,451.53,1.210177,12101.77,983.23,0.0005,5.0,5.0,10.0,1.061241,10612.41,6.066696,60666.96,5.44,8.3232,169.3,0.5,137.74,219.83,338.84,, ,B,Mn_ALTO(1.061241%),1,0,0,0,0,0,,Granito de Biotita
1602,Point ZM,TRGG-17,5968280,703373,24.0,Granodiorita,GRD,1511.28,1.893179,18931.79,3044.47,0.463898,4638.98,5.0,10.0,0.003,30.0,5.041048,50410.48,23.37,35.7561,331.06,9.57,328.52,508.73,790.92,, ,B,,0,0,0,0,0,0,,Granodiorita
1603,Point ZM,TRGG-18,5968594,701788,28.0,Granito de Biotita,GB,456.12,1.680716,16807.16,835.98,0.383259,3832.59,5.0,10.0,0.003,30.0,4.688763,46887.63,14.51,22.2003,128.5,0.5,87.74,157.81,210.0,, ,B,,1,0,0,0,0,0,,Granito de Biotita
1604,Point ZM,TRGG-19,5969102,700555,12.0,Granito de Biotita,GB,614.26,1.275057,12750.57,2827.13,0.513356,5133.56,5.0,10.0,0.003,30.0,8.255081,82550.81,18.18,27.8154,342.41,14.54,303.92,504.89,765.53,, ,B,,0,0,0,0,0,0,,Granito de Biotita
1605,Point ZM,TRGG-20,5969715,697095,35.0,Metapelitas,MP,1238.09,1.003107,10031.07,608.09,0.309664,3096.64,5.0,10.0,0.003,30.0,4.395637,43956.37,22.18,33.9354,139.85,12.67,132.89,219.22,352.29,, ,B,,0,0,0,0,0,0,,Metapelita
1606,Point ZM,COGG-01,5966072,696360,298.0,Granodiorita,GRD,396.33,0.248122,2481.22,5277.83,0.190329,1903.29,5.0,329.8,0.003,30.0,4.849933,48499.33,10.33,15.8049,75.89,0.5,25.0,142.73,226.17,, , ,,1,0,0,0,0,0,,Granodiorita
1607,Point ZM,COGG-02,5965413,696977,409.0,hornfels,HF,392.07,0.227904,2279.04,310.9,0.535954,5359.54,5.0,10.0,0.003,30.0,6.070426,60704.26,4.15,6.3495,30.0,0.5,25.0,123.81,132.92,, , ,,1,0,0,0,0,0,,Hornfels
1608,Point ZM,COGG03,5965410,696977,409.0,Metapelitas,MP,358.54,0.941316,9413.16,25.0,0.299312,2993.12,5.0,10.0,0.003,30.0,6.266985,62669.85,27.72,42.4116,208.48,18.97,180.26,302.39,488.28,, , ,,0,0,0,0,0,0,,Metapelita
1609,Point ZM,COGG-04,5964879,696722,335.0,hornfels,HF,323.44,0.844379,8443.79,1487.05,0.362419,3624.19,5.0,10.0,0.003,30.0,5.313099,53130.99,36.46,55.7838,162.99,0.5,113.58,204.09,294.18,, , ,,1,0,0,0,0,0,,Hornfels
1610,Point ZM,COGG-04R,5964879,696722,335.0,hornfels,HF,763.62,0.314224,3142.24,378.07,0.0005,5.0,5.0,441.86,0.153563,1535.63,7.158198,71581.98,20.04,30.6612,154.83,17.27,111.49,224.61,345.52,, , ,,0,0,0,0,0,0,,Hornfels
1611,Point ZM,COGG-05,5964957,697759,454.0,Microgranito,MGR,267.21,0.734422,7344.22,25.0,0.407382,4073.82,5.0,10.0,0.003,30.0,7.053918,70539.18,20.46,31.3038,142.42,15.57,107.98,179.1,280.17,, , ,,0,0,0,0,0,0,,Microgranito
1612,Point ZM,COGG-05R,5964957,697759,454.0,Microgranito,MGR,239.41,0.834526,8345.26,982.75,0.311172,3111.72,5.0,10.0,0.003,30.0,3.924172,39241.72,21.93,33.5529,238.08,12.7,207.61,343.23,538.55,, , ,,0,0,0,0,0,0,,Microgranito
1613,Point ZM,COGG-06,5965635,698375,416.0,hornfels,HF,336.5,0.557164,5571.64,500.62,0.160373,1603.73,5.0,10.0,0.003,30.0,2.710381,27103.81,12.19,18.6507,30.0,36.92,25.0,32.0,45.0,, , ,,0,0,0,0,0,0,,Hornfels
1614,Point ZM,COGG-07,5965084,698732,487.0,Metapelitas?,MP,329.4,0.393802,3938.02,789.74,0.425757,4257.57,5.0,10.0,0.003,30.0,6.868027,68680.27,23.7,36.261,157.8,23.16,111.59,158.88,248.81,, , ,,0,0,0,0,0,0,,Metapelita
1615,Point ZM,COGG-08,5964643,699381,493.0,hornfels,HF,746.8,1.04421,10442.1,25.0,0.397143,3971.43,5.0,10.0,0.003,30.0,6.395039,63950.39,27.07,41.4171,179.47,20.44,134.63,209.83,360.99,, , ,,0,0,0,0,0,0,,Hornfels
1616,Point ZM,COGG-09,5965741,699796,525.0,hornfels,HF,692.87,0.844169,8441.69,25.0,0.330866,3308.66,5.0,809.26,0.003,30.0,6.370702,63707.02,8.47,12.9591,255.29,16.26,215.7,265.14,448.77,, , ,,0,0,0,0,0,0,,Hornfels
1617,Point ZM,COGG-10,5966258,699209,405.0,hornfels,HF,2343.76,1.405066,14050.66,321.79,0.702164,7021.64,5.0,10.0,0.003,30.0,4.498254,44982.54,14.01,21.4353,91.13,9.84,57.83,90.14,137.36,, , ,,0,0,0,0,0,0,,Hornfels
1618,Point ZM,COGG-11,5965996,700606,500.0,hornfels,HF,359.28,0.559371,5593.71,25.0,0.232661,2326.61,5.0,10.0,0.003,30.0,8.018566,80185.66,16.98,25.9794,169.3,0.5,108.52,165.43,293.31,, , ,,1,0,0,0,0,0,,Hornfels
1619,Point ZM,COGG-12,5966226,701330,444.0,hornfels,HF,549.0,1.288591,12885.91,25.0,0.32508,3250.8,5.0,968.18,0.003,30.0,7.9587,79587.0,20.28,31.0284,239.2,11.85,181.87,324.46,464.48,, , ,,0,0,0,0,0,0,,Hornfels
1620,Point ZM,COGG-13,5966091,701251,448.0,hornfels,HF,497.23,0.743441,7434.41,25.0,0.243639,2436.39,5.0,10.0,0.003,30.0,6.266786,62667.86,17.03,26.0559,128.8,13.2,107.69,196.27,241.72,, , ,,0,0,0,0,0,0,,Hornfels
1621,Point ZM,COGG-14,5966094,701247,448.0,Granodiorita,GRD,335.2,1.934401,19344.01,246.62,0.0005,5.0,5.0,10.0,0.003,30.0,0.665754,6657.54,8.27,12.6531,30.0,0.5,25.0,70.84,45.0,, , ,,1,0,0,0,0,0,,Granodiorita
1622,Point ZM,COGG-15,5966087,701242,447.0,hornfels,HF,181.38,2.407854,24078.54,522.57,0.270431,2704.31,5.0,10.0,0.003,30.0,4.604253,46042.53,7.43,11.3679,241.32,12.28,209.73,323.44,519.64,, , ,,0,0,0,0,0,0,,Hornfels
1623,Point ZM,COGG-16,5963744,699099,456.0,hornfels,HF,179.78,0.346768,3467.68,251.6,0.375167,3751.67,5.0,10.0,0.003,30.0,6.565204,65652.04,17.62,26.9586,142.68,16.87,109.78,168.33,217.15,, , ,,0,0,0,0,0,0,,Hornfels
1624,Point ZM,COGG-16R,5963744,699099,456.0,hornfels,HF,380.48,1.052738,10527.38,1243.31,0.245583,2455.83,5.0,10.0,0.003,30.0,4.379313,43793.13,25.9,39.627,277.3,19.17,222.85,327.45,506.06,, , ,,0,0,0,0,0,0,,Hornfels
1625,Point ZM,COGG-17,5963311,699778,358.0,hornfels,HF,645.33,1.045221,10452.21,25.0,0.150157,1501.57,5.0,326.29,0.003,30.0,4.852315,48523.15,15.66,23.9598,147.87,8.48,129.72,181.11,252.82,, , ,,0,0,0,0,0,0,,Hornfels
1626,Point ZM,COGG-18,5963172,700220,272.0,Granito de Biotita,GB,536.98,1.256938,12569.38,25.0,0.321623,3216.23,5.0,10.0,0.003,30.0,4.852972,48529.72,22.29,34.1037,30.0,0.5,68.72,77.87,153.63,, , ,,1,0,0,0,0,0,,Granito de Biotita
1627,Point ZM,COGG-19,5963102,701646,194.0,Granito de Biotita,GB,719.45,0.725031,7250.31,485.07,0.152599,1525.99,5.0,839.12,0.003,30.0,2.846134,28461.34,34.9,53.397,86.64,9.91,64.04,32.0,45.0,, , ,,0,0,0,0,0,0,,Granito de Biotita
1628,Point ZM,COGG-20,5963036,702086,96.0,Granito de Biotita,GB,321.36,0.771047,7710.47,2365.8,0.209536,2095.36,5.0,10.0,0.003,30.0,3.807075,38070.75,13.93,21.3129,97.83,14.03,70.43,79.96,146.43,, , ,,0,0,0,0,0,0,,Granito de Biotita
1629,Point ZM,COGG-21,5962273,703525,137.0,Granito de Biotita,GB,480.71,1.693482,16934.82,604.6,0.0005,5.0,5.0,238.26,0.003,30.0,2.062622,20626.22,9.27,14.1831,115.15,0.5,74.85,159.64,181.28,, , ,,1,0,0,0,0,0,,Granito de Biotita
1630,Point ZM,COGG-22,5961401,704750,122.0,Granito de Biotita,GB,211.05,0.808108,8081.08,772.67,0.1316,1316.0,5.0,10.0,0.003,30.0,2.417804,24178.04,13.3,20.349,108.84,14.86,25.0,115.74,172.8,, , ,,0,0,0,0,0,0,,Granito de Biotita
1631,Point ZM,COGG-23,5960776,705543,96.0,Granito de Biotita,GB,601.49,1.762374,17623.74,6973.26,0.374662,3746.62,5.0,10.0,0.003,30.0,3.155874,31558.74,15.15,23.1795,246.41,9.25,192.85,256.22,458.98,, , ,,0,0,0,0,0,0,,Granito de Biotita
1632,Point ZM,COGG-24,5960649,689333,146.0,Metapelitas,MP,470.77,1.474405,14744.05,392.73,0.509875,5098.75,5.0,10.0,0.003,30.0,6.968572,69685.72,18.48,28.2744,144.89,10.48,94.43,193.32,260.98,, , ,,0,0,0,0,0,0,,Metapelita
1633,Point ZM,COGG-25,5960723,691314,233.0,Metapelitas,MP,337.29,0.452602,4526.02,25.0,0.465499,4654.99,5.0,10.0,0.003,30.0,5.78862,57886.2,14.65,22.4145,87.3,15.82,25.0,100.59,156.73,, , ,,0,0,0,0,0,0,,Metapelita
1634,Point ZM,COGG-26,5960415,692270,257.0,Granito de Biotita,GB,465.32,0.92116,9211.6,329.75,0.140953,1409.53,5.0,227.54,0.003,30.0,2.551415,25514.15,6.03,9.2259,30.0,0.5,25.0,32.0,45.0,, , ,,1,0,0,0,0,0,,Granito de Biotita
1635,Point ZM,COGG-27,5960977,693003,184.0,Granito de Biotita,GB,2639.1,1.115792,11157.92,806.23,0.0005,5.0,5.0,10.0,0.003,30.0,2.929192,29291.92,7.82,11.9646,142.87,0.5,25.0,194.84,214.4,, , ,,1,0,0,0,0,0,,Granito de Biotita
1636,Point ZM,COGG-28,5961423,693715,170.0,Granito de Biotita,GB,301.23,1.838252,18382.52,3720.92,0.229304,2293.04,5.0,10.0,0.003,30.0,3.445877,34458.77,28.11,43.0083,118.2,0.5,111.99,125.64,227.86,, , ,,1,0,0,0,0,0,,Granito de Biotita
1637,Point ZM,COGG-29,5961212,694620,224.0,Granito de Biotita,GB,366.11,1.64895,16489.5,1529.98,0.160773,1607.73,5.0,10.0,0.003,30.0,2.392177,23921.77,11.41,17.4573,81.03,0.5,25.0,32.0,45.0,, , ,,1,0,0,0,0,0,,Granito de Biotita
1638,Point ZM,COGG-30,5961577,695400,261.0,Granito de Biotita,GB,330.74,1.227179,12271.79,25.0,0.271349,2713.49,5.0,10.0,0.003,30.0,3.736074,37360.74,5.4,8.262,105.28,0.5,61.33,96.65,124.54,, , ,,1,0,0,0,0,0,,Granito de Biotita
1639,Point ZM,COGG-31,5961387,696253,284.0,Granito de Biotita,GB,784.58,2.293134,22931.34,25.0,0.243308,2433.08,5.0,10.0,0.003,30.0,2.873994,28739.94,2.96,4.5288,30.0,0.5,25.0,32.0,45.0,, , ,,1,0,0,0,0,0,,Granito de Biotita
1640,Point ZM,COGG-32,5961136,697166,247.0,Granito de Biotita,GB,487.62,1.604345,16043.45,25.0,0.255945,2559.45,5.0,10.0,0.003,30.0,3.589539,35895.39,7.01,10.7253,92.36,13.39,25.0,32.0,92.69,, , ,,0,0,0,0,0,0,,Granito de Biotita
1641,Point ZM,COGG-33,5961228,698282,215.0,Granito de Biotita,GB,501.29,0.988203,9882.03,1443.41,0.329987,3299.87,5.0,10.0,0.003,30.0,3.981543,39815.43,9.51,14.5503,63.48,0.5,63.61,75.84,128.14,, , ,,1,0,0,0,0,0,,Granito de Biotita
1642,Point ZM,COGG-34,5961752,699121,147.0,Granito de Biotita,GB,192.91,2.191956,21919.56,427.68,0.24375,2437.5,5.0,10.0,0.003,30.0,3.531073,35310.73,11.84,18.1152,101.21,0.5,79.62,133.33,191.42,, , ,,1,0,0,0,0,0,,Granito de Biotita
1643,Point ZM,COGG-35,5962040,700432,127.0,Granito de Biotita,GB,474.56,1.252294,12522.94,758.72,0.188228,1882.28,5.0,10.0,0.003,30.0,2.157379,21573.79,8.47,12.9591,56.04,0.5,25.0,32.0,45.0,, , ,,1,0,0,0,0,0,,Granito de Biotita
1644,Point ZM,COGG-36,5962357,701252,118.0,Granito de Biotita,GB,450.14,1.721139,17211.39,2294.92,0.246165,2461.65,5.0,10.0,0.003,30.0,3.166751,31667.51,11.68,17.8704,103.12,9.29,69.6,76.28,132.29,, , ,,0,0,0,0,0,0,,Granito de Biotita
1645,Point ZM,COGG-37,5962581,701858,123.0,Granito de Biotita,GB,658.93,1.359683,13596.83,525.98,0.0005,5.0,5.0,10.0,0.003,30.0,1.770245,17702.45,11.82,18.0846,99.92,0.5,89.76,130.76,194.92,, , ,,1,0,0,0,0,0,,Granito de Biotita
1646,Point ZM,COGG-38,5959674,705035,65.0,Granito de Biotita,GB,654.4,1.32402,13240.2,4755.14,0.184742,1847.42,5.0,10.0,0.003,30.0,2.780354,27803.54,16.34,25.0002,100.25,10.03,25.0,115.36,121.71,, , ,,0,0,0,0,0,0,,Granito de Biotita
1647,Point ZM,COGG-39,5959169,703370,129.0,Granito de Biotita,GB,854.84,1.685218,16852.18,814.14,0.289269,2892.69,5.0,10.0,0.003,30.0,3.856753,38567.53,44.72,68.4216,146.3,8.62,105.44,32.0,198.8,, , ,,0,0,0,0,0,0,,Granito de Biotita
1648,Point ZM,COGG-40,5959130,702438,200.0,Granito de Biotita,GB,343.93,1.329866,13298.66,25.0,0.266709,2667.09,5.0,10.0,0.003,30.0,4.086858,40868.58,32.12,49.1436,151.39,8.0,98.61,185.22,240.77,, , ,,0,0,0,0,0,0,,Granito de Biotita
1649,Point ZM,COGG-41,5959191,701571,210.0,Granito de Biotita,GB,529.69,1.840996,18409.96,25.0,1.212618,12126.18,5.0,10.0,0.003,30.0,3.286036,32860.36,17.09,26.1477,121.09,10.02,60.43,87.86,119.61,, , ,,0,0,0,0,0,0,,Granito de Biotita
1650,Point ZM,COGG-42,5960014,700953,259.0,Granito de Biotita,GB,85.46,1.929417,19294.17,268.45,0.210521,2105.21,5.0,244.23,0.003,30.0,3.007903,30079.03,13.59,20.7927,99.92,0.5,78.79,89.21,171.33,, , ,,1,0,0,0,0,0,,Granito de Biotita
1651,Point ZM,COGG-43,5960720,700216,292.0,Granito de Biotita,GB,377.64,2.685732,26857.32,25.0,0.203683,2036.83,5.0,312.12,0.003,30.0,4.73246,47324.6,5.49,8.3997,109.08,8.18,86.98,136.24,221.33,, , ,,0,0,0,0,0,0,,Granito de Biotita
1652,Point ZM,COGG-44,5960582,699174,290.0,Granito de Biotita,GB,490.72,1.071772,10717.72,25.0,0.237715,2377.15,5.0,323.18,0.003,30.0,3.991485,39914.85,36.97,56.5641,30.0,0.5,25.0,78.45,45.0,50, , ,,1,0,0,0,0,0,,Granito de Biotita
1653,Point ZM,COGG-45,5960592,698589,288.0,Granito de Biotita,GB,2389.94,0.991168,9911.68,258.58,0.248695,2486.95,5.0,10.0,0.003,30.0,3.330546,33305.46,20.2,30.906,221.44,12.31,25.0,80.15,107.6,, , ,,0,0,0,0,0,0,,Granito de Biotita
1654,Point ZM,COGG-46,5960592,698588,288.0,Granodiorita,GRD,549.92,1.961655,19616.55,25.0,0.0005,5.0,5.0,10.0,0.003,30.0,1.699037,16990.37,13.26,20.2878,60.84,0.5,25.0,32.0,45.0,, , ,,1,0,0,0,0,0,,Granodiorita
1655,Point ZM,COGG-47,5960495,694968,227.0,Granito de Biotita,GB,887.45,1.368696,13686.96,25.0,0.217968,2179.68,5.0,303.46,0.003,30.0,3.747671,37476.71,21.58,33.0174,109.74,0.5,103.2,153.77,205.78,, , ,,1,0,0,0,0,0,,Granito de Biotita
1656,Point ZM,COGG-48,5959458,694788,266.0,Granito de Biotita,GB,468.32,1.104444,11044.44,25.0,0.318974,3189.74,5.0,10.0,0.003,30.0,4.983382,49833.82,24.58,37.6074,176.76,12.25,144.68,156.35,257.3,, , ,,0,0,0,0,0,0,,Granito de Biotita
1657,Point ZM,COGG-49,5958640,694869,300.0,Granito de Biotita,GB,658.65,0.974884,9748.84,25.0,0.656165,6561.65,5.0,10.0,0.003,30.0,7.467576,74675.76,32.23,49.3119,107.7,0.5,25.0,182.88,203.78,40, , ,,1,0,0,0,0,0,,Granito de Biotita
1658,Point ZM,COGG-50,5956900,696044,336.0,Granito de Biotita,GB,493.51,2.29252,22925.2,820.76,0.0005,5.0,5.0,10.0,0.003,30.0,1.557356,15573.56,15.04,23.0112,167.2,0.5,151.08,242.67,346.86,, , ,,1,0,0,0,0,0,,Granito de Biotita
1659,Point ZM,COGG-51,5957419,696553,326.0,Granito de Biotita,GB,536.94,2.460806,24608.06,25.0,0.272092,2720.92,5.0,10.0,0.003,30.0,3.962708,39627.08,38.18,58.4154,167.89,17.87,110.4,89.86,173.51,214, , ,,0,0,0,0,0,0,,Granito de Biotita
1660,Point ZM,COGG-52,5957692,697197,319.0,Granito de Biotita,GB,457.34,0.950102,9501.02,194.23,0.306629,3066.29,5.0,10.0,0.003,30.0,4.581923,45819.23,112.53,172.1709,127.11,18.4,130.38,79.39,180.8,254, , ,,0,0,0,0,0,0,,Granito de Biotita
1661,Point ZM,COGG-53,5958011,697525,270.0,Granito de Biotita,GB,522.06,0.755327,7553.27,147.05,0.160657,1606.57,5.0,10.0,0.003,30.0,3.60323,36032.3,7.09,10.8477,77.28,14.58,25.0,32.0,45.0,, , ,,0,0,0,0,0,0,,Granito de Biotita
1662,Point ZM,COGG-54,5958576,697839,246.0,Granito de Biotita,GB,748.57,0.70204,7020.4,679.48,0.241429,2414.29,5.0,10.0,0.003,30.0,8.475709,84757.09,52.84,80.8452,110.29,8.16,74.89,166.72,277.03,, , ,,0,0,0,0,0,0,,Granito de Biotita
1663,Point ZM,COGG-55,5958609,698451,181.0,Granito de Biotita,GB,471.7,0.910665,9106.65,794.14,0.302194,3021.94,5.0,10.0,0.003,30.0,3.780828,37808.28,39.35,60.2055,115.05,22.54,66.72,88.78,179.34,, , ,,0,0,0,0,0,0,,Granito de Biotita
1664,Point ZM,COGG-56,5958243,699054,134.0,Granito de Biotita,GB,856.84,1.110503,11105.03,13685.15,0.469423,4694.23,5.0,10.0,0.003,30.0,6.671511,66715.11,35.2,53.856,190.87,13.43,182.56,245.49,443.23,, , ,,0,0,0,0,0,0,,Granito de Biotita
1665,Point ZM,COGG-57,5957542,699435,109.0,Granodiorita,GRD,731.75,1.23755,12375.5,6619.76,0.0005,5.0,5.0,10.0,0.003,30.0,1.909879,19098.79,2.0,3.06,88.24,0.5,79.96,100.87,160.37,, , ,,1,0,0,0,0,0,,Granodiorita
1666,Point ZM,COGG-58,5957232,700436,136.0,Granito de Biotita,GB,593.95,1.37058,13705.8,184.32,0.162447,1624.47,5.0,10.0,0.003,30.0,3.213975,32139.75,25.35,38.7855,82.64,10.79,25.0,32.0,139.18,, , ,,0,0,0,0,0,0,,Granito de Biotita
1667,Point ZM,COGG-59,5956744,701288,93.0,Granito de Biotita,GB,604.95,2.015721,20157.21,25.0,0.179093,1790.93,5.0,10.0,0.003,30.0,3.418486,34184.86,13.62,20.8386,118.08,0.5,25.0,88.06,114.92,, , ,,1,0,0,0,0,0,,Granito de Biotita
1668,Point ZM,COGG-60,5957228,703013,50.0,Granito de Biotita,GB,1294.1,1.700146,17001.46,3065.55,0.28257,2825.7,5.0,10.0,0.003,30.0,2.940951,29409.51,10.13,15.4989,84.07,0.5,79.1,82.67,168.62,, , ,,1,0,0,0,0,0,,Granito de Biotita
1669,Point ZM,COGG-61,5956298,703139,63.0,Granito de Biotita,GB,482.93,1.296905,12969.05,7941.43,0.124676,1246.76,5.0,10.0,0.003,30.0,2.534225,25342.25,26.03,39.8259,111.57,0.5,63.1,150.78,276.03,, , ,,1,0,0,0,0,0,,Granito de Biotita
1670,Point ZM,COGG-62,5955455,702755,70.0,Granito de Biotita,GB,741.57,1.138008,11380.08,4479.1,0.333123,3331.23,5.0,10.0,0.003,30.0,4.575175,45751.75,20.15,30.8295,106.88,0.5,116.29,164.6,218.01,, , ,,1,0,0,0,0,0,,Granito de Biotita
1671,Point ZM,COGG-63,5958821,705514,36.0,Granito de Biotita,GB,1071.83,1.302329,13023.29,5153.3,0.269494,2694.94,5.0,10.0,0.003,30.0,3.104767,31047.67,23.01,35.2053,139.99,10.37,102.83,170.37,359.96,, , ,,0,0,0,0,0,0,,Granito de Biotita
1672,Point ZM,COGG-64,5961521,706124,30.0,Granito de Biotita,GB,555.03,0.748893,7488.93,7417.54,0.096234,962.34,5.0,10.0,0.003,30.0,2.240319,22403.19,3.8,5.814,105.77,0.5,74.04,131.0,226.66,, , ,,1,0,0,0,0,0,,Granito de Biotita
1673,Point ZM,COGG-65,5962486,706200,36.0,Granito de Biotita,GB,486.09,1.708829,17088.29,1589.57,0.10503,1050.3,5.0,10.0,0.003,30.0,1.700267,17002.67,3.12,4.7736,136.93,0.5,117.07,163.83,268.23,, , ,,1,0,0,0,0,0,,Granito de Biotita
1674,Point ZM,COGG-66,5963781,706019,35.0,Granito de Biotita,GB,698.03,2.004431,20044.31,5312.96,0.192383,1923.83,5.0,10.0,0.003,30.0,2.911682,29116.82,23.54,36.0162,152.46,16.27,119.91,168.75,258.33,, , ,,0,0,0,0,0,0,,Granito de Biotita
1675,Point ZM,COGG-67,5964820,706272,31.0,Granito de Biotita,GB,522.1,1.722527,17225.27,6357.78,0.0005,5.0,5.0,10.0,0.003,30.0,1.641081,16410.81,12.75,19.5075,101.9,16.19,87.64,123.04,189.57,, , ,,0,0,0,0,0,0,,Granito de Biotita
1676,Point ZM,COGG-68,5965595,706265,41.0,Granito de Biotita,GB,768.72,1.228046,12280.46,2390.63,0.151996,1519.96,5.0,10.0,0.003,30.0,1.153083,11530.83,9.34,14.2902,131.8,0.5,97.76,200.65,324.98,, , ,,1,0,0,0,0,0,,Granito de Biotita
1677,Point ZM,COGG-69,5962330,691666,229.0,Metapelitas,MP,2806.45,0.957743,9577.43,290.98,0.30497,3049.7,5.0,10.0,0.003,30.0,3.07235,30723.5,17.24,26.3772,132.17,15.79,128.16,197.76,325.73,, , ,,0,0,0,0,0,0,,Metapelita
1678,Point ZM,COGG-70,5961850,692226,233.0,Metapelitas,MP,974.57,0.494527,4945.27,336.88,0.254537,2545.37,5.0,10.0,0.003,30.0,4.762223,47622.23,24.16,36.9648,115.87,19.83,108.75,168.69,221.86,, , ,,0,0,0,0,0,0,,Metapelita
1679,Point ZM,COGG-71,5963379,698353,441.0,Granito de Biotita,GB,1179.3,1.120513,11205.13,25.0,0.399811,3998.11,5.0,436.67,0.003,30.0,4.609491,46094.91,17.2,26.316,143.56,11.86,101.05,144.04,206.26,, , ,,0,0,0,0,0,0,,Granito de Biotita
1680,Point ZM,COGG-72,5962959,697549,430.0,Granito de Biotita,GB,456.51,0.721218,7212.18,25.0,0.387034,3870.34,5.0,10.0,0.003,30.0,4.279009,42790.09,19.04,29.1312,163.3,10.15,93.15,111.54,204.72,, , ,,0,0,0,0,0,0,,Granito de Biotita
1681,Point ZM,COGG-73,5963453,696263,408.0,hornfels,HF,538.42,0.46561,4656.1,275.36,0.425352,4253.52,5.0,400.03,0.003,30.0,6.126262,61262.62,15.03,22.9959,83.09,0.5,25.0,32.0,45.0,, , ,,1,0,0,0,0,0,,Hornfels
1682,Point ZM,COGG-74,5962890,695418,395.0,hornfels,HF,936.71,0.816512,8165.12,304.7,0.490748,4907.48,5.0,449.21,0.003,30.0,6.72403,67240.3,19.91,30.4623,202.17,8.71,154.67,291.86,482.12,, , ,,0,0,0,0,0,0,,Hornfels
1683,Point ZM,COGG-75,5963227,694471,351.0,Metapelitas,MP,1470.86,0.840328,8403.28,2051.09,0.398462,3984.62,5.0,10.0,0.003,30.0,5.187705,51877.05,19.07,29.1771,210.12,17.09,147.97,235.96,382.74,, , ,,0,0,0,0,0,0,,Metapelita
1684,Point ZM,COGG-76,5963340,693744,293.0,Metapelitas,MP,954.17,1.134123,11341.23,852.57,0.728739,7287.39,5.0,10.0,0.003,30.0,13.122789,131227.89,18.78,28.7334,327.59,12.1,297.51,497.23,759.04,, , ,,0,0,0,0,0,0,,Metapelita
1685,Point ZM,COGG-77,5960106,702261,180.0,Granito de Biotita,GB,976.42,1.501866,15018.66,25.0,0.241344,2413.44,5.0,10.0,0.003,30.0,3.726377,37263.77,19.82,30.3246,79.53,11.07,25.0,100.78,148.59,, , ,,0,0,0,0,0,0,,Granito de Biotita
1686,Point ZM,COGG-78,5961022,701998,128.0,Granito de Biotita,GB,1070.73,2.025198,20251.98,1948.35,0.274383,2743.83,5.0,10.0,0.003,30.0,2.459195,24591.95,8.01,12.2553,67.39,14.03,25.0,105.95,113.47,, , ,,0,0,0,0,0,0,,Granito de Biotita
1687,Point ZM,DIGG-67,5951738,692483,168.0,Granito de Biotita,GB,399.19,0.763014,7630.14,378.62,0.0005,5.0,5.0,10.0,0.003,30.0,2.297436,22974.36,38.41,58.7673,58.44,8.24,25.0,32.0,45.0,, , ,,0,0,0,0,0,0,,Granito de Biotita
1688,Point ZM,DIGG-68,5951738,692483,168.0,Metapelitas,MP,479.38,0.802407,8024.07,400.09,0.271251,2712.51,5.0,10.0,0.003,30.0,3.132219,31322.19,30.83,47.1699,87.72,13.62,25.0,74.81,45.0,, , ,,0,0,0,0,0,0,,Metapelita
1689,Point ZM,DIGG-69,5951749,692486,171.0,Diorita,DRT,558.3,0.720865,7208.65,189.66,0.346217,3462.17,5.0,10.0,0.003,30.0,4.927196,49271.96,27.09,41.4477,30.0,0.5,25.0,32.0,45.0,, , ,,1,0,0,0,0,0,,Diorita
1690,Point ZM,DIGG-70,5953893,691842,204.0,Granito de Biotita,GB,612.77,1.005145,10051.45,233.14,0.289248,2892.48,5.0,10.0,0.003,30.0,5.219921,52199.21,29.33,44.8749,161.06,21.96,86.42,82.71,158.73,, , ,,0,0,0,0,0,0,,Granito de Biotita
1691,Point ZM,COGG-79,5957696,697189,317.0,Granito de Biotita,GB,652.86,0.685546,6855.46,1142.7,0.270884,2708.84,5.0,10.0,0.003,30.0,3.482647,34826.47,33.47,51.2091,105.24,9.66,81.74,82.06,163.44,, , ,,0,0,0,0,0,0,,Granito de Biotita
1692,Point ZM,COGG-80,5957696,697189,316.0,Granito de Biotita,GB,652.32,0.651504,6515.04,25.0,0.204065,2040.65,5.0,10.0,0.003,30.0,4.152261,41522.61,18.71,28.6263,119.62,12.96,71.37,80.14,142.73,, , ,,0,0,0,0,0,0,,Granito de Biotita
1693,Point ZM,COGG-81,5957696,697189,315.0,Granito de Biotita,GB,674.86,0.855112,8551.12,25.0,0.263513,2635.13,5.0,10.0,0.003,30.0,3.964028,39640.28,105.28,161.0784,84.32,9.25,146.89,109.73,202.87,340, , ,,0,0,0,0,0,0,,Granito de Biotita
1694,Point ZM,SJGG-01,5881907,677011,185.0,Migmatita,MIG,636.6,0.417411,4174.11,1029.34,0.269852,2698.52,5.0,10.0,0.374669,3746.69,6.959437,69594.37,51.99,79.5447,250.19,26.5,196.1,261.92,503.53,, , ,,0,0,0,0,0,0,,Migmatita
1695,Point ZM,SJGG-02,5880619,676656,146.0,Migmatita,MIG,543.8,0.676912,6769.12,2343.69,0.291656,2916.56,5.0,10.0,0.003,30.0,4.280083,42800.83,22.21,33.9813,118.13,25.81,25.0,32.0,45.0,, , ,,0,0,0,0,0,0,,Migmatita
1696,Point ZM,SJGG-03,5878343,676825,245.0,Tonalita de Anfibol y Biotita,TAB,30.0,0.353117,3531.17,12367.14,0.424546,4245.46,5.0,10.0,0.003,30.0,6.241998,62419.98,5.9,9.027,267.71,10.2,243.53,422.66,635.17,, , ,,0,0,0,0,0,0,,Tonalita de Anfibol y Biotita
1697,Point ZM,SJGG-03a,5878343,676825,245.0,Tonalita de Anfibol y Biotita,TAB,215.75,0.274599,2745.99,28317.82,0.428463,4284.63,5.0,10.0,0.003,30.0,8.126915,81269.15,57.73,88.3269,306.53,10.87,234.0,438.23,764.28,, , ,,0,0,0,0,0,0,,Tonalita de Anfibol y Biotita
1698,Point ZM,SJGG-03b,5878263,676769,250.0,Diorita Cuarcifera?,DRTQZ,707.04,1.005366,10053.66,19836.77,0.8522,8522.0,5.0,10.0,0.186678,1866.78,10.671388,106713.88,21.34,32.6502,385.85,0.5,355.57,537.09,1022.89,, , ,,1,0,0,0,0,0,,Diorita Cuarcifera
1699,Point ZM,SJGG-04,5876612,677446,367.0,Dique Dacitico,DDA,654.97,0.705834,7058.34,2003.97,0.0005,5.0,5.0,10.0,0.003,30.0,0.954108,9541.08,7.08,10.8324,30.0,10.63,25.0,32.0,45.0,, , ,,0,0,0,0,0,0,,Dique Dacitico
1700,Point ZM,SJGG-05,5878431,680516,77.0,Areniscas,ARE,671.02,1.432663,14326.63,25.0,0.300953,3009.53,5.0,10.0,0.003,30.0,5.031849,50318.49,40.07,61.3071,152.96,0.5,91.44,118.98,239.11,25, , ,,1,0,0,0,0,0,,Arenisca
1701,Point ZM,SJGG-06,5877881,680076,184.0,Granito BT,GB,424.74,0.785545,7855.45,2087.46,0.0005,5.0,5.0,10.0,0.003,30.0,2.158573,21585.73,9.06,13.8618,64.72,45.85,25.0,32.0,45.0,, , ,,0,0,0,0,0,0,,Granito de Biotita
1702,Point ZM,SJGG-07,5877639,679562,300.0,Granito de Biotita,GB,637.56,0.59242,5924.2,2080.92,0.18373,1837.3,5.0,10.0,0.003,30.0,3.062784,30627.84,6.81,10.4193,95.34,14.79,25.0,78.56,132.75,, , ,,0,0,0,0,0,0,,Granito de Biotita
1703,Point ZM,SJGG-08,5877304,679109,348.0,Granito de Biotita,GB,380.44,0.393651,3936.51,2091.97,0.0005,5.0,5.0,10.0,0.003,30.0,2.764589,27645.89,23.55,36.0315,118.7,28.04,54.47,32.0,45.0,, , ,,0,0,0,0,0,0,,Granito de Biotita
1704,Point ZM,SJGG-09,5877317,678571,354.0,Granito de Biotita,GB,363.86,0.439917,4399.17,2789.81,0.145355,1453.55,5.0,10.0,0.003,30.0,2.756654,27566.54,10.97,16.7841,56.07,0.5,25.0,32.0,45.0,, , ,,1,0,0,0,0,0,,Granito de Biotita
1705,Point ZM,SJGG-10,5876513,677824,476.0,Granito de Biotita,GB,576.99,0.557889,5578.89,1858.98,0.326455,3264.55,5.0,10.0,0.003,30.0,6.260593,62605.93,24.9,38.097,103.59,8.33,98.44,114.12,157.11,, , ,,0,0,0,0,0,0,,Granito de Biotita
1706,Point ZM,SJGG-11,5876343,677411,350.0,Granito de Biotita,GB,626.15,0.992802,9928.02,2233.24,0.141083,1410.83,5.0,10.0,0.003,30.0,3.483781,34837.81,14.98,22.9194,147.35,0.5,137.38,114.89,239.55,, , ,,1,0,0,0,0,0,,Granito de Biotita
1707,Point ZM,SJGG-12,5876186,677284,327.0,Granito de Biotita,GB,681.26,0.557087,5570.87,5049.85,0.0005,5.0,5.0,10.0,0.003,30.0,3.328129,33281.29,6.16,9.4248,133.84,0.5,118.19,167.51,257.36,, , ,,1,0,0,0,0,0,,Granito de Biotita
1708,Point ZM,SJGG-13,5875891,677236,286.0,Granito de Biotita,GB,709.88,0.66827,6682.7,3520.03,0.233048,2330.48,5.0,10.0,0.003,30.0,4.812882,48128.82,22.24,34.0272,83.13,0.5,77.43,102.22,198.6,, , ,,1,0,0,0,0,0,,Granito de Biotita
1709,Point ZM,SJGG-14,5875940,676474,208.0,Granito de Biotita,GB,578.74,0.890503,8905.03,2201.65,0.212333,2123.33,5.0,10.0,0.003,30.0,3.622318,36223.18,3.05,4.6665,67.87,0.5,25.0,32.0,45.0,, , ,,1,0,0,0,0,0,,Granito de Biotita
1710,Point ZM,SJGG-15,5876323,676052,204.0,Granito de Biotita,GB,588.67,0.441062,4410.62,8974.38,0.217218,2172.18,5.0,10.0,0.003,30.0,3.92268,39226.8,13.87,21.2211,121.05,0.5,104.85,153.08,226.44,, , ,,1,0,0,0,0,0,,Granito de Biotita
1711,Point ZM,SJGG-16,5876556,675438,158.0,Granito de Biotita,GB,701.89,0.704565,7045.65,15717.49,0.492463,4924.63,5.0,10.0,0.003,30.0,6.947727,69477.27,31.07,47.5371,219.83,0.5,155.8,205.42,387.09,, , ,,1,0,0,0,0,0,,Granito de Biotita
1712,Point ZM,SJGG-17,5876844,674818,120.0,Granito de Biotita,GB,816.98,0.455148,4551.48,5424.73,0.436119,4361.19,5.0,10.0,0.003,30.0,6.841241,68412.41,12.82,19.6146,203.26,9.24,159.92,268.34,432.75,, , ,,0,0,0,0,0,0,,Granito de Biotita
1713,Point ZM,SJGG-18,5877243,674439,111.0,Granito de Biotita,GB,682.21,0.669114,6691.14,6564.64,0.345676,3456.76,5.0,10.0,0.003,30.0,5.796353,57963.53,17.87,27.3411,76.84,9.55,25.0,32.0,115.05,, , ,,0,0,0,0,0,0,,Granito de Biotita
1714,Point ZM,SJGG-19,5877772,674997,116.0,Migmatita,MIG,888.94,0.632032,6320.32,1912.78,0.270877,2708.77,5.0,10.0,0.003,30.0,3.143609,31436.09,12.85,19.6605,30.0,0.5,25.0,32.0,45.0,, , ,,1,0,0,0,0,0,,Migmatita
1715,Point ZM,SJGG-20,5878400,675420,121.0,Migmatita,MIG,510.62,1.372341,13723.41,2075.52,0.23412,2341.2,5.0,10.0,0.003,30.0,3.879518,38795.18,22.41,34.2873,178.81,16.21,97.11,164.22,258.08,, , ,,0,0,0,0,0,0,,Migmatita
1716,Point ZM,SJGG-21,5879523,676074,125.0,Migmatita,MIG,595.95,0.69946,6994.6,2501.22,0.200573,2005.73,5.0,10.0,0.003,30.0,5.15193,51519.3,24.13,36.9189,136.28,20.93,106.07,115.24,221.97,, , ,,0,0,0,0,0,0,,Migmatita
1717,Point ZM,SJGG-22,5883249,678134,170.0,Granito de Biotita,GB,591.88,0.77859,7785.9,2021.98,0.262423,2624.23,5.0,10.0,0.003,30.0,5.37894,53789.4,6.53,9.9909,64.79,0.5,25.0,93.85,149.98,, , ,,1,0,0,0,0,0,,Granito de Biotita
1718,Point ZM,SJGG-23,5883768,677540,238.0,Granito Biotita -Migmatita,GB,643.37,1.195717,11957.17,2056.42,0.279173,2791.73,5.0,10.0,0.003,30.0,3.854437,38544.37,21.98,33.6294,238.99,13.53,143.31,218.45,352.96,, , ,,0,0,0,0,0,0,,Granito de Biotita
1719,Point ZM,SJGG-24,5884422,677183,298.0,Migmatita,MIG,623.01,1.03423,10342.3,1869.11,0.129469,1294.69,5.0,10.0,0.003,30.0,2.372973,23729.73,2.48,3.7944,104.94,0.5,101.01,83.13,114.86,, , ,,1,0,0,0,0,0,,Migmatita
1720,Point ZM,SJGG-25,5885154,677382,310.0,Esquisto de Biotita,ESQB,1389.46,0.59381,5938.1,2242.46,0.19473,1947.3,5.0,10.0,0.003,30.0,4.434043,44340.43,16.76,25.6428,145.88,9.96,126.91,184.73,294.35,, , ,,0,0,0,0,0,0,,Esquisto de Biotita
1721,Point ZM,SJGG-26,5886141,677619,287.0,Esquisto de Biotita,ESQB,1163.42,0.50141,5014.1,2697.33,0.0005,5.0,5.0,312.14,0.003,30.0,5.909696,59096.96,10.47,16.0191,128.48,15.61,25.0,32.0,116.59,, , ,,0,0,0,0,0,0,,Esquisto de Biotita
1722,Point ZM,SJGG-27,5887244,679016,215.0,Granito de Biotita,GB,1416.12,1.258695,12586.95,2046.17,0.144741,1447.41,5.0,10.0,0.003,30.0,3.050386,30503.86,17.87,27.3411,114.72,10.75,82.51,107.69,189.37,, , ,,0,0,0,0,0,0,,Granito de Biotita
1723,Point ZM,SJGG-28,5878679,677031,330.0,Tonalita de Anfibol y Biotita,TAB,1134.4,0.523496,5234.96,2008.39,0.402658,4026.58,5.0,10.0,0.003,30.0,7.935086,79350.86,35.12,53.7336,129.51,0.5,116.12,131.35,262.76,, , ,,1,0,0,0,0,0,,Tonalita de Anfibol y Biotita
1724,Point ZM,SJGG-29,5878811,677111,347.0,Xenolito dioritico,XDRT,1115.11,0.567298,5672.98,15012.54,0.486169,4861.69,5.0,10.0,0.14402,1440.2,6.610464,66104.64,24.53,37.5309,240.56,16.54,190.39,340.82,546.7,, , ,,0,0,0,0,0,0,,Xenolito dioritico
1725,Point ZM,SJGG-29A,5878811,677111,347.0,Tonalita de Anfibol y Biotita,TAB,1005.91,0.516744,5167.44,8579.75,0.338248,3382.48,5.0,10.0,0.161051,1610.51,4.586281,45862.81,19.37,29.6361,192.33,9.97,134.25,248.98,442.0,, , ,,0,0,0,0,0,0,,Tonalita de Anfibol y Biotita
1726,Point ZM,SJGG-30,5880761,678672,204.0,Granito de Biotita,GB,864.9,1.303195,13031.95,2131.66,0.223884,2238.84,5.0,10.0,0.003,30.0,4.811289,48112.89,19.81,30.3093,122.11,8.04,93.33,153.82,236.72,, , ,,0,0,0,0,0,0,DUP_1/2,Granito de Biotita
1727,Point ZM,SJGG-31,5881178,679264,197.0,Granito de Biotita,GB,425.05,0.924228,9242.28,2222.47,0.194333,1943.33,5.0,10.0,0.003,30.0,2.899009,28990.09,4.57,6.9921,88.45,11.99,25.0,78.37,150.24,, , ,,0,0,0,0,0,0,,Granito de Biotita
1728,Point ZM,SJGG-32,5880463,678987,185.0,Granito de Biotita,GB,976.94,0.566164,5661.64,2710.02,0.308986,3089.86,5.0,10.0,0.003,30.0,4.922463,49224.63,31.15,47.6595,95.3,9.75,75.35,128.61,173.86,38, , ,,0,0,0,0,0,0,,Granito de Biotita
1729,Point ZM,SJGG-33,5880612,678173,200.0,Granito de Biotita,GB,922.33,0.230903,2309.03,7525.94,0.0005,5.0,5.0,560.73,0.003,30.0,7.153926,71539.26,8.0,12.24,94.06,0.5,92.84,119.28,221.2,, , ,,1,0,0,0,0,0,,Granito de Biotita
1730,Point ZM,SJGG-34,5880564,677576,211.0,Diorita,DRT,796.43,0.088787,887.87,1901.3,0.230787,2307.87,5.0,10.0,0.003,30.0,8.499789,84997.89,11.25,17.2125,106.62,0.5,75.55,147.3,205.34,, , ,,1,0,0,0,0,0,,Diorita
1731,Point ZM,SJGG-34a,5880564,677576,211.0,Diorita,DRT,1118.38,0.151715,1517.15,29964.96,0.0005,5.0,5.0,10.0,0.003,30.0,5.42638,54263.8,7.13,10.9089,238.97,10.32,187.18,370.59,640.19,, , ,,0,0,0,0,0,0,,Diorita
1732,Point ZM,SJGG-35,5880370,677264,161.0,Tonalita de Anfibol y Biotita,TAB,880.85,0.596565,5965.65,3884.86,0.240755,2407.55,5.0,10.0,0.003,30.0,4.337726,43377.26,9.74,14.9022,72.8,9.44,25.0,32.0,45.0,, , ,,0,0,0,0,0,0,,Tonalita de Anfibol y Biotita
1733,Point ZM,SJGG-36,5880005,677619,258.0,Tonalita de Anfibol y Biotita,TAB,615.23,0.68391,6839.1,2561.45,0.442731,4427.31,5.0,10.0,0.003,30.0,6.060757,60607.57,16.95,25.9335,105.94,0.5,86.55,113.45,190.13,, , ,,1,0,0,0,0,0,,Tonalita de Anfibol y Biotita
1734,Point ZM,SJGG-37,5879652,678013,295.0,Tonalita de Anfibol y Biotita,TAB,593.29,0.270136,2701.36,2838.46,0.358939,3589.39,5.0,10.0,0.003,30.0,5.723743,57237.43,23.31,35.6643,88.38,7.78,71.61,87.29,126.48,, , ,,0,0,0,0,0,0,,Tonalita de Anfibol y Biotita
1735,Point ZM,SJGG-38,5879543,678229,234.0,Tonalita de Anfibol y Biotita,TAB,561.59,0.60145,6014.5,6108.04,0.202528,2025.28,5.0,10.0,0.003,30.0,3.599053,35990.53,8.26,12.6378,113.82,10.75,93.03,104.0,195.46,, , ,,0,0,0,0,0,0,,Tonalita de Anfibol y Biotita
1736,Point ZM,SJGG-39,5879020,677878,321.0,Granito de Biotita,GB,638.37,0.496769,4967.69,1713.29,0.481761,4817.61,5.0,10.0,0.003,30.0,5.593796,55937.96,2.85,4.3605,76.35,0.5,25.0,108.2,106.0,, , ,,1,0,0,0,0,0,,Granito de Biotita
1737,Point ZM,SJGG-40,5879058,677643,354.0,Tonalita de Anfibol y Biotita,TAB,739.86,0.77748,7774.8,8842.34,0.453089,4530.89,5.0,10.0,0.003,30.0,5.846484,58464.84,34.68,53.0604,122.7,8.92,107.59,213.76,328.2,, , ,,0,0,0,0,0,0,,Tonalita de Anfibol y Biotita
1738,Point ZM,SJGG-41,5879550,677617,356.0,Tonalita de Anfibol y Biotita,TAB,1220.01,0.264549,2645.49,2767.53,0.349553,3495.53,5.0,10.0,0.003,30.0,5.337829,53378.29,44.31,67.7943,83.57,0.5,58.8,68.23,107.75,, , ,,1,0,0,0,0,0,,Tonalita de Anfibol y Biotita
1739,Point ZM,SJGG-42,5880110,679359,230.0,Granito de Biotita,GB,487.91,1.129498,11294.98,1864.45,0.169334,1693.34,5.0,10.0,0.003,30.0,2.802411,28024.11,8.46,12.9438,30.0,11.0,25.0,76.6,45.0,, , ,,0,0,0,0,0,0,,Granito de Biotita
1740,Point ZM,SJGG-43,5879570,679327,205.0,Granito de Biotita,GB,655.21,1.193536,11935.36,2580.58,0.0005,5.0,5.0,10.0,0.003,30.0,4.172982,41729.82,14.33,21.9249,99.41,13.61,69.79,137.14,178.23,, , ,,0,0,0,0,0,0,,Granito de Biotita
1741,Point ZM,SJGG-44,5879456,679480,175.0,Dique Andesitico,DQA,784.78,1.230799,12307.99,3122.85,0.127814,1278.14,5.0,10.0,0.003,30.0,2.357118,23571.18,12.02,18.3906,141.05,8.75,120.28,162.48,301.25,, , ,,0,0,0,0,0,0,,Dique Andesita
1742,Point ZM,SJGG-45,5879455,679481,174.0,Granito de Biotita,GB,553.52,0.861519,8615.19,2773.3,0.288947,2889.47,5.0,10.0,0.003,30.0,5.024327,50243.27,29.86,45.6858,90.33,51.64,89.16,101.9,185.83,, , ,,0,0,0,0,0,0,,Granito de Biotita
1743,Point ZM,SJGG-46,5879252,679651,131.0,Granito de Biotita,GB,1073.17,1.350388,13503.88,1889.44,0.16573,1657.3,5.0,10.0,0.003,30.0,3.290511,32905.11,10.23,15.6519,108.34,11.17,76.37,75.49,148.31,, , ,,0,0,0,0,0,0,,Granito de Biotita
1744,Point ZM,SJGG-47,5878853,679162,284.0,Granito de Biotita,GB,753.58,1.107095,11070.95,1973.11,0.160328,1603.28,5.0,10.0,0.003,30.0,3.547771,35477.71,15.71,24.0363,30.0,0.5,25.0,32.0,45.0,, , ,,1,0,0,0,0,0,,Granito de Biotita
1745,Point ZM,SJGG-48,5878367,678566,327.0,Granito de Biotita,GB,523.46,0.551379,5513.79,5605.35,0.269631,2696.31,5.0,10.0,0.003,30.0,4.318971,43189.71,30.43,46.5579,158.65,0.5,119.02,101.28,208.17,0, , ,,1,0,0,0,0,0,,Granito de Biotita
1746,Point ZM,SJGG-49,5878309,678134,343.0,Granito de Biotita,GB,946.14,0.487518,4875.18,2839.73,0.341228,3412.28,5.0,10.0,0.003,30.0,5.881639,58816.39,15.54,23.7762,158.81,10.47,93.85,127.34,230.91,, , ,,0,0,0,0,0,0,,Granito de Biotita
1747,Point ZM,SJGG-50,5877991,678735,327.0,Granito de Biotita,GB,893.72,0.712172,7121.72,2725.68,0.298616,2986.16,5.0,10.0,0.003,30.0,5.595508,55955.08,16.64,25.4592,73.64,11.09,91.45,32.0,45.0,, , ,,0,0,0,0,0,0,,Granito de Biotita
1748,Point ZM,SJGG-51,5878157,677436,427.0,Tonalita de Anfibol y Biotita,TAB,1051.79,0.286948,2869.48,2614.21,0.51938,5193.8,5.0,10.0,0.003,30.0,6.707468,67074.68,27.63,42.2739,163.57,9.82,181.11,163.15,276.34,, , ,,0,0,0,0,0,0,,Tonalita de Anfibol y Biotita
1749,Point ZM,SJGG-52,5883437,678991,50.0,Lutitas,LUT,1045.98,0.736084,7360.84,2640.77,0.182147,1821.47,5.0,10.0,0.003,30.0,3.079703,30797.03,33.82,51.7446,155.44,16.49,123.98,157.2,214.46,, , ,,0,0,0,0,0,0,,Lutita
1750,Point ZM,SJGG-53,5882664,678468,126.0,Granito de Biotita,GB,276.94,1.144281,11442.81,2005.28,0.226265,2262.65,5.0,10.0,0.003,30.0,4.364295,43642.95,22.61,34.5933,78.18,0.5,60.49,79.71,169.44,, , ,,1,0,0,0,0,0,,Granito de Biotita
1751,Point ZM,SJGG-54,5881311,676939,241.0,Migmatita,MIG,1333.91,0.289257,2892.57,2329.58,0.420608,4206.08,5.0,10.0,0.003,30.0,5.789387,57893.87,15.27,23.3631,129.54,25.99,91.92,151.93,281.94,, , ,,0,0,0,0,0,0,,Migmatita
1752,Point ZM,SJGG-55,5881331,676326,304.0,Migmatita,MIG,656.96,0.454156,4541.56,1945.56,0.392768,3927.68,5.0,10.0,0.003,30.0,5.64975,56497.5,12.67,19.3851,156.12,12.88,126.4,134.87,183.61,, , ,,0,0,0,0,0,0,,Migmatita
1753,Point ZM,SJGG-56,5881366,675798,416.0,Migmatita,MIG,469.32,0.678453,6784.53,2130.07,0.320806,3208.06,5.0,10.0,0.003,30.0,3.385861,33858.61,20.17,30.8601,114.66,9.86,102.41,155.62,211.12,, , ,,0,0,0,0,0,0,,Migmatita
1754,Point ZM,SJGG-57,5881998,675278,564.0,Esquisto de Biotita,ESQB,947.16,0.702382,7023.82,1965.86,0.348673,3486.73,5.0,10.0,0.003,30.0,5.176879,51768.79,9.82,15.0246,113.25,10.32,70.65,80.94,150.88,, , ,,0,0,0,0,0,0,,Esquisto de Biotita
1755,Point ZM,SJGG-58,5882720,675240,536.0,Esquisto de Biotita,ESQB,568.19,0.907022,9070.22,2582.51,0.332018,3320.18,5.0,10.0,0.003,30.0,4.237988,42379.88,12.72,19.4616,108.1,12.01,102.24,148.53,230.09,, , ,,0,0,0,0,0,0,,Esquisto de Biotita
1756,Point ZM,SJGG-59,5883413,675678,501.0,Esquisto de Biotita,ESQB,1253.57,0.93102,9310.2,2430.42,0.391962,3919.62,5.0,10.0,0.003,30.0,7.47655,74765.5,11.34,17.3502,187.48,22.19,183.78,312.93,433.53,, , ,,0,0,0,0,0,0,,Esquisto de Biotita
1757,Point ZM,SJGG-60,5883431,675115,360.0,Esquisto de Biotita,ESQB,684.98,0.823033,8230.33,2055.61,0.274914,2749.14,5.0,10.0,0.003,30.0,3.421399,34213.99,15.94,24.3882,80.01,12.24,59.9,78.01,157.91,, , ,,0,0,0,0,0,0,,Esquisto de Biotita
1758,Point ZM,SJGG-60a,5883431,675115,360.0,Esquisto de Biotita,ESQB,492.63,0.986903,9869.03,2379.2,0.460332,4603.32,5.0,10.0,0.003,30.0,7.508336,75083.36,25.11,38.4183,280.81,13.9,234.63,354.2,590.64,, , ,,0,0,0,0,0,0,,Esquisto de Biotita
1759,Point ZM,SJGG-61,5884503,675446,265.0,Esquisto de Biotita,ESQB,1002.74,0.789046,7890.46,2274.07,0.24232,2423.2,5.0,10.0,0.003,30.0,5.428018,54280.18,8.58,13.1274,203.35,0.5,134.31,271.97,423.78,, , ,,1,0,0,0,0,0,,Esquisto de Biotita
1760,Point ZM,SJGG-62,5885061,676025,215.0,Esquisto de Biotita,ESQB,484.93,0.414978,4149.78,2260.38,0.156771,1567.71,5.0,10.0,0.003,30.0,3.932177,39321.77,7.82,11.9646,110.39,10.2,102.34,105.28,161.67,, , ,,0,0,0,0,0,0,,Esquisto de Biotita
1761,Point ZM,SJGG-63,5884973,675176,293.0,Esquisto de Biotita,ESQB,548.37,0.648542,6485.42,2110.61,0.225405,2254.05,5.0,10.0,0.003,30.0,4.756199,47561.99,10.64,16.2792,169.49,16.51,101.89,161.63,304.88,, , ,,0,0,0,0,0,0,,Esquisto de Biotita
1762,Point ZM,SJGG-64,5884858,675034,310.0,Porfido Dioritico,PDRT,868.83,0.208714,2087.14,12960.9,0.259817,2598.17,5.0,10.0,0.003,30.0,8.50803,85080.3,9.63,14.7339,241.07,10.39,234.93,412.56,639.94,, , ,,0,0,0,0,0,0,,Porfido Dioritico
1763,Point ZM,SJGG-65,5882477,674637,546.0,Esquisto de Biotita,ESQB,701.59,0.651398,6513.98,2238.55,0.218318,2183.18,5.0,10.0,0.003,30.0,3.701201,37012.01,8.56,13.0968,147.84,11.05,90.79,146.86,234.97,, , ,,0,0,0,0,0,0,,Esquisto de Biotita
1764,Point ZM,SJGG-66,5880998,673705,625.0,Esquisto de Biotita,ESQB,1339.4,0.652655,6526.55,3578.89,0.449195,4491.95,5.0,10.0,0.168153,1681.53,6.292729,62927.29,13.58,20.7774,246.87,20.22,185.11,217.01,375.04,, , ,,0,0,0,0,0,0,,Esquisto de Biotita
1765,Point ZM,SJGG-67,5881169,672476,570.0,Esquisto de Biotita,ESQB,1644.53,0.583561,5835.61,2679.66,0.141138,1411.38,5.0,10.0,0.003,30.0,4.162366,41623.66,15.2,23.256,112.92,16.99,25.0,110.09,191.96,, , ,,0,0,0,0,0,0,,Esquisto de Biotita
1766,Point ZM,SJGG-68,5881169,672476,570.0,Granito de Biotita,GB,1002.69,0.373348,3733.48,1828.68,0.0005,5.0,5.0,10.0,0.003,30.0,2.830821,28308.21,2.15,3.2895,142.95,24.64,76.41,70.7,122.32,, , ,,0,0,0,0,0,0,,Granito de Biotita
1767,Point ZM,SJGG-69,5881750,671645,645.0,Granito de Biotita,GB,567.31,0.539392,5393.92,2038.69,0.0005,5.0,5.0,10.0,0.003,30.0,1.459963,14599.63,2.0,3.06,55.74,6.98,25.0,32.0,45.0,, , ,,0,0,0,0,0,0,,Granito de Biotita
1768,Point ZM,SJGG-70,5880750,670347,658.0,Esquisto de Biotita,ESQB,835.42,0.607788,6077.88,2462.23,0.331005,3310.05,5.0,10.0,0.003,30.0,4.357729,43577.29,29.93,45.7929,137.88,10.36,118.77,160.75,243.84,, , ,,0,0,0,0,0,0,,Esquisto de Biotita
1769,Point ZM,SJGG-71,5880349,669021,636.0,Esquisto de Biotita,ESQB,630.11,0.682083,6820.83,2127.42,0.187373,1873.73,5.0,10.0,0.003,30.0,3.695185,36951.85,8.59,13.1427,135.52,11.78,147.36,163.16,251.63,, , ,,0,0,0,0,0,0,,Esquisto de Biotita
1770,Point ZM,SJGG-72,5882312,669909,638.0,Esquisto de Biotita,ESQB,1069.13,0.583555,5835.55,1999.2,0.373475,3734.75,5.0,10.0,0.003,30.0,4.031948,40319.48,12.71,19.4463,206.38,10.28,182.97,325.48,430.96,, , ,,0,0,0,0,0,0,,Esquisto de Biotita
1771,Point ZM,SJGG-73,5883441,669001,583.0,Esquisto de Biotita,ESQB,1304.21,0.529478,5294.78,2377.84,0.185945,1859.45,5.0,10.0,0.003,30.0,3.442389,34423.89,26.01,39.7953,152.68,19.2,124.91,219.29,331.5,, , ,,0,0,0,0,0,0,,Esquisto de Biotita
1772,Point ZM,SJGG-74,5883102,671899,661.0,Esquisto de Biotita,ESQB,637.17,0.360674,3606.74,2103.93,0.181158,1811.58,5.0,10.0,0.003,30.0,3.452177,34521.77,4.04,6.1812,107.79,18.15,81.5,94.6,159.51,, , ,,0,0,0,0,0,0,,Esquisto de Biotita
1773,Point ZM,SJGG-75,5883807,671107,596.0,Esquisto de Biotita,ESQB,1327.56,0.290422,2904.22,2050.7,0.0005,5.0,5.0,10.0,0.003,30.0,4.331336,43313.36,46.07,70.4871,151.52,12.49,100.79,151.39,335.79,, , ,,0,0,0,0,0,0,,Esquisto de Biotita
1774,Point ZM,SJGG-76,5884408,672339,589.0,Esquisto de Biotita,ESQB,536.89,0.636733,6367.33,1991.5,0.242391,2423.91,5.0,10.0,0.003,30.0,4.397797,43977.97,17.18,26.2854,176.67,18.85,98.9,159.04,307.92,, , ,,0,0,0,0,0,0,,Esquisto de Biotita
1775,Point ZM,SJGG-77,5885514,672592,509.0,Esquisto de Biotita,ESQB,704.73,0.763865,7638.65,2186.27,0.278146,2781.46,5.0,10.0,0.003,30.0,4.336373,43363.73,11.43,17.4879,80.36,16.95,25.0,81.64,110.31,, , ,,0,0,0,0,0,0,,Esquisto de Biotita
1776,Point ZM,SJGG-78,5886098,672842,491.0,Esquisto de Biotita,ESQB,551.55,0.174748,1747.48,1727.14,0.492757,4927.57,5.0,10.0,0.003,30.0,5.259824,52598.24,14.06,21.5118,172.61,14.43,147.21,232.89,362.06,, , ,,0,0,0,0,0,0,,Esquisto de Biotita
1777,Point ZM,SJGG-79,5878201,683253,275.0,Areniscas,ARE,553.96,1.06544,10654.4,2035.98,0.0005,5.0,5.0,10.0,0.003,30.0,2.892041,28920.41,13.71,20.9763,141.99,9.78,90.53,123.74,184.27,, , ,,0,0,0,0,0,0,,Arenisca
1778,Point ZM,SJGG-80,5879754,682850,164.0,Areniscas,ARE,500.16,1.240195,12401.95,2346.85,0.266589,2665.89,5.0,240.78,0.003,30.0,2.480972,24809.72,23.24,35.5572,123.38,18.0,60.98,69.7,102.64,, , ,,0,0,0,0,0,0,,Arenisca
1779,Point ZM,SJGG-81,5877242,683744,226.0,Aplita?,AP,467.16,0.409664,4096.64,2633.24,0.111638,1116.38,5.0,10.0,0.003,30.0,1.922036,19220.36,7.0,10.71,30.0,7.82,25.0,32.0,45.0,, , ,,0,0,0,0,0,0,,Aplita
1780,Point ZM,SJGG-82,5876913,683410,182.0,Granito Gráfico,GGRF,475.43,0.545308,5453.08,5567.42,0.352488,3524.88,5.0,10.0,0.003,30.0,4.335587,43355.87,15.55,23.7915,130.32,16.25,118.64,162.26,276.92,, , ,,0,0,0,0,0,0,,Granito Grafico
1781,Point ZM,SJGG-83,5875910,683710,154.0,Granito Gráfico,GGRF,1053.89,1.83753,18375.3,17290.37,0.0005,5.0,5.0,10.0,0.003,30.0,1.018733,10187.33,4.27,6.5331,367.42,13.31,294.1,459.08,693.59,, , ,,0,0,0,0,0,0,,Granito Grafico
1782,Point ZM,SJGG-84,5876866,684574,308.0,Granito Gráfico,GGRF,1517.36,0.784798,7847.98,5553.41,0.281119,2811.19,5.0,10.0,0.003,30.0,3.043931,30439.31,14.71,22.5063,98.64,14.53,61.07,126.81,146.39,, , ,,0,0,0,0,0,0,,Granito Grafico
1783,Point ZM,SJGG-85,5876152,684849,162.0,Granito Gráfico,GGRF,1038.44,1.180345,11803.45,2898.61,0.104739,1047.39,5.0,10.0,0.003,30.0,0.567568,5675.68,9.01,13.7853,127.82,12.76,111.92,182.98,309.36,, , ,,0,0,0,0,0,0,,Granito Grafico
1784,Point ZM,SJGG-86,5875893,684260,157.0,Granito Gráfico,GGRF,690.3,1.019796,10197.96,3410.66,0.111652,1116.52,5.0,10.0,0.003,30.0,2.607814,26078.14,13.63,20.8539,115.62,13.67,96.26,128.19,45.09,, , ,,0,0,0,0,0,0,,Granito Grafico
1785,Point ZM,CCPR-19A,5924709,681064,40.0,Diorita Porfídica,DRTP,578.1,0.872429,8724.29,2526.61,0.302344,3023.44,5.0,10.0,0.003,30.0,4.610827,46108.27,15.22,23.2866,71.42,12.91,25.0,89.58,130.99,, , ,,0,0,0,0,0,0,,Diorita Porfídica
1786,Point ZM,CCPR-19B,5924709,681064,40.0,Diorita Porfídica,DRTP,591.11,0.191548,1915.48,3120.01,0.0005,5.0,5.0,10.0,0.003,30.0,3.642854,36428.54,12.19,18.6507,161.71,14.09,112.72,230.61,339.87,, , ,,0,0,0,0,0,0,,Diorita Porfídica
1787,Point ZM,CCPR-20,5924004,681222,117.0,Granito de Biotita,GB,460.5,0.596026,5960.26,1905.84,0.230246,2302.46,5.0,10.0,0.003,30.0,4.147646,41476.46,21.21,32.4513,152.49,16.03,112.78,172.95,241.13,, , ,,0,0,0,0,0,0,,Granito de Biotita
1788,Point ZM,CCPR-21,5923113,684273,116.0,Metapelita/Roca Cornea,HF,336.18,0.345298,3452.98,2058.47,0.16612,1661.2,5.0,10.0,0.003,30.0,3.028418,30284.18,21.82,33.3846,30.0,10.74,25.0,32.0,45.0,, , ,,0,0,0,0,0,0,,Metapelita/Roca Cornea
1789,Point ZM,CCPR-22,5922985,683999,170.0,Granito de Biotita,GB,468.49,1.548978,15489.78,2078.67,0.0005,5.0,5.0,10.0,0.003,30.0,0.959243,9592.43,7.53,11.5209,30.0,0.5,25.0,32.0,45.0,, , ,,1,0,0,0,0,0,,Granito de Biotita
1790,Point ZM,CCPR-23A,5922820,683203,330.0,Granito de Biotita,GB,371.41,0.501157,5011.57,2098.89,0.143642,1436.42,5.0,10.0,0.003,30.0,3.984929,39849.29,12.87,19.6911,30.0,0.5,25.0,32.0,45.0,, , ,,1,0,0,0,0,0,,Granito de Biotita
1791,Point ZM,CCPR-23B,5922820,683203,330.0,Metapelita,MP,308.49,0.544542,5445.42,2339.15,0.238712,2387.12,5.0,10.0,0.003,30.0,3.785042,37850.42,13.01,19.9053,143.46,11.66,92.59,124.77,174.39,, , ,,0,0,0,0,0,0,,Metapelita
1792,Point ZM,CCPR-24,5923560,681504,226.0,Metapelita,MP,121.41,1.019032,10190.32,25.0,0.473977,4739.77,5.0,10.0,0.003,30.0,5.398531,53985.31,30.79,47.1087,286.95,13.97,256.86,403.53,590.99,, , ,,0,0,0,0,0,0,,Metapelita
1793,Point ZM,CCPR-25,5922095,685174,88.0,Granito de Biotita,GB,692.04,0.718513,7185.13,2051.66,0.0005,5.0,5.0,10.0,0.003,30.0,3.207761,32077.61,4.6,7.038,88.68,0.5,25.0,91.42,134.07,, , ,,1,0,0,0,0,0,,Granito de Biotita
1794,Point ZM,CCPR-26A,5923045,684669,62.0,Diorita,DRT,559.07,0.454163,4541.63,5889.48,0.0005,5.0,5.0,10.0,0.003,30.0,4.689314,46893.14,7.18,10.9854,30.0,0.5,25.0,73.16,45.0,, , ,,1,0,0,0,0,0,,Diorita
1795,Point ZM,CCPR-26-B,5923045,684669,62.0,Diorita,DRT,446.57,0.770002,7700.02,27732.45,0.336534,3365.34,5.0,10.0,0.003,30.0,6.750948,67509.48,7.5,11.475,204.58,0.5,208.98,444.66,638.23,, , ,,1,0,0,0,0,0,,Diorita
1796,Point ZM,CCPR-26C,5923045,684669,62.0,Vetilla Qz Feldespsato,VTT,539.7,0.066698,666.98,4543.93,0.0005,5.0,5.0,10.0,0.003,30.0,0.530383,5303.83,2.61,3.9933,78.37,0.5,80.97,121.22,191.62,, , ,,1,0,0,0,0,0,,Vetilla Cuarzo-Feldespato
1797,Point ZM,CCPR-27,5922534,685253,46.0,Granito de Biotita,GB,528.94,1.534786,15347.86,2240.61,0.131298,1312.98,5.0,10.0,0.003,30.0,2.437513,24375.13,7.29,11.1537,62.41,10.18,25.0,32.0,121.92,, , ,,0,0,0,0,0,0,,Granito de Biotita
1798,Point ZM,CCPR-28A,5924532,683819,31.0,Granito de Biotita,GB,368.47,0.483918,4839.18,4601.26,0.194731,1947.31,5.0,10.0,0.003,30.0,3.98694,39869.4,4.91,7.5123,124.52,12.19,104.05,125.89,206.93,, , ,,0,0,0,0,0,0,,Granito de Biotita
1799,Point ZM,CCPR-28B,5924532,683819,31.0,Diorita Porfídica,DRTP,275.1,0.568373,5683.73,2216.13,0.273883,2738.83,5.0,10.0,0.003,30.0,4.542605,45426.05,16.02,24.5106,121.85,10.26,87.39,74.05,104.15,, , ,,0,0,0,0,0,0,,Diorita Porfídica
1800,Point ZM,FLPR-06,5923188,698547,143.0,Granito de biotita y anfibol,GB,710.77,0.970377,9703.77,11886.42,0.272091,2720.91,5.0,10.0,0.003,30.0,4.681917,46819.17,14.68,22.4604,187.94,16.04,140.21,212.48,290.91,, , ,,0,0,0,0,0,0,DUP_2/2,Granito de biotita y anfibol
1801,Point ZM,PBPR-05A,5921942,684961,143.0,Granito de biotita,GB,437.2,0.909377,9093.77,2915.97,0.0005,5.0,5.0,10.0,0.003,30.0,3.078403,30784.03,10.9,16.677,118.98,10.03,92.12,111.32,201.28,, , ,,0,0,0,0,0,0,,Granito de biotita
1802,Point ZM,PBPR-05B,5921942,684961,143.0,Dique Aplita,DAP,587.85,2.083179,20831.79,2112.53,0.0005,5.0,5.0,10.0,0.003,30.0,1.145722,11457.22,2.0,3.06,30.0,0.5,25.0,32.0,45.0,, , ,,1,0,0,0,0,0,,Dique Aplitico
1803,Point ZM,PBPR-06,5921275,684299,165.0,Granito de Biotita,GB,374.53,0.592478,5924.78,2282.95,0.141582,1415.82,5.0,10.0,0.003,30.0,2.826848,28268.48,7.85,12.0105,48.14,0.5,25.0,32.0,45.0,, , ,,1,0,0,0,0,0,,Granito de Biotita
1804,Point ZM,PBPR-07,5920948,684188,217.0,Dique granítico,DGR,309.48,0.33035,3303.5,1950.98,0.0005,5.0,5.0,10.0,0.003,30.0,1.704088,17040.88,2.77,4.2381,30.0,0.5,25.0,32.0,45.0,13, , ,,1,0,0,0,0,0,,Dique Granitico
1805,Point ZM,PBPR-08A,5921028,684148,202.0,Granito de Biotita,GB,330.53,0.958024,9580.24,2032.09,0.201624,2016.24,5.0,10.0,0.003,30.0,3.768582,37685.82,11.05,16.9065,70.43,14.34,67.44,84.75,151.63,, , ,,0,0,0,0,0,0,,Granito de Biotita
1806,Point ZM,PBPR-08B,5921028,684148,202.0,Metapelita,MP,520.78,0.714392,7143.92,2193.39,0.231843,2318.43,5.0,10.0,0.003,30.0,5.234089,52340.89,127.7,195.381,136.29,13.12,103.73,125.35,243.96,, , ,,0,0,0,0,0,0,,Metapelita
1807,Point ZM,PBPR-09,5920221,683690,345.0,Granito de Biotita,GB,30.0,1.476876,14768.76,9034.04,0.236687,2366.87,5.0,10.0,0.003,30.0,3.608349,36083.49,11.49,17.5797,235.08,16.31,186.78,282.37,503.17,, , ,,0,0,0,0,0,0,,Granito de Biotita
1808,Point ZM,PBPR-10,5920202,683471,355.0,Dique granitico,DGR,566.86,0.637311,6373.11,1827.87,0.0005,5.0,5.0,10.0,0.003,30.0,2.853371,28533.71,11.43,17.4879,94.76,9.24,25.0,68.72,45.0,, , ,,0,0,0,0,0,0,,Dique Granitico
1809,Point ZM,PBPR-11,5920191,683070,378.0,Metapelita,MP,285.73,1.820009,18200.09,25.0,0.676121,6761.21,5.0,10.0,0.003,30.0,11.141862,111418.62,24.33,37.2249,361.22,18.17,286.41,456.23,755.15,, , ,,0,0,0,0,0,0,,Metapelita
1810,Point ZM,PBPR-12,5919687,682249,397.0,Granito de Biotita,GB,711.93,0.266403,2664.03,2296.28,0.266732,2667.32,5.0,10.0,0.003,30.0,5.179378,51793.78,61.61,94.2633,129.92,15.87,86.42,88.02,198.1,, , ,,0,0,0,0,0,0,,Granito de Biotita
1811,Point ZM,PBPR-13,5920065,681917,392.0,Granito de Biotita,GB,474.52,0.564682,5646.82,1865.53,0.262305,2623.05,5.0,10.0,0.003,30.0,4.117929,41179.29,17.93,27.4329,118.66,19.81,25.0,72.93,134.27,, , ,,0,0,0,0,0,0,,Granito de Biotita
1812,Point ZM,PBPR-14,5920212,681677,359.0,Granito de Biotita,GB,623.2,0.406452,4064.52,2971.75,0.397541,3975.41,5.0,10.0,0.003,30.0,6.546954,65469.54,10.86,16.6158,147.38,0.5,138.49,267.85,402.4,, , ,,1,0,0,0,0,0,,Granito de Biotita
1813,Point ZM,PBPR-15,5920223,681683,357.0,Granito de Biotita,GB,315.4,0.678062,6780.62,2281.97,0.252295,2522.95,5.0,10.0,0.003,30.0,4.486319,44863.19,14.54,22.2462,105.5,14.66,63.96,87.39,155.03,, , ,,0,0,0,0,0,0,,Granito de Biotita
1814,Point ZM,PBPR-16,5920989,680850,287.0,Granito de Biotita,GB,485.86,0.741378,7413.78,2223.81,0.180261,1802.61,5.0,10.0,0.003,30.0,3.883287,38832.87,7.6,11.628,97.81,13.46,57.7,118.47,153.21,, , ,,0,0,0,0,0,0,,Granito de Biotita
1815,Point ZM,PBPR-17,5921385,680715,231.0,Diorita Porfídica,DRTP,556.97,1.421458,14214.58,8480.85,0.30282,3028.2,5.0,10.0,0.003,30.0,4.303333,43033.33,13.21,20.2113,182.5,0.5,158.3,207.02,381.74,, , ,,1,0,0,0,0,0,,Diorita Porfídica
1816,Point ZM,PBPR-18,5921655,680605,275.0,Metapelita,MP,574.98,0.254394,2543.94,679.84,0.25827,2582.7,5.0,10.0,0.003,30.0,6.202014,62020.14,10.61,16.2333,126.67,0.5,72.38,32.0,156.05,, , ,,1,0,0,0,0,0,,Metapelita
1817,Point ZM,PBPR-19,5922206,680144,202.0,Metapelita,MP,468.47,1.527153,15271.53,25.0,0.278123,2781.23,5.0,10.0,0.003,30.0,5.0643,50643.0,26.92,41.1876,215.04,18.46,172.78,269.31,436.01,, , ,,0,0,0,0,0,0,,Metapelita
1818,Point ZM,PBPR-20,5922263,680068,193.0,Granito de Biotita,GB,217.3,0.216709,2167.09,3102.97,0.211131,2111.31,5.0,10.0,0.003,30.0,4.004436,40044.36,15.53,23.7609,195.91,23.61,152.23,225.58,375.1,, , ,,0,0,0,0,0,0,,Granito de Biotita
1819,Point ZM,PBPR-21A,5921639,685392,41.0,Granito de Biotita,GB,520.08,0.455133,4551.33,3703.17,0.159389,1593.89,5.0,10.0,0.003,30.0,3.394191,33941.91,23.08,35.3124,73.04,9.24,25.0,93.21,106.36,, , ,,0,0,0,0,0,0,,Granito de Biotita
1820,Point ZM,PBPR-21B,5921639,685392,41.0,Metapelita,MP,764.21,2.528732,25287.32,1776.09,0.356207,3562.07,5.0,10.0,0.003,30.0,5.812104,58121.04,24.02,36.7506,414.54,18.97,265.68,414.43,688.35,, , ,,0,0,0,0,0,0,,Metapelita
1821,Point ZM,PBPR-22A,5920141,684500,85.0,Granito de Biotita,GB,584.57,0.635703,6357.03,6248.96,0.142221,1422.21,5.0,10.0,0.003,30.0,3.441322,34413.22,11.52,17.6256,118.68,15.21,25.0,121.73,236.15,, , ,,0,0,0,0,0,0,,Granito de Biotita
1822,Point ZM,PBPR-22B,5920141,684500,85.0,Granito,GR,466.16,0.939622,9396.22,3563.51,0.160318,1603.18,5.0,10.0,0.003,30.0,2.946834,29468.34,12.56,19.2168,136.15,11.9,78.19,138.44,207.93,, , ,,0,0,0,0,0,0,,Granito
1823,Point ZM,PBPR-23,5920001,684381,122.0,Granito de Biotita,GB,426.34,0.723933,7239.33,3804.13,0.126427,1264.27,5.0,10.0,0.003,30.0,2.620835,26208.35,14.99,22.9347,95.22,12.35,81.47,100.12,160.39,, , ,,0,0,0,0,0,0,,Granito de Biotita
1824,Point ZM,PBPR-24,5919786,684039,155.0,Metapelita,MP,30.0,2.774188,27741.88,4727.69,0.486379,4863.79,5.0,10.0,0.003,30.0,5.011307,50113.07,26.48,40.5144,317.26,15.53,276.13,393.43,707.34,, , ,,0,0,0,0,0,0,,Metapelita
1825,Point ZM,PBPR-25,5919483,683787,183.0,Granito de Biotita,GB,30.0,0.877794,8777.94,20633.62,0.509443,5094.43,5.0,10.0,0.003,30.0,7.573518,75735.18,9.88,15.1164,264.16,0.5,231.53,392.03,719.42,, , ,,1,0,0,0,0,0,,Granito de Biotita
1826,Point ZM,PBPR-26,5919273,683435,206.0,Metapelita,MP,369.03,1.318666,13186.66,5979.77,0.149207,1492.07,5.0,10.0,0.003,30.0,2.295365,22953.65,18.21,27.8613,263.58,8.48,210.51,367.11,538.56,, , ,,0,0,0,0,0,0,,Metapelita
1827,Point ZM,PBPR-27,5919181,683043,281.0,Pegmatita,PG,30.0,0.048663,486.63,332.34,0.0005,5.0,5.0,10.0,0.003,30.0,6.125329,61253.29,10.65,16.2945,229.74,0.5,223.29,359.44,541.54,, , ,,1,0,0,0,0,0,,Pegmatita
1828,Point ZM,PBPR-28,5919426,683157,290.0,Pegmatita,PG,400.58,0.259208,2592.08,2232.95,0.0005,5.0,5.0,10.0,0.003,30.0,6.467007,64670.07,8.55,13.0815,99.77,9.33,97.58,172.22,236.91,, , ,,0,0,0,0,0,0,,Pegmatita
1829,Point ZM,PBPR-30,5919403,682335,373.0,Granito de Biotita,GB,538.14,0.800643,8006.43,2116.74,0.295052,2950.52,5.0,10.0,0.003,30.0,4.88305,48830.5,17.71,27.0963,141.17,17.35,119.94,154.61,234.44,, , ,,0,0,0,0,0,0,,Granito de Biotita
1830,Point ZM,PBPR-32,5919156,683007,286.0,Granito de Biotita,GB,607.46,0.509952,5099.52,2181.19,0.190158,1901.58,5.0,10.0,0.003,30.0,3.828036,38280.36,9.58,14.6574,65.41,10.73,25.0,32.0,45.0,, , ,,0,0,0,0,0,0,,Granito de Biotita
1831,Point ZM,PBPR-33,5920362,682306,360.0,Granito de Biotita,GB,1361.82,0.237052,2370.52,3323.38,0.173208,1732.08,5.0,10.0,0.003,30.0,4.149269,41492.69,11.57,17.7021,81.21,17.57,25.0,112.13,139.48,, , ,,0,0,0,0,0,0,,Granito de Biotita
1832,Point ZM,PBPR-34,5920662,682651,389.0,Metapelita,MP,631.96,0.307992,3079.92,2570.46,0.277306,2773.06,5.0,10.0,0.003,30.0,6.182639,61826.39,16.02,24.5106,100.94,15.31,76.92,32.0,168.25,, , ,,0,0,0,0,0,0,,Metapelita
1833,Point ZM,PBPR-35,5918556,682529,344.0,Metapelita,MP,466.8,0.456559,4565.59,2320.94,0.229376,2293.76,5.0,10.0,0.003,30.0,5.434935,54349.35,16.75,25.6275,83.23,17.74,25.0,78.08,117.15,, , ,,0,0,0,0,0,0,,Metapelita
1834,Point ZM,PBPR-36,5918529,682525,343.0,Metapelita,MP,443.93,2.450179,24501.79,25.0,0.225035,2250.35,5.0,10.0,0.003,30.0,4.437854,44378.54,21.7,33.201,272.54,18.9,183.67,276.98,460.67,, , ,,0,0,0,0,0,0,,Metapelita
1835,Point ZM,PBPR-37,5918490,682507,337.0,Granito de Biotita,GB,641.57,0.557982,5579.82,2234.13,0.201301,2013.01,5.0,10.0,0.003,30.0,3.656106,36561.06,4.87,7.4511,66.57,7.82,25.0,32.0,103.97,, , ,,0,0,0,0,0,0,,Granito de Biotita
1836,Point ZM,PBPR-38,5917467,682658,289.0,Granito de Biotita,GB,583.86,1.312254,13122.54,2256.34,0.0005,5.0,5.0,10.0,0.003,30.0,1.354952,13549.52,8.19,12.5307,30.0,21.47,25.0,32.0,45.0,, , ,,0,0,0,0,0,0,,Granito de Biotita
1837,Point ZM,PBPR-39,5918493,683526,205.0,Granito de biotita,GB,572.6,0.786495,7864.95,3266.62,0.0005,5.0,5.0,10.0,0.4653,4653.42,2.772693,27726.93,8.2,12.546,30.0,11.38,25.0,32.0,112.82,, , ,,0,0,0,0,0,0,,Granito de biotita
1838,Point ZM,BEPR-90,5930059,683214,295.0,Granito de Granate?,GG,589.05,0.281847,2818.47,2696.46,0.2751,2751.0,5.0,10.0,0.003,30.0,8.145175,81451.75,57.73,88.3269,213.51,39.82,136.61,122.67,163.76,28, , ,,0,0,0,0,0,0,,Granito de Granate
1839,Point ZM,BEPR-89,5930076,683761,300.0,Diorita,DRT,627.26,0.39577,3957.7,2004.32,0.366485,3664.85,5.0,10.0,0.003,30.0,8.898698,88986.98,26.36,40.3308,181.33,0.5,139.02,212.3,287.52,, , ,,1,0,0,0,0,0,,Diorita
1840,Point ZM,CCPR-29,5925302,682491,19.0,Granito de Biotita,GB,845.6,1.770567,17705.67,2386.31,0.0005,5.0,5.0,10.0,0.003,30.0,0.454593,4545.93,2.0,3.06,164.65,0.5,152.39,211.89,331.01,, , ,,1,0,0,0,0,0,,Granito de Biotita
1841,Point ZM,CCPR-30,5925091,682879,115.0,Granito de Biotita,GB,383.38,0.417651,4176.51,2163.31,0.224551,2245.51,5.0,10.0,0.003,30.0,5.031035,50310.35,15.93,24.3729,63.76,14.73,25.0,32.0,45.0,, , ,,0,0,0,0,0,0,,Granito de Biotita
1842,Point ZM,CCPR-31,5924791,682299,156.0,Granito de Biotita,GB,460.57,0.477572,4775.72,2341.69,0.283223,2832.23,5.0,10.0,0.003,30.0,4.267363,42673.63,11.39,17.4267,79.16,0.5,25.0,95.88,104.29,, , ,,1,0,0,0,0,0,,Granito de Biotita
1843,Point ZM,CCPR-32,5924809,682661,139.0,Microdiorita,MDRT,504.06,0.890013,8900.13,1924.43,0.333501,3335.01,5.0,10.0,0.003,30.0,5.076369,50763.69,12.68,19.4004,30.0,8.47,25.0,32.0,45.0,, , ,,0,0,0,0,0,0,,Microdiorita
1844,Point ZM,PBPR-40A,5918061,683272,216.0,Pegmatita,PG,593.69,0.790377,7903.77,4226.75,0.0005,5.0,5.0,10.0,0.003,30.0,1.533765,15337.65,25.07,38.3571,93.95,18.86,25.0,32.0,45.0,, , ,,0,0,0,0,0,0,,Pegmatita
1845,Point ZM,PBPR-40B,5918061,683272,216.0,Pegmatita,PG,707.51,0.598551,5985.51,3661.99,0.0005,5.0,5.0,10.0,0.003,30.0,2.600513,26005.13,11.05,16.9065,119.83,12.54,106.57,138.12,254.82,, , ,,0,0,0,0,0,0,,Pegmatita
1846,Point ZM,PBPR-41,5917689,683221,235.0,Granito de Biotita,GB,470.69,1.116855,11168.55,2003.73,0.271994,2719.94,5.0,10.0,0.003,30.0,5.248581,52485.81,18.1,27.693,124.34,0.5,95.17,175.12,255.34,, , ,,1,0,0,0,0,0,,Granito de Biotita
1847,Point ZM,PBPR-42A,5917004,683825,304.0,Granito de Biotita,GB,386.29,0.587611,5876.11,1992.18,0.283652,2836.52,5.0,10.0,0.003,30.0,5.237179,52371.79,11.42,17.4726,89.12,8.34,65.22,124.2,202.01,, , ,,0,0,0,0,0,0,,Granito de Biotita
1848,Point ZM,PBPR-42B,5917004,683825,304.0,Granito de Biotita,GB,356.06,0.611809,6118.09,2097.41,0.334009,3340.09,5.0,10.0,0.003,30.0,4.94965,49496.5,58.03,88.7859,74.74,16.22,94.68,113.78,152.48,266, , ,,0,0,0,0,0,0,,Granito de Biotita
1849,Point ZM,PBPR-43A,5916834,683941,339.0,Granito de Biotita,GB,2134.49,1.95699,19569.9,21436.82,0.507069,5070.69,5.0,10.0,0.003,30.0,2.538726,25387.26,15.09,23.0877,444.02,0.5,350.24,661.76,1121.18,, , ,,1,0,0,0,0,0,,Granito de Biotita
1850,Point ZM,PBPR-43B,5916834,683941,339.0,Diorita,DRT,827.25,2.944595,29445.95,16368.67,0.740773,7407.73,5.0,10.0,0.003,30.0,9.492133,94921.33,50.36,77.0508,332.11,0.5,391.05,600.17,903.48,, , ,,1,0,0,0,0,0,,Diorita
1851,Point ZM,PBPR-44,5917994,684557,322.0,Granito de Biotita,GB,418.3,0.292881,2928.81,2328.74,0.285055,2850.55,5.0,10.0,0.003,30.0,5.093344,50933.44,10.12,15.4836,68.39,10.43,25.0,105.99,143.73,, , ,,0,0,0,0,0,0,,Granito de Biotita
1852,Point ZM,PBPR-45A,5918194,684781,287.0,Granito de Biotita,GB,483.09,0.673406,6734.06,2340.37,0.0005,5.0,5.0,10.0,0.003,30.0,1.727516,17275.16,7.47,11.4291,30.0,7.9,25.0,32.0,45.0,, , ,,0,0,0,0,0,0,,Granito de Biotita
1853,Point ZM,PBPR-45B,5918194,684781,287.0,Granito,GR,434.22,2.725645,27256.45,3838.79,0.0005,5.0,5.0,10.0,0.003,30.0,0.807112,8071.12,5.55,8.4915,186.44,0.5,164.53,277.51,278.59,, , ,,1,0,0,0,0,0,,Granito
1854,Point ZM,PBPR-46,5916860,684027,332.0,Granito de Biotita,GB,665.45,1.158286,11582.86,1642.78,0.132505,1325.05,5.0,10.0,0.003,30.0,2.986668,29866.68,12.19,18.6507,30.0,0.5,25.0,32.0,45.0,, , ,,1,0,0,0,0,0,,Granito de Biotita
1855,Point ZM,PBPR-47,5918026,684608,332.0,Dique andesita,DAND,1432.55,0.10916,1091.6,3561.21,0.359063,3590.63,5.0,10.0,0.003,30.0,5.347513,53475.13,21.92,33.5376,98.93,0.5,94.31,151.05,173.75,, , ,,1,0,0,0,0,0,,Dique Andesita
1856,Point ZM,PBPR-48A,5918178,684724,310.0,Granio de biotita,GB,442.85,0.31327,3132.7,2024.19,0.261985,2619.85,5.0,10.0,0.003,30.0,4.677385,46773.85,4.79,7.3287,69.6,8.6,25.0,89.3,105.24,, , ,,0,0,0,0,0,0,,Granito de Biotita
1857,Point ZM,PBPR-48B,5918178,684724,310.0,Dique granítico,DGR,432.42,1.29551,12955.1,2225.75,0.0005,5.0,5.0,10.0,0.003,30.0,1.277814,12778.14,19.87,30.4011,30.0,0.5,25.0,32.0,45.0,, , ,,1,0,0,0,0,0,,Dique Granitico
1858,Point ZM,PBPR-49,5918169,685664,274.0,Granito de Biotita,GB,536.99,0.258855,2588.55,2103.95,0.244698,2446.98,5.0,10.0,0.003,30.0,4.195538,41955.38,4.18,6.3954,55.99,12.7,25.0,32.0,45.0,, , ,,0,0,0,0,0,0,,Granito de Biotita
1859,Point ZM,PBPR-50A,5918282,685700,268.0,Granito de Biotita,GB,476.82,0.80407,8040.7,2312.4,0.188199,1881.99,5.0,10.0,0.003,30.0,2.863175,28631.75,7.15,10.9395,30.0,11.08,25.0,71.69,45.0,, , ,,0,0,0,0,0,0,,Granito de Biotita
1860,Point ZM,PBPR-50B,5918282,685700,268.0,Granito de Biotita,GB,444.24,0.480058,4800.58,1801.85,0.243085,2430.85,5.0,10.0,0.145933,1493.27,3.707455,37074.55,67.61,103.4433,67.02,0.5,25.0,32.0,45.0,239, , ,,1,0,0,0,0,0,,Granito de Biotita
1861,Point ZM,PBPR-50C,5918282,685700,268.0,Dique aplita,DAP,30.0,2.224148,22241.48,602.89,0.0005,5.0,5.0,10.0,0.003,30.0,0.381214,3812.14,6.18,9.4554,100.4,0.5,90.05,134.02,218.0,, , ,,1,0,0,0,0,0,,Dique aplita
1862,Point ZM,PBPR-51,5918841,686087,226.0,Granito de Biotita,GB,786.81,0.462386,4623.86,5989.39,0.264701,2647.01,5.0,10.0,0.003,30.0,5.304024,53040.24,13.22,20.2266,30.0,15.1,25.0,32.0,45.0,, , ,,0,0,0,0,0,0,,Granito de Biotita
1863,Point ZM,PBPR-52,5918998,686123,210.0,Granito de Biotita,GB,711.13,1.282987,12829.87,1990.6,0.0005,5.0,5.0,10.0,0.003,30.0,1.416683,14166.83,27.18,41.5854,30.0,7.65,25.0,32.0,45.0,, , ,,0,0,0,0,0,0,,Granito de Biotita
1864,Point ZM,PBPR-53,5919480,686014,166.0,Granito de Biotita,GB,474.32,0.848043,8480.43,2173.37,0.0005,5.0,5.0,10.0,0.003,30.0,3.032407,30324.07,23.58,36.0774,60.53,17.7,25.0,32.0,45.0,, , ,,0,0,0,0,0,0,,Granito de Biotita
1865,Point ZM,PBPR-54,5919155,686334,191.0,Granito de Biotita,GB,387.02,0.803142,8031.42,2264.5,0.194982,1949.82,5.0,10.0,0.003,30.0,4.142609,41426.09,27.47,42.0291,88.31,11.29,25.0,86.65,121.56,42, , ,,0,0,0,0,0,0,,Granito de Biotita
1866,Point ZM,PBPR-55,5918557,686582,157.0,Granito de biotita,GB,506.51,0.848101,8481.01,3382.55,0.208352,2083.52,5.0,10.0,0.003,30.0,4.983588,49835.88,12.92,19.7676,105.4,11.99,82.81,111.1,201.21,, , ,,0,0,0,0,0,0,,Granito de biotita
1867,Point ZM,PBPR-56A,5918372,686673,174.0,Granito de Biotita,GB,519.06,0.660069,6600.69,1943.43,0.207412,2074.12,5.0,10.0,0.003,30.0,3.959016,39590.16,17.68,27.0504,93.02,0.5,71.7,79.54,160.36,, , ,,1,0,0,0,0,0,,Granito de Biotita
1868,Point ZM,PBPR-56B,5918372,686673,174.0,Dique granítico,DGR,636.04,1.988187,19881.87,2279.09,0.0005,5.0,5.0,10.0,0.003,30.0,2.851217,28512.17,10.7,16.371,95.59,0.5,60.18,119.5,119.5,, , ,,1,0,0,0,0,0,,Dique Granitico
1869,Point ZM,PBPR-57,5918013,686779,169.0,Granito de Biotita,GB,424.34,0.512696,5126.96,4446.69,0.148418,1484.18,5.0,10.0,0.003,30.0,3.216295,32162.95,24.05,36.7965,100.38,0.5,73.42,115.37,194.38,, , ,,1,0,0,0,0,0,,Granito de Biotita
1870,Point ZM,PBPR-58,5914630,683576,374.0,Granito de Biotita,GB,594.93,1.355577,13555.77,2765.67,0.0005,5.0,5.0,10.0,0.003,30.0,1.820453,18204.53,6.04,9.2412,30.0,25.45,25.0,32.0,45.0,, , ,,0,0,0,0,0,0,,Granito de Biotita
1871,Point ZM,PBPR-59,5914834,683602,362.0,Microdiorita,MDRT,1104.68,1.068085,10680.85,18766.65,0.49171,4917.1,5.0,10.0,0.003,30.0,5.371448,53714.48,70.34,107.6202,307.89,0.5,221.24,378.63,628.1,, , ,,1,0,0,0,0,0,,Microdiorita
1872,Point ZM,PBPR-60,5915181,683913,318.0,Granito de Biotita,GB,664.15,0.969751,9697.51,2017.65,0.0005,5.0,5.0,10.0,0.003,30.0,1.774472,17744.72,18.04,27.6012,30.0,0.5,25.0,70.81,45.0,, , ,,1,0,0,0,0,0,,Granito de Biotita
1873,Point ZM,PBPR-61,5915351,685101,278.0,Granito de Biotita,GB,612.91,0.90619,9061.9,1859.12,0.249592,2495.92,5.0,10.0,0.003,30.0,4.457908,44579.08,48.86,74.7558,83.13,11.61,77.32,32.0,101.73,254, , ,,0,0,0,0,0,0,,Granito de Biotita
1874,Point ZM,PBPR-62,5915187,685180,275.0,Granito de Biotita,GB,537.07,0.680538,6805.38,2003.32,0.310293,3102.93,5.0,10.0,0.003,30.0,4.819217,48192.17,70.82,108.3546,100.75,7.96,103.9,104.29,176.99,275, , ,,0,0,0,0,0,0,,Granito de Biotita
1875,Point ZM,PBPR-63,5915363,686266,267.0,Granito de Biotita,GB,264.93,0.448325,4483.25,2151.79,0.160634,1606.34,5.0,10.0,0.003,30.0,3.362035,33620.35,8.01,12.2553,120.5,9.14,83.47,112.71,153.78,, , ,,0,0,0,0,0,0,,Granito de Biotita
1876,Point ZM,PBPR-64,5916123,686573,205.0,Granito de Biotita,GB,593.46,1.093739,10937.39,2300.89,0.13798,1379.8,5.0,10.0,0.003,30.0,2.454987,24549.87,9.91,15.1623,30.0,8.07,25.0,32.0,96.12,, , ,,0,0,0,0,0,0,,Granito de Biotita
1877,Point ZM,PBPR-65,5916870,686078,181.0,Granito de Biotita porfidico,GBP,494.34,1.192398,11923.98,2118.39,0.160976,1609.76,5.0,10.0,0.003,30.0,3.251256,32512.56,19.7,30.141,59.57,10.17,25.0,32.0,114.97,, , ,,0,0,0,0,0,0,,Granito de Biotita Porfidico
1878,Point ZM,PBPR-66,5917147,686406,201.0,Granito de Biotita porfidico,GBP,756.98,0.563141,5631.41,8720.48,0.0005,5.0,5.0,10.0,0.003,30.0,2.307621,23076.21,6.4,9.792,100.24,0.5,89.15,162.95,243.17,, , ,,1,0,0,0,0,0,,Granito de Biotita Porfidico
1879,Point ZM,PBPR-67,5916828,686706,250.0,Granito de Biotita porfidico,GBP,593.09,0.625433,6254.33,1667.08,0.247384,2473.84,5.0,10.0,0.003,30.0,3.709217,37092.17,33.03,50.5359,61.63,7.21,25.0,32.0,45.0,241, , ,,0,0,0,0,0,0,,Granito de Biotita Porfidico
1880,Point ZM,PBPR-68,5916775,687058,289.0,Granito de Biotita,GB,300.76,1.531014,15310.14,976.14,0.0005,5.0,5.0,10.0,0.003,30.0,0.401985,4019.85,2.0,3.06,104.71,11.55,110.36,174.83,224.81,, , ,,0,0,0,0,0,0,,Granito de Biotita
1881,Point ZM,PBPR-69,5916304,687362,296.0,Aplita,AP,162.03,3.833049,38330.49,4313.4,0.0005,5.0,5.0,10.0,0.003,30.0,0.49566,4956.6,2.0,3.06,134.98,0.5,91.09,241.77,284.75,, , ,,1,0,0,0,0,0,,Aplita
1882,Point ZM,PIPR-01,5913957,687239,301.0,Granito de Biotita,GB,358.65,0.592112,5921.12,2034.53,0.250869,2508.69,5.0,10.0,0.003,30.0,5.12615,51261.5,19.55,29.9115,58.77,10.16,25.0,95.94,139.11,, , ,,0,0,0,0,0,0,,Granito de Biotita
1883,Point ZM,PIPR-02,5913305,687498,289.0,Granito de Biotita,GB,377.44,0.449209,4492.09,2223.3,0.269566,2695.66,5.0,10.0,0.003,30.0,5.148401,51484.01,20.68,31.6404,63.67,7.8,25.0,32.0,45.0,, , ,,0,0,0,0,0,0,,Granito de Biotita
1884,Point ZM,PIPR-03,5912800,687700,268.0,Granito de Biotita,GB,465.46,0.751056,7510.56,1906.81,0.271643,2716.43,5.0,10.0,0.003,30.0,4.326341,43263.41,25.64,39.2292,30.0,15.19,25.0,32.0,45.0,, , ,,0,0,0,0,0,0,,Granito de Biotita
1885,Point ZM,PIPR-04,5911045,687427,154.0,Granito de Biotita,GB,359.92,0.826679,8266.79,2684.5,0.237517,2375.17,5.0,10.0,0.003,30.0,4.289912,42899.12,10.82,16.5546,30.0,19.02,25.0,32.0,45.0,, , ,,0,0,0,0,0,0,,Granito de Biotita
1886,Point ZM,PIPR-05,5911719,688156,232.0,Granito de Biotita,GB,347.57,0.847026,8470.26,2229.47,0.273192,2731.92,5.0,10.0,0.003,30.0,4.770446,47704.46,15.09,23.0877,80.92,11.88,64.93,75.44,45.0,, , ,,0,0,0,0,0,0,,Granito de Biotita
1887,Point ZM,PIPR-06,5912452,687897,284.0,Granito de Biotita,GB,397.21,0.557428,5574.28,2115.69,0.267402,2674.02,5.0,10.0,0.003,30.0,4.132388,41323.88,7.69,11.7657,30.0,8.83,25.0,32.0,45.0,, , ,,0,0,0,0,0,0,,Granito de Biotita
1888,Point ZM,PIPR-07,5912595,687360,282.0,Granito de Biotita,GB,589.84,0.67134,6713.4,1985.85,0.312645,3126.45,5.0,10.0,0.003,30.0,4.961795,49617.95,29.24,44.7372,93.88,8.3,71.76,32.0,123.23,, , ,,0,0,0,0,0,0,,Granito de Biotita
1889,Point ZM,PIPR-08,5912899,686849,264.0,Granito de Biotita,GB,438.77,1.08556,10855.6,1801.43,0.176097,1760.97,5.0,10.0,0.003,30.0,3.130838,31308.38,38.3,58.599,30.0,0.5,25.0,32.0,45.0,142, , ,,1,0,0,0,0,0,,Granito de Biotita
1890,Point ZM,CMPR-01,5909013,684531,53.0,Granito de Biotita,GB,464.26,0.625729,6257.29,6682.69,0.207718,2077.18,5.0,10.0,0.003,30.0,3.342973,33429.73,16.25,24.8625,111.49,15.32,81.31,98.95,141.59,, , ,,0,0,0,0,0,0,,Granito de Biotita
1891,Point ZM,CMPR-02,5909207,685006,46.0,Granito de Biotita,GB,383.76,1.434646,14346.46,6639.96,0.0005,5.0,5.0,10.0,0.003,30.0,2.549604,25496.04,19.79,30.2787,380.07,0.5,204.15,291.49,427.64,, , ,,1,0,0,0,0,0,,Granito de Biotita
1892,Point ZM,CMPR-03A,5909720,685199,47.0,Granito de Biotita,GB,499.44,1.450095,14500.95,3376.37,0.181045,1810.45,5.0,10.0,0.003,30.0,2.967197,29671.97,6.7,10.251,125.47,0.5,129.15,166.91,311.59,, , ,,1,0,0,0,0,0,,Granito de Biotita
1893,Point ZM,CMPR-03B,5909720,685199,47.0,Granito de Biotita,GB,281.92,0.682761,6827.61,11615.86,0.376062,3760.62,5.0,10.0,0.003,30.0,5.330242,53302.42,26.97,41.2641,143.7,11.43,134.2,222.55,340.91,, , ,,0,0,0,0,0,0,,Granito de Biotita
1894,Point ZM,CMPR-05,5909545,685796,72.0,Granito de Biotita,GB,526.05,0.501475,5014.75,5041.49,0.243899,2438.99,5.0,10.0,0.003,30.0,4.464986,44649.86,17.59,26.9127,30.0,14.33,25.0,32.0,45.0,, , ,,0,0,0,0,0,0,,Granito de Biotita
1895,Point ZM,CMPR-06,5909924,686457,75.0,Granito de Biotita,GB,441.41,0.758365,7583.65,3031.75,0.234824,2348.24,5.0,10.0,0.003,30.0,3.186089,31860.89,16.4,25.092,168.12,9.37,98.82,189.36,302.45,, , ,,0,0,0,0,0,0,,Granito de Biotita
1896,Point ZM,CMPR-07A,5910271,686862,99.0,Granito de Biotita,GB,462.9,0.615325,6153.25,10258.15,0.269007,2690.07,5.0,10.0,0.003,30.0,3.627284,36272.84,11.93,18.2529,110.29,0.5,25.0,79.81,148.94,, , ,,1,0,0,0,0,0,,Granito de Biotita
1897,Point ZM,CMPR-07B,5910271,686862,99.0,Granito de Biotita,GB,860.54,2.585608,25856.08,19242.19,0.75064,7506.4,5.0,10.0,0.003,30.0,8.145718,81457.18,20.87,31.9311,462.38,0.5,428.03,672.53,1129.58,, , ,,1,0,0,0,0,0,,Granito de Biotita
1898,Point ZM,CMPR-08,5912025,686109,220.0,Granito de Biotita,GB,592.71,0.446902,4469.02,2071.91,0.238566,2385.66,5.0,10.0,0.003,30.0,4.070669,40706.69,3.83,5.8599,132.01,8.51,25.0,97.26,120.24,, , ,,0,0,0,0,0,0,,Granito de Biotita
1899,Point ZM,CMPR-09,5911783,686051,175.0,Granito de Biotita porfidico,GBP,281.25,0.487876,4878.76,2190.6,0.23495,2349.5,5.0,10.0,0.003,30.0,4.700575,47005.75,15.69,24.0057,30.0,11.57,25.0,32.0,45.0,, , ,,0,0,0,0,0,0,,Granito de Biotita Porfidico
1900,Point ZM,CMPR-10,5910759,685728,104.0,Granito de Biotita,GB,546.12,0.913892,9138.92,2563.85,0.168469,1684.69,5.0,10.0,0.003,30.0,3.232224,32322.24,12.29,18.8037,97.94,10.71,87.57,124.75,199.65,, , ,,0,0,0,0,0,0,,Granito de Biotita
1901,Point ZM,CMPR-11A,5910194,685531,88.0,Granito de Biotita porfidico,GBP,528.18,0.826608,8266.08,2687.48,0.0005,5.0,5.0,10.0,0.003,30.0,2.525012,25250.12,15.71,24.0363,30.0,22.35,25.0,32.0,45.0,, , ,,0,0,0,0,0,0,,Granito de Biotita Porfidico
1902,Point ZM,CMPR-11B,5910194,685531,88.0,Granito de Biotita porfidico,GBP,1311.22,0.354793,3547.93,8621.1,0.181672,1816.72,5.0,10.0,0.003,30.0,3.506857,35068.57,21.91,33.5223,187.57,0.5,135.26,252.81,473.7,, , ,,1,0,0,0,0,0,,Granito de Biotita Porfidico
1903,Point ZM,CMPR-12,5910134,684832,72.0,Granito de Biotita porfidico,GBP,645.49,0.419225,4192.25,4822.65,0.176475,1764.75,5.0,10.0,0.003,30.0,4.223322,42233.22,17.79,27.2187,85.01,10.82,25.0,32.0,45.0,, , ,,0,0,0,0,0,0,,Granito de Biotita Porfidico
1904,Point ZM,CMPR-13,5910873,684154,113.0,Granito de Biotita porfidico,GBP,630.77,0.64857,6485.7,6604.27,0.196415,1964.15,5.0,10.0,0.003,30.0,3.310026,33100.26,10.95,16.7535,115.04,0.5,61.98,32.0,134.62,, , ,,1,0,0,0,0,0,,Granito de Biotita Porfidico
1905,Point ZM,CMPR-14,5911670,684641,151.0,Granito de Biotita,GB,462.9,0.730944,7309.44,2772.45,0.130296,1302.96,5.0,10.0,0.003,30.0,3.0598,30598.0,10.54,16.1262,117.16,9.31,67.22,100.16,140.97,, , ,,0,0,0,0,0,0,,Granito de Biotita
1906,Point ZM,CMPR-15,5912615,684964,174.0,Granito de Biotita,GB,371.98,0.957458,9574.58,2528.88,0.176429,1764.29,5.0,10.0,0.003,30.0,3.054379,30543.79,8.07,12.3471,107.97,30.47,96.85,98.41,166.6,, , ,,0,0,0,0,0,0,,Granito de Biotita
1907,Point ZM,CMPR-16,5913301,685092,175.0,Granito de Biotita,GB,198.64,2.206508,22065.08,18381.53,0.256831,2568.31,5.0,10.0,0.003,30.0,0.397887,3978.87,2.0,3.06,185.58,7.92,204.94,287.54,418.4,, , ,,0,0,0,0,0,0,,Granito de Biotita
1908,Point ZM,CMPR-17,5913548,685167,188.0,Granito de Biotita,GB,454.11,0.606136,6061.36,1995.28,0.227716,2277.16,5.0,10.0,0.003,30.0,3.659591,36595.91,28.66,43.8498,89.16,13.16,82.18,73.66,176.21,, , ,,0,0,0,0,0,0,,Granito de Biotita
1909,Point ZM,CMPR-18,5913073,685383,194.0,Granito de Biotita porfidico,GBP,776.34,0.448372,4483.72,1854.6,0.219951,2199.51,5.0,10.0,0.003,30.0,4.33477,43347.7,28.13,43.0389,30.0,18.23,25.0,32.0,45.0,, , ,,0,0,0,0,0,0,,Granito de Biotita Porfidico
1910,Point ZM,CMPR-19,5913749,684897,223.0,Granodiorita,GRD,565.63,2.494254,24942.54,6966.08,0.0005,5.0,5.0,10.0,0.003,30.0,0.474115,4741.15,2.0,3.06,169.08,0.5,121.42,232.73,283.91,, , ,,1,0,0,0,0,0,,Granodiorita
1911,Point ZM,CMPR-20,5914100,684340,263.0,Granito de Biotita,GB,30.0,0.789758,7897.58,1975.81,0.331856,3318.56,5.0,10.0,0.003,30.0,4.886032,48860.32,39.11,59.8383,86.88,13.07,71.15,32.0,110.39,162, , ,,0,0,0,0,0,0,,Granito de Biotita
1912,Point ZM,CMPR-21,5913933,686493,299.0,Granito de Biotita,GB,439.0,0.619253,6192.53,2255.76,0.292224,2922.24,5.0,10.0,0.003,30.0,4.328994,43289.94,18.2,27.846,30.0,0.5,25.0,32.0,45.0,, , ,,1,0,0,0,0,0,,Granito de Biotita
1913,Point ZM,CHPR-22,5918394,687232,221.0,Granito de Biotita,GB,499.28,0.422153,4221.53,2076.81,0.204686,2046.86,5.0,10.0,0.003,30.0,3.324258,33242.58,24.12,36.9036,68.92,10.37,25.0,32.0,45.0,27, , ,,0,0,0,0,0,0,,Granito de Biotita
1914,Point ZM,CHPR-23,5918077,687321,250.0,Granito de Biotita,GB,504.77,0.441848,4418.48,2003.25,0.269836,2698.36,5.0,10.0,0.003,30.0,5.067754,50677.54,16.14,24.6942,68.77,0.5,25.0,91.64,148.65,147, , ,,1,0,0,0,0,0,,Granito de Biotita
1915,Point ZM,CHPR-24,5917882,687238,265.0,Granito de Biotita,GB,629.79,0.466445,4664.45,1773.11,0.372607,3726.07,5.0,10.0,0.003,30.0,5.915923,59159.23,14.19,21.7107,85.83,7.8,25.0,97.61,114.19,325, , ,,0,0,0,0,0,0,,Granito de Biotita
1916,Point ZM,CHPR-25,5917115,687113,261.0,Granito de Biotita,GB,381.32,0.360959,3609.59,9715.93,0.0005,5.0,5.0,10.0,0.003,30.0,0.967803,9678.03,2.0,3.06,145.49,0.5,118.26,227.05,321.66,, , ,,1,0,0,0,0,0,,Granito de Biotita
1917,Point ZM,CHPR-26,5918715,688655,172.0,Granito de Biotita,GB,347.62,0.585586,5855.86,2336.66,0.236569,2365.69,5.0,10.0,0.003,30.0,4.083982,40839.82,7.18,10.9854,73.73,10.67,25.0,32.0,45.0,, , ,,0,0,0,0,0,0,,Granito de Biotita
1918,Point ZM,CHPR-27,5918073,688804,221.0,Granito de Biotita,GB,560.65,0.380797,3807.97,2183.74,0.331584,3315.84,5.0,10.0,0.003,30.0,7.365103,73651.03,10.81,16.5393,79.75,10.42,72.7,142.92,155.57,, , ,,0,0,0,0,0,0,,Granito de Biotita
1919,Point ZM,CHPR-28,5917860,688789,247.0,Granito de Biotita,GB,487.82,0.640856,6408.56,2169.74,0.458085,4580.85,5.0,10.0,0.003,30.0,6.570806,65708.06,27.36,41.8608,104.34,15.09,25.0,96.16,183.36,, , ,,0,0,0,0,0,0,,Granito de Biotita
1920,Point ZM,CHPR-29,5917618,688697,273.0,Granito de Biotita,GB,367.22,0.991737,9917.37,2003.45,0.21715,2171.5,5.0,10.0,0.003,30.0,3.641252,36412.52,48.43,74.0979,121.3,9.85,99.65,112.49,193.79,244, , ,,0,0,0,0,0,0,,Granito de Biotita
1921,Point ZM,CHPR-30,5916944,688476,310.0,Granito de Biotita,GB,594.03,0.471595,4715.95,2140.81,0.2507,2507.0,5.0,10.0,0.003,30.0,4.281297,42812.97,16.01,24.4953,82.35,9.5,25.0,32.0,45.0,, , ,,0,0,0,0,0,0,,Granito de Biotita
1922,Point ZM,CHPR-31,5915410,688584,294.0,Granito de Biotita,GB,395.66,0.346927,3469.27,2369.03,0.239755,2397.55,5.0,10.0,0.003,30.0,3.976928,39769.28,21.65,33.1245,83.23,7.85,25.0,32.0,114.52,, , ,,0,0,0,0,0,0,,Granito de Biotita
1923,Point ZM,CHPR-32,5914766,688728,273.0,Granito de Biotita,GB,521.08,0.425526,4255.26,2165.6,0.278282,2782.82,5.0,10.0,0.003,30.0,4.725082,47250.82,7.59,11.6127,83.83,0.5,25.0,90.88,125.79,, , ,,1,0,0,0,0,0,,Granito de Biotita
1924,Point ZM,CHPR-33,5914497,687647,320.0,Granito de Biotita,GB,446.64,0.420124,4201.24,2272.92,0.202769,2027.69,5.0,10.0,0.003,30.0,3.058773,30587.73,38.86,59.4558,58.9,18.17,25.0,32.0,104.51,, , ,,0,0,0,0,0,0,,Granito de Biotita
1925,Point ZM,CHPR-34,5914944,687769,328.0,Granito de Biotita,GB,537.08,0.689937,6899.37,1748.96,0.257123,2571.23,5.0,10.0,0.003,30.0,4.437183,44371.83,43.01,65.8053,71.74,13.96,25.0,32.0,45.0,114, , ,,0,0,0,0,0,0,,Granito de Biotita
1926,Point ZM,CHPR-35,5916260,688571,290.0,Granito de Biotita porfidico,GBP,220.48,0.879281,8792.81,18527.34,0.0005,5.0,5.0,10.0,0.003,30.0,2.969083,29690.83,19.26,29.4678,291.89,0.5,162.51,233.9,451.96,, , ,,1,0,0,0,0,0,,Granito de Biotita Porfidico
1927,Point ZM,CHPR-36,5918540,690175,100.0,Granito fino,GRF,514.1,0.758012,7580.12,2816.6,0.204658,2046.58,5.0,10.0,0.003,30.0,3.592835,35928.35,31.48,48.1644,30.0,0.5,25.0,32.0,45.0,, , ,,1,0,0,0,0,0,,Granito Fino
1928,Point ZM,CHPR-37,5919139,688922,73.0,Granito de Biotita,GB,537.89,0.532587,5325.87,3096.6,0.0005,5.0,5.0,10.0,0.003,30.0,3.81924,38192.4,14.89,22.7817,60.55,0.5,25.0,79.25,45.0,, , ,,1,0,0,0,0,0,,Granito de Biotita
1929,Point ZM,CHPR-38,5919102,690685,104.0,Leucogranito,AP,30.0,4.039702,40397.02,4412.58,0.0005,5.0,5.0,10.0,0.003,30.0,1.23921,12392.1,2.0,3.06,175.64,0.5,167.86,290.9,446.45,, , ,,1,0,0,0,0,0,,Leucogranito
1930,Point ZM,CHPR-39,5919094,690713,105.0,Leucogranito,LG,636.27,0.641885,6418.85,13687.91,0.249176,2491.76,5.0,10.0,0.003,30.0,4.221425,42214.25,14.45,22.1085,140.03,22.24,121.91,173.23,296.68,, , ,,0,0,0,0,0,0,,Leucogranito
1931,Point ZM,CHPR-40,5920752,691064,276.0,Granito de Biotita,GB,601.77,0.83795,8379.5,2523.49,0.275005,2750.05,5.0,10.0,0.172,1720.29,4.805523,48055.23,19.96,30.5388,82.77,0.5,25.0,75.44,140.88,, , ,,1,0,0,0,0,0,,Granito de Biotita
1932,Point ZM,CHPR-41,5921197,690733,255.0,Granito de Biotita,GB,420.02,0.455404,4554.04,2492.54,0.393984,3939.84,5.0,10.0,0.003,30.0,6.65657,66565.7,37.82,57.8646,73.63,9.21,64.18,32.0,126.84,83, , ,,0,0,0,0,0,0,,Granito de Biotita
1933,Point ZM,CHPR-42,5920928,691531,304.0,Granito de Biotita,GB,597.89,0.681323,6813.23,2267.62,0.324437,3244.37,5.0,10.0,0.003,30.0,4.900368,49003.68,32.63,49.9239,77.31,0.5,56.98,32.0,119.9,92, , ,,1,0,0,0,0,0,,Granito de Biotita
1934,Point ZM,CHPR-43,5922264,692539,248.0,Granito de Biotita,GB,483.01,0.424667,4246.67,2347.88,0.285904,2859.04,5.0,10.0,0.003,30.0,4.733217,47332.17,10.98,16.7994,116.85,0.5,81.31,100.83,210.35,, , ,,1,0,0,0,0,0,,Granito de Biotita
1935,Point ZM,CHPR-44,5923106,692388,210.0,Granito de Biotita,GB,754.97,0.854638,8546.38,2453.3,0.0005,5.0,5.0,10.0,0.003,30.0,2.536785,25367.85,6.38,9.7614,103.45,10.94,66.72,104.3,165.17,, , ,,0,0,0,0,0,0,,Granito de Biotita
1936,Point ZM,CHPR-45,5921154,692599,301.0,Granito de Biotita porfidico,GBP,785.63,0.579834,5798.34,2672.2,0.0005,5.0,5.0,10.0,0.003,30.0,2.511096,25110.96,11.78,18.0234,30.0,8.21,62.68,113.27,136.05,, , ,,0,0,0,0,0,0,,Granito de Biotita Porfidico
1937,Point ZM,CHPR-46,5921167,692618,298.0,Granito fino,GRD,743.58,0.64921,6492.1,2615.21,0.0005,5.0,5.0,10.0,0.003,30.0,2.665818,26658.18,25.82,39.5046,87.13,17.17,25.0,32.0,45.0,, , ,,0,0,0,0,0,0,,Granito Fino
1938,Point ZM,CHPR-47,5921147,693783,241.0,Granito de Biotita,GB,747.28,0.484565,4845.65,2620.08,0.197084,1970.84,5.0,10.0,0.003,30.0,4.195449,41954.49,9.77,14.9481,84.28,22.5,72.36,32.0,176.07,, , ,,0,0,0,0,0,0,,Granito de Biotita
1939,Point ZM,CHPR-48,5920366,689972,227.0,Granito de Biotita,GB,474.11,0.269344,2693.44,2646.92,0.271594,2715.94,5.0,10.0,0.003,30.0,6.410526,64105.26,15.79,24.1587,188.13,0.5,203.87,277.08,466.92,, , ,,1,0,0,0,0,0,,Granito de Biotita
1940,Point ZM,CHPR-49,5920161,689862,212.0,Granito de Biotita,GB,532.17,0.393087,3930.87,3163.22,0.361424,3614.24,5.0,10.0,0.003,30.0,6.573627,65736.27,17.22,26.3466,103.31,7.72,25.0,121.49,171.28,, , ,,0,0,0,0,0,0,,Granito de Biotita
1941,Point ZM,CHPR-50,5920997,689456,152.0,Granito de Biotita,GB,630.86,0.878434,8784.34,1954.36,0.299678,2996.78,5.0,10.0,0.003,30.0,6.038284,60382.84,26.7,40.851,30.0,12.07,25.0,32.0,110.54,71, , ,,0,0,0,0,0,0,,Granito de Biotita
1942,Point ZM,CHPR-51,5918296,690773,71.0,Granito de Biotita,GB,394.86,0.356017,3560.17,4259.7,0.382084,3820.84,5.0,10.0,0.003,30.0,6.971207,69712.07,18.66,28.5498,110.2,8.26,113.5,182.04,228.17,, , ,,0,0,0,0,0,0,,Granito de Biotita
1943,Point ZM,CHPR-52,5918350,691471,93.0,Granito de Biotita,GB,370.97,1.060971,10609.71,4102.42,0.0005,5.0,5.0,10.0,0.003,30.0,1.641213,16412.13,7.34,11.2302,68.64,0.5,25.0,68.48,96.88,, , ,,1,0,0,0,0,0,,Granito de Biotita
1944,Point ZM,CHPR-53A,5917456,691852,136.0,Granodiorita,GRD,503.32,1.134695,11346.95,2616.66,0.0005,5.0,5.0,152.27,0.003,30.0,1.7586,17586.0,8.49,12.9897,59.16,12.07,25.0,32.0,45.0,, , ,,0,0,0,0,0,0,,Granodiorita
1945,Point ZM,CHPR-53B,5917456,691852,136.0,Granodiorita,GRD,739.03,1.203869,12038.69,4283.14,0.0005,5.0,5.0,10.0,0.003,30.0,0.71168,7116.8,10.0,15.3,285.67,15.08,217.81,216.79,337.46,, , ,,0,0,0,0,0,0,,Granodiorita
1946,Point ZM,CHPR-54,5916998,692636,154.0,Granito de Biotita,GB,595.64,0.5162,5162.0,6632.02,0.210764,2107.64,5.0,10.0,0.003,30.0,4.731254,47312.54,20.52,31.3956,61.07,22.74,25.0,74.01,104.88,, , ,,0,0,0,0,0,0,,Granito de Biotita
1947,Point ZM,CHPR-55,5916822,692899,193.0,Granito de Biotita,GB,547.43,0.840916,8409.16,3044.57,0.21503,2150.3,5.0,10.0,0.003,30.0,4.857849,48578.49,21.82,33.3846,30.0,21.45,25.0,32.0,45.0,, , ,,0,0,0,0,0,0,,Granito de Biotita
1948,Point ZM,CHPR-56,5916109,693107,187.0,Granodiorita,GRD,490.2,0.661855,6618.55,3539.71,0.160262,1602.62,5.0,10.0,0.003,30.0,1.588695,15886.95,4.42,6.7626,30.0,15.43,25.0,32.0,45.0,, , ,,0,0,0,0,0,0,,Granodiorita
1949,Point ZM,CHPR-57,5915879,693012,203.0,Granito de Biotita,GB,284.67,1.252229,12522.29,2622.56,0.0005,5.0,5.0,10.0,0.3458,3458.96,4.282454,42824.54,11.98,18.3294,190.27,0.5,137.21,255.79,407.4,, , ,,1,0,0,0,0,0,,Granito de Biotita
1950,Point ZM,CHPR-58,5915690,693035,208.0,Granito de Biotita,GB,435.85,0.964761,9647.61,2777.13,0.217655,2176.55,5.0,10.0,0.003,30.0,4.594479,45944.79,10.61,16.2333,30.0,25.08,25.0,32.0,45.0,, , ,,0,0,0,0,0,0,,Granito de Biotita
1951,Point ZM,CHPR-59,5916335,693848,274.0,Granito de Biotita,GB,494.93,0.528813,5288.13,2059.31,0.26712,2671.2,5.0,10.0,0.003,30.0,4.100026,41000.26,10.73,16.4169,100.36,12.02,25.0,107.77,160.84,, , ,,0,0,0,0,0,0,,Granito de Biotita
1952,Point ZM,CHPR-60,5915476,694435,237.0,Granito de Biotita,GB,493.27,0.746992,7469.92,2600.51,0.253006,2530.06,5.0,10.0,0.003,30.0,4.624449,46244.49,25.23,38.6019,66.59,15.13,25.0,32.0,45.0,, , ,,0,0,0,0,0,0,,Granito de Biotita
1953,Point ZM,CHPR-61,5918583,690154,109.0,Granito fino,GRF,664.26,1.248812,12488.12,2207.8,0.0005,5.0,5.0,10.0,0.003,30.0,2.61014,26101.4,10.33,15.8049,99.69,26.14,77.4,85.29,132.0,, , ,,0,0,0,0,0,0,,Granito Fino
1954,Point ZM,CHPR-62,5918132,690376,177.0,Granito fino,GRF,555.98,1.729752,17297.52,2516.84,0.0005,5.0,5.0,178.64,0.003,30.0,0.979601,9796.01,7.05,10.7865,205.3,11.99,149.22,213.15,330.34,, , ,,0,0,0,0,0,0,,Granito Fino
1955,Point ZM,CHPR-63A,5917888,690452,166.0,Granito fino,GRF,545.16,0.987973,9879.73,1838.43,0.0005,5.0,5.0,10.0,0.003,30.0,1.695028,16950.28,4.66,7.1298,97.23,12.18,81.77,109.26,104.51,, , ,,0,0,0,0,0,0,,Granito Fino
1956,Point ZM,CHPR-63B,5917888,690452,166.0,Granito fino,GRF,797.21,1.268269,12682.69,5682.14,0.0005,5.0,5.0,10.0,0.003,30.0,1.801573,18015.73,2.0,3.06,181.8,14.52,153.78,253.42,408.67,, , ,,0,0,0,0,0,0,,Granito Fino
1957,Point ZM,CHPR-64,5915892,691059,249.0,Granito fino,GRF,390.33,0.70738,7073.8,2240.13,0.0005,5.0,5.0,10.0,0.003,30.0,3.694696,36946.96,7.36,11.2608,94.41,11.22,25.0,32.0,45.0,, , ,,0,0,0,0,0,0,,Granito Fino
1958,Point ZM,CHPR-65,5915841,691064,256.0,Granito de Biotita,GB,558.04,0.557258,5572.58,6942.32,0.0005,5.0,5.0,10.0,0.003,30.0,1.52073,15207.3,5.31,8.1243,159.6,9.04,138.9,209.45,365.27,, , ,,0,0,0,0,0,0,,Granito de Biotita
1959,Point ZM,CHPR-66,5915580,691304,258.0,Granito de Biotita,GB,406.27,0.849641,8496.41,1980.01,0.18037,1803.7,5.0,10.0,0.003,30.0,3.048205,30482.05,21.78,33.3234,63.08,7.86,25.0,32.0,45.0,, , ,,0,0,0,0,0,0,,Granito de Biotita
1960,Point ZM,CHPR-67,5914952,691359,280.0,Granito de Biotita,GB,653.45,1.010774,10107.74,1989.63,0.0005,5.0,5.0,10.0,0.003,30.0,1.983395,19833.95,11.89,18.1917,66.78,13.65,25.0,32.0,45.0,, , ,,0,0,0,0,0,0,,Granito de Biotita
1961,Point ZM,CHPR-68A,5914461,691935,300.0,Granito de Biotita porfidico,GBP,661.8,0.298474,2984.74,3932.95,0.0005,5.0,5.0,10.0,0.003,30.0,2.392221,23922.21,9.07,13.8771,95.87,11.75,25.0,32.0,45.0,, , ,,0,0,0,0,0,0,,Granito de Biotita Porfidico
1962,Point ZM,CHPR-68B,5914461,691935,300.0,Granito de Biotita porfidico,GBP,756.56,0.436084,4360.84,9338.65,0.113807,1138.07,5.0,10.0,0.003,30.0,2.299445,22994.45,8.27,12.6531,135.79,12.37,113.83,174.23,281.16,, , ,,0,0,0,0,0,0,,Granito de Biotita Porfidico
1963,Point ZM,CHPR-69,5914145,692211,270.0,Granito de Biotita,GB,811.65,0.927544,9275.44,2287.54,0.171904,1719.04,5.0,10.0,0.003,30.0,3.22499,32249.9,3.54,5.4162,30.0,15.36,25.0,32.0,45.0,, , ,,0,0,0,0,0,0,,Granito de Biotita
1964,Point ZM,PIPR-09,5913774,692731,262.0,Granito de Biotita,GB,640.19,0.525335,5253.35,1661.69,0.158971,1589.71,5.0,10.0,0.003,30.0,2.613375,26133.75,7.79,11.9187,30.0,14.71,25.0,32.0,45.0,, , ,,0,0,0,0,0,0,,Granito de Biotita
1965,Point ZM,PIPR-10,5913135,693722,281.0,Granito de Biotita,GB,594.06,0.829317,8293.17,1813.26,0.0005,5.0,5.0,10.0,0.003,30.0,2.435976,24359.76,8.4,12.852,30.0,8.4,25.0,32.0,45.0,, , ,,0,0,0,0,0,0,,Granito de Biotita
1966,Point ZM,PIPR-11,5913577,694896,225.0,Granito de Biotita,GB,634.6,0.693137,6931.37,2731.0,0.17512,1751.2,5.0,10.0,0.003,30.0,3.641325,36413.25,23.56,36.0468,69.8,12.65,25.0,32.0,45.0,, , ,,0,0,0,0,0,0,,Granito de Biotita
1967,Point ZM,PIPR-12,5913124,693613,273.0,Granito de Biotita,GB,628.18,1.406976,14069.76,3055.45,0.0005,5.0,5.0,10.0,0.003,30.0,1.731735,17317.35,9.9,15.147,30.0,20.14,25.0,91.25,154.56,, , ,,0,0,0,0,0,0,,Granito de Biotita
1968,Point ZM,PIPR-13,5912214,692445,247.0,Granito de Biotita,GB,637.92,0.606385,6063.85,2139.21,0.233908,2339.08,5.0,10.0,0.003,30.0,4.017681,40176.81,8.74,13.3722,64.55,16.31,25.0,32.0,45.0,, , ,,0,0,0,0,0,0,,Granito de Biotita
1969,Point ZM,PIPR-14,5910984,692801,282.0,Granito fino,GRF,670.59,0.60485,6048.5,2355.14,0.0005,5.0,5.0,10.0,0.003,30.0,2.413941,24139.41,15.2,23.256,30.0,7.57,25.0,32.0,45.0,, , ,,0,0,0,0,0,0,,Granito Fino
1970,Point ZM,PIPR-15,5909887,692961,291.0,Granito fino,GRF,790.66,0.981896,9818.96,2245.37,0.0005,5.0,5.0,10.0,0.003,30.0,1.981065,19810.65,7.58,11.5974,30.0,11.89,25.0,32.0,45.0,, , ,,0,0,0,0,0,0,,Granito Fino
1971,Point ZM,PIPR-16,5910284,692955,277.0,Granito fino,GRF,605.0,0.773896,7738.96,2218.82,0.0005,5.0,5.0,10.0,0.003,30.0,1.925776,19257.76,10.74,16.4322,30.0,10.85,25.0,32.0,45.0,, , ,,0,0,0,0,0,0,,Granito Fino
1972,Point ZM,PIPR-17,5910537,692572,245.0,Granito fino,GRF,303.91,0.524343,5243.43,2902.87,0.281331,2813.31,5.0,10.0,0.003,30.0,5.039039,50390.39,24.67,37.7451,103.25,8.78,25.0,81.62,121.99,, , ,,0,0,0,0,0,0,,Granito Fino
1973,Point ZM,PIPR-18,5913467,691981,199.0,Granito de Biotita,GB,588.15,0.407274,4072.74,2612.85,0.258711,2587.11,5.0,10.0,0.003,30.0,4.77049,47704.9,25.53,39.0609,75.26,8.49,63.1,32.0,148.04,, , ,,0,0,0,0,0,0,,Granito de Biotita
1974,Point ZM,PIPR-19A,5913595,691138,258.0,Granito de Biotita,GB,806.89,1.114279,11142.79,1871.19,0.410136,4101.36,5.0,10.0,0.003,30.0,7.639203,76392.03,39.54,60.4962,104.71,20.37,25.0,83.75,142.15,95, , ,,0,0,0,0,0,0,,Granito de Biotita
1975,Point ZM,PIPR-19B,5913595,691138,258.0,Granito fino,GRF,613.67,1.794769,17947.69,1857.02,0.0005,5.0,5.0,10.0,0.003,30.0,1.263132,12631.32,16.44,25.1532,70.92,10.66,25.0,32.0,104.69,, , ,,0,0,0,0,0,0,,Granito Fino
1976,Point ZM,PIPR-20,5913321,690739,267.0,Granito fino,GRF,585.78,1.280813,12808.13,1934.66,0.0005,5.0,5.0,10.0,0.003,30.0,1.140779,11407.79,10.31,15.7743,30.0,0.5,25.0,32.0,95.29,, , ,,1,0,0,0,0,0,,Granito Fino
1977,Point ZM,PIPR-21,5912085,689860,210.0,Granito fino,GRF,30.0,1.644611,16446.11,372.96,0.167369,1673.69,5.0,10.0,0.003,30.0,1.68959,16895.9,9.05,13.8465,153.71,13.75,97.0,154.12,257.13,, , ,,0,0,0,0,0,0,,Granito Fino
1978,Point ZM,PIPR-22,5912172,690383,181.0,Granito fino,GRF,635.08,1.277023,12770.23,3063.46,0.0005,5.0,5.0,10.0,0.003,30.0,2.22814,22281.4,9.05,13.8465,94.07,11.95,25.0,78.85,156.96,, , ,,0,0,0,0,0,0,,Granito Fino
1979,Point ZM,PIPR-23,5910518,688734,238.0,Granito de Biotita,GB,648.02,0.516849,5168.49,1832.8,0.221384,2213.84,5.0,10.0,0.003,30.0,4.451941,44519.41,12.7,19.431,120.55,12.13,60.14,90.27,162.13,, , ,,0,0,0,0,0,0,,Granito de Biotita
1980,Point ZM,PIPR-24,5909290,688032,208.0,Granito de Biotita,GB,752.34,1.846456,18464.56,2276.15,0.0005,5.0,5.0,10.0,0.003,30.0,1.936108,19361.08,5.28,8.0784,30.0,14.5,25.0,32.0,45.0,, , ,,0,0,0,0,0,0,,Granito de Biotita
1981,Point ZM,PIPR-25,5909299,688006,215.0,Granito de Biotita,GB,790.77,0.709383,7093.83,9763.58,0.207343,2073.43,5.0,10.0,0.003,30.0,3.708212,37082.12,22.33,34.1649,99.65,9.79,61.39,123.44,171.47,, , ,,0,0,0,0,0,0,,Granito de Biotita
1982,Point ZM,PIPR-26,5909966,689342,252.0,Granito de Biotita,GB,693.06,1.186982,11869.82,2117.25,0.26345,2634.5,5.0,10.0,0.003,30.0,4.407105,44071.05,18.11,27.7083,125.42,10.92,72.34,32.0,131.82,, , ,,0,0,0,0,0,0,,Granito de Biotita
1983,Point ZM,PIPR-27,5909153,690123,284.0,Granito de Biotita,GB,629.56,0.756284,7562.84,2168.91,0.246238,2462.38,5.0,10.0,0.003,30.0,4.898457,48984.57,37.18,56.8854,30.0,17.07,25.0,32.0,45.0,151, , ,,0,0,0,0,0,0,,Granito de Biotita
1984,Point ZM,PIPR-28,5908222,690794,315.0,Granito de Biotita,GB,538.18,0.464783,4647.83,2256.57,0.289484,2894.84,5.0,10.0,0.003,30.0,5.324921,53249.21,26.14,39.9942,117.83,12.2,66.8,106.84,172.61,, , ,,0,0,0,0,0,0,,Granito de Biotita
1985,Point ZM,PIPR-29,5907982,689625,258.0,Granito de Biotita,GB,591.36,0.886479,8864.79,2173.11,0.311186,3111.86,5.0,10.0,0.003,30.0,4.970864,49708.64,31.16,47.6748,125.55,15.75,97.3,130.07,220.85,, , ,,0,0,0,0,0,0,,Granito de Biotita
1986,Point ZM,PIPR-30,5907547,688917,227.0,Granito de Biotita,GB,1137.19,0.405255,4052.55,2378.91,0.0005,5.0,5.0,10.0,0.003,30.0,3.761676,37616.76,5.37,8.2161,209.69,12.54,105.34,158.4,296.13,, , ,,0,0,0,0,0,0,,Granito de Biotita
1987,Point ZM,PIPR-31,5907488,686620,173.0,Granito de Biotita,GB,814.81,0.868016,8680.16,2496.31,0.0005,5.0,5.0,10.0,0.003,30.0,3.254813,32548.13,4.14,6.3342,76.83,7.58,25.0,32.0,45.0,, , ,,0,0,0,0,0,0,,Granito de Biotita
1988,Point ZM,CMPR-22,5908746,686703,118.0,Granito de Biotita,GB,687.14,0.743794,7437.94,2367.65,0.16458,1645.8,5.0,10.0,0.003,30.0,3.255946,32559.46,10.57,16.1721,30.0,0.5,25.0,32.0,45.0,, , ,,1,0,0,0,0,0,,Granito de Biotita
1989,Point ZM,CMPR-23,5908014,685508,131.0,Granito de Biotita,GB,700.64,1.597107,15971.07,2584.69,0.332843,3328.43,5.0,10.0,0.003,30.0,5.550105,55501.05,42.73,65.3769,126.77,13.85,83.34,137.43,157.18,, , ,,0,0,0,0,0,0,,Granito de Biotita
1990,Point ZM,CMPR-24,5908533,685020,93.0,Granito de Biotita,GB,803.25,1.479851,14798.51,2335.58,0.0005,5.0,5.0,10.0,0.003,30.0,2.463909,24639.09,47.03,71.9559,93.78,10.42,70.27,32.0,110.48,, , ,,0,0,0,0,0,0,,Granito de Biotita
1991,Point ZM,CMPR-25,5908448,684279,68.0,Granito de Biotita,GB,614.65,0.597159,5971.59,2216.59,0.148259,1482.59,5.0,10.0,0.003,30.0,3.056729,30567.29,4.88,7.4664,107.01,14.74,25.0,32.0,45.0,, , ,,0,0,0,0,0,0,,Granito de Biotita
1992,Point ZM,CMPR-26,5907549,685222,81.0,Granito de Biotita porfidico,GBP,759.43,0.786605,7866.05,2385.15,0.244427,2444.27,5.0,10.0,0.003,30.0,4.629298,46292.98,23.02,35.2206,83.91,14.4,56.79,121.4,160.97,, , ,,0,0,0,0,0,0,,Granito de Biotita Porfidico
1993,Point ZM,LPPR-55,5931852,684886,396.0,Granito de granate,GG,469.4,0.246428,2464.28,2386.44,0.199376,1993.76,5.0,10.0,0.003,30.0,8.305889,83058.89,67.61,103.4433,348.7,55.4,252.08,324.48,533.49,28, , ,,0,0,0,0,0,0,,Granito de Granate
1994,Point ZM,PIPR-32,5907245,691637,230.0,Granito de Biotita,GB,634.32,0.681961,6819.61,2146.77,0.0005,5.0,5.0,10.0,0.003,30.0,3.233185,32331.85,38.09,58.2777,129.26,12.41,60.32,76.58,125.88,102, , ,,0,0,0,0,0,0,,Granito de Biotita
1995,Point ZM,PIPR-33,5907469,693368,173.0,Granito de Biotita,GB,580.34,0.837809,8378.09,2294.95,0.145537,1455.37,5.0,10.0,0.003,30.0,3.524623,35246.23,36.85,56.3805,30.0,10.2,25.0,32.0,45.0,157, , ,,0,0,0,0,0,0,,Granito de Biotita
1996,Point ZM,PIPR-34,5908727,693622,175.0,Granito de Biotita,GB,684.37,0.73045,7304.5,2552.45,0.145053,1450.53,5.0,10.0,0.003,30.0,3.103605,31036.05,13.51,20.6703,30.0,9.62,25.0,95.49,115.23,, , ,,0,0,0,0,0,0,,Granito de Biotita
1997,Point ZM,PIPR-35,5908971,691307,287.0,Granito de Biotita,GB,601.66,0.500543,5005.43,2101.1,0.289076,2890.76,5.0,10.0,0.003,30.0,4.517847,45178.47,23.3,35.649,91.45,0.5,65.14,71.34,45.0,, , ,,1,0,0,0,0,0,,Granito de Biotita
1998,Point ZM,PIPR-36,5909301,691682,213.0,Aplita,AP,838.9,0.798242,7982.42,3659.59,0.0005,5.0,5.0,10.0,0.003,30.0,1.788497,17884.97,6.64,10.1592,126.37,7.69,90.27,171.61,285.33,, , ,,0,0,0,0,0,0,,Aplita
1999,Point ZM,CMPR-27a,5911134,683635,135.0,Granito de Biotita,GB,641.79,0.798763,7987.63,4519.28,0.342707,3427.07,5.0,10.0,0.003,30.0,4.939359,49393.59,15.84,24.2352,135.48,0.5,73.94,32.0,149.12,, , ,,1,0,0,0,0,0,,Granito de Biotita
2000,Point ZM,CMPR-27b,5911134,683635,135.0,Aplita,AP,719.98,1.945066,19450.66,4070.69,0.0005,5.0,5.0,10.0,0.003,30.0,1.146149,11461.49,2.0,3.06,160.45,0.5,185.59,315.59,498.26,, , ,,1,0,0,0,0,0,,Aplita
2001,Point ZM,CMPR-27C,5911134,683635,135.0,Aplopegmatita,APE,411.76,1.697988,16979.88,6396.89,0.0005,5.0,5.0,10.0,0.003,30.0,0.622736,6227.36,2.0,3.06,118.78,0.5,129.74,256.69,312.41,, , ,,1,0,0,0,0,0,,Aplopegmatita
2002,Point ZM,CMPR-28a,5910713,683269,145.0,Granito de Biotita,GB,648.57,0.653501,6535.01,7973.16,0.201064,2010.64,5.0,10.0,0.003,30.0,4.020766,40207.66,32.37,49.5261,99.88,10.83,72.76,78.53,183.14,38, , ,,0,0,0,0,0,0,,Granito de Biotita
2003,Point ZM,CMPR-28b,5910713,683269,145.0,Pegmatita,PG,909.24,4.175431,41754.31,2840.47,0.0005,5.0,5.0,10.0,0.003,30.0,0.282291,2822.91,2.0,3.06,126.29,0.5,159.78,233.57,403.59,, , ,,1,0,0,0,0,0,,Pegmatita
2004,Point ZM,CMPR-29a,5910412,683059,189.0,Granito de Biotita,GB,466.11,0.389145,3891.45,1774.69,0.255128,2551.28,5.0,10.0,0.003,30.0,3.61058,36105.8,27.43,41.9679,30.0,0.5,25.0,32.0,45.0,, , ,,1,0,0,0,0,0,,Granito de Biotita
2005,Point ZM,CMPR-29B,5910412,683059,189.0,Metapelita,MP,634.08,0.447617,4476.17,1884.76,0.20457,2045.7,5.0,10.0,0.003,30.0,3.087497,30874.97,17.26,26.4078,119.81,14.66,97.33,138.5,212.78,, , ,,0,0,0,0,0,0,,Metapelita
2006,Point ZM,CMPR-30,5908447,682087,52.0,Granito de Biotita,GB,631.67,1.002502,10025.02,4600.36,0.0005,5.0,5.0,10.0,0.003,30.0,3.612988,36129.88,23.61,36.1233,138.63,9.89,91.64,151.1,234.8,, , ,,0,0,0,0,0,0,,Granito de Biotita
2007,Point ZM,CMPR-31,5907090,681626,30.0,Metapelita,MP,1626.57,1.321459,13214.59,4240.38,0.0005,5.0,5.0,10.0,0.003,30.0,2.764417,27644.17,12.27,18.7731,191.45,10.44,168.44,276.0,390.69,, , ,,0,0,0,0,0,0,,Metapelita
2008,Point ZM,CMPR-32,5907089,681369,34.0,Microdioria,MDRT,890.69,1.095959,10959.59,2571.24,0.0005,5.0,5.0,10.0,0.82324,8232.4,6.174426,61744.26,16.79,25.6887,287.21,18.06,222.04,400.16,610.24,, , ,,0,0,0,0,0,0,,Microdiorita
2009,Point ZM,CMPR-33,5906845,680556,54.0,Lutitas,LUT,565.9,0.597565,5975.65,3304.38,0.146909,1469.09,5.0,10.0,0.003,30.0,2.82805,28280.5,16.79,25.6887,96.26,8.72,75.89,112.01,221.69,, , ,,0,0,0,0,0,0,,Lutita
2010,Point ZM,CMPR-34,5907092,680243,127.0,Lutitas,LUT,711.17,0.302906,3029.06,2112.52,0.0005,5.0,5.0,10.0,0.003,30.0,4.70832,47083.2,23.51,35.9703,102.48,13.5,78.02,74.11,45.0,, , ,,0,0,0,0,0,0,,Lutita
2011,Point ZM,CMPR-35,5908014,680328,374.0,Lutitas,LUT,815.89,0.525778,5257.78,1702.11,0.273996,2739.96,5.0,10.0,0.003,30.0,6.47871,64787.1,40.3,61.659,236.89,21.04,174.52,269.18,464.16,, , ,,0,0,0,0,0,0,,Lutita
2012,Point ZM,CMPR-36,5908206,680573,415.0,Lutitas,LUT,684.8,0.617539,6175.39,1604.3,0.0005,5.0,5.0,10.0,0.477312,4773.12,9.108705,91087.05,11.28,17.2584,269.6,9.32,172.91,302.74,503.43,, , ,,0,0,0,0,0,0,,Lutita
2013,Point ZM,SJGG-87,5878545,675671,115.0,Granito de Biotita,GB,922.67,0.634527,6345.27,10550.65,0.223188,2231.88,5.0,10.0,0.003,30.0,4.594591,45945.91,38.59,59.0427,218.83,9.23,134.84,277.84,422.91,, , ,,0,0,0,0,0,0,,Granito de Biotita
2014,Point ZM,SJGG-88,5876241,676171,221.0,Granito de Biotita,GB,482.32,0.540637,5406.37,6292.57,0.363146,3631.46,5.0,10.0,0.003,30.0,4.949478,49494.78,18.1,27.693,113.01,0.5,81.53,140.93,205.18,, , ,,1,0,0,0,0,0,,Granito de Biotita
2015,Point ZM,SJGG-89,5875931,675941,285.0,Granito de Biotita,GB,471.02,0.453917,4539.17,1806.64,0.326994,3269.94,5.0,10.0,0.003,30.0,5.802365,58023.65,27.27,41.7231,83.26,0.5,25.0,104.62,198.22,, , ,,1,0,0,0,0,0,,Granito de Biotita
2016,Point ZM,SJGG-90,5875306,676137,415.0,Granito de Biotita,GB,492.2,0.802503,8025.03,3054.87,0.240126,2401.26,5.0,10.0,0.003,30.0,4.083582,40835.82,86.99,133.0947,69.15,0.5,25.0,32.0,116.24,240, , ,,1,0,0,0,0,0,,Granito de Biotita
2017,Point ZM,SJGG-91,5874418,676078,475.0,Granito de Biotita,GB,475.25,0.465931,4659.31,3022.37,0.377648,3776.48,5.0,10.0,0.003,30.0,4.725258,47252.58,133.09,203.6277,129.87,0.5,78.61,102.76,100.42,422, , ,,1,0,0,0,0,0,,Granito de Biotita
2018,Point ZM,SJGG-92,5874418,676078,472.0,Granito de Biotita,GB,696.39,0.652388,6523.88,4563.11,0.266124,2661.24,5.0,10.0,0.003,30.0,4.483692,44836.92,14.17,21.6801,89.53,0.5,25.0,92.34,128.12,, , ,,1,0,0,0,0,0,,Granito de Biotita
2019,Point ZM,SJGG-93,5876741,674860,156.0,Granito de Biotita,GB,466.89,0.689988,6899.88,2061.02,0.326091,3260.91,5.0,10.0,0.003,30.0,5.338544,53385.44,70.45,107.7885,90.0,0.5,96.28,109.46,166.54,191, , ,,1,0,0,0,0,0,,Granito de Biotita
2020,Point ZM,SJGG-94,5876955,674062,110.0,Granito de Biotita,GB,678.48,0.419333,4193.33,8703.81,0.29415,2941.5,5.0,10.0,0.003,30.0,4.178367,41783.67,14.91,22.8123,164.47,9.72,125.13,153.39,275.34,, , ,,0,0,0,0,0,0,,Granito de Biotita
2021,Point ZM,SJGG-95,5876599,673492,110.0,Granito de Biotita,GB,571.46,0.318692,3186.92,3442.08,0.223519,2235.19,5.0,10.0,0.003,30.0,5.732193,57321.93,19.46,29.7738,93.98,0.5,25.0,99.85,129.2,, , ,,1,0,0,0,0,0,,Granito de Biotita
2022,Point ZM,SJGG-96,5875729,672719,132.0,Migmatita,MIG,657.18,0.559942,5599.42,2054.01,0.225373,2253.73,5.0,10.0,0.003,30.0,4.398727,43987.27,31.57,48.3021,84.53,11.09,61.63,90.64,167.32,, , ,,0,0,0,0,0,0,,Migmatita
2023,Point ZM,SJGG-97,5875585,672039,120.0,Migmatita,MIG,487.76,0.607743,6077.43,2352.02,0.3423,3423.0,5.0,10.0,0.003,30.0,4.200611,42006.11,25.56,39.1068,69.53,19.23,25.0,83.3,138.41,, , ,,0,0,0,0,0,0,,Migmatita
2024,Point ZM,SJGG-98,5875287,671241,119.0,Milonita?,ML,945.95,0.732181,7321.81,4546.47,0.210034,2100.34,5.0,10.0,0.003,30.0,4.513777,45137.77,25.65,39.2445,226.84,15.42,176.13,262.32,439.23,, , ,,0,0,0,0,0,0,,Milonita
2025,Point ZM,SJGG-99,5876153,670519,113.0,Milonita?,ML,624.54,0.478118,4781.18,4050.37,0.192038,1920.38,5.0,10.0,0.003,30.0,2.898771,28987.71,34.61,52.9533,210.38,0.5,170.39,316.78,521.28,, , ,,1,0,0,0,0,0,,Milonita
2026,Point ZM,SJGG-100,5877133,670030,125.0,Milonita?,ML,663.36,1.196449,11964.49,2308.04,0.0005,5.0,5.0,10.0,0.003,30.0,0.791139,7911.39,13.17,20.1501,30.0,0.5,25.0,32.0,45.0,, , ,,1,0,0,0,0,0,,Milonita
2027,Point ZM,SJGG-101,5877310,669198,168.0,Esquisto de Biotita?,ESQB,555.15,0.237161,2371.61,2143.57,0.217284,2172.84,5.0,10.0,0.003,30.0,3.09363,30936.3,15.35,23.4855,111.8,0.5,71.88,86.36,109.75,, , ,,1,0,0,0,0,0,,Esquisto de Biotita
2028,Point ZM,SJGG-102,5878747,675526,172.0,Migmatita,MIG,538.5,0.801672,8016.72,1750.33,0.287526,2875.26,5.0,10.0,0.003,30.0,4.561339,45613.39,5.16,7.8948,110.24,11.72,70.18,135.65,180.97,, , ,,0,0,0,0,0,0,,Migmatita
2029,Point ZM,SJGG-103,5878897,674930,204.0,Esquisto de Biotita,ESQB,504.77,0.445244,4452.44,2063.19,0.240204,2402.04,5.0,10.0,0.003,30.0,3.962963,39629.63,5.8,8.874,30.0,0.5,25.0,32.0,45.0,, , ,,1,0,0,0,0,0,,Esquisto de Biotita
2030,Point ZM,SJGG-104,5879147,674153,272.0,Esquisto de Biotita,ESQB,622.73,1.137772,11377.72,2240.38,0.571187,5711.87,5.0,10.0,0.003,30.0,7.194002,71940.02,34.56,52.8768,343.28,16.82,283.15,424.08,698.52,, , ,,0,0,0,0,0,0,,Esquisto de Biotita
2031,Point ZM,SJGG-105,5880012,674173,525.0,Esquisto de Biotita,ESQB,720.73,0.625805,6258.05,2119.09,0.265666,2656.66,5.0,10.0,0.003,30.0,3.580863,35808.63,9.35,14.3055,82.11,12.2,63.39,70.08,101.07,, , ,,0,0,0,0,0,0,,Esquisto de Biotita
2032,Point ZM,SJGG-106,5879762,675075,364.0,Esquisto de Biotita,ESQB,549.65,0.309056,3090.56,1807.59,0.354698,3546.98,5.0,10.0,0.003,30.0,3.617168,36171.68,11.49,17.5797,78.99,11.42,25.0,32.0,123.48,, , ,,0,0,0,0,0,0,,Esquisto de Biotita
2033,Point ZM,SJGG-107,5878841,673268,434.0,Esquisto de Biotita,ESQB,570.8,0.41287,4128.7,1885.03,0.252071,2520.71,5.0,10.0,0.003,30.0,3.445873,34458.73,13.3,20.349,59.18,8.95,25.0,32.0,135.87,, , ,,0,0,0,0,0,0,,Esquisto de Biotita
2034,Point ZM,SJGG-108,5879678,673217,473.0,Esquisto de Biotita,ESQB,828.71,0.45924,4592.4,2296.22,0.120841,1208.41,5.0,10.0,0.003,30.0,2.2597,22597.0,6.1,9.333,100.4,9.59,25.0,32.0,45.0,, , ,,0,0,0,0,0,0,,Esquisto de Biotita
2035,Point ZM,SJGG-109,5877477,672307,425.0,Esquisto de Biotita?,ESQB,627.4,0.861153,8611.53,2239.19,0.239107,2391.07,5.0,10.0,0.003,30.0,3.756562,37565.62,13.13,20.0889,116.95,16.86,72.1,32.0,153.5,, , ,,0,0,0,0,0,0,,Esquisto de Biotita
2036,Point ZM,SJGG-110,5876192,671525,302.0,Esquisto de Biotita,ESQB,463.41,0.184368,1843.68,2042.42,0.222603,2226.03,5.0,10.0,0.003,30.0,3.653942,36539.42,20.72,31.7016,30.0,10.51,25.0,32.0,45.0,, , ,,0,0,0,0,0,0,,Esquisto de Biotita
2037,Point ZM,SJGG-111,5875784,671369,250.0,Esquisto de Biotita,ESQB,501.58,0.2924,2924.0,2120.41,0.190137,1901.37,5.0,10.0,0.003,30.0,3.939423,39394.23,14.42,22.0626,108.59,17.67,81.8,97.88,130.18,, , ,,0,0,0,0,0,0,,Esquisto de Biotita
2038,Point ZM,SJGG-112,5877282,674788,125.0,Granito de Biotita,GB,531.15,0.646529,6465.29,1735.38,0.271342,2713.42,5.0,10.0,0.003,30.0,4.000258,40002.58,33.68,51.5304,66.93,0.5,25.0,87.09,105.26,, , ,,1,0,0,0,0,0,,Granito de Biotita
2039,Point ZM,SJGG-113,5877315,675333,241.0,Granito de Biotita,GB,626.09,1.049592,10495.92,2261.13,0.231889,2318.89,5.0,10.0,0.003,30.0,3.853939,38539.39,6.9,10.557,107.36,8.83,72.81,125.32,154.32,, , ,,0,0,0,0,0,0,,Granito de Biotita
2040,Point ZM,SJGG-114,5877582,675954,288.0,Tonalita de Anfibol y Biotita,TAB,608.67,0.545206,5452.06,1873.08,0.443073,4430.73,5.0,10.0,0.003,30.0,5.834184,58341.84,64.63,98.8839,91.06,0.5,68.27,123.11,136.43,258, , ,,1,0,0,0,0,0,,Tonalita de Anfibol y Biotita
2041,Point ZM,SJGG-115,5877470,676381,314.0,Granito de Biotita,GB,663.0,0.409569,4095.69,13111.69,0.235607,2356.07,5.0,10.0,0.003,30.0,4.546232,45462.32,12.52,19.1556,140.29,0.5,98.35,144.63,230.67,, , ,,1,0,0,0,0,0,,Granito de Biotita
2042,Point ZM,SJGG-116,5877004,675776,279.0,Granito de Biotita,GB,464.9,0.189752,1897.52,2279.67,0.288092,2880.92,5.0,10.0,0.003,30.0,5.795332,57953.32,11.2,17.136,89.18,7.94,25.0,96.97,128.16,, , ,,0,0,0,0,0,0,,Granito de Biotita
2043,Point ZM,SJGG-117,5876272,669349,372.0,Esquisto de Biotita,ESQB,458.5,0.611347,6113.47,2067.25,0.240022,2400.22,5.0,10.0,0.003,30.0,4.834731,48347.31,15.07,23.0571,72.53,10.78,62.75,90.97,159.87,, , ,,0,0,0,0,0,0,,Esquisto de Biotita
2044,Point ZM,SJGG-118,5875508,669697,423.0,Esquisto de Biotita,ESQB,549.72,0.466236,4662.36,2009.51,0.371032,3710.32,5.0,10.0,0.003,30.0,6.062485,60624.85,22.84,34.9452,163.15,15.89,108.14,164.56,269.69,, , ,,0,0,0,0,0,0,,Esquisto de Biotita
2045,Point ZM,SJGG-119,5874087,669466,512.0,Esquisto de Biotita,ESQB,395.33,0.567232,5672.32,2026.07,0.258088,2580.88,5.0,10.0,0.003,30.0,5.30314,53031.4,18.0,27.54,130.07,9.59,87.49,126.98,169.94,, , ,,0,0,0,0,0,0,,Esquisto de Biotita
2046,Point ZM,SJGG-120,5877163,680678,70.0,Granito de Biotita,GB,642.12,0.827437,8274.37,1675.42,0.158305,1583.05,5.0,10.0,0.003,30.0,2.411862,24118.62,9.45,14.4585,30.0,0.5,25.0,32.0,45.0,, , ,,1,0,0,0,0,0,,Granito de Biotita
2047,Point ZM,SJGG-121,5876387,680323,184.0,Granito de Biotita,GB,545.89,0.423204,4232.04,1717.33,0.211483,2114.83,5.0,10.0,0.003,30.0,3.713913,37139.13,2.53,3.8709,70.33,0.5,25.0,71.28,45.0,, , ,,1,0,0,0,0,0,,Granito de Biotita
2048,Point ZM,SJGG-122,5875419,679825,320.0,Granito de Biotita,GB,544.53,0.412235,4122.35,1765.18,0.0005,5.0,5.0,10.0,0.003,30.0,4.001089,40010.89,11.58,17.7174,94.71,0.5,59.06,94.97,118.06,, , ,,1,0,0,0,0,0,,Granito de Biotita
2049,Point ZM,SJGG-123,5874833,679444,403.0,Tonalita de Anfibol y Biotita,TAB,532.0,0.077005,770.05,1878.38,0.276791,2767.91,5.0,10.0,0.003,30.0,6.042027,60420.27,9.95,15.2235,51.55,0.5,25.0,105.82,127.86,, , ,,1,0,0,0,0,0,,Tonalita de Anfibol y Biotita
2050,Point ZM,SJGG-124,5874460,678886,505.0,Tonalita de Anfibol y Biotita,TAB,507.39,0.469059,4690.59,1656.71,0.291669,2916.69,5.0,10.0,0.003,30.0,4.254804,42548.04,16.04,24.5412,67.31,0.5,25.0,107.0,158.38,, , ,,1,0,0,0,0,0,,Tonalita de Anfibol y Biotita
2051,Point ZM,SJGG-124A,5874460,678886,505.0,Tonalita de Anfibol y Biotita,TAB,1602.88,0.363716,3637.16,15455.24,0.0005,5.0,5.0,10.0,0.003,30.0,2.257496,22574.96,22.55,34.5015,133.66,13.52,118.43,267.17,393.52,, , ,,0,0,0,0,0,0,,Tonalita de Anfibol y Biotita
2052,Point ZM,SJGG-125,5874796,677892,500.0,Granito de Biotita,GB,539.4,0.620937,6209.37,3173.81,0.307206,3072.06,5.0,10.0,0.003,30.0,5.265861,52658.61,18.8,28.764,137.63,0.5,90.15,111.53,192.85,, , ,,1,0,0,0,0,0,,Granito de Biotita
2053,Point ZM,SJGG-126,5875408,677873,513.0,Granito de Biotita,GB,381.19,0.391001,3910.01,2040.84,0.283654,2836.54,5.0,10.0,0.003,30.0,4.80265,48026.5,15.64,23.9292,108.66,0.5,74.94,112.57,166.16,, , ,,1,0,0,0,0,0,,Granito de Biotita
2054,Point ZM,SJGG-127,5876203,677825,467.0,Granito de Biotita,GB,570.12,0.492745,4927.45,2959.58,0.236503,2365.03,5.0,10.0,0.003,30.0,3.160826,31608.26,70.63,108.0639,30.0,0.5,25.0,32.0,91.92,179, , ,,1,0,0,0,0,0,,Granito de Biotita
2055,Point ZM,SJGG-128,5875834,678052,436.0,Granito de Biotita,GB,477.56,0.655202,6552.02,2223.7,0.305128,3051.28,5.0,10.0,0.003,30.0,4.98023,49802.3,64.07,98.0271,88.68,10.92,25.0,32.0,45.0,238, , ,,0,0,0,0,0,0,,Granito de Biotita
2056,Point ZM,SJGG-128R,5875834,678052,436.0,Granito de Biotita,GB,680.39,0.362504,3625.04,6952.87,0.176431,1764.31,5.0,10.0,0.003,30.0,3.105242,31052.42,7.02,10.7406,92.82,0.5,25.0,142.69,224.63,, , ,,1,0,0,0,0,0,,Granito de Biotita
2057,Point ZM,SJGG-129,5875737,678433,395.0,Granito de Biotita,GB,496.24,0.847328,8473.28,2764.43,0.255558,2555.58,5.0,10.0,0.003,30.0,3.134672,31346.72,19.68,30.1104,71.16,0.5,25.0,101.34,45.0,, , ,,1,0,0,0,0,0,,Granito de Biotita
2058,Point ZM,SJGG-30,5873992,678694,521.0,Tonalita de Anfibol y Biotita,TAB,617.1,0.301219,3012.19,9327.47,0.211802,2118.02,5.0,10.0,0.003,30.0,3.80105,38010.5,10.73,16.4169,72.93,9.43,60.94,128.97,173.89,, , ,,0,0,0,0,0,0,DUP_2/2,Tonalita de Anfibol y Biotita
2059,Point ZM,SJGG-131,5873143,678740,535.0,Granito de Biotita,GB,648.28,0.677941,6779.41,3184.6,0.289118,2891.18,5.0,10.0,0.003,30.0,5.0737,50737.0,18.82,28.7946,59.82,0.5,25.0,32.0,45.0,, , ,,1,0,0,0,0,0,,Granito de Biotita
2060,Point ZM,SJGG-132,5873009,678029,491.0,Granito de Biotita,GB,567.63,0.817349,8173.49,3830.91,0.261083,2610.83,5.0,10.0,0.003,30.0,5.477821,54778.21,41.95,64.1835,79.73,0.5,62.12,77.17,45.0,121, , ,,1,0,0,0,0,0,,Granito de Biotita
2061,Point ZM,SJGG-133,5873311,677741,495.0,Granito de Biotita,GB,443.06,0.485639,4856.39,3152.43,0.228626,2286.26,5.0,10.0,0.003,30.0,4.339123,43391.23,46.54,71.2062,99.51,0.5,60.71,105.4,157.01,175, , ,,1,0,0,0,0,0,,Granito de Biotita
2062,Point ZM,SJGG-134,5873523,677790,475.0,Granito de Biotita,GB,498.92,0.417983,4179.83,8599.84,0.180621,1806.21,5.0,10.0,0.003,30.0,4.119072,41190.72,58.88,90.0864,124.73,0.5,116.29,138.6,218.38,55, , ,,1,0,0,0,0,0,,Granito de Biotita
2063,Point ZM,SJGG-135,5873287,677319,415.0,Granito de Biotita,GB,519.99,0.627402,6274.02,2550.82,0.230521,2305.21,5.0,10.0,0.003,30.0,5.312186,53121.86,25.5,39.015,77.64,0.5,25.0,32.0,45.0,, , ,,1,0,0,0,0,0,,Granito de Biotita
2064,Point ZM,SJGG-136,5873150,677137,349.0,Granito de Biotita,GB,747.05,0.756695,7566.95,12409.92,0.25162,2516.2,5.0,10.0,0.003,30.0,3.6399,36399.0,12.91,19.7523,152.38,0.5,112.57,158.13,227.65,, , ,,1,0,0,0,0,0,,Granito de Biotita
2065,Point ZM,SJGG-137,5872296,677840,501.0,Granito de Biotita,GB,697.89,0.616949,6169.49,6761.92,0.239315,2393.15,5.0,10.0,0.003,30.0,3.431912,34319.12,13.25,20.2725,70.8,0.5,25.0,32.0,111.49,, , ,,1,0,0,0,0,0,,Granito de Biotita
2066,Point ZM,SJGG-138,5875034,672032,143.0,Migmatita,MIG,252.55,0.417312,4173.12,2005.31,0.234257,2342.57,5.0,10.0,0.003,30.0,4.384815,43848.15,7.95,12.1635,157.67,7.59,138.34,192.05,273.2,, , ,,0,0,0,0,0,0,,Migmatita
2067,Point ZM,SJGG-139,5874425,672015,223.0,Migmatita,MIG,466.78,0.538454,5384.54,1855.84,0.134041,1340.41,5.0,10.0,0.003,30.0,2.803683,28036.83,11.06,16.9218,59.58,0.5,25.0,76.93,105.09,, , ,,1,0,0,0,0,0,,Migmatita
2068,Point ZM,SJGG-140,5873929,672389,312.0,Migmatita,MIG,451.95,0.692494,6924.94,1872.9,0.205751,2057.51,5.0,10.0,0.003,30.0,4.166447,41664.47,8.22,12.5766,85.41,7.45,86.92,146.52,178.56,, , ,,0,0,0,0,0,0,,Migmatita
2069,Point ZM,SJGG-141,5873329,672297,360.0,Granito de Biotita,GB,697.08,0.641864,6418.64,1890.93,0.289919,2899.19,5.0,10.0,0.003,30.0,4.635356,46353.56,9.78,14.9634,150.59,0.5,78.75,106.93,184.24,, , ,,1,0,0,0,0,0,,Granito de Biotita
2070,Point ZM,SJGG-142,5872946,672373,382.0,Granito de Biotita,GB,1071.3,0.413401,4134.01,1993.24,0.229409,2294.09,5.0,10.0,0.003,30.0,4.032254,40322.54,6.1,9.333,85.31,0.5,25.0,105.36,194.06,, , ,,1,0,0,0,0,0,,Granito de Biotita
2071,Point ZM,SJGG-143,5872539,672297,373.0,Migmatita,MIG,627.14,1.303191,13031.91,1958.75,0.0005,5.0,5.0,10.0,0.003,30.0,1.133199,11331.99,10.06,15.3918,30.0,14.38,25.0,32.0,45.0,, , ,,0,0,0,0,0,0,,Migmatita
2072,Point ZM,SJGG-144,5872675,672952,490.0,Granito de Biotita,GB,534.53,0.633307,6333.07,1795.18,0.268403,2684.03,5.0,10.0,0.003,30.0,3.568873,35688.73,2.0,3.06,88.01,0.5,72.25,133.6,181.58,, , ,,1,0,0,0,0,0,,Granito de Biotita
2073,Point ZM,SJGG-145,5872522,673014,503.0,Granito de Biotita,GB,691.73,0.723843,7238.43,1499.74,0.300362,3003.62,5.0,10.0,0.003,30.0,4.139108,41391.08,3.27,5.0031,129.06,0.5,80.85,120.8,213.71,, , ,,1,0,0,0,0,0,,Granito de Biotita
2074,Point ZM,SJGG-146,5871909,673706,568.0,Granito de Biotita,GB,455.04,0.682124,6821.24,1799.98,0.275966,2759.66,5.0,10.0,0.003,30.0,3.865804,38658.04,6.99,10.6947,110.38,7.63,73.68,150.27,196.59,, , ,,0,0,0,0,0,0,,Granito de Biotita
2075,Point ZM,SJGG-147,5871399,673705,564.0,Granito de Biotita,GB,469.91,0.808786,8087.86,1840.44,0.197329,1973.29,5.0,10.0,0.003,30.0,4.470598,44705.98,40.73,62.3169,72.09,0.5,67.41,103.29,121.33,77, , ,,1,0,0,0,0,0,,Granito de Biotita
2076,Point ZM,SJGG-148,5870723,673610,640.0,Granito de Biotita?,GB,612.14,0.506647,5066.47,2291.73,0.280861,2808.61,5.0,10.0,0.003,30.0,4.900105,49001.05,17.12,26.1936,96.95,0.5,25.0,94.61,114.21,, , ,,1,0,0,0,0,0,,Granito de Biotita
2077,Point ZM,SJGG-149,5870052,673977,695.0,Granito de Biotita,GB,493.49,0.3991,3991.0,3484.1,0.158616,1586.16,5.0,10.0,0.003,30.0,3.634058,36340.58,32.7,50.031,68.68,0.5,109.07,127.41,152.17,60, , ,,1,0,0,0,0,0,,Granito de Biotita
2078,Point ZM,SJGG-150,5869659,674286,654.0,Granito de Biotita,GB,375.71,0.434788,4347.88,2048.27,0.288452,2884.52,5.0,10.0,0.003,30.0,5.084508,50845.08,4.51,6.9003,134.6,11.41,71.88,127.14,179.54,, , ,,0,0,0,0,0,0,,Granito de Biotita
2079,Point ZM,SJGG-151,5870117,674505,611.0,Granito de Biotita,GB,373.49,0.420644,4206.44,1881.18,0.246109,2461.09,5.0,10.0,0.003,30.0,4.6924,46924.0,14.09,21.5577,102.53,0.5,59.45,32.0,98.3,, , ,,1,0,0,0,0,0,,Granito de Biotita
2080,Point ZM,SJGG-152,5870117,674505,611.0,Granito de Biotita,GB,667.28,0.591513,5915.13,1774.94,0.253339,2533.39,5.0,10.0,0.003,30.0,4.87563,48756.3,7.72,11.8116,161.45,11.41,114.37,205.91,306.34,, , ,,0,0,0,0,0,0,,Granito de Biotita
2081,Point ZM,SJGG-153,5870774,674743,546.0,Granito de Biotita,GB,633.01,0.600868,6008.68,1823.46,0.259931,2599.31,5.0,10.0,0.003,30.0,4.414529,44145.29,9.82,15.0246,103.25,0.5,57.17,95.48,151.13,, , ,,1,0,0,0,0,0,,Granito de Biotita
2082,Point ZM,SJGG-154,5870567,675228,522.0,Granito de Biotita,GB,588.83,0.497504,4975.04,2405.92,0.173143,1731.43,5.0,10.0,0.003,30.0,4.468634,44686.34,9.11,13.9383,107.72,0.5,25.0,86.08,121.52,, , ,,1,0,0,0,0,0,,Granito de Biotita
2083,Point ZM,SJGG-155,5870112,675564,518.0,Granito de Biotita,GB,459.58,0.658461,6584.61,1871.81,0.18271,1827.1,5.0,10.0,0.003,30.0,3.554377,35543.77,2.0,3.06,92.42,0.5,96.65,136.62,164.21,, , ,,1,0,0,0,0,0,,Granito de Biotita
2084,Point ZM,SJGG-156,5869508,676043,506.0,Granito de Biotita,GB,520.46,0.682168,6821.68,1705.0,0.29123,2912.3,5.0,10.0,0.003,30.0,4.198298,41982.98,13.48,20.6244,94.19,21.04,57.08,107.01,141.86,, , ,,0,0,0,0,0,0,,Granito de Biotita
2085,Point ZM,SJGG-157,5868769,676175,478.0,Granito de Biotita >QZ,GB,638.33,0.785248,7852.48,1791.68,0.216753,2167.53,5.0,10.0,0.003,30.0,4.235013,42350.13,8.79,13.4487,154.23,14.67,132.76,179.18,283.2,, , ,,0,0,0,0,0,0,,Granito de Biotita Rico en Qz
2086,Point ZM,SJGG-158,5868042,675808,471.0,Granito de Biotita >QZ,GB,584.79,0.459137,4591.37,3678.94,0.135351,1353.51,5.0,10.0,0.003,30.0,2.832088,28320.88,11.6,17.748,123.22,0.5,61.45,32.0,108.99,, , ,,1,0,0,0,0,0,,Granito de Biotita Rico en Qz
2087,Point ZM,SJGG-159,5867478,675989,465.0,Granito de Biotita >QZ,GB,666.79,0.430015,4300.15,7442.31,0.162109,1621.09,5.0,10.0,0.003,30.0,4.281503,42815.03,16.68,25.5204,113.47,0.5,78.18,113.32,201.65,, , ,,1,0,0,0,0,0,,Granito de Biotita Rico en Qz
2088,Point ZM,SJGG-160,5867689,676551,491.0,Granito de Biotita >QZ,GB,471.94,0.526715,5267.15,2104.81,0.197903,1979.03,5.0,10.0,0.003,30.0,4.612722,46127.22,33.91,51.8823,164.39,9.41,143.37,223.75,329.21,107, , ,,0,0,0,0,0,0,,Granito de Biotita Rico en Qz
2089,Point ZM,SJGG-160b,5867689,676551,491.0,Granito de Biotita >QZ,GB,543.72,0.233851,2338.51,7068.6,0.0005,5.0,5.0,10.0,0.003,30.0,2.772736,27727.36,11.16,17.0748,92.09,16.58,89.0,209.06,258.9,, , ,,0,0,0,0,0,0,,Granito de Biotita Rico en Qz
2090,Point ZM,SJGG-161,5867678,676658,520.0,Granito de Biotita >QZ,GB,368.5,0.427201,4272.01,2379.29,0.196649,1966.49,5.0,10.0,0.003,30.0,3.456134,34561.34,7.18,10.9854,152.84,0.5,104.59,32.0,120.49,, , ,,1,0,0,0,0,0,,Granito de Biotita Rico en Qz
2091,Point ZM,SJGG-161b,5867678,676658,520.0,Granito de Biotita >QZ,GB,510.94,0.294437,2944.37,4298.02,0.142468,1424.68,5.0,10.0,0.003,30.0,2.23532,22353.2,4.24,6.4872,102.43,0.5,103.18,220.3,288.83,, , ,,1,0,0,0,0,0,,Granito de Biotita Rico en Qz
2092,Point ZM,SJGG-162,5867678,676658,520.0,Tonalita de Anfibol y Biotita,GB,570.22,0.394597,3945.97,2058.37,0.169218,1692.18,5.0,10.0,0.003,30.0,3.664474,36644.74,6.55,10.0215,61.32,0.5,25.0,64.73,100.16,, , ,,1,0,0,0,0,0,,Tonalita de Anfibol y Biotita
2093,Point ZM,SJGG-162b,5867678,676658,520.0,Tonalita de Anfibol y Biotita,GB,913.29,0.345472,3454.72,14078.49,0.184004,1840.04,5.0,10.0,0.003,30.0,4.048559,40485.59,35.01,53.5653,226.02,8.5,194.21,406.85,528.19,, , ,,0,0,0,0,0,0,,Tonalita de Anfibol y Biotita
2094,Point ZM,SJGG-163,5877731,680965,68.0,Areniscas,ARE,558.29,1.595623,15956.23,1029.67,0.148406,1484.06,5.0,10.0,0.003,30.0,2.439651,24396.51,7.97,12.1941,102.47,0.5,66.63,123.88,167.68,, , ,,1,0,0,0,0,0,,Arenisca
2095,Point ZM,SJGG-164,5875352,681145,118.0,Granito de Biotita,GB,745.01,0.169096,1690.96,1612.53,0.0005,5.0,5.0,10.0,0.003,30.0,5.645873,56458.73,5.28,8.0784,143.24,0.5,107.91,182.11,291.66,, , ,,1,0,0,0,0,0,,Granito de Biotita
2096,Point ZM,SJGG-165,5872951,682075,201.0,Granito de Biotita,GB,679.69,0.889001,8890.01,3252.82,0.377286,3772.86,5.0,10.0,0.003,30.0,4.510164,45101.64,8.06,12.3318,106.52,0.5,25.0,133.9,204.27,, , ,,1,0,0,0,0,0,,Granito de Biotita
2097,Point ZM,SJGG-166,5871510,681031,269.0,Granito de Biotita,GB,861.21,0.997927,9979.27,521.58,0.279798,2797.98,5.0,10.0,0.003,30.0,3.737613,37376.13,2.72,4.1616,96.24,0.5,60.61,142.64,185.53,, , ,,1,0,0,0,0,0,,Granito de Biotita
2098,Point ZM,SJGG-167,5871726,680894,236.0,Tonalita de Anfibol y Biotita,TAB,871.64,0.995696,9956.96,17196.99,0.363922,3639.22,5.0,10.0,0.003,30.0,6.497548,64975.48,32.42,49.6026,249.03,0.5,211.84,340.18,510.44,0, , ,,1,0,0,0,0,0,,Tonalita de Anfibol y Biotita
2099,Point ZM,SJGG-168,5871678,680042,333.0,Granito de Biotita,GB,568.34,0.189048,1890.48,146.79,0.0005,5.0,5.0,10.0,0.003,30.0,5.030165,50301.65,14.23,21.7719,138.07,0.5,83.76,184.38,325.39,, , ,,1,0,0,0,0,0,,Granito de Biotita
2100,Point ZM,SJGG-169,5870352,680457,387.0,Granito de Biotita,GB,625.7,0.904739,9047.39,1733.75,0.398188,3981.88,5.0,10.0,0.003,30.0,4.626938,46269.38,24.04,36.7812,128.95,0.5,101.34,155.29,271.32,, , ,,1,0,0,0,0,0,,Granito de Biotita
2101,Point ZM,SJGG-170,5870167,681484,281.0,Diorita?,DRT,670.14,0.743693,7436.93,25.0,0.2722,2722.0,5.0,10.0,0.003,30.0,4.800663,48006.63,4.33,6.6249,102.42,12.42,60.1,121.8,147.64,, , ,,0,0,0,0,0,0,,Diorita
2102,Point ZM,SJGG-171,5869713,679763,467.0,Diorita?,DRT,731.53,0.446688,4466.88,437.96,0.347311,3473.11,5.0,10.0,0.003,30.0,4.491743,44917.43,59.75,91.4175,71.69,0.5,74.73,114.0,167.82,159, , ,,1,0,0,0,0,0,,Diorita
2103,Point ZM,SJGG-172,5869487,679090,562.0,Tonalita de Anfibol y Biotita,TAB,689.98,0.800037,8000.37,25.0,0.411868,4118.68,5.0,10.0,0.003,30.0,5.331074,53310.74,16.33,24.9849,107.52,0.5,97.26,149.85,175.24,, , ,,1,0,0,0,0,0,,Tonalita de Anfibol y Biotita
2104,Point ZM,SJGG-173,5869486,678635,610.0,Tonalita de Anfibol y Biotita,TAB,574.03,0.805753,8057.53,1428.0,0.323441,3234.41,5.0,10.0,0.003,30.0,4.620006,46200.06,8.73,13.3569,103.8,0.5,80.2,107.16,116.68,, , ,,1,0,0,0,0,0,,Tonalita de Anfibol y Biotita
2105,Point ZM,SJGG-174,5870948,678731,526.0,Granito de Biotita,GB,627.47,0.673529,6735.29,563.93,0.20659,2065.9,5.0,10.0,0.003,30.0,4.624106,46241.06,11.46,17.5338,153.9,0.5,117.06,180.29,284.12,, , ,,1,0,0,0,0,0,,Granito de Biotita
2106,Point ZM,SJGG-175,5870800,679149,479.0,Granito de Biotita,GB,758.68,0.413648,4136.48,6502.94,0.222306,2223.06,5.0,10.0,0.003,30.0,5.817705,58177.05,34.31,52.4943,216.56,14.32,163.84,153.43,232.84,, , ,,0,0,0,0,0,0,,Granito de Biotita
2107,Point ZM,SJGG-176,5870916,679097,489.0,Granito de Biotita,GB,647.62,0.684882,6848.82,3043.04,0.257542,2575.42,5.0,10.0,0.003,30.0,4.133327,41333.27,3.32,5.0796,150.1,0.5,130.71,188.99,289.38,, , ,,1,0,0,0,0,0,,Granito de Biotita
2108,Point ZM,SJGG-177,5871530,679365,459.0,Granito de Biotita,GB,657.23,0.88546,8854.6,577.0,0.292344,2923.44,5.0,10.0,0.003,30.0,5.194364,51943.64,10.28,15.7284,81.98,0.5,78.42,123.42,213.18,, , ,,1,0,0,0,0,0,,Granito de Biotita
2109,Point ZM,SJGG-178,5871744,679320,440.0,Granito de Biotita,GB,536.97,0.62113,6211.3,931.83,0.321323,3213.23,5.0,10.0,0.003,30.0,3.29704,32970.4,15.73,24.0669,50.51,0.5,25.0,32.0,45.0,, , ,,1,0,0,0,0,0,,Granito de Biotita
2110,Point ZM,SJGG-179,5871966,678220,532.0,Granito de Biotita,GB,638.56,0.979938,9799.38,417.03,0.486157,4861.57,5.0,10.0,0.003,30.0,4.897007,48970.07,19.2,29.376,131.96,0.5,128.0,181.88,312.93,, , ,,1,0,0,0,0,0,,Granito de Biotita
2111,Point ZM,SJGG-180,5870889,677953,507.0,Tonalita de Anfibol y Biotita,TAB,441.17,0.831705,8317.05,440.51,0.370929,3709.29,5.0,10.0,0.003,30.0,5.240955,52409.55,4.65,7.1145,77.79,0.5,66.61,144.97,201.4,, , ,,1,0,0,0,0,0,,Tonalita de Anfibol y Biotita
2112,Point ZM,SJGG-181,5871258,677287,439.0,Tonalita de Anfibol y Biotita,TAB,334.74,1.019654,10196.54,1309.33,0.376368,3763.68,5.0,10.0,0.003,30.0,4.358331,43583.31,32.55,49.8015,68.4,0.5,64.33,80.15,147.0,111, , ,,1,0,0,0,0,0,,Tonalita de Anfibol y Biotita
2113,Point ZM,SJGG-182,5872050,676876,473.0,Tonalita de Anfibol y Biotita,TAB,709.95,1.120616,11206.16,25.0,0.299419,2994.19,5.0,10.0,0.003,30.0,4.817793,48177.93,10.39,15.8967,151.05,12.37,116.72,229.35,256.76,, , ,,0,0,0,0,0,0,,Tonalita de Anfibol y Biotita
2114,Point ZM,SJGG-183,5872050,676876,473.0,Dique dacitico,DDA,495.03,0.916852,9168.52,25.0,0.0005,5.0,5.0,10.0,0.003,30.0,1.175221,11752.21,10.56,16.1568,30.0,0.5,25.0,32.0,45.0,, , ,,1,0,0,0,0,0,,Dique Dacitico
2115,Point ZM,SJGG-184,5868344,678199,649.0,Tonalita de Anfibol y Biotita,TAB,481.22,0.760778,7607.78,1466.26,0.369685,3696.85,5.0,10.0,0.003,30.0,5.429378,54293.78,8.76,13.4028,75.06,0.5,66.4,119.4,160.36,, , ,,1,0,0,0,0,0,,Tonalita de Anfibol y Biotita
2116,Point ZM,SJGG-185,5867547,677699,662.0,Tonalita de Anfibol y Biotita,TAB,650.93,0.246877,2468.77,1943.47,0.4314,4314.0,5.0,10.0,0.003,30.0,10.031052,100310.52,21.09,32.2677,140.19,0.5,118.8,203.24,288.79,, , ,,1,0,0,0,0,0,,Tonalita de Anfibol y Biotita
2117,Point ZM,SJGG-186,5867549,677075,613.0,Granito de Biotita,GB,513.87,0.818376,8183.76,2174.87,0.181799,1817.99,5.0,10.0,0.003,30.0,4.211556,42115.56,14.09,21.5577,192.34,31.5,164.34,150.11,287.49,, , ,,0,0,0,0,0,0,,Granito de Biotita
2118,Point ZM,SJGG-187,5867716,675294,584.0,Granito de Biotita,GB,812.36,0.427128,4271.28,306.07,0.220883,2208.83,5.0,304.84,0.003,30.0,3.098798,30987.98,7.44,11.3832,129.15,12.4,54.36,83.16,105.06,, , ,,0,0,0,0,0,0,,Granito de Biotita
2119,Point ZM,SJGG-188,5867786,674560,680.0,Granito de Biotita,GB,700.22,0.627348,6273.48,3304.25,0.313939,3139.39,5.0,302.18,0.003,30.0,3.693593,36935.93,10.68,16.3404,194.85,79.07,103.35,32.0,141.1,, , ,,0,0,0,0,0,0,,Granito de Biotita
2120,Point ZM,SJGG-189,5868750,674505,681.0,Granito de Biotita,GB,731.18,1.078712,10787.12,345.07,0.0005,5.0,5.0,319.55,0.003,30.0,3.77785,37778.5,4.95,7.5735,131.86,10.51,25.0,105.22,162.62,, , ,,0,0,0,0,0,0,,Granito de Biotita
2121,Point ZM,SJGG-190,5871351,674384,537.0,Granito de Biotita,GB,565.98,0.800045,8000.45,204.15,0.294214,2942.14,5.0,10.0,0.003,30.0,4.355358,43553.58,5.53,8.4609,148.61,0.5,95.83,166.25,216.65,, , ,,1,0,0,0,0,0,,Granito de Biotita
2122,Point ZM,SJGG-191,5871928,674194,495.0,Diorita,DRT,727.67,0.88821,8882.1,589.58,0.204268,2042.68,5.0,10.0,0.003,30.0,3.548145,35481.45,4.05,6.1965,116.9,11.02,103.43,169.75,225.23,, , ,,0,0,0,0,0,0,,Diorita
2123,Point ZM,SJGG-192,5872446,674561,467.0,Granito de Biotita,GB,661.25,0.94145,9414.5,9868.92,0.268122,2681.22,5.0,10.0,0.003,30.0,4.658263,46582.63,47.19,72.2007,137.71,0.5,96.7,172.16,302.24,, , ,,1,0,0,0,0,0,,Granito de Biotita
2124,Point ZM,SJGG-193,5872711,675253,445.0,Granito de Biotita,GB,752.32,0.759186,7591.86,6077.01,0.269642,2696.42,5.0,10.0,0.003,30.0,4.484118,44841.18,28.58,43.7274,153.23,0.5,88.69,148.47,177.6,, , ,,1,0,0,0,0,0,,Granito de Biotita
2125,Point ZM,SJGG-194,5872765,675755,432.0,Granito de Biotita,GB,567.59,0.674002,6740.02,8482.13,0.300004,3000.04,5.0,10.0,0.003,30.0,3.831703,38317.03,19.65,30.0645,101.93,0.5,71.34,134.07,196.74,, , ,,1,0,0,0,0,0,,Granito de Biotita
2126,Point ZM,SJGG-195,5873238,676108,382.0,Granito de Biotita,GB,670.08,0.930268,9302.68,2766.06,0.312579,3125.79,5.0,10.0,0.003,30.0,4.147949,41479.49,13.64,20.8692,110.79,0.5,25.0,109.08,158.29,15, , ,,1,0,0,0,0,0,,Granito de Biotita
2127,Point ZM,SJGG-196,5873190,674992,540.0,Granito de Biotita,GB,805.48,0.941538,9415.38,25.0,0.27548,2754.8,5.0,10.0,0.003,30.0,4.358001,43580.01,6.1,9.333,171.45,8.56,72.07,149.8,229.19,15, , ,,0,0,0,0,0,0,,Granito de Biotita
2128,Point ZM,SJGG-197,5873827,675447,540.0,Granito de Biotita,GB,654.62,0.991457,9914.57,730.95,0.250273,2502.73,5.0,10.0,0.003,30.0,4.063334,40633.34,19.45,29.7585,78.08,0.5,66.84,73.23,136.49,48, , ,,1,0,0,0,0,0,,Granito de Biotita
2129,Point ZM,SJGG-198,5874571,675285,526.0,Diorita?,DRT,624.2,0.695679,6956.79,25.0,0.48734,4873.4,5.0,10.0,0.003,30.0,6.856093,68560.93,17.08,26.1324,157.36,0.5,100.42,213.15,332.15,0, , ,,1,0,0,0,0,0,,Diorita
2130,Point ZM,SJGG-199,5875029,674908,423.0,Granito de Biotita,GB,455.72,0.854338,8543.38,25.0,0.26693,2669.3,5.0,10.0,0.003,30.0,3.023535,30235.35,8.22,12.5766,133.13,13.12,111.25,132.76,235.67,31, , ,,0,0,0,0,0,0,,Granito de Biotita
2131,Point ZM,SJGG-200,5872573,673364,488.0,Granito de Biotita,GB,910.08,1.045929,10459.29,25.0,0.169129,1691.29,5.0,10.0,0.003,30.0,3.302614,33026.14,7.89,12.0717,95.1,0.5,73.7,90.17,121.99,, , ,,1,0,0,0,0,0,,Granito de Biotita
2132,Point ZM,SJGG-201,5867146,674518,707.0,Granito de Biotita,GB,633.48,1.063179,10631.79,25.0,0.14826,1482.6,5.0,245.55,0.003,30.0,2.550644,25506.44,2.0,3.06,71.85,0.5,25.0,73.21,88.72,, , ,,1,0,0,0,0,0,,Granito de Biotita
2133,Point ZM,SJGG-202,5866454,675130,682.0,Granito de Biotita,GB,482.21,0.6826,6826.0,488.76,0.244746,2447.46,5.0,10.0,0.003,30.0,3.378417,33784.17,12.58,19.2474,148.94,0.5,69.09,71.5,45.0,, , ,,1,0,0,0,0,0,,Granito de Biotita
2134,Point ZM,SJGG-203,5865705,675385,687.0,Granito de Biotita,GB,588.05,1.534386,15343.86,1575.36,0.25347,2534.7,5.0,10.0,0.003,30.0,4.299223,42992.23,15.95,24.4035,131.92,0.5,91.94,117.37,208.9,, , ,,1,0,0,0,0,0,,Granito de Biotita
2135,Point ZM,SJGG-204,5865058,676162,641.0,Granito de Biotita,GB,539.41,0.793427,7934.27,789.93,0.279113,2791.13,5.0,10.0,0.003,30.0,3.911827,39118.27,9.09,13.9077,89.8,12.1,83.97,90.71,139.0,, , ,,0,0,0,0,0,0,,Granito de Biotita
2136,Point ZM,SJGG-205,5864166,675765,621.0,Granito de Biotita,GB,750.16,1.54456,15445.6,3484.63,0.19926,1992.6,5.0,10.0,0.003,30.0,4.184533,41845.33,9.45,14.4585,83.71,10.36,25.0,96.7,152.59,, , ,,0,0,0,0,0,0,,Granito de Biotita
2137,Point ZM,SJGG-206,5863831,675283,550.0,Granito de Biotita,GB,546.03,0.754081,7540.81,5707.75,0.213717,2137.17,5.0,10.0,0.003,30.0,3.932527,39325.27,12.96,19.8288,103.75,0.5,25.0,32.0,105.96,, , ,,1,0,0,0,0,0,,Granito de Biotita
2138,Point ZM,SJGG-207,5862883,675395,568.0,Granito de Biotita,GB,692.53,1.242018,12420.18,544.4,0.289623,2896.23,5.0,319.7,0.003,30.0,4.700682,47006.82,9.12,13.9536,120.21,8.96,125.48,165.7,259.49,, , ,,0,0,0,0,0,0,,Granito de Biotita
2139,Point ZM,SJGG-208,5861725,676167,423.0,Granito de Biotita,GB,522.91,1.025518,10255.18,2154.31,0.261985,2619.85,5.0,10.0,0.003,30.0,3.879897,38798.97,13.52,20.6856,124.54,0.5,113.46,144.17,286.97,, , ,,1,0,0,0,0,0,,Granito de Biotita
2140,Point ZM,SJGG-209,5866395,678363,717.0,Granito de Biotita,GB,363.71,0.563693,5636.93,1699.16,0.343205,3432.05,5.0,10.0,0.003,30.0,5.011768,50117.68,22.07,33.7671,102.56,0.5,120.55,153.83,236.29,, , ,,1,0,0,0,0,0,,Granito de Biotita
2141,Point ZM,SJGG-210,5865747,678893,719.0,Granito de Biotita?,GB,591.67,0.57177,5717.7,276.02,0.397078,3970.78,5.0,536.32,0.003,30.0,6.842792,68427.92,24.11,36.8883,146.17,0.5,114.5,181.14,290.48,, , ,,1,0,0,0,0,0,,Granito de Biotita
2142,Point ZM,SJGG-211,5865741,678895,718.0,Tonalita de Anfibol y Biotita,TAB,452.14,0.638681,6386.81,25.0,0.463124,4631.24,5.0,10.0,0.003,30.0,6.282317,62823.17,35.49,54.2997,141.07,0.5,141.67,179.07,340.02,99, , ,,1,0,0,0,0,0,,Tonalita de Anfibol y Biotita
2143,Point ZM,SJGG-212,5865009,678478,685.0,Diorita,DRT,669.53,0.554531,5545.31,2369.13,0.286699,2866.99,5.0,10.0,0.154412,1544.12,4.61394,46139.4,13.3,20.349,110.84,0.5,60.25,118.38,158.24,, , ,,1,0,0,0,0,0,,Diorita
2144,Point ZM,SJGG-213,5864923,678118,675.0,Granito de Biotita,GB,741.32,0.730842,7308.42,9194.32,0.298595,2985.95,5.0,10.0,0.003,30.0,4.220405,42204.05,16.98,25.9794,70.45,0.5,72.6,107.02,142.3,, , ,,1,0,0,0,0,0,,Granito de Biotita
2145,Point ZM,SJGG-214,5865177,677101,665.0,Granito de Biotita,GB,565.17,0.804483,8044.83,689.17,0.217918,2179.18,5.0,10.0,0.003,30.0,3.24351,32435.1,2.55,3.9015,107.03,0.5,112.79,136.34,221.63,, , ,,1,0,0,0,0,0,,Granito de Biotita
2146,Point ZM,SJGG-215,5864428,676260,666.0,Granito de Biotita,GB,370.11,0.681106,6811.06,5042.3,0.164747,1647.47,5.0,10.0,0.003,30.0,3.418477,34184.77,5.85,8.9505,64.65,0.5,71.33,116.75,165.39,, , ,,1,0,0,0,0,0,,Granito de Biotita
2147,Point ZM,SJGG-216,5864177,674684,549.0,Granito de Biotita,GB,547.34,0.626987,6269.87,437.31,0.430826,4308.26,5.0,10.0,0.003,30.0,6.54423,65442.3,9.4,14.382,85.48,0.5,25.0,79.27,157.3,, , ,,1,0,0,0,0,0,,Granito de Biotita
2148,Point ZM,SJGG-217,5864297,673917,620.0,Granito de Biotita,GB,475.01,1.698291,16982.91,1943.79,0.152494,1524.94,5.0,10.0,0.003,30.0,2.991636,29916.36,7.0,10.71,100.78,9.31,78.29,69.4,121.4,, , ,,0,0,0,0,0,0,,Granito de Biotita
2149,Point ZM,SJGG-218,5865113,673611,651.0,Granito de Biotita,GB,490.5,0.949601,9496.01,1271.04,0.209178,2091.78,5.0,10.0,0.003,30.0,3.718346,37183.46,13.05,19.9665,135.42,14.75,73.75,126.05,196.2,, , ,,0,0,0,0,0,0,,Granito de Biotita
2150,Point ZM,SJGG-219,5865873,673593,680.0,Granito de Biotita,GB,464.61,0.419539,4195.39,273.77,0.466585,4665.85,5.0,10.0,0.003,30.0,7.74278,77427.8,7.31,11.1843,154.3,0.5,108.8,184.7,249.12,, , ,,1,0,0,0,0,0,,Granito de Biotita
2151,Point ZM,SJGG-220,5865859,673607,682.0,Granito de Biotita,GB,500.51,0.423865,4238.65,3672.32,0.321168,3211.68,5.0,10.0,0.003,30.0,6.768457,67684.57,11.91,18.2223,116.91,0.5,109.14,183.13,249.12,, , ,,1,0,0,0,0,0,,Granito de Biotita
2152,Point ZM,SJGG-221,5866273,673951,634.0,Granito de Biotita,GB,765.2,1.63573,16357.3,1626.51,0.0005,5.0,5.0,315.66,0.003,30.0,2.321738,23217.38,3.02,4.6206,122.88,25.07,69.13,103.94,175.41,, , ,,0,0,0,0,0,0,,Granito de Biotita
2153,Point ZM,SJGG-222,5867195,673504,607.0,Granito de Biotita,GB,409.61,1.445349,14453.49,3107.84,0.0005,5.0,5.0,10.0,0.003,30.0,1.381652,13816.52,3.93,6.0129,149.22,0.5,116.3,124.65,165.8,, , ,,1,0,0,0,0,0,,Granito de Biotita
2154,Point ZM,SJGG-223,5867472,672644,735.0,Granito de Biotita,GB,690.25,0.741235,7412.35,25.0,0.241892,2418.92,5.0,10.0,0.003,30.0,4.509311,45093.11,8.4,12.852,107.73,0.5,25.0,121.95,169.31,, , ,,1,0,0,0,0,0,,Granito de Biotita
2155,Point ZM,SJGG-224,5866146,672152,792.0,Granito de Biotita,GB,943.12,0.541822,5418.22,3088.21,0.396129,3961.29,5.0,10.0,0.003,30.0,4.48454,44845.4,9.67,14.7951,101.12,0.5,25.0,81.46,159.03,, , ,,1,0,0,0,0,0,,Granito de Biotita
2156,Point ZM,SJGG-225,5865387,670999,816.0,Granito de Biotita,GB,554.0,1.573391,15733.91,25.0,0.170582,1705.82,5.0,10.0,0.003,30.0,2.810189,28101.89,11.13,17.0289,58.7,0.5,25.0,91.31,45.0,, , ,,1,0,0,0,0,0,,Granito de Biotita
2157,Point ZM,SJGG-226,5866472,669014,845.0,Migmatita,MIG,786.15,1.543924,15439.24,892.06,0.248271,2482.71,5.0,10.0,0.003,30.0,3.432479,34324.79,16.05,24.5565,153.33,18.32,76.76,160.9,260.96,, , ,,0,0,0,0,0,0,,Migmatita
2158,Point ZM,SJGG-227,5866553,667890,871.0,Esquisto de Biotita,ESQB,723.15,1.874776,18747.76,347.25,0.666947,6669.47,5.0,10.0,0.003,30.0,7.27133,72713.3,28.42,43.4826,266.16,18.86,249.02,389.79,567.65,, , ,,0,0,0,0,0,0,,Esquisto de Biotita
2159,Point ZM,CMPR-37,5907079,683295,40.0,Arena de río,ARE,755.67,0.240263,2402.63,23945.33,0.289366,2893.66,5.0,10.0,0.003,30.0,5.210214,52102.14,11.66,17.8398,150.68,0.5,144.7,248.68,350.15,, , ,,1,0,0,0,0,0,,Arena
2160,Point ZM,CMPR-38,5907266,683147,52.0,Granito de biotita,GB,401.05,0.553091,5530.91,2162.28,0.173171,1731.71,5.0,10.0,0.003,30.0,3.936891,39368.91,19.06,29.1618,76.73,8.04,25.0,32.0,45.0,, , ,,0,0,0,0,0,0,,Granito de biotita
2161,Point ZM,CMPR-39,5914323,682879,363.0,Granito de biotita,GB,398.61,0.224716,2247.16,2112.45,0.320517,3205.17,5.0,10.0,0.003,30.0,4.805151,48051.51,8.31,12.7143,116.18,0.5,83.25,103.98,170.23,, , ,,1,0,0,0,0,0,,Granito de biotita
2162,Point ZM,CMPR-40,5914552,682330,383.0,Granito de biotita,GB,801.41,0.834481,8344.81,3920.66,0.0005,5.0,5.0,10.0,0.003,30.0,1.594768,15947.68,2.0,3.06,197.13,0.5,196.14,330.29,527.71,, , ,,1,0,0,0,0,0,,Granito de biotita
2163,Point ZM,CMPR-41A,5914537,681794,350.0,Diorita,DRT,326.17,0.295813,2958.13,2157.73,0.238796,2387.96,5.0,10.0,0.003,30.0,6.721185,67211.85,18.25,27.9225,126.13,0.5,84.0,175.85,283.86,, , ,,1,0,0,0,0,0,,Diorita
2164,Point ZM,CMPR-41B,5914537,681794,350.0,Diorita,DRT,625.56,0.396946,3969.46,12230.9,0.333236,3332.36,5.0,10.0,0.003,30.0,5.408242,54082.42,21.14,32.3442,223.92,11.18,181.24,328.47,526.92,, , ,,0,0,0,0,0,0,,Diorita
2165,Point ZM,CMPR-42,5914604,681672,334.0,Diorita cuarcifera,DRT,492.57,0.476659,4766.59,1791.06,0.352825,3528.25,5.0,10.0,0.003,30.0,7.07404,70740.4,25.04,38.3112,100.92,0.5,92.75,154.38,223.25,, , ,,1,0,0,0,0,0,,Diorita cuarcifera
2166,Point ZM,CMPR-43,5914673,681646,330.0,Granito de biotita,GB,581.06,0.34757,3475.7,1722.63,0.23732,2373.2,5.0,10.0,0.003,30.0,5.138397,51383.97,12.9,19.737,58.23,0.5,25.0,66.24,45.0,, , ,,1,0,0,0,0,0,,Granito de biotita
2167,Point ZM,CMPR-44,5913502,683312,381.0,Metapelita,MP,1123.3,0.479836,4798.36,2681.83,0.241772,2417.72,5.0,10.0,0.003,30.0,4.975413,49754.13,23.41,35.8173,295.55,28.77,213.51,360.89,614.37,, , ,,0,0,0,0,0,0,,Metapelita
2168,Point ZM,CMPR-45A,5912802,683083,372.0,Metapelita,MP,557.37,0.708703,7087.03,1998.03,0.230679,2306.79,5.0,10.0,0.003,30.0,5.539484,55394.84,18.01,27.5553,199.7,17.95,128.7,204.45,330.31,, , ,,0,0,0,0,0,0,,Metapelita
2169,Point ZM,CMPR-45B,5912802,683083,372.0,Metapelita,MP,612.54,0.648481,6484.81,1733.77,0.458441,4584.41,5.0,10.0,0.003,30.0,6.978218,69782.18,11.73,17.9469,87.27,46.54,25.0,81.21,162.51,, , ,,0,0,0,0,0,0,,Metapelita
2170,Point ZM,CMPR-46,5912282,682230,341.0,Granito de biotita,GB,580.62,0.396219,3962.19,1860.19,0.274392,2743.92,5.0,10.0,0.003,30.0,6.162914,61629.14,34.45,52.7085,65.76,17.52,25.0,32.0,45.0,, , ,,0,0,0,0,0,0,,Granito de biotita
2171,Point ZM,CMPR-47,5911459,681940,382.0,Metapelita,MP,497.79,0.299,2990.0,1914.27,0.195298,1952.98,5.0,10.0,0.003,30.0,4.285295,42852.95,19.14,29.2842,141.92,13.74,73.8,153.11,273.29,, , ,,0,0,0,0,0,0,,Metapelita
2172,Point ZM,CMPR-48,5911074,681422,403.0,Metapelita,MP,593.72,0.412393,4123.93,1823.44,0.134241,1342.41,5.0,10.0,0.003,30.0,2.760337,27603.37,21.56,32.9868,107.04,8.26,88.04,142.18,225.68,, , ,,0,0,0,0,0,0,,Metapelita
2173,Point ZM,CMPR-49,5910895,681161,403.0,Granito de biotita,GB,467.62,0.558599,5585.99,2321.38,0.0005,5.0,5.0,10.0,0.003,30.0,5.085516,50855.16,3.55,5.4315,94.17,15.02,25.0,115.49,150.5,, , ,,0,0,0,0,0,0,,Granito de biotita
2174,Point ZM,CMPR-50,5910339,680695,396.0,Granito de biotita,GB,447.31,0.646574,6465.74,2169.78,0.146019,1460.19,5.0,10.0,0.003,30.0,3.619904,36199.04,12.68,19.4004,85.59,8.04,25.0,32.0,45.0,, , ,,0,0,0,0,0,0,,Granito de biotita
2175,Point ZM,CMPR-51,5911193,680282,427.0,Granito de biotita,GB,334.29,0.566989,5669.89,1982.52,0.282527,2825.27,5.0,10.0,0.003,30.0,5.10378,51037.8,11.98,18.3294,161.46,11.97,94.88,151.14,255.16,, , ,,0,0,0,0,0,0,,Granito de biotita
2176,Point ZM,CMPR-52,5911859,680183,448.0,Granito de biotita,GB,420.45,0.377445,3774.45,2082.53,0.310012,3100.12,5.0,10.0,0.003,30.0,5.383614,53836.14,12.52,19.1556,148.59,9.4,91.4,189.24,261.55,, , ,,0,0,0,0,0,0,,Granito de biotita
2177,Point ZM,CMPR-53,5909831,681276,297.0,Granito de biotita,GB,567.12,0.669401,6694.01,1728.18,0.410009,4100.09,5.0,10.0,0.003,30.0,4.07368,40736.8,16.22,24.8166,30.0,11.42,65.09,72.04,113.98,, , ,,0,0,0,0,0,0,,Granito de biotita
2178,Point ZM,CMPR-54,5910232,680780,386.0,Metapelita,MP,837.79,0.348655,3486.55,2478.77,0.232085,2320.85,5.0,10.0,0.003,30.0,3.027687,30276.87,18.03,27.5859,121.5,16.98,79.39,112.96,269.11,, , ,,0,0,0,0,0,0,,Metapelita
2179,Point ZM,CMPR-55,5910774,681182,407.0,Metapelita,MP,517.78,1.051248,10512.48,2450.24,0.222351,2223.51,5.0,10.0,0.003,30.0,3.782811,37828.11,17.73,27.1269,177.16,14.08,186.94,266.71,414.44,, , ,,0,0,0,0,0,0,,Metapelita
2180,Point ZM,CMPR-56,5910472,682284,282.0,Granito de biotita,GB,403.38,0.478777,4787.77,1858.69,0.184198,1841.98,5.0,10.0,0.003,30.0,3.827386,38273.86,5.72,8.7516,52.54,13.41,25.0,68.14,120.71,, , ,,0,0,0,0,0,0,,Granito de biotita
2181,Point ZM,CMPR-57,5906971,682989,27.0,Metapelita,MP,759.78,0.659383,6593.83,2736.19,0.202708,2027.08,5.0,10.0,0.003,30.0,4.620055,46200.55,18.3,27.999,171.9,16.62,149.32,196.77,284.53,, , ,,0,0,0,0,0,0,,Metapelita
2182,Point ZM,CMPR-58,5907756,682152,41.0,Metapelita,MP,557.32,0.578312,5783.12,1856.32,0.19979,1997.9,5.0,10.0,0.003,30.0,3.455966,34559.66,20.43,31.2579,119.47,11.36,89.35,144.36,194.72,, , ,,0,0,0,0,0,0,DUP_1/2,Metapelita
2183,Point ZM,PBPR-70,5920245,680878,200.0,Granito de biotita,GB,578.92,0.584403,5844.03,1910.93,0.15614,1561.4,5.0,10.0,0.129481,1294.81,2.921529,29215.29,38.82,59.3946,30.0,12.75,79.93,32.0,117.99,101, , ,,0,0,0,0,0,0,,Granito de biotita
2184,Point ZM,PBPR-71,5919877,679923,233.0,Granito de biotita,GB,639.69,0.621962,6219.62,1936.42,0.279253,2792.53,5.0,10.0,0.003,30.0,4.560163,45601.63,7.25,11.0925,99.58,0.5,62.38,112.21,100.38,, , ,,1,0,0,0,0,0,,Granito de biotita
2185,Point ZM,PBPR-72,5917361,678966,78.0,Granito de biotita,GB,801.52,0.447465,4474.65,10093.63,0.197951,1979.51,5.0,10.0,0.003,30.0,3.717381,37173.81,16.03,24.5259,119.48,9.82,116.06,173.63,335.29,, , ,,0,0,0,0,0,0,,Granito de biotita
2186,Point ZM,PIPR-38,5911984,690162,189.0,Granito fino,GRF,438.92,0.795677,7956.77,2624.27,0.0005,5.0,5.0,10.0,0.003,30.0,1.766383,17663.83,13.51,20.6703,64.69,8.26,25.0,85.68,121.83,, , ,,0,0,0,0,0,0,,Granito Fino
2187,Point ZM,PIPR-39,5911361,690499,230.0,Granito de biotita,GB,461.14,0.893037,8930.37,1868.45,0.184754,1847.54,5.0,10.0,0.003,30.0,3.477995,34779.95,18.77,28.7181,92.48,12.24,66.56,104.7,139.26,, , ,,0,0,0,0,0,0,,Granito de biotita
2188,Point ZM,PIPR-40,5911236,691087,200.0,Granito de biotita,GB,457.73,0.598087,5980.87,2347.79,0.140748,1407.48,5.0,10.0,0.003,30.0,3.47421,34742.1,18.22,27.8766,137.59,74.93,87.34,156.97,236.24,, , ,,0,0,0,0,0,0,,Granito de biotita
2189,Point ZM,PIPR-41,5912429,691650,199.0,Granito de biotita,GB,518.95,0.514169,5141.69,2199.3,0.186303,1863.03,5.0,10.0,0.003,30.0,3.388155,33881.55,14.16,21.6648,82.12,0.5,67.86,94.86,176.94,, , ,,1,0,0,0,0,0,,Granito de biotita
2190,Point ZM,PIPR-42,5912505,690892,186.0,Granito de biotita,GB,535.71,0.257841,2578.41,6865.46,0.112376,1123.76,5.0,10.0,0.003,30.0,1.830266,18302.66,10.04,15.3612,119.5,13.78,119.35,213.42,321.14,, , ,,0,0,0,0,0,0,,Granito de biotita
2191,Point ZM,PIPR-43,5910774,693919,290.0,Granito de biotita,GB,346.91,0.437281,4372.81,2217.57,0.178225,1782.25,5.0,10.0,0.003,30.0,3.728473,37284.73,8.01,12.2553,70.25,12.01,25.0,32.0,112.13,, , ,,0,0,0,0,0,0,,Granito de biotita
2192,Point ZM,PIPR-44,5910184,692186,241.0,Granito de biotita,GB,436.5,0.517235,5172.35,2802.7,0.261772,2617.72,5.0,10.0,0.003,30.0,3.733273,37332.73,9.71,14.8563,122.46,9.38,94.73,140.65,175.93,, , ,,0,0,0,0,0,0,,Granito de biotita
2193,Point ZM,PIPR-45,5913258,690474,259.0,Granito de biotita,GB,540.85,0.446206,4462.06,1912.02,0.25285,2528.5,5.0,10.0,0.003,30.0,3.628918,36289.18,10.73,16.4169,61.04,11.16,25.0,32.0,45.0,, , ,,0,0,0,0,0,0,,Granito de biotita
2194,Point ZM,CHPR-70,5915451,691930,226.0,Granito de biotita,GB,405.12,0.333381,3333.81,2130.15,0.23027,2302.7,5.0,10.0,0.003,30.0,3.858059,38580.59,10.65,16.2945,62.04,9.68,25.0,69.42,45.0,, , ,,0,0,0,0,0,0,,Granito de biotita
2195,Point ZM,CHPR-71,5918327,690223,149.0,Granito de biotita,GB,553.63,0.196739,1967.39,1957.25,0.350186,3501.86,5.0,10.0,0.003,30.0,5.300348,53003.48,26.86,41.0958,30.0,0.5,25.0,32.0,45.0,50, , ,,1,0,0,0,0,0,DUP_1/3,Granito de biotita
2196,Point ZM,CHPR-71,5918327,690223,149.0,Granito de biotita,GB,455.3,0.28316,2831.6,2061.39,0.338905,3389.05,5.0,10.0,0.003,30.0,5.589461,55894.61,36.91,56.4723,94.87,0.5,25.0,91.62,148.58,, , ,,1,0,0,0,0,0,DUP_2/3,Granito de biotita
2197,Point ZM,CHPR-71,5918327,690223,149.0,Granito de biotita,GB,361.74,0.213128,2131.28,2435.13,0.266107,2661.07,5.0,10.0,0.003,30.0,5.072259,50722.59,27.97,42.7941,30.0,0.5,25.0,32.0,102.48,, , ,,1,0,0,0,0,0,DUP_3/3,Granito de biotita
2198,Point ZM,CHPR-72,5917689,690454,155.0,Granito de biotita,GB,433.5,0.558687,5586.87,2312.08,0.410405,4104.05,5.0,10.0,0.003,30.0,5.043308,50433.08,11.85,18.1305,99.02,0.5,25.0,87.72,187.8,65, , ,,1,0,0,0,0,0,,Granito de biotita
2199,Point ZM,CVBS-05,5930741,680582,156.0,Granito de biotita,GB,622.86,1.36654,13665.4,1597.63,0.220456,2204.56,5.0,10.0,0.003,30.0,3.396359,33963.59,11.33,17.3349,84.74,13.7,94.36,141.97,175.27,, , ,,0,0,0,0,0,0,,Granito de biotita
2200,Point ZM,CELCBS-21,5931477,681319,135.0,Diorita,DRT,2966.49,0.909816,9098.16,816.94,0.38158,3815.8,5.0,10.0,0.003,30.0,10.612882,106128.82,281.55,430.7715,213.08,0.5,190.12,229.56,445.48,, , ,,1,0,0,0,0,0,,Diorita
2201,Point ZM,CELCBS-22,5931348,681325,147.0,Granito de granate,GG,732.44,0.333201,3332.01,258.91,0.274857,2748.57,5.0,10.0,0.313103,3131.03,7.348494,73484.94,82.76,126.6228,475.22,126.17,281.39,228.42,411.86,, , ,,0,0,0,0,0,0,,Granito de Granate
2202,Point ZM,CELCBS-23,5931532,681483,147.0,Granito de granate,GG,622.51,0.61117,6111.7,465.07,0.321089,3210.89,5.0,10.0,0.315942,3159.42,7.556108,75561.08,117.43,179.6679,658.63,122.43,418.35,263.72,615.64,, , ,,0,0,0,0,0,0,,Granito de Granate
2203,Point ZM,CELCBS-24,5930551,680951,241.0,Granito de biotita,GB,481.26,1.078016,10780.16,25.0,0.165946,1659.46,5.0,10.0,0.003,30.0,3.251953,32519.53,7.91,12.1023,110.27,11.6,25.0,80.52,126.41,, , ,,0,0,0,0,0,0,,Granito de biotita
2204,Point ZM,CELCBS-25,5930626,681074,231.0,Metapelita,MP,475.98,1.040609,10406.09,543.75,0.214357,2143.57,5.0,10.0,0.003,30.0,2.407461,24074.61,13.7,20.961,163.48,0.5,118.57,179.36,275.64,, , ,,1,0,0,0,0,0,,Metapelita
2205,Point ZM,CELCBS-26,5930618,680839,198.0,Granito de biotita,GB,386.94,0.988853,9888.53,176.08,0.190968,1909.68,5.0,10.0,0.003,30.0,4.145101,41451.01,18.72,28.6416,124.23,0.5,115.54,156.58,228.46,, , ,,1,0,0,0,0,0,,Granito de biotita
2206,Point ZM,CELCBS-27,5931337,681156,158.0,Granito de biotita,GB,482.26,0.580555,5805.55,311.6,0.0005,5.0,5.0,10.0,0.003,30.0,2.140328,21403.28,22.46,34.3638,30.0,0.5,25.0,32.0,45.0,, , ,,1,0,0,0,0,0,,Granito de biotita
2207,Point ZM,CELCBS-28,5931322,681157,161.0,Granito de biotita,GB,558.21,1.205635,12056.35,25.0,0.220952,2209.52,5.0,10.0,0.14838,1483.8,5.842254,58422.54,44.15,67.5495,117.08,9.04,76.12,123.64,193.41,, , ,,0,0,0,0,0,0,,Granito de biotita
2208,Point ZM,CELCBS-29,5931184,680889,143.0,Zona de falla,ZF,440.86,1.757181,17571.81,25.0,0.191637,1916.37,5.0,10.0,0.003,30.0,4.07071,40707.1,23.09,35.3277,126.58,0.5,72.03,109.84,182.86,, , ,,1,0,0,0,0,0,,Zona de Falla
2209,Point ZM,CELCBS-30,5931189,681332,176.0,Granito de granate,GG,471.27,0.534397,5343.97,368.76,0.367427,3674.27,5.0,10.0,0.232958,2329.58,7.087918,70879.18,200.88,307.3464,493.53,94.58,332.93,237.15,493.1,, , ,,0,0,0,0,0,0,,Granito de Granate
2210,Point ZM,CELCBS-31,5931286,681379,177.0,Granito de granate,GG,771.25,0.321722,3217.22,660.66,0.258274,2582.74,5.0,10.0,0.003,30.0,7.990139,79901.39,66.07,101.0871,504.82,126.81,401.79,291.86,516.38,, , ,,0,0,0,0,0,0,,Granito de Granate
2211,Point ZM,CELCBS-32,5931058,682228,188.0,Metapelita,MP,525.28,0.485598,4855.98,326.19,0.219667,2196.67,5.0,10.0,0.003,30.0,8.170099,81700.99,87.23,133.4619,573.89,114.43,478.42,271.95,529.84,, , ,,0,0,0,0,0,0,,Metapelita
2212,Point ZM,CELCBS-33,5931109,682131,214.0,Granito de granate,GG,397.45,0.348705,3487.05,249.45,0.274252,2742.52,5.0,10.0,0.144684,1446.84,7.582143,75821.43,95.74,146.4822,495.31,80.61,285.66,171.97,387.34,, , ,,0,0,0,0,0,0,,Granito de Granate
2213,Point ZM,CMPR-58,5907756,682152,41.0,Granito de biotita,GB,863.46,0.558301,5583.01,2075.38,0.47015,4701.5,5.0,10.0,0.003,30.0,4.008705,40087.05,16.46,25.1838,77.31,13.32,25.0,32.0,45.0,, , ,,0,0,0,0,0,0,DUP_2/2,Granito de biotita
2214,Point ZM,CMPR-59,5911920,683257,248.0,Metapelita,MP,427.87,0.74056,7405.6,2086.17,0.289637,2896.37,5.0,10.0,0.003,30.0,5.683973,56839.73,15.58,23.8374,178.86,15.1,143.04,224.3,347.53,, , ,,0,0,0,0,0,0,,Metapelita
2215,Point ZM,CMPR-60,5911738,681974,362.0,Granito de biotita,GB,493.43,0.461147,4611.47,1704.75,0.227721,2277.21,5.0,10.0,0.003,30.0,3.942921,39429.21,6.15,9.4095,99.83,15.85,71.8,105.92,150.25,, , ,,0,0,0,0,0,0,,Granito de biotita
2216,Point ZM,CMPR-61,5914784,681738,324.0,Diorita Cuarcifera,DRT,553.99,0.441482,4414.82,2480.88,0.154322,1543.22,5.0,10.0,0.003,30.0,5.012773,50127.73,29.65,45.3645,101.9,0.5,25.0,86.98,176.41,, , ,,1,0,0,0,0,0,,Diorita Cuarcifera
2217,Point ZM,PBPR-73,5917122,681699,226.0,Granito de biotita grueso,GB,373.35,0.579241,5792.41,8368.67,0.289905,2899.05,5.0,10.0,0.003,30.0,3.764501,37645.01,16.97,25.9641,285.19,0.5,279.86,495.86,733.03,, , ,,1,0,0,0,0,0,,Granito de Biotita Grueso
2218,Point ZM,PBPR-74,5917036,681049,227.0,Granito de biotita fino,GRF,642.65,1.225777,12257.77,1858.29,0.0005,5.0,5.0,10.0,0.003,30.0,2.855719,28557.19,20.02,30.6306,30.0,0.5,25.0,32.0,45.0,, , ,,1,0,0,0,0,0,,Granito de Biotita Fino
2219,Point ZM,PBPR-75,5917003,680770,216.0,Granito de biotita fino,GRF,535.84,0.822681,8226.81,2676.29,0.145204,1452.04,5.0,10.0,0.003,30.0,8.599627,85996.27,20.07,30.7071,163.18,31.97,148.88,302.31,453.02,, , ,,0,0,0,0,0,0,,Granito de Biotita Fino
2220,Point ZM,PBPR-76,5917231,680328,147.0,Granito de biotita fino,GRF,513.2,1.460918,14609.18,2081.68,0.0005,5.0,5.0,10.0,0.003,30.0,2.10449,21044.9,20.35,31.1355,124.2,9.11,84.72,98.11,178.9,, , ,,0,0,0,0,0,0,,Granito de Biotita Fino
2221,Point ZM,PBPR-77,5917120,680222,139.0,Granito de biotita fino foliado,GRF,744.06,1.390264,13902.64,6231.97,0.0005,5.0,5.0,10.0,0.003,30.0,2.100538,21005.38,18.4,28.152,173.43,19.08,181.04,251.77,317.65,, , ,,0,0,0,0,0,0,,Granito de Biotita Fino
2222,Point ZM,PBPR-78A,5916970,679940,148.0,Granito de biotita fino foliado,GRF,1081.08,0.653734,6537.34,3192.38,0.0005,5.0,5.0,10.0,0.003,30.0,1.939286,19392.86,19.54,29.8962,204.06,18.16,129.44,213.12,400.95,, , ,,0,0,0,0,0,0,,Granito de Biotita Fino
2223,Point ZM,PBPR-78B,5916970,679940,148.0,Dique Tonalita Leucocrática, ,1112.6,0.35894,3589.4,3030.23,0.0005,5.0,5.0,10.0,0.003,30.0,0.43349,4334.9,24.3,37.179,62.61,0.5,66.59,79.93,182.79,, , ,,1,0,0,0,0,0,,Dique Tonalitico
2224,Point ZM,PBPR-79,5916817,679559,98.0,Granito de biotita,GB,1132.88,0.583913,5839.13,6131.48,0.0005,5.0,5.0,10.0,0.003,30.0,3.80142,38014.2,9.16,14.0148,148.92,13.96,129.82,265.86,313.61,, , ,,0,0,0,0,0,0,,Granito de biotita
2225,Point ZM,PBPR-80,5916980,679897,141.0,Diorita Porfídica,DRTP,1085.5,0.382911,3829.11,2856.86,0.0005,5.0,5.0,10.0,0.003,30.0,2.388387,23883.87,15.26,23.3478,163.39,17.05,153.55,236.71,349.45,, , ,,0,0,0,0,0,0,,Diorita Porfídica
2226,Point ZM,PBPR-81,5918094,681099,234.0,Granito de biotita,GB,623.88,0.396775,3967.75,1844.99,0.315677,3156.77,5.0,10.0,0.003,30.0,5.029645,50296.45,11.09,16.9677,100.87,0.5,93.27,104.14,186.31,, , ,,1,0,0,0,0,0,,Granito de biotita
2227,Point ZM,CMPR-62,5914998,681564,321.0,Granito de biotita,GB,477.44,0.4907,4907.0,2057.53,0.261743,2617.43,5.0,10.0,0.003,30.0,4.434692,44346.92,10.98,16.7994,78.09,10.56,25.0,32.0,45.0,, , ,,0,0,0,0,0,0,,Granito de biotita
2228,Point ZM,CMPR-63,5915097,681280,298.0,Granito de biotita,GB,639.24,0.339238,3392.38,1606.03,0.30228,3022.8,5.0,10.0,0.003,30.0,7.896854,78968.54,23.97,36.6741,95.33,13.39,70.83,107.12,189.84,, , ,,0,0,0,0,0,0,,Granito de biotita
2229,Point ZM,CMPR-64A,5914727,680534,240.0,Granito de biotita,GB,467.07,0.383075,3830.75,2332.58,0.206887,2068.87,5.0,10.0,0.003,30.0,4.325485,43254.85,9.37,14.3361,91.35,0.5,25.0,32.0,45.0,, , ,,1,0,0,0,0,0,,Granito de biotita
2230,Point ZM,CMPR-64B,5914727,680534,240.0,Granito de biotita,GB,971.82,0.436023,4360.23,10361.55,0.367086,3670.86,5.0,10.0,0.003,30.0,3.374447,33744.47,7.99,12.2247,327.05,0.5,310.8,529.78,744.66,, , ,,1,0,0,0,0,0,,Granito de biotita
2231,Point ZM,CMPR-65,5914296,680351,187.0,Granito de biotita,GB,648.76,0.433592,4335.92,2093.68,0.244036,2440.36,5.0,10.0,0.003,30.0,5.621078,56210.78,13.97,21.3741,68.21,8.45,25.0,98.94,114.81,, , ,,0,0,0,0,0,0,,Granito de biotita
2232,Point ZM,CMPR-66,5914276,680303,199.0,Diorita,DRT,2071.44,0.278656,2786.56,15558.38,0.297777,2977.77,5.0,10.0,0.003,30.0,3.496122,34961.22,12.14,18.5742,188.34,0.5,185.3,352.38,507.85,, , ,,1,0,0,0,0,0,,Diorita
2233,Point ZM,CMPR-67,5914141,680422,241.0,Granito de biotita,GB,630.69,0.565912,5659.12,1606.9,0.277228,2772.28,5.0,10.0,0.003,30.0,4.361613,43616.13,11.92,18.2376,30.0,10.04,25.0,32.0,45.0,, , ,,0,0,0,0,0,0,,Granito de biotita
2234,Point ZM,CMPR-68,5913038,681134,278.0,Diorita,DRT,1773.68,0.32612,3261.2,18193.63,0.248136,2481.36,5.0,10.0,0.003,30.0,4.491637,44916.37,8.68,13.2804,161.14,11.3,171.11,354.14,475.61,, , ,,0,0,0,0,0,0,,Diorita
2235,Point ZM,CMPR-69,5912976,681213,268.0,Diorita,DRT,531.0,0.296931,2969.31,3179.5,0.292051,2920.51,5.0,10.0,0.003,30.0,7.899528,78995.28,22.51,34.4403,80.16,0.5,62.22,108.49,161.85,, , ,,1,0,0,0,0,0,,Diorita
2236,Point ZM,CMPR-70,5913070,681501,305.0,Granito de biotita,GB,864.66,0.889166,8891.66,2400.37,0.25457,2545.7,5.0,10.0,0.003,30.0,3.386135,33861.35,37.92,58.0176,145.5,11.93,123.07,215.69,300.61,, , ,,0,0,0,0,0,0,,Granito de biotita
2237,Point ZM,CMPR-71,5912806,682306,320.0,Granito de biotita,GB,651.68,0.551417,5514.17,2045.46,0.245271,2452.71,5.0,10.0,0.003,30.0,4.500082,45000.82,10.26,15.6978,156.67,9.22,110.2,80.16,109.97,, , ,,0,0,0,0,0,0,,Granito de biotita
2238,Point ZM,CMPR-72,5914459,680152,193.0,Diorita,DRT,551.38,0.264175,2641.75,4162.73,0.225968,2259.68,5.0,574.19,0.003,30.0,6.450954,64509.54,14.25,21.8025,82.88,0.5,25.0,112.02,127.58,, , ,,1,0,0,0,0,0,,Diorita
2239,Point ZM,CMPR-73,5914588,680123,211.0,Granito de biotita grueso,GB,740.65,0.697701,6977.01,3215.15,0.0005,5.0,5.0,10.0,0.003,30.0,1.008844,10088.44,8.45,12.9285,100.7,16.83,95.36,148.9,180.77,, , ,,0,0,0,0,0,0,,Granito de Biotita Grueso
2240,Point ZM,CMPR-74,5914546,680051,220.0,Granito de biotita,GB,732.63,0.338454,3384.54,1894.61,0.178119,1781.19,5.0,10.0,0.003,30.0,4.063534,40635.34,23.36,35.7408,72.27,7.68,25.0,32.0,117.79,, , ,,0,0,0,0,0,0,,Granito de biotita
2241,Point ZM,CMPR-75,5914695,681857,331.0,Granito de biotita,GB,529.46,0.239687,2396.87,5118.46,0.0005,5.0,5.0,10.0,0.003,30.0,3.792034,37920.34,18.32,28.0296,30.0,11.21,25.0,32.0,45.0,, , ,,0,0,0,0,0,0,,Granito de biotita
2242,Point ZM,SJGG-228,5863810,674944,538.0,Granito de Biotita,GB,603.69,0.621629,6216.29,1024.16,0.249181,2491.81,5.0,10.0,0.003,30.0,4.225587,42255.87,11.95,18.2835,60.61,0.5,62.92,82.91,131.92,, , ,,1,0,0,0,0,0,,Granito de Biotita
2243,Point ZM,SJGG-229,5863610,674811,532.0,Granito de Biotita,GB,588.53,0.579529,5795.29,530.96,0.377496,3774.96,5.0,10.0,0.003,30.0,5.709788,57097.88,68.43,104.6979,92.65,0.5,104.05,143.64,151.41,274, , ,,1,0,0,0,0,0,,Granito de Biotita
2244,Point ZM,SJGG-230,5863753,674738,508.0,Granito de Biotita,GB,571.72,0.598291,5982.91,1204.51,0.231765,2317.65,5.0,10.0,0.003,30.0,3.991248,39912.48,20.87,31.9311,79.47,0.5,60.81,70.06,103.15,, , ,,1,0,0,0,0,0,,Granito de Biotita
2245,Point ZM,SJGG-231,5863704,674536,529.0,Granito de Biotita,GB,594.66,0.6628,6628.0,2473.87,0.301749,3017.49,5.0,10.0,0.003,30.0,4.719888,47198.88,12.78,19.5534,87.15,0.5,63.72,100.02,137.42,, , ,,1,0,0,0,0,0,,Granito de Biotita
2246,Point ZM,SJGG-232,5863668,674587,521.0,Granito de Biotita,GB,562.92,0.429681,4296.81,458.71,0.262964,2629.64,5.0,10.0,0.131175,1311.75,6.352417,63524.17,14.9,22.797,94.07,0.5,73.05,148.22,201.05,, , ,,1,0,0,0,0,0,,Granito de Biotita
2247,Point ZM,SJGG-233,5863735,674342,551.0,Granito de Biotita,GB,700.13,0.855266,8552.66,4759.8,0.261513,2615.13,5.0,10.0,0.003,30.0,4.356284,43562.84,36.97,56.5641,123.03,11.87,105.6,138.5,192.26,0, , ,,0,0,0,0,0,0,,Granito de Biotita
2248,Point ZM,SJGG-234,5863690,674084,576.0,Granito de Biotita,GB,613.02,0.618174,6181.74,3752.08,0.175744,1757.44,5.0,10.0,0.003,30.0,3.221465,32214.65,15.63,23.9139,62.64,9.69,25.0,32.0,45.0,, , ,,0,0,0,0,0,0,,Granito de Biotita
2249,Point ZM,SJGG-235,5863642,674145,583.0,Diorita,DRT,804.6,0.483899,4838.99,4543.51,0.208255,2082.55,5.0,10.0,0.003,30.0,6.471324,64713.24,8.21,12.5613,93.37,8.5,62.67,80.7,179.94,, , ,,0,0,0,0,0,0,,Diorita
2250,Point ZM,SJGG-235b,5863642,674145,583.0,Diorita,DRT,929.0,0.403825,4038.25,25682.38,0.287803,2878.03,5.0,10.0,0.175288,1752.88,6.40945,64094.5,11.65,17.8245,276.42,0.5,237.24,447.16,649.27,, , ,,1,0,0,0,0,0,,Diorita
2251,Point ZM,SJGG-236,5863221,674151,583.0,Granito de Biotita,GB,556.67,1.176268,11762.68,25.0,0.234011,2340.11,5.0,10.0,0.003,30.0,3.350458,33504.58,6.04,9.2412,93.25,0.5,64.57,75.37,101.21,, , ,,1,0,0,0,0,0,,Granito de Biotita
2252,Point ZM,SJGG-237,5863018,674108,569.0,Granito de Biotita,GB,644.7,1.005351,10053.51,3538.14,0.0005,5.0,5.0,10.0,0.003,30.0,2.589639,25896.39,7.32,11.1996,87.35,0.5,67.05,94.78,174.68,, , ,,1,0,0,0,0,0,,Granito de Biotita
2253,Point ZM,SJGG-238,5862381,673811,559.0,Granito de Biotita,GB,710.18,0.611118,6111.18,1628.79,0.323744,3237.44,5.0,10.0,0.003,30.0,4.334818,43348.18,203.17,310.8501,113.75,9.06,129.75,136.94,279.48,559, , ,,0,0,0,0,0,0,,Granito de Biotita
2254,Point ZM,SJGG-239,5862477,673529,520.0,Granito de Biotita,GB,831.4,0.578432,5784.32,6032.5,0.187029,1870.29,5.0,10.0,0.003,30.0,3.667971,36679.71,21.19,32.4207,99.37,8.05,25.0,32.0,128.02,, , ,,0,0,0,0,0,0,,Granito de Biotita
2255,Point ZM,SJGG-240,5862649,673131,560.0,Granito de Biotita,GB,790.0,1.594542,15945.42,25.0,0.264525,2645.25,5.0,10.0,0.003,30.0,4.07028,40702.8,17.12,26.1936,180.65,30.62,111.59,129.75,247.96,, , ,,0,0,0,0,0,0,,Granito de Biotita
2256,Point ZM,SJGG-241,5862793,673721,588.0,Granito de Biotita,GB,536.3,0.553587,5535.87,4091.19,0.187499,1874.99,5.0,10.0,0.003,30.0,3.731679,37316.79,19.69,30.1257,86.95,12.11,76.05,76.2,122.03,, , ,,0,0,0,0,0,0,,Granito de Biotita
2257,Point ZM,SJGG-242,5863583,674035,612.0,Granito de Biotita,GB,744.8,1.101492,11014.92,25.0,0.195279,1952.79,5.0,10.0,0.003,30.0,2.973619,29736.19,2.0,3.06,101.56,0.5,60.92,101.62,144.69,, , ,,1,0,0,0,0,0,,Granito de Biotita
2258,Point ZM,SJGG-243,5863526,673388,610.0,Granito de Biotita,GB,556.16,0.635719,6357.19,231.05,0.208181,2081.81,5.0,10.0,0.003,30.0,2.852776,28527.76,6.01,9.1953,131.77,7.84,25.0,76.18,129.98,, , ,,0,0,0,0,0,0,,Granito de Biotita
2259,Point ZM,SJGG-244,5863420,674950,501.0,Granito de Biotita,GB,429.87,0.688886,6888.86,25.0,0.301859,3018.59,5.0,10.0,0.003,30.0,4.149416,41494.16,23.73,36.3069,129.32,0.5,107.54,143.5,224.66,, , ,,1,0,0,0,0,0,,Granito de Biotita
2260,Point ZM,SJGG-245,5863355,674109,584.0,Aplita,AP,644.85,1.060143,10601.43,1264.44,0.0005,5.0,5.0,10.0,0.003,30.0,1.056843,10568.43,8.33,12.7449,139.9,0.5,110.33,128.95,267.68,, , ,,1,0,0,0,0,0,,Aplita
2261,Point ZM,SJGG-245b,5863355,674109,584.0,Aplita,AP,738.16,2.024977,20249.77,729.09,0.0005,5.0,5.0,10.0,0.003,30.0,0.206006,2060.06,2.0,3.06,121.0,18.97,95.02,219.55,292.33,, , ,,0,0,0,0,0,0,,Aplita
2262,Point ZM,SJGG-246,5862699,673972,537.0,Dique Aplitico,DAP,538.45,1.993959,19939.59,25.0,0.0005,5.0,5.0,10.0,0.003,30.0,0.797015,7970.15,3.42,5.2326,30.0,0.5,25.0,32.0,45.0,, , ,,1,0,0,0,0,0,,Dique Aplitico
2263,Point ZM,SJGG-247,5862699,673972,537.0,Granito de Biotita,GB,525.75,0.411857,4118.57,787.97,0.452285,4522.85,5.0,10.0,0.003,30.0,5.177788,51777.88,136.48,208.8144,125.55,13.87,127.06,162.79,244.66,425, , ,,0,0,0,0,0,0,,Granito de Biotita
2264,Point ZM,SJGG-248,5862386,673808,553.0,Dique Aplitico,DAP,508.21,2.001643,20016.43,182.63,0.0005,5.0,5.0,10.0,0.003,30.0,0.62031,6203.1,2.0,3.06,30.0,10.17,25.0,32.0,45.0,, , ,,0,0,0,0,0,0,,Dique Aplitico
2265,Point ZM,SJGG-249,5862373,673817,553.0,Dique Aplitico,DAP,700.4,2.31056,23105.6,25.0,0.0005,5.0,5.0,10.0,0.003,30.0,0.374537,3745.37,2.0,3.06,30.0,0.5,25.0,32.0,45.0,, , ,,1,0,0,0,0,0,,Dique Aplitico
2266,Point ZM,SJGG-250,5862354,673823,549.0,Granito de Biotita,GB,554.23,0.511414,5114.14,697.88,0.230345,2303.45,5.0,10.0,0.003,30.0,4.523202,45232.02,47.63,72.8739,110.97,0.5,140.52,167.23,282.43,199, , ,,1,0,0,0,0,0,,Granito de Biotita
2267,Point ZM,SJGG-251,5865574,672729,772.0,Granito de Biotita,GB,485.67,0.542686,5426.86,271.39,0.280291,2802.91,5.0,10.0,0.003,30.0,4.650665,46506.65,13.46,20.5938,139.05,8.99,84.18,114.11,180.76,, , ,,0,0,0,0,0,0,,Granito de Biotita
2268,Point ZM,SJGG-252,5865243,673169,732.0,Granito de Biotita,GB,479.95,0.503888,5038.88,2404.33,0.177029,1770.29,5.0,10.0,0.003,30.0,3.462829,34628.29,18.6,28.458,30.0,9.23,59.84,32.0,45.0,, , ,,0,0,0,0,0,0,,Granito de Biotita
2269,Point ZM,SJGG-253,5864963,671620,756.0,Granito de Biotita,GB,455.27,0.460038,4600.38,2024.13,0.0005,5.0,5.0,10.0,0.003,30.0,2.062564,20625.64,5.88,8.9964,30.0,48.54,25.0,32.0,45.0,, , ,,0,0,0,0,0,0,,Granito de Biotita
2270,Point ZM,SJGG-254,5864659,672363,755.0,Granito de Biotita,GB,483.57,0.462325,4623.25,7352.18,0.174439,1744.39,5.0,10.0,0.003,30.0,3.895366,38953.66,20.94,32.0382,30.0,0.5,61.31,81.63,105.84,, , ,,1,0,0,0,0,0,,Granito de Biotita
2271,Point ZM,SJGG-255,5864632,671165,749.0,Granito de Biotita,GB,550.43,0.565936,5659.36,25.0,0.128702,1287.02,5.0,10.0,0.003,30.0,2.38526,23852.6,15.51,23.7303,109.2,8.22,56.03,90.72,145.35,, , ,,0,0,0,0,0,0,,Granito de Biotita
2272,Point ZM,SJGG-256,5863962,670451,610.0,Granito de Biotita,GB,448.23,0.545592,5455.92,25.0,0.231266,2312.66,5.0,10.0,0.003,30.0,3.843711,38437.11,2.0,3.06,58.07,0.5,25.0,32.0,91.32,, , ,,1,0,0,0,0,0,,Granito de Biotita
2273,Point ZM,SJGG-257,5863736,670470,587.0,Granito de Biotita,GB,674.22,0.51559,5155.9,8304.5,0.235489,2354.89,5.0,10.0,0.003,30.0,4.735749,47357.49,22.43,34.3179,166.4,14.02,113.6,148.98,199.96,, , ,,0,0,0,0,0,0,,Granito de Biotita
2274,Point ZM,SJGG-258,5863137,671264,497.0,Granito de Biotita,GB,515.99,1.116718,11167.18,25.0,0.0005,5.0,5.0,10.0,0.003,30.0,2.07893,20789.3,3.51,5.3703,58.26,0.5,25.0,32.0,45.0,, , ,,1,0,0,0,0,0,,Granito de Biotita
2275,Point ZM,SJGG-259,5863185,671650,501.0,Granito de Biotita,GB,682.03,0.91636,9163.6,512.63,0.162421,1624.21,5.0,10.0,0.003,30.0,3.88249,38824.9,45.11,69.0183,145.99,0.5,122.78,141.32,232.43,203, , ,,1,0,0,0,0,0,,Granito de Biotita
2276,Point ZM,SJGG-260,5862874,671031,516.0,Granito de Biotita,GB,791.58,1.493227,14932.27,25.0,0.0005,5.0,5.0,10.0,0.003,30.0,1.246667,12466.67,2.0,3.06,30.0,13.32,25.0,93.36,103.51,, , ,,0,0,0,0,0,0,,Granito de Biotita
2277,Point ZM,SJGG-261,5862248,670771,412.0,Granito de Biotita,GB,650.16,1.503274,15032.74,523.59,0.0005,5.0,5.0,10.0,0.003,30.0,1.743773,17437.73,26.38,40.3614,58.72,0.5,25.0,77.75,45.0,, , ,,1,0,0,0,0,0,,Granito de Biotita
2278,Point ZM,SJGG-262,5864406,670169,602.0,Granito de Biotita,GB,749.27,0.78008,7800.8,1658.18,0.213365,2133.65,5.0,10.0,0.003,30.0,4.238009,42380.09,12.77,19.5381,81.98,0.5,25.0,104.29,45.0,, , ,,1,0,0,0,0,0,,Granito de Biotita
2279,Point ZM,SJGG-263,5864621,669601,593.0,Granito de Biotita,GB,1426.14,0.327136,3271.36,214.08,0.16231,1623.1,5.0,10.0,0.003,30.0,2.97094,29709.4,7.19,11.0007,91.31,0.5,91.25,129.88,206.65,, , ,,1,0,0,0,0,0,,Granito de Biotita
2280,Point ZM,SJGG-264,5864462,669263,616.0,Granito de Biotita,GB,588.56,0.657759,6577.59,2816.54,0.336478,3364.78,5.0,10.0,0.003,30.0,5.529248,55292.48,12.77,19.5381,146.71,13.21,117.27,175.32,296.41,, , ,,0,0,0,0,0,0,,Granito de Biotita
2281,Point ZM,SJGG-265,5864330,668818,682.0,Diorita,DRT,583.03,0.292818,2928.18,25.0,0.190446,1904.46,5.0,10.0,0.003,30.0,5.526651,55266.51,29.76,45.5328,134.03,0.5,89.37,170.14,282.76,, , ,,1,0,0,0,0,0,,Diorita
2282,Point ZM,SJGG-266,5868827,669661,799.0,Migmatita,MIG,426.02,0.782534,7825.34,25.0,0.323389,3233.89,5.0,10.0,0.003,30.0,5.077437,50774.37,27.26,41.7078,149.3,13.33,98.09,140.96,272.31,, , ,,0,0,0,0,0,0,,Migmatita
2283,Point ZM,SJGG-267,5867256,670250,831.0,Migmatita,MIG,884.82,0.293178,2931.78,449.54,0.139028,1390.28,5.0,10.0,0.003,30.0,2.166794,21667.94,3.42,5.2326,112.29,0.5,116.98,175.96,307.83,, , ,,1,0,0,0,0,0,,Migmatita
2284,Point ZM,SJGG-268,5868558,670897,762.0,Migmatita,MIG,525.21,0.503876,5038.76,184.06,0.159554,1595.54,5.0,10.0,0.003,30.0,3.7747,37747.0,10.02,15.3306,108.5,10.1,76.71,120.81,173.06,, , ,,0,0,0,0,0,0,,Migmatita
2285,Point ZM,SJGG-268b,5868558,670897,762.0,Migmatita,MIG,688.61,1.255192,12551.92,25.0,0.285006,2850.06,5.0,473.98,0.003,30.0,5.642633,56426.33,21.97,33.6141,209.45,26.8,172.85,234.52,392.87,, , ,,0,0,0,0,0,0,,Migmatita
2286,Point ZM,SJGG-269,5869533,670248,802.0,Esquisto de Biotita,ESQB,676.58,1.053361,10533.61,25.0,0.347732,3477.32,5.0,10.0,0.003,30.0,6.468737,64687.37,21.67,33.1551,188.43,13.21,127.11,219.99,321.23,, , ,,0,0,0,0,0,0,,Esquisto de Biotita
2287,Point ZM,SJGG-270,5870700,670599,658.0,Esquisto de Biotita,ESQB,750.17,0.314846,3148.46,25.0,0.0005,5.0,5.0,178.18,0.003,30.0,4.651693,46516.93,23.53,36.0009,77.82,23.07,85.63,105.38,123.43,, , ,,0,0,0,0,0,0,,Esquisto de Biotita
2288,Point ZM,SJGG-271,5869920,671528,595.0,Migmatita,MIG,792.04,0.671187,6711.87,25.0,0.211114,2111.14,5.0,10.0,0.003,30.0,3.44417,34441.7,8.9,13.617,131.47,12.64,94.15,156.54,183.11,, , ,,0,0,0,0,0,0,,Migmatita
2289,Point ZM,SJGG-272,5872877,671228,323.0,Esquisto de Biotita,ESQB,670.15,0.614944,6149.44,25.0,0.332282,3322.82,5.0,10.0,0.003,30.0,5.422137,54221.37,15.22,23.2866,119.3,12.1,78.46,140.78,253.26,, , ,,0,0,0,0,0,0,,Esquisto de Biotita
2290,Point ZM,PBPR-82,5919634,679699,281.0,Metapelita,MP,377.1,0.194274,1942.74,1630.39,0.280811,2808.11,5.0,10.0,0.003,30.0,5.549111,55491.11,6.36,9.7308,112.86,13.82,68.36,116.81,172.35,, , ,,0,0,0,0,0,0,,Metapelita
2291,Point ZM,PBPR-83,5919762,679682,267.0,Granito de biotita,GB,390.84,0.273383,2733.83,1981.45,0.191029,1910.29,5.0,10.0,0.164881,1648.81,4.797645,47976.45,6.03,9.2259,106.6,0.5,25.0,98.41,146.62,, , ,,1,0,0,0,0,0,,Granito de biotita
2292,Point ZM,PBPR-84,5919842,679682,263.0,Granito de biotita,GB,536.81,0.925665,9256.65,6504.19,0.172444,1724.44,5.0,10.0,0.003,30.0,3.062699,30626.99,12.24,18.7272,189.81,0.5,188.72,319.15,483.26,, , ,,1,0,0,0,0,0,,Granito de biotita
2293,Point ZM,CHPR-73,5915852,690919,235.0,Granito de Biotita porfidico,GBP,671.75,0.492677,4926.77,6636.16,0.199106,1991.06,5.0,10.0,0.003,30.0,2.674996,26749.96,3.29,5.0337,155.35,27.75,97.04,230.7,315.86,, , ,,0,0,0,0,0,0,,Granito de Biotita Porfidico
2294,Point ZM,PIPR-46,5913228,689900,171.0,Granito de biotita,GB,336.63,0.521404,5214.04,2752.14,0.199468,1994.68,5.0,10.0,0.003,30.0,3.98869,39886.9,21.08,32.2524,94.96,14.7,67.06,71.62,150.15,, , ,,0,0,0,0,0,0,,Granito de biotita
2295,Point ZM,MS_01,5932694,681044,181.0,Granito de Granate,GG,476.43,0.42725,4272.5,25.0,0.3678,3678.0,5.0,10.0,0.382362,3823.62,8.255861,82558.61,250.73,383.6169,626.71,179.08,530.46,316.73,680.45,, , ,,0,0,0,0,0,0,,Granito de Granate
2296,Point ZM,MS_02,5932594,682279,248.0,Diorita,DRT,795.08,0.174339,1743.39,232.49,0.0005,5.0,5.0,10.0,0.003,30.0,5.542673,55426.73,232.44,355.6332,353.58,29.75,411.48,296.48,524.87,, , ,,0,0,0,0,0,0,,Diorita
2297,Point ZM,MS_03,5932071,682389,229.0,Vetilla, ,590.03,0.720689,7206.89,25.0,1.698278,16982.78,5.0,10.0,0.206385,2063.85,3.716779,37167.79,125.07,191.3571,231.45,11.19,128.97,137.27,261.25,, , ,,0,0,0,0,0,0,,Vetilla
2298,Point ZM,MS-04,5931528,679606,74.0,Granito de biotita ?,GB,680.84,1.359937,13599.37,958.19,0.147285,1472.85,5.0,10.0,0.003,30.0,2.992753,29927.53,10.36,15.8508,90.36,0.5,79.45,144.71,198.65,, , ,,1,0,0,0,0,0,,Granito de Biotita
2299,Point ZM,MS-05,5931572,679644,73.0,Granito de biotita ?,GB,693.01,1.199659,11996.59,1101.16,0.680704,6807.04,5.0,10.0,0.225058,2250.58,2.840802,28408.02,11.43,17.4879,114.16,13.3,93.59,121.54,178.81,, , ,,0,0,0,0,0,0,,Granito de Biotita
2300,Point ZM,MS-06,5919296,688401,79.0,Pegmatita,PEG,954.11,1.768524,17685.24,1963.72,0.099767,997.67,5.0,10.0,0.003,30.0,1.349108,13491.08,2.0,3.06,119.17,0.5,110.17,228.86,345.26,, , ,,1,0,0,0,0,0,,Pegmatita
2301,Point ZM,MS-07,5947482,695864,334.0,Granito de biotita,GB,733.86,0.403434,4034.34,1925.48,0.251673,2516.73,5.0,10.0,0.003,30.0,4.125427,41254.27,23.62,36.1386,30.0,0.5,25.0,32.0,45.0,, , ,,1,0,0,0,0,0,,Granito de biotita
2302,Point ZM,MS-08,5947482,695864,0.0,Sedimento magnetita,SED,506.13,0.306184,3061.84,2143.67,0.547527,5475.27,5.0,10.0,0.414412,4144.12,2.750092,27500.92,29.2,44.676,333.59,19.55,187.45,308.71,522.09,, , ,,0,0,0,0,0,0,,Sedimento Magnetita
2303,Point ZM,MS-09,5968362,703398,25.0,Roca de Falla,RF,972.0,1.231488,12314.88,23717.91,0.287916,2879.16,5.0,10.0,0.003,30.0,4.383048,43830.48,27.72,42.4116,231.36,15.96,175.55,266.76,517.99,, ,B,,0,0,0,0,0,0,,Zona de Falla
2304,Point ZM,MS-10,0,0,0.0,Diorita Cuarcifera,DRT,986.01,0.492044,4920.44,21614.43,0.385667,3856.67,5.0,10.0,0.003,30.0,6.09617,60961.7,10.98,16.7994,240.95,11.77,214.77,377.47,621.96,, , ,,0,0,0,0,0,0,,Diorita Cuarcifera
2305,Point ZM,MS-11,5932820,681042,175.0,Granito de Biotita,GB,517.23,0.373396,3733.96,1972.13,0.0005,5.0,5.0,10.0,0.003,30.0,3.537345,35373.45,43.78,66.9834,199.54,22.21,109.39,127.36,191.61,, , ,,0,0,0,0,0,0,,Granito de Biotita
2306,Point ZM,MS-12,5932820,681046,176.0,Metapelita,MP,890.76,0.862648,8626.48,2556.78,0.256531,2565.31,5.0,10.0,0.003,30.0,4.40022,44002.2,29.8,45.594,185.64,12.46,172.3,217.95,373.35,, , ,,0,0,0,0,0,0,,Metapelita
2307,Point ZM,SJGG-273,5890046,679235,31.0,Granito de Biotita,GB,568.93,0.560741,5607.41,214.49,0.230355,2303.55,5.0,10.0,0.003,30.0,3.848006,38480.06,13.79,21.0987,73.92,9.98,55.82,81.31,171.38,, , ,,0,0,0,0,0,0,,Granito de Biotita
2308,Point ZM,PEPR-01,6023061,708395,40.0,Dique Aplitico?,DAP,912.37,1.057209,10572.09,3284.33,0.0005,5.0,5.0,10.0,0.003,30.0,1.231889,12318.89,26.19,40.0707,143.12,19.76,103.43,150.44,226.15,, ,B,,0,0,0,0,0,0,,Dique Aplitico
2309,Point ZM,PEPR-02,6019636,703802,39.0,Dique Andesita,DAND,1159.35,1.962281,19622.81,9804.9,0.0005,5.0,5.0,10.0,0.003,30.0,3.498305,34983.05,28.5,43.605,404.52,11.42,359.23,628.42,900.68,, ,B,,0,0,0,0,0,0,,Dique Andesita
2310,Point ZM,PEPR-03,6017815,703458,14.0,Granito rosado,GRK,573.03,0.179509,1795.09,10953.88,0.252943,2529.43,5.0,348.08,0.143364,1433.64,6.075478,60754.78,15.36,23.5008,162.36,0.5,119.85,228.4,364.04,, ,B,,1,0,0,0,0,0,,Granito Rosado
2311,Point ZM,PEPR-04A,6016758,703318,49.0,Tonalita de Anfibol,TON,576.69,0.327448,3274.48,9896.01,0.0005,5.0,5.0,10.0,0.003,30.0,3.196994,31969.94,12.55,19.2015,98.02,8.66,54.54,128.39,164.98,, ,B,,0,0,0,0,0,0,,Tonalita de Anfibol
2312,Point ZM,PEPR-04B,6016758,703318,49.0,Dique Andesita,DAND,574.65,0.802948,8029.48,13048.37,0.0005,5.0,5.0,10.0,0.003,30.0,4.116418,41164.18,28.16,43.0848,202.02,9.71,142.35,209.32,339.42,, ,B,,0,0,0,0,0,0,,Dique Andesita
2313,Point ZM,PEPR-04C,6016758,703318,49.0,Vetilla Qz Plg,VTT,459.51,0.150173,1501.73,20355.71,0.0005,5.0,5.0,10.0,0.003,30.0,2.074904,20749.04,7.48,11.4444,30.0,0.5,25.0,32.0,45.0,, ,B,,1,0,0,0,0,0,,Vetilla Cuarzo-Plagioclasa
2314,Point ZM,PEPR-05A,6016664,702923,101.0,Diorita finas cuarcifera de biotita,DRT,417.27,0.619113,6191.13,2068.2,0.279894,2798.94,5.0,10.0,0.003,30.0,4.471007,44710.07,17.35,26.5455,30.0,0.5,25.0,95.88,99.47,, ,B,,1,0,0,0,0,0,,Diorita Cuarcifera de Biotita
2315,Point ZM,PEPR-05B,6016664,702923,101.0,Diorita finas cuarcifera de biotita,DRT,524.58,0.334034,3340.34,2538.15,0.247221,2472.21,5.0,10.0,0.003,30.0,5.971888,59718.88,22.04,33.7212,98.19,0.5,65.25,127.89,268.36,, ,B,,1,0,0,0,0,0,,Diorita Cuarcifera de Biotita
2316,Point ZM,PEPR-05C,6016664,702923,101.0,Diorita finas cuarcifera de biotita,DRT,372.54,0.284305,2843.05,2080.99,0.389699,3896.99,5.0,10.0,0.003,30.0,7.94519,79451.9,25.27,38.6631,102.74,0.5,101.4,184.03,276.68,39, ,B,,1,0,0,0,0,0,,Diorita Cuarcifera de Biotita
2317,Point ZM,PEPR-05D,6016664,702923,101.0,Diorita finas cuarcifera de biotita,DRT,464.27,0.110156,1101.56,2266.88,0.230205,2302.05,5.0,10.0,0.003,30.0,6.256439,62564.39,14.88,22.7664,98.15,0.5,64.48,140.55,154.95,, ,B,,1,0,0,0,0,0,,Diorita Cuarcifera de Biotita
2318,Point ZM,PEPR-05E,6016664,702923,101.0,Diorita finas cuarcifera de biotita,DRT,276.36,0.111989,1119.89,2362.76,0.355559,3555.59,5.0,10.0,0.003,30.0,6.415846,64158.46,13.66,20.8998,30.0,0.5,25.0,97.21,145.45,, ,B,,1,0,0,0,0,0,,Diorita Cuarcifera de Biotita
2319,Point ZM,PEPR-05F,6016664,702923,101.0,Diorita finas cuarcifera de biotita,DRT,628.12,0.945808,9458.08,19065.44,0.390275,3902.75,5.0,10.0,0.003,30.0,4.194555,41945.55,25.42,38.8926,272.36,16.78,263.94,463.93,774.67,, ,B,,0,0,0,0,0,0,,Diorita Cuarcifera de Biotita
2320,Point ZM,PEPR-06A,6016482,700017,12.0,Granito rosado,GRK,832.77,1.657534,16575.34,3037.3,0.0005,5.0,5.0,10.0,0.003,30.0,0.585976,5859.76,7.97,12.1941,121.2,9.33,120.97,182.83,284.88,, ,B,,0,0,0,0,0,0,,Granito Rosado
2321,Point ZM,PEPR-06B,6016482,700017,12.0,Dique Andesita,DAND,2045.27,1.225409,12254.09,3104.83,0.0005,5.0,5.0,10.0,0.003,30.0,2.418704,24187.04,27.02,41.3406,159.54,18.5,141.59,238.48,329.14,, ,B,,0,0,0,0,0,0,,Dique Andesita
2322,Point ZM,PEPR-07,6016478,700064,20.0,Granito rosado,GRK,1025.39,0.044118,441.18,1967.26,0.288708,2887.08,5.0,10.0,0.003,30.0,7.307723,73077.23,14.67,22.4451,68.42,0.5,25.0,32.0,45.0,, ,B,,1,0,0,0,0,0,,Granito Rosado
2323,Point ZM,PEPR-08A,6011545,701009,35.0,Diorita fina,DRT,766.05,0.277192,2771.92,1779.94,0.593624,5936.24,5.0,10.0,0.003,30.0,8.954511,89545.11,84.15,128.7495,73.16,0.5,118.78,108.21,199.8,88, ,B,,1,0,0,0,0,0,,Diorita Fina
2324,Point ZM,PEPR-08B,6011545,701009,35.0,Diorita fina,DRT,558.38,0.130822,1308.22,1914.54,0.68199,6819.9,5.0,10.0,0.003,30.0,8.801288,88012.88,55.06,84.2418,168.7,0.5,124.44,200.93,286.32,81, ,B,,1,0,0,0,0,0,,Diorita Fina
2325,Point ZM,PEPR-08C,6011545,701009,35.0,Diorita fina,DRT,447.06,0.15478,1547.8,1897.76,0.543177,5431.77,5.0,10.0,0.003,30.0,7.563289,75632.89,41.31,63.2043,231.77,0.5,156.39,211.72,361.35,61, ,B,,1,0,0,0,0,0,,Diorita Fina
2326,Point ZM,PEPR-08D,6011545,701009,35.0,Diorita fina,DRT,604.43,0.265042,2650.42,2574.41,0.207589,2075.89,5.0,10.0,0.003,30.0,4.805462,48054.62,24.38,37.3014,30.0,12.61,25.0,32.0,45.0,36, ,B,,0,0,0,0,0,0,,Diorita Fina
2327,Point ZM,PEPR-08E,6011545,701009,35.0,Diorita fina,DRT,652.26,0.196062,1960.62,2064.57,0.123962,1239.62,5.0,10.0,0.003,30.0,3.10083,31008.3,21.86,33.4458,30.0,13.99,25.0,32.0,45.0,18, ,B,,0,0,0,0,0,0,,Diorita Fina
2328,Point ZM,PEPR-08F,6011545,701009,35.0,Diorita fina,DRT,659.54,0.155985,1559.85,2024.22,0.218113,2181.13,5.0,10.0,0.003,30.0,3.492637,34926.37,16.3,24.939,30.0,15.26,25.0,32.0,45.0,127, ,B,,0,0,0,0,0,0,,Diorita Fina
2329,Point ZM,PEPR-09,6019263,703758,21.0,Metapelita recristalizada,MP,1175.36,0.569806,5698.06,4566.65,0.184205,1842.05,5.0,10.0,0.003,30.0,1.870912,18709.12,4.01,6.1353,120.8,7.18,127.81,158.37,218.68,, ,B,,0,0,0,0,0,0,,Metapelita Recristalizada
2330,Point ZM,PEPR-10,6027020,715680,223.0,Granito rosado,GRK,722.91,0.290967,2909.67,2671.88,0.0005,5.0,5.0,10.0,0.003,30.0,2.259872,22598.72,26.67,40.8051,111.74,12.75,58.55,83.48,125.37,, ,B,,0,0,0,0,0,0,,Granito Rosado
2331,Point ZM,PEPR-11A,6019730,703989,53.0,Arenisca media,ARE,656.38,0.002,20.0,2125.18,0.417128,4171.28,5.0,10.0,0.162933,1629.33,12.362809,123628.09,8.87,13.5711,87.3,8.05,25.0,115.19,138.85,, ,B,,0,0,0,0,0,0,,Arenisca
2332,Point ZM,PEPR-11B,6019730,703989,53.0,Dique Andesita,DAND,571.5,1.869831,18698.31,4298.62,0.0005,5.0,5.0,10.0,0.003,30.0,0.996477,9964.77,12.79,19.5687,200.5,16.98,147.1,253.93,397.7,, ,B,,0,0,0,0,0,0,,Dique Andesita
2333,Point ZM,PEPR-12,6021133,706083,40.0,Dique tonalitico?,DTON,1203.52,0.899179,8991.79,3206.19,0.160678,1606.78,5.0,10.0,0.003,30.0,4.730418,47304.18,25.09,38.3877,108.68,8.93,25.0,116.51,189.86,15, ,B,,0,0,0,0,0,0,,Dique Tonalitico
2334,Point ZM,PEPR-13,6024440,710865,114.0,Arena,AR,433.07,0.226047,2260.47,9953.34,0.248687,2486.87,5.0,10.0,0.003,30.0,4.820559,48205.59,14.64,22.3992,110.28,0.5,66.39,191.83,296.37,, ,B,,1,0,0,0,0,0,,Arena
2335,Point ZM,PEPR-14,6022165,712742,188.0,Metapelita,MP,398.38,0.331884,3318.84,2405.5,0.22855,2285.5,5.0,10.0,0.003,30.0,2.647097,26470.97,19.15,29.2995,69.05,12.91,62.29,68.82,94.77,, ,B,,0,0,0,0,0,0,,Metapelita
2336,Point ZM,PEPR-15,6022071,713507,83.0,Diorita de Anfibol y biotita,DAB,411.26,0.133981,1339.81,7292.66,0.0005,5.0,5.0,439.97,0.003,30.0,4.224502,42245.02,8.24,12.6072,98.01,0.5,25.0,122.43,213.43,, ,B,,1,0,0,0,0,0,,Diorita de Anfibol y biotita
2337,Point ZM,PEPR-15B,6022071,713507,83.0,Diorita de Anfibol y biotita,DAB,349.57,0.079408,794.08,7594.89,0.0005,5.0,5.0,10.0,0.003,30.0,1.318562,13185.62,7.86,12.0258,30.0,19.51,25.0,100.76,206.65,, ,B,,0,0,0,0,0,0,,Diorita de Anfibol y biotita
2338,Point ZM,PEPR-16,6022127,713623,55.0,Metapelita recristalizada,MP,588.0,1.262217,12622.17,4733.32,0.0005,5.0,5.0,10.0,0.003,30.0,7.421094,74210.94,27.96,42.7788,246.93,31.61,198.22,336.54,598.73,, ,B,,0,0,0,0,0,0,,Metapelita Recristalizada
2339,Point ZM,PEPR-17,6022335,711970,181.0,Porfido dacítico,PD,257.8,0.326834,3268.34,4532.29,0.0005,5.0,5.0,152.79,0.003,30.0,0.160427,1604.27,23.91,36.5823,195.73,19.5,161.44,234.55,360.91,, ,B,,0,0,0,0,0,0,,Porfido Dacitico
2340,Point ZM,PEPR-18,6022156,712007,206.0,Porfido dacítico,PD,419.26,0.199456,1994.56,2106.06,0.0005,5.0,5.0,181.93,0.003,30.0,2.409224,24092.24,22.72,34.7616,30.0,14.56,25.0,32.0,45.0,, ,B,,0,0,0,0,0,0,,Porfido Dacitico
2341,Point ZM,PEPR-19,6021376,712053,325.0,Metapelita,MP,669.38,0.320373,3203.73,2495.74,0.27024,2702.4,5.0,10.0,0.003,30.0,4.309597,43095.97,7.72,11.8116,30.0,10.86,25.0,32.0,45.0,, ,B,,0,0,0,0,0,0,,Metapelita
2342,Point ZM,PEPR-20,6020664,712333,401.0,Diorita de Anfibol y biotita,DAB,996.32,0.465778,4657.78,9572.04,1.481975,14819.75,1436.85,10.0,0.003,30.0,5.5867,55867.0,12.46,19.0638,232.45,14.71,202.75,403.23,649.48,, ,B,,0,0,0,0,0,0,,Diorita de Anfibol y biotita
2343,Point ZM,PEPR-21,6018940,712158,423.0,Metapelita,MP,498.34,0.733554,7335.54,2197.0,0.24824,2482.4,5.0,10.0,0.003,30.0,3.895263,38952.63,10.25,15.6825,30.0,10.72,25.0,32.0,45.0,, ,B,,0,0,0,0,0,0,,Metapelita
2344,Point ZM,PEPR-22,6016618,711912,509.0,Filita,FI,632.04,0.732352,7323.52,2193.95,0.224636,2246.36,5.0,10.0,0.003,30.0,3.507791,35077.91,3.12,4.7736,94.23,11.81,25.0,32.0,45.0,, ,B,,0,0,0,0,0,0,,Filita
2345,Point ZM,PEPR-23,6016079,711154,546.0,Filita,FI,377.5,0.537626,5376.26,2074.01,0.0005,5.0,5.0,10.0,0.003,30.0,5.694861,56948.61,4.72,7.2216,30.0,14.77,25.0,32.0,45.0,, ,B,,0,0,0,0,0,0,,Filita
2346,Point ZM,PEPR-24,6016345,710373,568.0,Metapelita recristalizada,MP,727.2,0.649298,6492.98,4009.7,0.308647,3086.47,5.0,10.0,0.003,30.0,4.03404,40340.4,47.49,72.6597,176.7,10.68,147.26,253.04,433.6,, ,B,,0,0,0,0,0,0,,Metapelita Recristalizada
2347,Point ZM,PEPR-25,6016451,710136,565.0,Diorita de Anfibol y biotita,DAB,907.71,0.185236,1852.36,3664.17,0.0005,5.0,5.0,10.0,0.003,30.0,7.717567,77175.67,104.75,160.2675,286.92,10.77,235.43,207.78,375.44,18, ,B,,0,0,0,0,0,0,,Diorita de Anfibol y biotita
2348,Point ZM,PEPR-26,6017273,709853,530.0,Diorita de Anfibol y biotita,DAB,572.68,0.93861,9386.1,1892.37,0.166471,1664.71,5.0,10.0,0.003,30.0,3.575192,35751.92,21.73,33.2469,83.15,13.16,51.67,84.06,139.28,, ,B,,0,0,0,0,0,0,,Diorita de Anfibol y biotita
2349,Point ZM,PEPR-27A,6018240,709900,502.0,Granito rosado,GRK,551.42,1.159876,11598.76,1839.99,0.0005,5.0,5.0,10.0,0.003,30.0,1.680124,16801.24,4.54,6.9462,30.0,14.04,25.0,32.0,45.0,, ,B,,0,0,0,0,0,0,,Granito Rosado
2350,Point ZM,PEPR-27B,6018240,709900,502.0,Granito rosado,GRK,835.51,1.295584,12955.84,9084.03,0.0005,5.0,5.0,10.0,0.003,30.0,0.972819,9728.19,16.68,25.5204,177.09,13.26,157.34,254.0,414.28,, ,B,,0,0,0,0,0,0,,Granito Rosado
2351,Point ZM,PEPR-28,6019785,709576,434.0,Metapelita,MP,603.46,0.822184,8221.84,2138.17,0.161473,1614.73,5.0,10.0,0.003,30.0,4.214793,42147.93,12.57,19.2321,63.01,16.08,25.0,32.0,45.0,, ,B,,0,0,0,0,0,0,,Metapelita
2352,Point ZM,PEPR-29A,6019960,709573,404.0,Diorita finas cuarcifera de biotita,DRT,487.44,0.508542,5085.42,1910.22,0.229065,2290.65,5.0,10.0,0.003,30.0,3.617106,36171.06,45.02,68.8806,30.0,0.5,25.0,32.0,45.0,131, ,B,,1,0,0,0,0,0,,Diorita Cuarcifera de Biotita
2353,Point ZM,PEPR-29B,6019960,709573,404.0,Diorita finas cuarcifera de biotita,DRT,488.08,0.412217,4122.17,2189.66,0.246366,2463.66,5.0,10.0,0.003,30.0,4.206332,42063.32,83.33,127.4949,88.87,0.5,72.8,130.81,217.93,258, ,B,,1,0,0,0,0,0,,Diorita Cuarcifera de Biotita
2354,Point ZM,PEPR-29C,6019960,709573,404.0,Diorita finas cuarcifera de biotita,DRT,463.43,0.778965,7789.65,2069.97,0.288495,2884.95,5.0,10.0,0.003,30.0,4.884631,48846.31,133.03,203.5359,30.0,10.07,25.0,88.25,45.0,451, ,B,,0,0,0,0,0,0,,Diorita Cuarcifera de Biotita
2355,Point ZM,PEPR-29D,6019960,709573,404.0,Diorita finas cuarcifera de biotita,DRT,277.88,0.497536,4975.36,2001.08,0.250918,2509.18,5.0,10.0,0.003,30.0,5.433707,54337.07,202.83,310.3299,30.0,0.5,25.0,32.0,45.0,531, ,B,,1,0,0,0,0,0,,Diorita Cuarcifera de Biotita
2356,Point ZM,PEPR-29E,6019960,709573,404.0,Diorita finas cuarcifera de biotita,DRT,387.76,1.038622,10386.22,10070.74,0.265008,2650.08,5.0,10.0,0.003,30.0,3.61411,36141.1,20.68,31.6404,234.46,16.35,171.72,344.85,505.08,, ,B,,0,0,0,0,0,0,,Diorita Cuarcifera de Biotita
2357,Point ZM,PEPR-30,6021267,709160,240.0,Metapelita recristalizada,MP,611.14,0.192943,1929.43,1849.78,0.0005,5.0,5.0,224.65,0.003,30.0,4.322704,43227.04,14.79,22.6287,82.92,9.45,25.0,32.0,109.46,, ,B,,0,0,0,0,0,0,,Metapelita Recristalizada
2358,Point ZM,PEPR-31,6024892,711629,72.0,Filita,FI,618.2,0.980965,9809.65,2443.55,0.301826,3018.26,5.0,10.0,0.003,30.0,9.833703,98337.03,28.35,43.3755,281.8,1.77,229.53,396.34,642.56,, ,B,,0,0,0,0,0,0,,Filita
2359,Point ZM,PEPR-32,6023739,713149,78.0,Filita,FI,662.51,0.402747,4027.47,1969.44,0.149897,1498.97,5.0,10.0,0.003,30.0,4.806809,48068.09,19.63,30.0339,55.8,0.5,25.0,32.0,45.0,, ,B,,1,0,0,0,0,0,,Filita
2360,Point ZM,PEPR-33,6024962,712853,121.0,Filita,FI,396.46,0.041763,417.63,2255.46,0.26036,2603.6,5.0,10.0,0.003,30.0,5.431093,54310.93,4.12,6.3036,30.0,0.5,25.0,32.0,45.0,, ,B,,1,0,0,0,0,0,,Filita
2361,Point ZM,PEPR-34,6026430,713069,129.0,Dique Diorita con orbiculos,DDRT,704.01,1.482258,14822.58,2270.43,0.0005,5.0,5.0,10.0,0.003,30.0,2.056798,20567.98,22.4,34.272,148.48,15.85,129.66,231.75,369.41,, ,B,,0,0,0,0,0,0,,Dique Diorita
2362,Point ZM,PEPR-35,6027272,713160,99.0,Filita,FI,723.07,0.954179,9541.79,3334.81,0.197117,1971.17,5.0,10.0,0.003,30.0,3.91702,39170.2,20.03,30.6459,143.96,27.37,123.2,226.74,439.47,, ,B,,0,0,0,0,0,0,,Filita
2363,Point ZM,PEPR-36A,6016661,704443,103.0,Diorita finas cuarcifera de biotita,DRT,280.39,0.683701,6837.01,3844.84,0.306044,3060.44,5.0,10.0,0.003,30.0,4.212116,42121.16,28.01,42.8553,94.57,8.54,25.0,118.52,173.18,33, ,B,,0,0,0,0,0,0,,Diorita Cuarcifera de Biotita
2364,Point ZM,PEPR-36B,6016661,704443,103.0,Diorita finas cuarcifera de biotita,DRT,876.41,1.015727,10157.27,18296.9,0.328032,3280.32,5.0,10.0,0.003,30.0,3.459387,34593.87,21.61,33.0633,221.67,14.1,204.74,346.34,589.97,, ,B,,0,0,0,0,0,0,,Diorita Cuarcifera de Biotita
2365,Point ZM,PEPR-37,6016682,704836,162.0,Granito rosado,GRK,504.82,0.710657,7106.57,2386.43,0.0005,5.0,5.0,10.0,0.003,30.0,2.090103,20901.03,55.42,84.7926,62.19,14.67,77.81,71.97,132.9,57, ,B,,0,0,0,0,0,0,,Granito Rosado
2366,Point ZM,PEPR-38,6016247,706030,223.0,Granito rosado,GRK,422.69,0.141962,1419.62,2073.42,0.119719,1197.19,5.0,10.0,0.003,30.0,1.96571,19657.1,22.59,34.5627,52.59,7.86,25.0,32.0,45.0,, ,B,,0,0,0,0,0,0,,Granito Rosado
2367,Point ZM,PEPR-39,6015819,706329,275.0,Granito rosado,GRK,464.36,1.453162,14531.62,2149.45,0.0005,5.0,5.0,10.0,0.003,30.0,1.384274,13842.74,50.69,77.5557,30.0,16.27,25.0,32.0,45.0,233, ,B,,0,0,0,0,0,0,,Granito Rosado
2368,Point ZM,PEPR-40,6015850,706575,320.0,Granito rosado,GRK,574.8,1.524118,15241.18,1771.23,0.0005,5.0,5.0,10.0,0.003,30.0,0.995998,9959.98,34.7,53.091,30.0,15.17,25.0,32.0,45.0,0, ,B,,0,0,0,0,0,0,,Granito Rosado
2369,Point ZM,PEPR-41,6015906,706978,381.0,Granito rosado,GRK,354.17,0.120419,1204.19,1649.02,0.0005,5.0,5.0,10.0,0.217911,2179.11,3.010878,30108.78,5.53,8.4609,353.55,15.07,25.0,76.32,45.0,, ,B,,0,0,0,0,0,0,,Granito Rosado
2370,Point ZM,PEPR-42,6016045,707976,460.0,Granito rosado,GRK,499.73,0.652186,6521.86,4082.63,0.0005,5.0,5.0,10.0,0.003,30.0,2.009043,20090.43,21.09,32.2677,85.06,15.18,58.21,88.88,110.89,, ,B,,0,0,0,0,0,0,,Granito Rosado
2371,Point ZM,PEPR-433,6014626,707727,483.0,Granito rosado,GRK,454.28,0.098762,987.62,1783.04,0.138977,1389.77,5.0,10.0,0.003,30.0,2.699974,26999.74,6.93,10.6029,105.1,9.59,25.0,83.83,45.0,, ,B,,0,0,0,0,0,0,,Granito Rosado
2372,Point ZM,PEPR-44,6013519,708468,486.0,Granito rosado,GRK,539.13,0.40714,4071.4,1991.33,0.392785,3927.85,5.0,10.0,0.003,30.0,7.478495,74784.95,6.03,9.2259,119.41,10.76,87.05,160.25,285.99,, ,B,,0,0,0,0,0,0,,Granito Rosado
2373,Point ZM,PEPR-45,6013364,708440,480.0,Metapelita recristalizada,MP,539.77,0.192564,1925.64,1814.57,0.0005,5.0,5.0,10.0,0.003,30.0,3.914529,39145.29,14.95,22.8735,165.55,15.22,129.58,203.5,300.75,, ,B,,0,0,0,0,0,0,,Metapelita Recristalizada
2374,Point ZM,PEPR-46,6014879,709067,555.0,Metapelita,MP,178.03,0.922251,9222.51,2214.1,0.214036,2140.36,5.0,10.0,0.003,30.0,5.111247,51112.47,10.1,15.453,187.44,7.63,149.26,261.7,402.93,, ,B,,0,0,0,0,0,0,,Metapelita
2375,Point ZM,PEPR-47,6013024,709893,556.0,Metapelita,MP,661.83,0.241979,2419.79,2358.99,0.283643,2836.43,5.0,10.0,0.003,30.0,8.406126,84061.26,13.05,19.9665,201.02,22.58,181.65,268.61,469.34,, ,B,,0,0,0,0,0,0,,Metapelita
2376,Point ZM,PEPR-48,6012579,710066,541.0,Metapelita,MP,444.27,0.551751,5517.51,2334.33,0.299367,2993.67,5.0,10.0,0.003,30.0,3.838385,38383.85,8.56,13.0968,119.34,9.35,76.76,175.97,259.05,, ,B,,0,0,0,0,0,0,,Metapelita
2377,Point ZM,PEPR-49,6012591,710176,535.0,Metapelita,MP,1012.76,0.052544,525.44,2460.02,0.0005,5.0,5.0,10.0,0.003,30.0,3.015108,30151.08,17.97,27.4941,30.0,24.97,25.0,32.0,45.0,, ,B,,0,0,0,0,0,0,,Metapelita
2378,Point ZM,PEPR-50,6014432,710995,539.0,Metapelita,MP,554.34,0.108016,1080.16,2107.48,0.115373,1153.73,5.0,10.0,0.003,30.0,2.818045,28180.45,7.66,11.7198,30.0,14.1,25.0,32.0,45.0,, ,B,,0,0,0,0,0,0,,Metapelita
2379,Point ZM,PEPR-51,6017160,708899,530.0,Granito rosado,GRK,641.88,0.692829,6928.29,2214.25,0.0005,5.0,5.0,10.0,0.003,30.0,1.433547,14335.47,6.88,10.5264,30.0,17.77,25.0,32.0,45.0,, ,B,,0,0,0,0,0,0,,Granito Rosado
2380,Point ZM,PEPR-52,6017251,708071,482.0,Granito rosado,GRK,440.82,0.105479,1054.79,2166.16,0.153353,1533.53,5.0,10.0,0.003,30.0,2.754419,27544.19,8.08,12.3624,52.21,16.27,25.0,32.0,45.0,, ,B,,0,0,0,0,0,0,,Granito Rosado
2381,Point ZM,PEPR-53,6018092,706892,343.0,Granito rosado,GRK,741.13,0.699863,6998.63,2630.54,0.174589,1745.89,5.0,10.0,0.003,30.0,3.591967,35919.67,25.9,39.627,30.0,9.73,25.0,32.0,45.0,, ,B,,0,0,0,0,0,0,,Granito Rosado
2382,Point ZM,PEPR-54,6020792,708104,233.0,Granito rosado,GRK,563.27,0.181806,1818.06,3605.8,0.300151,3001.51,5.0,588.91,0.003,30.0,9.662298,96622.98,185.61,283.9833,86.47,8.48,162.51,150.93,321.0,248, ,B,,0,0,0,0,0,0,,Granito Rosado
2383,Point ZM,PEPR-55,6020624,708729,257.0,Metapelita,MP,556.25,0.279315,2793.15,2190.44,0.262111,2621.11,5.0,10.0,0.003,30.0,3.563825,35638.25,18.22,27.8766,118.27,8.85,91.17,120.72,200.55,, ,B,,0,0,0,0,0,0,,Metapelita
2384,Point ZM,PEPR-56,6015646,704096,170.0,Granito rosado,GRK,357.66,0.0967,967.0,2178.2,0.255549,2555.49,5.0,10.0,0.003,30.0,4.959066,49590.66,6.2,9.486,94.2,8.94,81.52,140.08,226.93,, ,B,,0,0,0,0,0,0,,Granito Rosado
2385,Point ZM,COPR-01,6009249,700646,33.0,Diorita fina,DRT,539.79,0.161776,1617.76,2307.46,0.233054,2330.54,5.0,10.0,0.003,30.0,7.867739,78677.39,32.0,48.96,127.64,0.5,128.01,174.86,299.86,18, ,B,,1,0,0,0,0,0,,Diorita Fina
2386,Point ZM,COPR-02,6007023,700608,60.0,Diorita fina,DRT,517.65,1.393347,13933.47,2256.55,0.0005,5.0,5.0,10.0,0.003,30.0,1.476516,14765.16,46.1,70.533,55.73,16.95,25.0,79.52,45.0,92, ,B,,0,0,0,0,0,0,,Diorita Fina
2387,Point ZM,COPR-03,6005157,700563,16.0,Metapelita recristalizada,MP,704.28,0.636885,6368.85,4118.64,0.0005,5.0,5.0,10.0,0.584999,5849.99,4.51162,45116.2,27.94,42.7482,273.85,23.18,223.19,322.12,481.2,, ,B,,0,0,0,0,0,0,,Metapelita Recristalizada
2388,Point ZM,COPR-04A,6005344,699463,15.0,Diorita de Anfibol y biotita,DAB,527.36,0.337679,3376.79,13604.41,0.0005,5.0,5.0,321.24,0.003,30.0,4.669345,46693.45,23.57,36.0621,242.3,14.48,249.46,419.63,682.37,, ,B,,0,0,0,0,0,0,,Diorita de Anfibol y biotita
2389,Point ZM,COPR-04B,6005344,699463,15.0,Dique Andesita,DAND,702.03,0.124311,1243.11,102433.83,0.465573,4655.73,5.0,10.0,0.003,30.0,6.256709,62567.09,26.75,40.9275,268.01,10.41,216.68,376.12,657.95,, ,B,Ca_ALTO(102433.83ppm),0,0,0,0,0,0,,Dique Andesita
2390,Point ZM,COPR-05A,6010880,701244,30.0,Granito rosado,GRK,545.32,1.525432,15254.32,2737.05,0.305629,3056.29,5.0,10.0,0.003,30.0,4.016681,40166.81,105.06,160.7418,142.63,15.1,138.93,194.94,336.8,60, ,B,,0,0,0,0,0,0,,Granito Rosado
2391,Point ZM,COPR-05B,6010880,701244,30.0,Vetilla de oxidos negros,VTT,608.7,0.639173,6391.73,2285.46,0.0005,5.0,5.0,10.0,0.504299,5042.99,3.330278,33302.78,68.14,104.2542,224.22,8.53,25.0,32.0,45.0,, ,B,,0,0,0,0,0,0,,Vetilla de Oxidos
2392,Point ZM,COPR-07,6011063,703573,266.0,Granodiorita,GRD,525.25,0.871129,8711.29,5068.29,0.0005,5.0,5.0,10.0,0.003,30.0,0.716195,7161.95,11.67,17.8551,159.63,12.67,128.75,191.78,331.87,, ,B,,0,0,0,0,0,0,,Granodiorita
2393,Point ZM,COPR-06,6011539,703378,158.0,Granito rosado,GRK,631.16,0.757394,7573.94,2373.12,0.205904,2059.04,5.0,10.0,0.003,30.0,5.161198,51611.98,15.65,23.9445,61.63,1.04,25.0,32.0,45.0,, ,B,,0,0,0,0,0,0,,Granito Rosado
2394,Point ZM,COPR-08A,6010454,705017,443.0,Diorita fina,DRT,658.3,0.049139,491.39,2350.61,0.257489,2574.89,5.0,305.09,0.003,30.0,5.965846,59658.46,2.39,3.6567,128.68,0.5,94.1,144.81,186.38,, ,B,,1,0,0,0,0,0,,Diorita Fina
2395,Point ZM,COPR-08B,6010454,705017,443.0,Diorita fina,DRT,456.76,0.29503,2950.3,3531.64,0.0005,5.0,5.0,10.0,0.217056,2170.56,6.632652,66326.52,50.27,76.9131,262.37,16.17,228.87,348.24,572.21,, ,B,,0,0,0,0,0,0,,Diorita Fina
2396,Point ZM,COPR-09,6009191,706831,422.0,Metapelita,MP,865.28,0.483801,4838.01,1987.24,0.160872,1608.72,5.0,10.0,0.003,30.0,4.937115,49371.15,18.21,27.8613,116.05,12.38,25.0,89.8,135.48,, ,B,,0,0,0,0,0,0,,Metapelita
2397,Point ZM,COPR-10,6007896,704407,396.0,Filita,FI,661.36,0.578871,5788.71,1999.03,0.204744,2047.44,5.0,10.0,0.003,30.0,5.828841,58288.41,17.83,27.2799,76.22,16.16,25.0,32.0,105.73,, ,B,,0,0,0,0,0,0,,Filita
2398,Point ZM,COPR-11A,6007738,703690,364.0,Granito rosado,GRK,592.82,0.797928,7979.28,2020.8,0.0005,5.0,5.0,10.0,0.003,30.0,2.043358,20433.58,39.4,60.282,30.0,11.52,25.0,32.0,45.0,83, ,B,,0,0,0,0,0,0,,Granito Rosado
2399,Point ZM,COPR-11B,6007738,703690,364.0,Granito rosado,GRK,576.67,1.050761,10507.61,1768.93,0.0005,5.0,5.0,10.0,0.003,30.0,2.560557,25605.57,18.49,28.2897,30.0,13.46,25.0,32.0,45.0,, ,B,,0,0,0,0,0,0,,Granito Rosado
2400,Point ZM,COPR-12,6005780,701558,48.0,Diorita fina,DRT,774.21,0.082002,820.02,3564.58,0.537852,5378.52,5.0,513.75,0.003,30.0,7.582735,75827.35,16.54,25.3062,127.35,0.5,99.79,190.44,311.48,, ,B,,1,0,0,0,0,0,,Diorita Fina
2401,Point ZM,COPR-13,6005378,698375,37.0,Diorita de Anfibol y biotita,DAB,715.09,0.34198,3419.8,12024.1,0.0005,5.0,5.0,293.47,0.003,30.0,5.109741,51097.41,19.92,30.4776,30.0,0.5,25.0,91.15,113.7,, ,B,,1,0,0,0,0,0,,Diorita de Anfibol y biotita
2402,Point ZM,CUPR-01A,6021771,714749,28.0,Diorita de Anfibol y biotita,DAB,588.93,0.382586,3825.86,7775.57,0.28927,2892.7,5.0,10.0,0.003,30.0,5.684317,56843.17,24.13,36.9189,60.68,0.5,53.4,107.13,168.22,, ,B,,1,0,0,0,0,0,,Diorita de Anfibol y biotita
2403,Point ZM,CUPR-01B,6021771,714749,29.0,Diorita de Anfibol y biotita,DAB,704.97,0.424052,4240.52,20262.12,0.490822,4908.22,5.0,10.0,0.003,30.0,5.478231,54782.31,17.18,26.2854,197.02,15.01,203.18,393.38,628.73,, ,B,,0,0,0,0,0,0,,Diorita de Anfibol y biotita
2404,Point ZM,SJGG-274,5863610,674811,533.0,Granito de Biotita,GB,427.92,0.607473,6074.73,1803.75,0.309741,3097.41,5.0,10.0,0.003,30.0,5.483173,54831.73,18.89,28.9017,70.71,0.5,69.02,115.22,221.06,135, , ,,1,0,0,0,0,0,,Granito de Biotita
2405,Point ZM,SJGG-275,5863610,674811,534.0,Granito de Biotita,GB,322.59,0.570356,5703.56,2013.3,0.250944,2509.44,5.0,10.0,0.003,30.0,5.232614,52326.14,24.92,38.1276,119.62,0.5,99.65,167.69,241.6,363, , ,,1,0,0,0,0,0,,Granito de Biotita
2406,Point ZM,SJGG-276,5860121,673026,323.0,Granito de Biotita,GB,380.24,0.427839,4278.39,6751.28,0.191619,1916.19,5.0,10.0,0.003,30.0,4.124932,41249.32,18.18,27.8154,127.73,0.5,112.83,155.56,276.39,596, , ,,1,0,0,0,0,0,,Granito de Biotita
2407,Point ZM,SJGG-277,5859455,666998,386.0,Granito de Biotita,GB,379.91,0.295006,2950.06,5544.1,0.0005,5.0,5.0,273.65,0.003,30.0,2.890884,28908.84,134.93,206.4429,121.07,10.75,125.29,91.3,258.67,386, , ,,0,0,0,0,0,0,,Granito de Biotita
2408,Point ZM,CAPR-01A,6017520,736365,170.0,Tonalita de biotita,TON,564.27,0.323331,3233.31,8253.3,0.466135,4661.35,5.0,10.0,0.003,30.0,8.979438,89794.38,19.3,29.529,174.47,13.84,143.33,240.94,341.53,0, ,B,,0,0,0,0,0,0,,Tonalita de biotita
2409,Point ZM,CAPR-01B,6017520,736365,170.0,Dique Aplita afanitica,DAP,518.7,1.385628,13856.28,3525.75,0.0005,5.0,5.0,10.0,0.003,30.0,1.368786,13687.86,7.6,11.628,126.56,13.85,99.42,163.68,244.31,, ,B,,0,0,0,0,0,0,,Dique Aplitico
2410,Point ZM,CAPR-01C,6017520,736365,170.0,Dique Aplita afanitica,DAP,484.12,0.343797,3437.97,10080.68,0.167239,1672.39,5.0,10.0,0.003,30.0,5.213615,52136.15,7.47,11.4291,93.7,0.5,94.8,164.42,312.47,0, ,B,,1,0,0,0,0,0,,Dique Aplitico
2411,Point ZM,CAPR-01D,6017520,736365,170.0,Dique Microdiorita,DMD,513.47,0.537185,5371.85,7159.53,0.269405,2694.05,5.0,10.0,0.003,30.0,5.424607,54246.07,24.56,37.5768,176.54,15.58,150.33,286.49,432.72,0, ,B,,0,0,0,0,0,0,,Dique Microdiorita
2412,Point ZM,CAPR-02,6018554,736225,278.0,Tonalita de biotita,TON,315.35,0.39959,3995.9,12126.74,0.0005,5.0,5.0,10.0,0.003,30.0,3.924831,39248.31,19.77,30.2481,142.51,16.31,125.45,227.7,359.11,, ,B,,0,0,0,0,0,0,,Tonalita de biotita
2413,Point ZM,CAPR-03A,6016966,735548,179.0,Dique Microdiorita,DMDRT,433.43,0.398307,3983.07,4773.96,0.3806,3806.0,5.0,10.0,0.003,30.0,5.102812,51028.12,17.94,27.4482,126.99,8.63,95.45,206.13,240.17,, ,B,,0,0,0,0,0,0,,Dique Microdiorita
2414,Point ZM,CAPR-03B,6016966,735548,179.0,Dique Microdiorita,DMDRT,955.85,0.596307,5963.07,13829.17,0.297402,2974.02,5.0,10.0,0.16554,1655.4,5.15358,51535.8,24.37,37.2861,235.27,13.88,150.84,321.94,542.07,, ,B,,0,0,0,0,0,0,,Dique Microdiorita
2415,Point ZM,CAPR-04A,6017292,734552,216.0,Tonalita de biotita,TON,575.6,0.281771,2817.71,11858.38,0.229905,2299.05,5.0,10.0,0.003,30.0,5.45942,54594.2,20.23,30.9519,176.5,10.54,156.8,266.44,389.89,, ,B,,0,0,0,0,0,0,,Tonalita de biotita
2416,Point ZM,CAPR-04B,6017292,734552,216.0,Tonalita de biotita,TON,736.4,0.28523,2852.3,8227.13,0.0005,5.0,5.0,10.0,0.003,30.0,6.986098,69860.98,21.41,32.7573,155.76,10.26,97.94,162.22,313.78,, ,B,,0,0,0,0,0,0,,Tonalita de biotita
2417,Point ZM,CAPR-04C,6017292,734552,216.0,Tonalita de biotita,TON,346.3,0.397904,3979.04,7556.54,0.3075,3075.0,5.0,10.0,0.003,30.0,4.921667,49216.67,13.97,21.3741,161.96,0.5,115.18,193.27,295.38,, ,B,,1,0,0,0,0,0,,Tonalita de biotita
2418,Point ZM,CAPR-04D,6017292,734552,216.0,Tonalita de biotita,TON,444.4,0.396121,3961.21,10213.94,0.227006,2270.06,5.0,10.0,0.003,30.0,3.836886,38368.86,10.26,15.6978,108.68,0.5,113.8,206.34,330.27,, ,B,,1,0,0,0,0,0,,Tonalita de biotita
2419,Point ZM,CAPR-05,6015299,733560,251.0,Dique Microdiorita,DMDRT,613.16,1.218721,12187.21,6873.08,0.21554,2155.4,5.0,10.0,0.003,30.0,3.22314,32231.4,11.24,17.1972,114.63,18.15,103.2,134.54,199.25,, ,B,,0,0,0,0,0,0,,Dique Microdiorita
2420,Point ZM,CAPR-06,6018555,731810,214.0,Tonalita de biotita,TON,433.7,0.574897,5748.97,7871.34,0.223974,2239.74,5.0,10.0,0.003,30.0,4.361931,43619.31,14.69,22.4757,170.88,0.5,104.97,172.85,341.53,, ,B,,1,0,0,0,0,0,,Tonalita de biotita
2421,Point ZM,CAPR-07,6018226,731194,242.0,Metapelita recristalizada,MP,431.09,0.002,20.0,1908.16,0.352596,3525.96,5.0,376.09,0.003,30.0,7.099745,70997.45,12.39,18.9567,30.0,0.5,25.0,79.94,128.96,, ,B,,1,0,0,0,0,0,,Metapelita Recristalizada
2422,Point ZM,CAPR-08,6021583,732908,207.0,Tonalita de biotita,TON,484.98,0.55169,5516.9,1789.97,0.290368,2903.68,5.0,10.0,0.003,30.0,4.200163,42001.63,25.59,39.1527,30.0,8.74,25.0,32.0,45.0,, ,B,,0,0,0,0,0,0,,Tonalita de biotita
2423,Point ZM,TAPR-01,5992980,697436,94.0,Cuarzoarenita,QARE,453.07,0.118699,1186.99,2695.34,0.14365,1436.5,5.0,10.0,0.003,30.0,1.759988,17599.88,2.4,3.672,30.0,0.5,25.0,32.0,45.0,, ,B,,1,0,0,0,0,0,,Cuarzoarenita
2424,Point ZM,TAPR-02,5991527,696949,55.0,Lutita?,LUT,439.76,1.061075,10610.75,2689.76,0.217108,2171.08,5.0,313.36,0.003,30.0,3.2253,32253.0,18.08,27.6624,59.64,8.03,25.0,32.0,45.0,, ,B,,0,0,0,0,0,0,,Lutita
2425,Point ZM,TAPR-03,5987939,696892,10.0,Dique tonalitico,DTON,361.24,1.328415,13284.15,3173.13,0.0005,5.0,5.0,150.27,0.003,30.0,1.2884,12884.0,18.8,28.764,232.18,11.71,189.39,316.03,495.86,, ,B,,0,0,0,0,0,0,,Dique Tonalitico
2426,Point ZM,COPR14,6004858,701974,27.0,Tonalita de biotita,TON,516.65,1.150192,11501.92,4107.6,0.0005,5.0,5.0,10.0,0.296847,2968.47,2.979676,29796.76,16.64,25.4592,218.54,14.16,160.25,229.24,357.1,, ,B,,0,0,0,0,0,0,,Tonalita de biotita
2427,Point ZM,COPR-15,6004018,701384,218.0,Tonalita de biotita,TON,757.41,0.473381,4733.81,1874.78,0.0005,5.0,5.0,108.11,0.003,30.0,1.23973,12397.3,20.17,30.8601,30.0,13.58,25.0,32.0,45.0,, ,B,,0,0,0,0,0,0,,Tonalita de biotita
2428,Point ZM,COPR-16,6004260,698607,181.0,Metapelita,MP,662.04,0.478565,4785.65,3144.26,0.208849,2088.49,5.0,10.0,0.003,30.0,4.400621,44006.21,18.73,28.6569,68.15,16.35,69.49,125.7,128.22,, ,B,,0,0,0,0,0,0,,Metapelita
2429,Point ZM,COPR-17,6010897,701286,44.0,Granito rosado,GRK,377.66,0.318163,3181.63,1781.42,0.0005,5.0,5.0,10.0,0.003,30.0,1.695503,16955.03,6.45,9.8685,30.0,10.11,25.0,32.0,45.0,, ,B,,0,0,0,0,0,0,,Granito Rosado
2430,Point ZM,COPR-18,6010149,704435,437.0,Granito rosado,GRK,711.0,1.51438,15143.8,1977.7,0.0005,5.0,5.0,155.89,0.003,30.0,1.06308,10630.8,18.96,29.0088,56.91,11.73,25.0,32.0,45.0,, ,B,,0,0,0,0,0,0,,Granito Rosado
2431,Point ZM,COPR-19,6009978,704404,421.0,Granito rosado,GRK,563.96,1.186538,11865.38,3421.48,0.0005,5.0,5.0,10.0,0.003,30.0,1.524695,15246.95,46.96,71.8488,121.08,12.43,142.15,173.23,286.86,, ,B,,0,0,0,0,0,0,,Granito Rosado
2432,Point ZM,COPR-20,6009780,704010,420.0,Diorita de Anfibol y biotita,DRT,250.65,0.575451,5754.51,2160.17,0.0005,5.0,5.0,10.0,0.003,30.0,2.679071,26790.71,6.4,9.792,85.3,8.6,25.0,32.0,45.0,, ,B,,0,0,0,0,0,0,,Diorita de Anfibol y biotita
2433,Point ZM,COPR-21A,6011288,706409,357.0,Diorita de Anfibol y biotita,DRT,361.2,0.09201,920.1,2400.38,0.367003,3670.03,5.0,10.0,0.003,30.0,6.955173,69551.73,36.26,55.4778,178.47,0.5,152.95,247.12,398.04,60, ,B,,1,0,0,0,0,0,,Diorita de Anfibol y biotita
2434,Point ZM,COPR-21B,6011288,706409,357.0,Diorita de Anfibol y biotita,DRT,273.31,0.266535,2665.35,2487.19,0.255203,2552.03,5.0,388.64,0.003,30.0,5.647821,56478.21,26.72,40.8816,96.04,0.5,75.56,141.55,177.69,, ,B,,1,0,0,0,0,0,,Diorita de Anfibol y biotita
2435,Point ZM,COPR-22A,6011550,706872,360.0,Diorita de Anfibol y biotita,DRT,243.68,0.189894,1898.94,2183.84,0.23138,2313.8,5.0,10.0,0.003,30.0,5.415446,54154.46,48.71,74.5263,30.0,9.66,25.0,70.14,45.0,168, ,B,,0,0,0,0,0,0,,Diorita de Anfibol y biotita
2436,Point ZM,COPR-22B,6011550,706872,360.0,Diorita de Anfibol y biotita,DRT,651.97,0.65137,6513.7,21376.07,0.306888,3068.88,5.0,10.0,0.003,30.0,4.167432,41674.32,36.8,56.304,239.95,13.05,202.37,339.66,562.68,, ,B,,0,0,0,0,0,0,,Diorita de Anfibol y biotita
2437,Point ZM,COPR-22C,6011550,706872,360.0,Diorita de Anfibol y biotita,DRT,313.31,0.222587,2225.87,2098.51,0.227184,2271.84,5.0,10.0,0.152697,1526.97,6.071578,60715.78,51.77,79.2081,30.0,0.5,62.44,86.91,137.85,155, ,B,,1,0,0,0,0,0,,Diorita de Anfibol y biotita
2438,Point ZM,COPR-23,6012024,706544,440.0,Diorita de Anfibol y biotita,DRT,298.28,0.222876,2228.76,2250.58,0.263061,2630.61,843.17,379.45,0.003,30.0,6.293239,62932.39,16.83,25.7499,132.43,0.5,94.0,129.44,280.8,, ,B,,1,0,0,0,0,0,,Diorita de Anfibol y biotita
2439,Point ZM,COPR-24,6012254,706179,432.0,Diorita de Anfibol y biotita,DRT,260.45,0.216965,2169.65,1994.12,0.227032,2270.32,5.0,10.0,0.003,30.0,5.327255,53272.55,17.86,27.3258,61.11,11.62,25.0,67.96,45.0,, ,B,,0,0,0,0,0,0,,Diorita de Anfibol y biotita
2440,Point ZM,COPR-25,6012210,706222,431.0,Diorita de Anfibol y biotita,DRT,302.69,0.167313,1673.13,2104.02,0.339886,3398.86,5.0,10.0,0.003,30.0,5.397087,53970.87,157.97,241.6941,116.67,8.54,140.03,131.54,231.37,892, ,B,,0,0,0,0,0,0,,Diorita de Anfibol y biotita
2441,Point ZM,COPR-26,6012950,705484,393.0,Granito rosado,GRK,289.56,0.094315,943.15,2179.17,0.151931,1519.31,5.0,10.0,0.003,30.0,2.992652,29926.52,3.94,6.0282,30.0,0.5,51.01,76.08,104.02,, ,B,,1,0,0,0,0,0,,Granito Rosado
2442,Point ZM,COPR-27,6012630,706776,319.0,Diorita fina,DRT,648.17,0.939724,9397.24,3859.97,0.168029,1680.29,5.0,10.0,0.003,30.0,1.577875,15778.75,5.84,8.9352,168.98,9.05,125.57,209.71,316.49,, ,B,,0,0,0,0,0,0,,Diorita Fina
2443,Point ZM,COPR-28,6011958,707138,395.0,Diorita fina,DRT,561.01,0.258206,2582.06,19480.67,0.312232,3122.32,5.0,10.0,0.003,30.0,6.619301,66193.01,26.82,41.0346,187.39,15.61,210.54,372.62,672.25,, ,B,,0,0,0,0,0,0,,Diorita Fina
2444,Point ZM,COPR-29,6010156,710684,451.0,Metapelita,MP,337.78,0.447828,4478.28,2421.77,0.414439,4144.39,5.0,10.0,0.003,30.0,6.502243,65022.43,16.04,24.5412,120.74,11.33,130.42,209.01,339.91,, ,B,,0,0,0,0,0,0,,Metapelita
2445,Point ZM,COPR-30,6011031,709444,492.0,Metapelita,MP,788.64,1.024362,10243.62,2626.78,0.191372,1913.72,5.0,10.0,0.003,30.0,5.029975,50299.75,4.42,6.7626,180.35,19.7,147.35,239.71,371.45,, ,B,,0,0,0,0,0,0,,Metapelita
2446,Point ZM,COPR-31,6011622,707562,463.0,Diorita fina,DRT,261.52,0.049556,495.56,2282.0,0.283746,2837.46,5.0,10.0,0.188186,1881.86,8.228161,82281.61,5.0,7.65,233.39,0.5,70.62,185.7,301.17,, ,B,,1,0,0,0,0,0,,Diorita Fina
2447,Point ZM,COPR-32,6012097,708007,483.0,Dique dacítico,DDA,306.3,0.057588,575.88,2060.54,0.0005,5.0,5.0,10.0,0.003,30.0,1.395737,13957.37,13.41,20.5173,30.0,15.63,25.0,32.0,45.0,, ,B,,0,0,0,0,0,0,,Dique Dacitico
2448,Point ZM,COPR-33,6012402,707896,479.0,Metapelita,MP,355.55,0.112762,1127.62,2346.77,0.235311,2353.11,5.0,10.0,0.003,30.0,4.256057,42560.57,14.85,22.7205,65.72,13.53,25.0,32.0,45.0,, ,B,,0,0,0,0,0,0,,Metapelita
2449,Point ZM,COPR-34,6012957,707137,320.0,Diorita fina,DRT,485.29,0.081477,814.77,2883.91,0.381782,3817.82,5.0,10.0,0.003,30.0,7.266067,72660.67,20.09,30.7377,167.92,9.2,160.43,310.09,394.62,54, ,B,,0,0,0,0,0,0,,Diorita Fina
2450,Point ZM,COPR-35,6012616,707520,387.0,Diorita fina,DRT,338.42,0.273989,2739.89,2784.24,0.31472,3147.2,5.0,10.0,0.003,30.0,5.846071,58460.71,42.74,65.3922,116.27,10.57,85.68,141.96,206.53,216, ,B,,0,0,0,0,0,0,,Diorita Fina
2451,Point ZM,COPR-36,6009795,710331,424.0,Metapelitas,MP,391.68,0.56977,5697.7,2305.46,0.218507,2185.07,5.0,10.0,0.003,30.0,2.526207,25262.07,7.88,12.0564,61.58,12.3,25.0,71.55,155.25,, ,B,,0,0,0,0,0,0,,Metapelita
2452,Point ZM,COPR-37,6005921,702801,26.0,Dique Microdiorita,DMDRT,363.21,0.115764,1157.64,3461.26,0.0005,5.0,5.0,10.0,0.003,30.0,6.47648,64764.8,34.15,52.2495,30.0,7.9,25.0,32.0,45.0,34, ,B,,0,0,0,0,0,0,,Dique Microdiorita
2453,Point ZM,COPR-38,6005965,702999,24.0,Dique Microdiorita,DMDRT,283.13,0.260176,2601.76,9216.63,0.232651,2326.51,5.0,10.0,0.003,30.0,5.652618,56526.18,21.08,32.2524,180.25,8.48,175.15,331.48,450.77,0, ,B,,0,0,0,0,0,0,,Dique Microdiorita
2454,Point ZM,COPR-39,6006025,703804,38.0,Porfido dacítico,PD,361.67,0.291113,2911.13,3279.22,0.0005,5.0,5.0,10.0,0.003,30.0,1.047885,10478.85,18.02,27.5706,170.61,16.63,135.2,208.9,358.22,, ,B,,0,0,0,0,0,0,,Porfido Dacitico
2455,Point ZM,COPR-39B,6006025,703804,38.0,Dique Andesita,DAND,523.31,0.314912,3149.12,23192.96,0.467922,4679.22,5.0,10.0,0.003,30.0,6.527542,65275.42,22.31,34.1343,225.08,13.38,229.96,399.4,698.27,, ,B,,0,0,0,0,0,0,,Dique Andesita
2456,Point ZM,COPR-40,6005201,703414,189.0,Metapelita,MP,318.42,0.255988,2559.88,2946.56,0.349824,3498.24,5.0,10.0,0.003,30.0,7.529618,75296.18,11.62,17.7786,90.27,0.5,76.21,138.54,189.47,, ,B,,1,0,0,0,0,0,,Metapelita
2457,Point ZM,COPR-41,6005054,704806,399.0,Metapelita,MP,393.96,0.545757,5457.57,2441.61,0.155823,1558.23,5.0,10.0,0.003,30.0,4.126736,41267.36,13.41,20.5173,101.55,11.36,25.0,103.38,143.47,, ,B,,0,0,0,0,0,0,,Metapelita
2458,Point ZM,COPR-42,6004566,705398,433.0,Dique Diorita fina,DDRT,247.29,0.091435,914.35,2044.6,0.297723,2977.23,5.0,10.0,0.527366,5273.66,9.614703,96147.03,8.03,12.2859,260.05,8.23,71.76,163.22,226.26,0, ,B,,0,0,0,0,0,0,,Dique Diorita
2459,Point ZM,COPR-43,6004203,707432,457.0,Dique Andesita,DAND,351.79,0.077818,778.18,2526.18,0.370219,3702.19,844.13,386.54,0.003,30.0,6.514289,65142.89,10.22,15.6366,95.71,0.5,87.06,120.57,175.06,, ,B,,1,0,0,0,0,0,,Dique Andesita
2460,Point ZM,COPR-44A,6005328,708072,471.0,Dique Andesita,DAND,304.64,0.055358,553.58,2383.18,0.337667,3376.67,5.0,10.0,0.003,30.0,7.164945,71649.45,21.58,33.0174,83.93,0.5,73.94,83.86,132.82,, ,B,,1,0,0,0,0,0,,Dique Andesita
2461,Point ZM,COPR-45,6002967,700012,260.0,Metapelita,MP,399.72,0.119067,1190.67,2780.15,0.294192,2941.92,5.0,10.0,0.003,30.0,5.819788,58197.88,8.83,13.5099,109.43,0.5,73.08,149.88,158.97,, ,B,,1,0,0,0,0,0,,Metapelita
2462,Point ZM,COPR-46,6002459,701967,275.0,Metapelita,MP,279.6,0.431951,4319.51,2242.64,0.0005,5.0,5.0,258.35,0.003,30.0,4.485089,44850.89,12.41,18.9873,100.5,12.62,61.65,135.7,188.43,, ,B,,0,0,0,0,0,0,,Metapelita
2463,Point ZM,COPR-47,6002359,703846,391.0,Metapelita,MP,302.18,1.085407,10854.07,2111.01,0.169486,1694.86,5.0,10.0,0.003,30.0,3.18957,31895.7,18.0,27.54,71.37,14.04,25.0,89.67,107.13,, ,B,,0,0,0,0,0,0,,Metapelita
2464,Point ZM,COPR-48,6001144,705937,440.0,Dique Diorita fina,DRT,387.14,0.124196,1241.96,2171.18,0.32574,3257.4,5.0,397.11,0.003,30.0,5.997054,59970.54,6.37,9.7461,124.43,0.5,103.09,209.54,256.36,, ,B,,1,0,0,0,0,0,,Dique Diorita
2465,Point ZM,COPR-49,6000904,706933,409.0,Dique Aplita,DAP,598.6,0.967158,9671.58,4336.34,0.149179,1491.79,5.0,10.0,0.003,30.0,1.40682,14068.2,13.34,20.4102,118.49,16.51,108.98,166.74,242.81,, ,B,,0,0,0,0,0,0,,Dique Aplitico
2466,Point ZM,COPR-50,6000724,709333,431.0,Metapelita,MP,428.84,0.18132,1813.2,4608.66,0.201426,2014.26,5.0,10.0,0.003,30.0,3.49442,34944.2,16.19,24.7707,176.88,21.72,179.1,279.1,414.79,, ,B,,0,0,0,0,0,0,,Metapelita
2467,Point ZM,COPR-51,6000854,709652,454.0,Dique Diorita fina,DDRT,585.43,0.737484,7374.84,2798.17,0.0005,5.0,5.0,169.91,0.003,30.0,1.090225,10902.25,15.35,23.4855,123.69,15.51,131.85,168.69,297.12,, ,B,,0,0,0,0,0,0,,Dique Diorita
2468,Point ZM,COPR-52,5998324,703344,363.0,Dique granitico,DGR,324.88,0.002,20.0,2302.75,1.100345,11003.45,1145.51,10.0,0.003,30.0,4.92414,49241.4,16.91,25.8723,30.0,8.73,25.0,32.0,45.0,, ,B,,0,0,0,0,0,0,,Dique Granitico
2469,Point ZM,COPR-53,5997824,704357,394.0,Metapelita,MP,213.92,0.784082,7840.82,2171.2,0.149644,1496.44,5.0,10.0,0.003,30.0,4.131878,41318.78,17.42,26.6526,106.84,0.5,76.16,100.44,205.89,, ,B,,1,0,0,0,0,0,,Metapelita
2470,Point ZM,COPR-54,5997859,706037,467.0,Areniscas?,ARE,384.67,0.114379,1143.79,2116.06,0.502349,5023.49,928.51,10.0,0.194102,1941.02,7.11365,71136.5,6.93,10.6029,88.4,0.5,83.9,171.99,180.66,, ,B,,1,0,0,0,0,0,,Arenisca
2471,Point ZM,COPR-55,5995860,707111,510.0,Areniscas purpuras?,ARE,418.42,0.938651,9386.51,2612.9,0.274517,2745.17,5.0,10.0,0.003,30.0,4.961912,49619.12,16.57,25.3521,249.31,17.93,222.63,288.99,479.26,, ,B,,0,0,0,0,0,0,,Arenisca
2472,Point ZM,COPR-56,5998071,709571,467.0,Areniscas purpuras?,ARE,512.07,0.64707,6470.7,1795.58,0.0005,5.0,5.0,204.27,0.003,30.0,3.074264,30742.64,14.47,22.1391,61.2,16.18,25.0,32.0,109.67,, ,B,,0,0,0,0,0,0,,Arenisca
2473,Point ZM,COPR-57,5998140,709707,468.0,Lutita?,LUT,787.85,0.849137,8491.37,2459.35,0.262877,2628.77,5.0,10.0,0.003,30.0,2.088536,20885.36,16.5,25.245,99.13,18.09,66.65,94.12,205.45,, ,B,,0,0,0,0,0,0,,Lutita
2474,Point ZM,COPR-58,6000526,715255,509.0,Lutita?,LUT,567.42,0.069036,690.36,3824.2,0.385312,3853.12,5.0,10.0,0.003,30.0,9.294988,92949.88,12.38,18.9414,124.01,7.99,25.0,132.36,240.36,, ,B,,0,0,0,0,0,0,,Lutita
2475,Point ZM,COPR-59,5999692,714289,472.0,Dique Diorita fina,DDRT,490.27,0.049361,493.61,41743.56,0.471368,4713.68,5.0,10.0,0.003,30.0,7.114415,71144.15,27.26,41.7078,214.21,8.18,165.06,352.23,561.99,, ,B,,0,0,0,0,0,0,,Dique Diorita
2476,Point ZM,COPR-60,6009247,709182,480.0,Dique indeterminado,D,398.98,0.03976,397.6,1808.45,0.766619,7666.19,5.0,10.0,0.003,30.0,10.982565,109825.65,12.99,19.8747,157.51,0.5,128.8,177.31,347.76,, ,B,,1,0,0,0,0,0,,Dique Indeterminado
2477,Point ZM,COPR-61A,6008029,711866,501.0,Dique Andesita,DAND,310.88,0.057461,574.61,2498.67,0.72824,7282.4,5.0,10.0,0.003,30.0,8.140352,81403.52,15.99,24.4647,174.61,0.5,150.65,219.88,332.06,, ,B,,1,0,0,0,0,0,,Dique Andesita
2478,Point ZM,COPR-61B,6008029,711866,501.0,Dique andesita,DAND,460.15,0.180298,1802.98,31445.08,0.352355,3523.55,5.0,10.0,0.003,30.0,4.911805,49118.05,16.73,25.5969,241.84,21.96,254.64,420.8,663.1,, ,B,,0,0,0,0,0,0,,Dique Andesita
2479,Point ZM,COPR-62A,6007927,712061,511.0,Porfido dacitico,DDA,417.73,0.049533,495.33,1965.21,0.0005,5.0,5.0,10.0,0.003,30.0,1.910098,19100.98,9.36,14.3208,30.0,20.7,25.0,32.0,45.0,, ,B,,0,0,0,0,0,0,,Porfido dacitico
2480,Point ZM,COPR-62B,6007927,712061,511.0,Dique andesita,DAND,234.13,0.002,20.0,2335.96,0.408421,4084.21,5.0,10.0,0.003,30.0,6.264745,62647.45,10.77,16.4781,80.33,0.5,71.88,116.01,170.8,, ,B,,1,0,0,0,0,0,,Dique Andesita
2481,Point ZM,COPR-63,6007953,712593,537.0,Diorita fina,DRT,247.38,0.050387,503.87,2272.2,0.712175,7121.75,5.0,10.0,0.249388,2493.88,8.351273,83512.73,18.89,28.9017,191.87,0.5,151.27,269.71,405.77,, ,B,,1,0,0,0,0,0,,Diorita Fina
2482,Point ZM,COPR-64,6003991,714382,642.0,Dique Andesita,DAND,231.89,0.081156,811.56,2147.53,0.323904,3239.04,5.0,10.0,0.003,30.0,6.958011,69580.11,22.98,35.1594,63.03,11.37,65.52,88.63,171.88,, ,B,,0,0,0,0,0,0,,Dique Andesita
2483,Point ZM,COPR-65,6003913,713360,535.0,Dique Andesita,DAND,921.61,0.408179,4081.79,7234.4,0.0005,5.0,5.0,10.0,0.151903,1519.03,11.229515,112295.15,25.68,39.2904,206.27,17.38,171.75,361.71,515.71,, ,B,,0,0,0,0,0,0,,Dique Andesita
2484,Point ZM,COPR-66A,6004221,712570,550.0,Dique dacítico,DDA,267.14,0.81756,8175.6,2554.95,0.0005,5.0,5.0,10.0,0.003,30.0,2.29978,22997.8,33.06,50.5818,119.91,13.08,122.93,162.12,256.08,116, ,B,,0,0,0,0,0,0,,Dique Dacitico
2485,Point ZM,COPR-66B,6004221,712570,550.0,Dique dacítico,DDA,1029.17,0.962184,9621.84,5436.22,0.133714,1337.14,5.0,250.29,0.003,30.0,1.288059,12880.59,21.82,33.3846,124.4,17.23,99.95,196.21,275.89,, ,B,,0,0,0,0,0,0,,Dique Dacitico
2486,Point ZM,COPR-67,6004493,711349,593.0,Metapelita,MP,332.02,0.169372,1693.72,2462.34,0.378391,3783.91,5.0,10.0,0.003,30.0,6.127314,61273.14,7.69,11.7657,148.94,10.26,105.44,152.56,171.7,, ,B,,0,0,0,0,0,0,,Metapelita
2487,Point ZM,COPR-68,6002365,709564,514.0,Metapelita,MP,346.54,0.441408,4414.08,2437.77,0.152965,1529.65,5.0,10.0,0.003,30.0,1.312208,13122.08,20.75,31.7475,30.0,11.81,25.0,32.0,45.0,, ,B,,0,0,0,0,0,0,,Metapelita
2488,Point ZM,COPR-69,6002647,709131,444.0,Diorita fina,DRT,248.34,0.088078,880.78,2281.63,0.487577,4875.77,5.0,10.0,0.003,30.0,7.78613,77861.3,9.87,15.1011,94.24,0.5,25.0,83.92,131.86,, ,B,,1,0,0,0,0,0,,Diorita Fina
2489,Point ZM,COPR-70,6003247,708705,478.0,Diorita fina,DRT,416.34,0.890507,8905.07,2560.38,0.0005,5.0,5.0,10.0,0.003,30.0,4.0245,40245.0,18.95,28.9935,101.36,22.22,25.0,92.54,163.93,, ,B,,0,0,0,0,0,0,,Diorita Fina
2490,Point ZM,COPR-71,6003048,709401,528.0,Diorita fina,DRT,500.76,0.503592,5035.92,4004.34,0.235588,2355.88,5.0,305.24,0.003,30.0,2.755375,27553.75,17.33,26.5149,194.52,17.79,164.84,298.52,445.81,, ,B,,0,0,0,0,0,0,,Diorita Fina
2491,Point ZM,COPR-72,6004932,710097,586.0,Areniscas purpuras?,ARE,224.03,0.440054,4400.54,2438.36,0.137226,1372.26,5.0,10.0,0.003,30.0,2.834196,28341.96,3.01,4.6053,122.13,8.73,108.07,209.21,287.42,, ,B,,0,0,0,0,0,0,,Arenisca
2492,Point ZM,COPR-73A,6005408,698167,50.0,Dique tonalitico,DTON,372.43,0.903392,9033.92,2440.94,0.0005,5.0,5.0,218.99,0.003,30.0,2.075761,20757.61,31.53,48.2409,113.06,10.98,97.39,135.05,171.38,, ,B,,0,0,0,0,0,0,,Dique Tonalitico
2493,Point ZM,COPR-73B,6005408,698167,50.0,Dique tonalitico,DTON,559.59,0.934124,9341.24,2126.33,0.0005,5.0,5.0,175.49,0.003,30.0,0.965345,9653.45,29.51,45.1503,79.43,13.29,112.56,157.62,231.75,, ,B,,0,0,0,0,0,0,,Dique Tonalitico
2494,Point ZM,COPR-73C,6005408,698167,50.0,Dique diabasa?,DDB,286.33,0.18052,1805.2,2506.51,0.411151,4111.51,5.0,10.0,0.003,30.0,6.754437,67544.37,29.13,44.5689,30.0,0.5,25.0,116.58,187.15,, ,B,,1,0,0,0,0,0,,Dique Diabasa
2495,Point ZM,COPR-73D,6005408,698167,50.0,Diorita,DRT,281.66,0.293994,2939.94,2819.96,0.311999,3119.99,5.0,10.0,0.003,30.0,6.765273,67652.73,17.25,26.3925,118.04,0.5,86.31,137.74,290.63,, ,B,,1,0,0,0,0,0,,Diorita
2496,Point ZM,COPR-73E,6005408,698167,50.0,Dique diabasa?,DDB,259.98,0.767901,7679.01,2829.24,0.141142,1411.42,5.0,10.0,0.003,30.0,2.936733,29367.33,19.18,29.3454,113.73,8.98,63.81,69.77,112.54,, ,B,,0,0,0,0,0,0,,Dique Diabasa
2497,Point ZM,COPR-13(B),6003585,697217,,Arena,AR,556.36,0.370688,3706.88,20698.16,0.247956,2479.56,5.0,10.0,0.003,30.0,4.729555,47295.55,12.26,18.7578,154.92,15.12,167.29,256.84,392.59,, ,B,COTA_NEGATIVA(-1.0),0,0,0,0,0,0,,Arena
2498,Point ZM,COPR-20B,6009780,704010,420.0,Granito rosado,GRK,394.91,0.04945,494.5,3589.41,0.0005,5.0,5.0,276.73,0.003,30.0,6.435566,64355.66,20.65,31.5945,30.0,0.5,25.0,32.0,45.0,, ,B,,1,0,0,0,0,0,,Granito Rosado
2499,Point ZM,PEPR-57A,6016416,709676,543.0,Diorita de Anfibol y biotita,DRT,392.07,0.162448,1624.48,1689.01,0.252451,2524.51,5.0,10.0,0.003,30.0,4.971098,49710.98,6.16,9.4248,84.92,0.5,65.11,125.48,221.96,, ,B,,1,0,0,0,0,0,,Diorita de Anfibol y biotita
2500,Point ZM,PEPR-57B,6016416,709676,543.0,Diorita de Anfibol y biotita,DRT,524.48,0.207531,2075.31,1702.24,0.234252,2342.52,5.0,10.0,0.003,30.0,6.29584,62958.4,8.46,12.9438,70.36,0.5,25.0,32.0,94.72,, ,B,,1,0,0,0,0,0,,Diorita de Anfibol y biotita
2501,Point ZM,PEPR-57C,6016416,709676,543.0,Diorita de Anfibol y biotita,DRT,432.41,0.214439,2144.39,1573.07,0.238231,2382.31,5.0,10.0,0.003,30.0,4.345722,43457.22,2.0,3.06,30.0,0.5,25.0,32.0,45.0,, ,B,,1,0,0,0,0,0,,Diorita de Anfibol y biotita
2502,Point ZM,PEPR-57D,6016416,709676,543.0,Diorita de Anfibol y biotita,DRT,530.59,0.153386,1533.86,1950.84,0.181719,1817.19,5.0,10.0,0.003,30.0,5.864039,58640.39,2.56,3.9168,79.7,0.5,84.75,134.66,198.36,, ,B,,1,0,0,0,0,0,,Diorita de Anfibol y biotita
2503,Point ZM,PEPR-57E,6016416,709676,543.0,Diorita de Anfibol y biotita,DRT,959.49,0.150423,1504.23,1802.48,0.219473,2194.73,5.0,10.0,0.003,30.0,5.11628,51162.8,2.84,4.3452,135.5,0.5,77.49,118.51,166.74,, ,B,,1,0,0,0,0,0,,Diorita de Anfibol y biotita
2504,Point ZM,PEPR-58A,6016423,709679,545.0,Diorita de Anfibol y biotita,DRT,267.59,0.151556,1515.56,1829.5,0.298072,2980.72,5.0,10.0,0.271531,2715.31,3.910357,39103.57,3.09,4.7277,66.14,0.5,25.0,88.63,183.18,, ,B,,1,0,0,0,0,0,,Diorita de Anfibol y biotita
2505,Point ZM,PEPR-58B,6016423,709679,545.0,Diorita de Anfibol y biotita,DRT,491.04,0.154406,1544.06,2226.42,0.252819,2528.19,5.0,10.0,0.003,30.0,5.308432,53084.32,2.0,3.06,30.0,0.5,25.0,32.0,45.0,, ,B,,1,0,0,0,0,0,,Diorita de Anfibol y biotita
2506,Point ZM,PEPR-59A,6016229,709677,545.0,Diorita de Anfibol y biotita,DRT,1614.88,0.114158,1141.58,2549.97,0.209863,2098.63,5.0,10.0,0.003,30.0,4.701077,47010.77,12.74,19.4922,92.16,8.37,25.0,32.0,45.0,, ,B,,0,0,0,0,0,0,,Diorita de Anfibol y biotita
2507,Point ZM,PEPR-59B,6016229,709677,545.0,Diorita de Anfibol y biotita,DRT,541.95,0.140893,1408.93,2036.54,0.184555,1845.55,5.0,10.0,0.003,30.0,7.318585,73185.85,7.46,11.4138,108.61,9.73,74.57,104.51,143.16,, ,B,,0,0,0,0,0,0,,Diorita de Anfibol y biotita
2508,Point ZM,PEPR-60,6016045,709911,552.0,Dique tonalitico,DTON,840.77,0.050521,505.21,3007.8,0.0005,5.0,5.0,10.0,0.003,30.0,2.10439,21043.9,13.41,20.5173,171.51,15.13,155.13,350.03,510.11,, ,B,,0,0,0,0,0,0,,Dique Tonalitico
2509,Point ZM,PEPR-61A,6015919,709903,543.0,Diorita fina,DRT,2025.71,0.2691,2691.0,2417.78,0.313697,3136.97,5.0,10.0,0.003,30.0,4.534664,45346.64,6.54,10.0062,71.07,9.54,68.57,87.67,118.43,, ,B,,0,0,0,0,0,0,,Diorita Fina
2510,Point ZM,PEPR-61B,6015919,709903,543.0,Diorita fina,DRT,510.35,0.353244,3532.44,7280.49,0.345475,3454.75,5.0,338.03,0.003,30.0,5.346726,53467.26,18.09,27.6777,108.39,0.5,98.46,158.92,277.38,, ,B,,1,0,0,0,0,0,,Diorita Fina
2511,Point ZM,PEPR-62,6016027,709577,519.0,Metapelita,MP,481.77,0.245618,2456.18,2303.99,0.239372,2393.72,5.0,10.0,0.003,30.0,2.789648,27896.48,16.98,25.9794,115.15,21.02,57.33,105.41,154.71,, ,B,,0,0,0,0,0,0,,Metapelita
2512,Point ZM,PEPR-63,6016813,710302,532.0,Metapelita,MP,683.67,0.218017,2180.17,2124.71,0.40364,4036.4,5.0,10.0,0.003,30.0,9.740698,97406.98,10.23,15.6519,104.13,9.93,82.93,139.98,299.46,, ,B,,0,0,0,0,0,0,,Metapelita
2513,Point ZM,PEPR-64,6020674,712325,403.0,Diorita de Anfibol y biotita,DRT,344.75,0.15008,1500.8,2982.92,0.255826,2558.26,5.0,10.0,0.003,30.0,6.810038,68100.38,29.68,45.4104,133.1,0.5,110.98,158.87,287.96,, ,B,,1,0,0,0,0,0,,Diorita de Anfibol y biotita
2514,Point ZM,PEPR-65,6021119,712250,369.0,Diorita de Anfibol y biotita,DRT,328.66,0.164419,1644.19,2714.34,0.368315,3683.15,5.0,10.0,0.003,30.0,5.901023,59010.23,9.86,15.0858,93.21,7.6,76.87,156.09,222.65,, ,B,,0,0,0,0,0,0,,Diorita de Anfibol y biotita
2515,Point ZM,PEPR-66,6018321,703818,98.0,Granito rosado,GRK,529.06,1.437191,14371.91,2711.6,0.0005,5.0,5.0,10.0,0.003,30.0,1.285746,12857.46,13.82,21.1446,60.79,13.39,25.0,32.0,90.28,, ,B,,0,0,0,0,0,0,,Granito Rosado
2516,Point ZM,PEPR-67,6018493,703664,86.0,Granito rosado,GRK,323.77,0.84508,8450.8,2650.17,0.0005,5.0,5.0,10.0,0.003,30.0,1.886473,18864.73,21.07,32.2371,75.85,11.46,58.13,91.1,139.69,, ,B,,0,0,0,0,0,0,,Granito Rosado
2517,Point ZM,SJGG-278A,5876249,677751,457.0,Granito de Biotita,GB,274.38,0.568439,5684.39,4990.5,0.257906,2579.06,5.0,10.0,0.003,30.0,4.909596,49095.96,52.56,80.4168,98.75,0.5,25.0,32.0,45.0,48.7, , ,,1,0,0,0,0,0,,Granito de Biotita
2518,Point ZM,SJGG-278B,5876249,677751,458.0,Granito de Biotita,GB,346.64,0.466355,4663.55,2000.39,0.265119,2651.19,5.0,10.0,0.003,30.0,4.772373,47723.73,32.78,50.1534,30.0,8.18,63.1,69.94,45.0,130, , ,,0,0,0,0,0,0,,Granito de Biotita
2519,Point ZM,SJGG-279,5863965,674498,559.0,Granito de Biotita,GB,548.31,0.713319,7133.19,455.07,0.298706,2987.06,5.0,10.0,0.003,30.0,5.485543,54855.43,21.36,32.6808,104.95,0.5,25.0,108.19,121.35,16, , ,,1,0,0,0,0,0,,Granito de Biotita
2520,Point ZM,SJGG-280,5874943,676248,408.0,Tonalita de Biotita,TB,621.68,0.5799,5799.0,2644.87,0.314081,3140.81,5.0,10.0,0.003,30.0,4.50056,45005.6,13.69,20.9457,91.65,0.5,25.0,122.74,145.86,15, , ,,1,0,0,0,0,0,,Tonalita de Biotita
2521,Point ZM,SJGG-281,5874849,676301,384.0,Tonalita de Biotita,TB,503.78,0.650578,6505.78,25.0,0.297991,2979.91,5.0,10.0,0.003,30.0,4.490388,44903.88,10.29,15.7437,112.86,9.35,25.0,32.0,95.31,17, , ,,0,0,0,0,0,0,,Tonalita de Biotita
2522,Point ZM,SJGG-282,5876618,677752,478.0,Granito de Biotita,GB,382.66,0.483768,4837.68,10280.87,0.246637,2466.37,5.0,10.0,0.003,30.0,4.291005,42910.05,26.39,40.3767,111.28,0.5,82.84,176.02,198.86,15, , ,,1,0,0,0,0,0,,Granito de Biotita
2523,Point ZM,SJGG-283,5860112,673013,307.0,Enclave máfico,EM,678.08,0.528189,5281.89,16200.46,0.290002,2900.02,5.0,10.0,0.003,30.0,5.08818,50881.8,18.32,28.0296,147.6,0.5,127.38,188.98,292.98,31, , ,,1,0,0,0,0,0,,Enclave máfico
2524,Point ZM,SJGG-284,5859957,672533,275.0,Enclave máfico,EM,462.26,0.460325,4603.25,25.0,0.296859,2968.59,5.0,10.0,0.003,30.0,4.736071,47360.71,6.09,9.3177,88.17,15.94,25.0,32.0,45.0,15, , ,,0,0,0,0,0,0,,Enclave máfico
2525,Point ZM,SJGG-285,5859957,672533,275.0,Granito de Biotita,GB,581.49,0.634935,6349.35,5325.06,0.318799,3187.99,5.0,10.0,0.003,30.0,4.124495,41244.95,9.53,14.5809,113.92,65.56,65.22,129.21,181.3,7, , ,,0,0,0,0,0,0,,Granito de Biotita
2526,Point ZM,SJGG-286,5859655,670962,240.0,Granito de Biotita,GB,468.13,0.517073,5170.73,7378.1,0.3285,3285.0,5.0,10.0,0.003,30.0,4.108379,41083.79,17.1,26.163,78.16,9.69,25.0,116.75,172.89,7, , ,,0,0,0,0,0,0,,Granito de Biotita
2527,Point ZM,SJGG-287,5859832,669009,220.0,Granito de Biotita,GB,624.89,0.407183,4071.83,6547.57,0.235623,2356.23,5.0,10.0,0.003,30.0,4.217385,42173.85,12.44,19.0332,142.42,13.4,91.41,164.42,228.98,0, , ,,0,0,0,0,0,0,,Granito de Biotita
2528,Point ZM,SJGG-288,5860204,666713,228.0,Metapelita,MP,628.73,1.169447,11694.47,25.0,0.234008,2340.08,5.0,10.0,0.003,30.0,5.240374,52403.74,18.11,27.7083,154.13,18.86,115.38,147.82,309.92,0, , ,,0,0,0,0,0,0,,Metapelita
2529,Point ZM,SJGG-289,5860083,667066,215.0,Granito de Biotita,GB,436.95,0.609997,6099.97,611.63,0.0005,5.0,5.0,10.0,0.003,30.0,4.042185,40421.85,69.91,106.9623,65.89,8.62,25.0,32.0,126.59,179, , ,,0,0,0,0,0,0,,Granito de Biotita
2530,Point ZM,SJGG-290,5860010,665642,220.0,Granito de Biotita,GB,540.03,0.521052,5210.52,1367.29,0.283186,2831.86,5.0,10.0,0.003,30.0,3.721521,37215.21,100.37,153.5661,123.02,15.01,119.33,76.85,162.22,67, , ,,0,0,0,0,0,0,,Granito de Biotita
2531,Point ZM,SJGG-291,5859220,664264,263.0,Granito de Biotita,GB,576.95,0.131299,1312.99,1605.88,0.25531,2553.1,5.0,10.0,0.003,30.0,4.274882,42748.82,10.05,15.3765,81.99,0.5,25.0,32.0,45.0,103, , ,,1,0,0,0,0,0,,Granito de Biotita
2532,Point ZM,SJGG-292,5859363,662159,359.0,Granito de Biotita,GB,479.52,0.466751,4667.51,757.05,0.281176,2811.76,5.0,10.0,0.003,30.0,5.263899,52638.99,36.62,56.0286,72.08,0.5,58.94,95.93,139.34,15, , ,,1,0,0,0,0,0,,Granito de Biotita
2533,Point ZM,SJGG-293,5876450,677770,465.0,Granito de Biotita,GB,559.5,0.913833,9138.33,3179.93,0.229677,2296.77,5.0,10.0,0.003,30.0,3.427377,34273.77,20.13,30.7989,114.9,0.5,64.91,111.03,119.75,31, , ,,1,0,0,0,0,0,,Granito de Biotita
2534,Point ZM,SJGG-294A,5875780,678099,431.0,Granito de Biotita,GB,669.47,0.525849,5258.49,3491.25,0.271588,2715.88,5.0,10.0,0.003,30.0,4.07734,40773.4,22.67,34.6851,99.96,9.45,71.52,142.29,223.87,49, , ,,0,0,0,0,0,0,,Granito de Biotita
2535,Point ZM,SJGG-294B,5875780,678099,432.0,Granito de Biotita,GB,606.49,0.704018,7040.18,3143.54,0.254798,2547.98,5.0,10.0,0.003,30.0,4.783799,47837.99,15.58,23.8374,118.7,0.5,105.15,143.15,225.04,47, , ,,1,0,0,0,0,0,,Granito de Biotita
2536,Point ZM,SJGG-294C,5875780,678099,433.0,Granito de Biotita,GB,487.26,0.585411,5854.11,2886.31,0.186657,1866.57,5.0,10.0,0.003,30.0,3.953422,39534.22,6.54,10.0062,55.27,0.5,25.0,32.0,114.9,32, , ,,1,0,0,0,0,0,,Granito de Biotita
2537,Point ZM,SJGG-295,5875957,677873,496.0,Granito de Biotita,GB,398.04,0.601388,6013.88,2146.07,0.151849,1518.49,5.0,10.0,0.003,30.0,2.396849,23968.49,3.76,5.7528,84.05,0.5,25.0,98.38,147.38,0, , ,,1,0,0,0,0,0,,Granito de Biotita
2538,Point ZM,SJGG-296,5872891,677773,526.0,Granito de Biotita,GB,543.98,0.534826,5348.26,3145.85,0.272387,2723.87,5.0,10.0,0.003,30.0,4.981214,49812.14,20.62,31.5486,30.0,0.5,56.26,32.0,104.91,48, , ,,1,0,0,0,0,0,,Granito de Biotita
2539,Point ZM,SJGG-128A,5875834,678052,437.0,Granito de Biotita,GB,412.64,0.507919,5079.19,1954.45,0.26018,2601.8,5.0,10.0,0.003,30.0,4.671681,46716.81,53.41,81.7173,94.38,0.5,106.28,96.1,146.83,183, , ,,1,0,0,0,0,0,,Granito de Biotita
2540,Point ZM,SJGG-128B,5875834,678052,438.0,Granito de Biotita,GB,525.41,0.510957,5109.57,2188.29,0.350133,3501.33,5.0,10.0,0.003,30.0,5.117118,51171.18,14.64,22.3992,99.8,8.07,113.05,132.83,200.89,67, , ,,0,0,0,0,0,0,,Granito de Biotita
2541,Point ZM,SJGG-128C,5875834,678052,439.0,Granito de Biotita,GB,480.24,0.441742,4417.42,2171.46,0.223132,2231.32,5.0,10.0,0.003,30.0,4.227435,42274.35,13.11,20.0583,79.82,0.5,79.67,107.55,142.72,32, , ,,1,0,0,0,0,0,,Granito de Biotita
2542,Point ZM,SJGG-297,5860195,679283,209.0,Granito de Biotita,GB,418.48,0.526828,5268.28,5329.89,0.30565,3056.5,5.0,10.0,0.003,30.0,4.40264,44026.4,11.91,18.2223,64.65,9.76,25.0,98.16,45.0,16, , ,,0,0,0,0,0,0,,Granito de Biotita
2543,Point ZM,SJGG-298,5860122,679120,215.0,Granito de Biotita,GB,391.36,0.413756,4137.56,5162.22,0.354544,3545.44,5.0,10.0,0.003,30.0,5.293777,52937.77,28.86,44.1558,30.0,0.5,78.45,118.93,147.74,15, , ,,1,0,0,0,0,0,,Granito de Biotita
2544,Point ZM,SJGG-299,5859981,678642,235.0,Granito de Biotita,GB,536.57,0.426873,4268.73,3821.54,0.27403,2740.3,5.0,10.0,0.003,30.0,5.041431,50414.31,18.61,28.4733,89.23,0.5,71.55,143.05,230.74,29, , ,,1,0,0,0,0,0,,Granito de Biotita
2545,Point ZM,SJGG-300,5859739,678212,246.0,Granito de Biotita,GB,536.25,0.263715,2637.15,5490.65,0.446477,4464.77,5.0,10.0,0.140061,1400.61,7.127049,71270.49,44.93,68.7429,76.41,0.5,25.0,118.12,214.91,68, , ,,1,0,0,0,0,0,,Granito de Biotita
2546,Point ZM,SJGG-301,5859489,677310,320.0,Granito de Biotita,GB,586.41,0.740509,7405.09,4612.12,0.306811,3068.11,5.0,508.44,0.003,30.0,4.445855,44458.55,33.92,51.8976,102.1,0.5,76.74,142.83,191.47,64, , ,,1,0,0,0,0,0,,Granito de Biotita
2547,Point ZM,SJGG-302,5859485,676103,365.0,Granito de Biotita,GB,564.12,0.821994,8219.94,2610.87,0.228621,2286.21,5.0,10.0,0.003,30.0,3.066046,30660.46,9.8,14.994,52.15,8.86,25.0,32.0,45.0,30, , ,,0,0,0,0,0,0,,Granito de Biotita
2548,Point ZM,SJGG-303,5859856,674599,321.0,Granito de Biotita,GB,367.26,0.372962,3729.62,5256.22,0.261875,2618.75,5.0,10.0,0.003,30.0,4.478697,44786.97,18.96,29.0088,69.11,22.62,73.3,123.24,189.28,14, , ,,0,0,0,0,0,0,,Granito de Biotita
2549,Point ZM,SJGG-304,5859930,673632,328.0,Granito de Biotita,GB,525.78,0.576062,5760.62,4115.22,0.338524,3385.24,5.0,10.0,0.003,30.0,3.462637,34626.37,8.36,12.7908,80.29,0.5,56.49,76.34,106.96,0, , ,,1,0,0,0,0,0,,Granito de Biotita
2550,Point ZM,SJGG-305,5859165,668205,309.0,Granito de Biotita,GB,710.47,0.792255,7922.55,10751.97,0.344143,3441.43,5.0,10.0,0.003,30.0,4.820155,48201.55,23.4,35.802,188.38,13.77,124.1,213.3,277.41,0, , ,,0,0,0,0,0,0,,Granito de Biotita
2551,Point ZM,SJGG-306,5858481,666622,533.0,Granito de Biotita,GB,622.26,0.396076,3960.76,8237.62,0.204862,2048.62,5.0,540.02,0.003,30.0,3.559862,35598.62,34.38,52.6014,83.98,8.61,72.18,93.48,98.24,0, , ,,0,0,0,0,0,0,,Granito de Biotita
2552,Point ZM,SJGG-307,5858376,665709,631.0,Granito de Biotita,GB,490.51,0.57554,5755.4,2344.7,0.246856,2468.56,5.0,10.0,0.003,30.0,3.684304,36843.04,2.77,4.2381,151.86,7.84,79.02,147.63,229.21,0, , ,,0,0,0,0,0,0,,Granito de Biotita
2553,Point ZM,SJGG-308,5859381,666532,386.0,Granito de Biotita,GB,525.22,0.652991,6529.91,2328.32,0.0005,5.0,5.0,10.0,0.003,30.0,1.816706,18167.06,3.82,5.8446,76.45,0.5,25.0,96.33,139.49,0, , ,,1,0,0,0,0,0,,Granito de Biotita
2554,Point ZM,SJGG-309,5859488,667070,394.0,Granito de Biotita,GB,572.89,0.488832,4888.32,6282.67,0.239017,2390.17,5.0,10.0,0.003,30.0,3.7813,37813.0,18.87,28.8711,103.27,0.5,92.49,125.54,175.59,0, , ,,1,0,0,0,0,0,,Granito de Biotita
2555,Point ZM,SJGG-310,5859449,666773,363.0,Granito de Biotita,GB,533.17,0.465331,4653.31,11309.84,0.211998,2119.98,5.0,10.0,0.003,30.0,3.738124,37381.24,26.25,40.1625,139.69,11.31,110.62,132.89,286.5,0, , ,,0,0,0,0,0,0,,Granito de Biotita
2556,Point ZM,SJGG-311,5860670,667657,297.0,Granito de Biotita,GB,340.91,1.509504,15095.04,1962.64,0.0005,5.0,5.0,10.0,0.003,30.0,0.71745,7174.5,2.6,3.978,69.5,0.5,59.35,105.12,141.28,0, , ,,1,0,0,0,0,0,,Granito de Biotita
2557,Point ZM,SJGG-312,5860895,668951,205.0,Granito de Biotita,GB,412.76,0.281787,2817.87,2333.85,0.0005,5.0,5.0,171.7,0.003,30.0,1.553978,15539.78,16.82,25.7346,30.0,0.5,51.43,62.22,88.34,150, , ,,1,0,0,0,0,0,,Granito de Biotita
2558,Point ZM,SJGG-313,5861551,669320,270.0,Granito de Biotita,GB,546.71,0.332319,3323.19,5316.07,0.138433,1384.33,5.0,469.65,0.003,30.0,2.920101,29201.01,39.28,60.0984,81.11,26.37,56.07,32.0,86.61,0, , ,,0,0,0,0,0,0,,Granito de Biotita
2559,Point ZM,SJGG-314,5862239,669139,378.0,Granito de Biotita,GB,772.72,0.783801,7838.01,8581.39,0.153625,1536.25,5.0,10.0,0.003,30.0,2.710379,27103.79,11.96,18.2988,80.81,8.62,89.29,106.62,188.13,0, , ,,0,0,0,0,0,0,,Granito de Biotita
2560,Point ZM,SJGG-315,5862056,668318,532.0,Granito de Biotita,GB,517.25,0.330177,3301.77,2253.92,0.326594,3265.94,5.0,10.0,0.003,30.0,7.649294,76492.94,8.5,13.005,130.67,0.5,114.51,195.11,281.84,0, , ,,1,0,0,0,0,0,,Granito de Biotita
2561,Point ZM,SJGG-316,5862219,668410,516.0,Granito de Biotita,GB,532.31,0.559794,5597.94,2655.04,0.213794,2137.94,5.0,10.0,0.003,30.0,4.029087,40290.87,8.46,12.9438,74.19,22.28,25.0,87.77,130.89,0, , ,,0,0,0,0,0,0,,Granito de Biotita
2562,Point ZM,SJGG-277R,5859511,667171,395.0,Tonalita de Biotita,TB,951.61,0.814666,8146.66,18034.36,0.25349,2534.9,5.0,10.0,0.003,30.0,6.323887,63238.87,45.71,69.9363,257.91,15.08,260.42,411.28,719.52,, , ,,0,0,0,0,0,0,,Tonalita de Biotita
2563,Point ZM,SJGG-114B,5877582,675954,289.0,Granito de Biotita,GB,494.45,0.428913,4289.13,1662.91,0.273428,2734.28,5.0,295.88,0.003,30.0,4.624299,46242.99,47.01,71.9253,72.7,0.5,72.09,92.29,182.86,211, , ,,1,0,0,0,0,0,,Granito de Biotita
2564,Point ZM,SJGG-114C,5877582,675954,290.0,Granito de Biotita,GB,464.97,0.440505,4405.05,1668.4,0.468127,4681.27,5.0,10.0,0.003,30.0,6.733269,67332.69,19.7,30.141,97.67,0.5,91.36,142.6,205.67,90, , ,,1,0,0,0,0,0,,Granito de Biotita
2565,Point ZM,SJGG-114D,5877582,675954,291.0,Granito de Biotita,GB,482.83,0.430029,4300.29,1558.61,0.402654,4026.54,5.0,10.0,0.003,30.0,5.359077,53590.77,14.75,22.5675,113.12,0.5,101.16,151.84,248.52,32, , ,,1,0,0,0,0,0,,Granito de Biotita
2566,Point ZM,SJGG-133B,5873311,677741,496.0,Granito de Biotita,GB,675.32,0.490542,4905.42,3201.48,0.210295,2102.95,5.0,436.31,0.003,30.0,3.4252,34252.0,41.68,63.7704,168.56,0.5,83.17,105.36,162.97,118, , ,,1,0,0,0,0,0,,Granito de Biotita
2567,Point ZM,SJGG-133C,5873311,677741,497.0,Granito de Biotita,GB,444.68,0.447131,4471.31,5623.12,0.231698,2316.98,5.0,10.0,0.003,30.0,3.726746,37267.46,37.35,57.1455,105.55,0.5,67.67,89.33,128.41,92, , ,,1,0,0,0,0,0,,Granito de Biotita
2568,Point ZM,SJGG-133D,5873311,677741,498.0,Granito de Biotita,GB,374.94,0.431286,4312.86,2401.25,0.279873,2798.73,5.0,10.0,0.003,30.0,5.440496,54404.96,54.93,84.0429,97.23,0.5,72.08,111.26,194.52,98, , ,,1,0,0,0,0,0,,Granito de Biotita
2569,Point ZM,SJGG-133E,5873311,677741,499.0,Granito de Biotita,GB,398.52,0.479231,4792.31,3110.54,0.199541,1995.41,5.0,10.0,0.003,30.0,3.662624,36626.24,38.64,59.1192,87.94,0.5,96.75,93.66,173.44,98, , ,,1,0,0,0,0,0,,Granito de Biotita
2570,Point ZM,SJGG-133F,5873311,677741,500.0,Granito de Biotita,GB,399.72,0.554461,5544.61,3467.11,0.234003,2340.03,5.0,317.92,0.003,30.0,3.830636,38306.36,30.18,46.1754,95.6,0.5,94.36,129.87,230.1,117, , ,,1,0,0,0,0,0,,Granito de Biotita
2571,Point ZM,SJGG-133G,5873311,677741,501.0,Granito de Biotita,GB,388.9,0.495614,4956.14,3223.1,0.219854,2198.54,5.0,10.0,0.003,30.0,4.348788,43487.88,13.06,19.9818,106.13,0.5,25.0,82.0,156.73,17, , ,,1,0,0,0,0,0,,Granito de Biotita
2572,Point ZM,SJGG-317,5871890,677824,537.0,Granito de Biotita,GB,503.94,0.362398,3623.98,8685.31,0.30286,3028.6,5.0,10.0,0.003,30.0,6.200871,62008.71,48.71,74.5263,123.78,0.5,81.86,142.54,219.64,93, , ,,1,0,0,0,0,0,,Granito de Biotita
2573,Point ZM,SJGG-318A,5871785,677815,530.0,Granito de Biotita,GB,609.6,0.492068,4920.68,2747.46,0.206923,2069.23,5.0,10.0,0.003,30.0,4.784427,47844.27,12.94,19.7982,128.25,0.5,83.44,140.43,162.13,31, , ,,1,0,0,0,0,0,,Granito de Biotita
2574,Point ZM,SJGG-318B,5871785,677815,531.0,Granito de Biotita,GB,779.08,0.636144,6361.44,2261.85,0.266097,2660.97,5.0,10.0,0.003,30.0,5.368216,53682.16,8.86,13.5558,94.9,0.5,57.59,115.15,144.39,16, , ,,1,0,0,0,0,0,,Granito de Biotita
2575,Point ZM,SJGG-318,5871785,677815,529.0,Granito de Biotita,GB,501.98,0.438862,4388.62,3098.18,0.273185,2731.85,5.0,10.0,0.003,30.0,5.100448,51004.48,21.76,33.2928,30.0,0.5,25.0,87.72,125.11,63, , ,,1,0,0,0,0,0,,Granito de Biotita
2576,Point ZM,SJGG-319,5872304,678004,531.0,Granito de Biotita,GB,504.12,0.742585,7425.85,2264.69,0.43718,4371.8,5.0,10.0,0.003,30.0,7.566008,75660.08,32.39,49.5567,169.87,0.5,89.9,189.03,306.38,16, , ,,1,0,0,0,0,0,,Granito de Biotita
2577,Point ZM,SJGG-320,5871244,676569,502.0,Granito de Biotita,GB,502.06,0.564371,5643.71,3255.34,0.204296,2042.96,5.0,10.0,0.003,30.0,4.400637,44006.37,5.67,8.6751,64.91,0.5,25.0,98.14,45.0,0, , ,,1,0,0,0,0,0,,Granito de Biotita
2578,Point ZM,SJGG-321,5881874,676992,187.0,MIGMATITA,MIG,687.33,0.211109,2111.09,1975.06,0.163647,1636.47,5.0,10.0,0.003,30.0,3.527841,35278.41,11.44,17.5032,65.29,14.43,25.0,32.0,45.0,15, , ,,0,0,0,0,0,0,,MIGMATITA
2579,Point ZM,SJGG-322,5881874,676992,187.0,MIGMATITA(Franja Go>Jr>Grt),MIG,696.15,0.306266,3062.66,2073.51,0.14564,1456.4,5.0,10.0,0.003,30.0,4.164891,41648.91,8.27,12.6531,144.03,11.8,95.23,111.83,178.2,0, , ,,0,0,0,0,0,0,,Migmatita con Granate
2580,Point ZM,SJGG-323,5880714,676666,151.0,MIGMATITA,MIG,660.19,0.458803,4588.03,2745.61,0.0005,5.0,5.0,10.0,0.003,30.0,1.802915,18029.15,11.85,18.1305,30.0,0.5,25.0,32.0,45.0,0, , ,,1,0,0,0,0,0,,MIGMATITA
2581,Point ZM,SJGG-323GRT,5880714,676666,151.0,Granate,GRT,579.77,0.352654,3526.54,5469.17,0.0005,5.0,5.0,10.0,0.53604,5360.4,17.736172,177361.72,86.71,132.6663,185.52,39.93,110.1,175.91,277.74,, , ,Fe_ALTO(17.736172%),0,0,0,0,0,0,,Granate
2582,Point ZM,SJGG-324,5878205,675282,128.0,MIGMATITA,MIG,677.59,0.194497,1944.97,2033.62,2.082408,20824.08,5.0,10.0,0.003,30.0,2.757203,27572.03,9.11,13.9383,75.85,29.23,25.0,32.0,45.0,0, , ,,0,0,0,0,0,0,,MIGMATITA
2583,Point ZM,SJGG-324GRT,5878205,675282,128.0,Granate,GRT,311.44,0.310926,3109.26,2418.13,0.211973,2119.73,5.0,10.0,0.204383,2043.83,7.279573,72795.73,38.55,58.9815,281.23,42.6,179.44,272.61,455.57,, , ,,0,0,0,0,0,0,,Granate
2584,Point ZM,SJGG-325,5876243,673211,144.0,MIGMATITA,MIG,882.14,0.505255,5052.55,2772.28,1.03118,10311.8,5.0,10.0,0.003,30.0,3.333388,33333.88,17.16,26.2548,123.6,13.78,25.0,152.65,45.0,17, , ,,0,0,0,0,0,0,,MIGMATITA
2585,Point ZM,SJGG-325GRT,5876243,673211,144.0,Granate,GRT,479.9,0.152663,1526.63,2431.12,0.0005,5.0,5.0,10.0,0.996126,9961.26,14.35923,143592.3,27.26,41.7078,343.18,9.67,245.07,532.54,873.39,, , ,,0,0,0,0,0,0,,Granate
2586,Point ZM,SJGG-114R,5877582,675954,288.0,Tonalita de Anfibol y Biotita,TAB,810.91,0.188162,1881.62,3249.79,0.381624,3816.24,5.0,10.0,0.003,30.0,5.127368,51273.68,10.39,15.8967,105.56,0.5,100.16,176.07,246.92,, , ,,1,0,0,0,0,0,,Tonalita de Anfibol y Biotita
2587,Point ZM,SJGG-326,5877609,675716,296.0,Tonalita de Biotita,TB,779.46,0.559733,5597.33,2194.79,0.268872,2688.72,5.0,10.0,0.003,30.0,4.000524,40005.24,15.73,24.0669,72.6,0.5,72.23,82.25,164.07,15, , ,,1,0,0,0,0,0,,Tonalita de Biotita
2588,Point ZM,SJGG-326 VTT,5877609,675716,296.0,Tonalita de Biotita (VTT),TB,606.17,0.612033,6120.33,2020.68,0.23487,2348.7,5.0,10.0,0.003,30.0,4.383117,43831.17,8.1,12.393,30.0,10.46,25.0,32.0,45.0,, , ,,0,0,0,0,0,0,,Tonalita de Biotita
2589,Point ZM,SJGG-326R,5877609,675716,296.0,Tonalita de Biotita,TB,1032.21,0.415861,4158.61,3503.53,0.21211,2121.1,5.0,10.0,0.003,30.0,4.533613,45336.13,7.07,10.8171,30.0,12.61,25.0,81.91,177.28,, , ,,0,0,0,0,0,0,,Tonalita de Biotita
2590,Point ZM,SJGG-327,5877500,675515,307.0,Granito de Biotita,GB,967.73,0.810307,8103.07,2746.45,0.301662,3016.62,5.0,10.0,0.003,30.0,3.82552,38255.2,11.9,18.207,30.0,0.5,25.0,32.0,45.0,0, , ,,1,0,0,0,0,0,,Granito de Biotita
2591,Point ZM,SJGG-328A,5876123,676069,256.0,Tonalita de Anfibol y Biotita,TAB,640.69,0.401611,4016.11,15773.7,0.268114,2681.14,5.0,10.0,0.003,30.0,3.860311,38603.11,22.98,35.1594,194.3,13.19,182.65,300.12,466.66,, , ,,0,0,0,0,0,0,,Tonalita de Anfibol y Biotita
2592,Point ZM,SJGG-328B,5876123,676069,256.0,Tonalita de Anfibol y Biotita,TAB,644.17,0.497434,4974.34,13299.49,0.239425,2394.25,5.0,10.0,0.003,30.0,3.753308,37533.08,18.85,28.8405,173.88,19.46,162.75,250.09,439.55,, , ,,0,0,0,0,0,0,,Tonalita de Anfibol y Biotita
2593,Point ZM,SJGG-328C,5876123,676069,256.0,Enclave máfico,EM,856.82,0.265465,2654.65,20646.83,0.0005,5.0,5.0,10.0,0.003,30.0,7.049587,70495.87,48.25,73.8225,226.2,13.58,220.62,345.24,616.83,, , ,,0,0,0,0,0,0,,Enclave máfico
2594,Point ZM,SJGG-328D,5876123,676069,256.0,Enclave máfico,EM,683.31,0.344563,3445.63,28275.26,0.229972,2299.72,5.0,10.0,0.003,30.0,5.010602,50106.02,16.25,24.8625,259.38,21.19,185.46,348.81,598.75,, , ,,0,0,0,0,0,0,,Enclave máfico
2595,Point ZM,SJGG-328E,5876123,676069,256.0,Cúmulo anfiboles,CAN,612.53,0.425153,4251.53,20258.46,0.0005,5.0,5.0,375.07,0.003,30.0,4.545996,45459.96,29.09,44.5077,238.04,16.09,238.2,390.76,699.89,, , ,,0,0,0,0,0,0,,Cumulo de Anfiboles
2596,Point ZM,SJGG-329A,5876280,676153,217.0,Tonalita de Anfibol y Biotita,TAB,917.9,0.318919,3189.19,18340.14,0.271434,2714.34,5.0,10.0,0.003,30.0,3.662484,36624.84,8.97,13.7241,158.43,12.99,130.84,239.48,380.05,, , ,,0,0,0,0,0,0,,Tonalita de Anfibol y Biotita
2597,Point ZM,SJGG-329B,5876280,676153,217.0,Enclave máfico,EM,787.3,0.528437,5284.37,27294.02,0.263758,2637.58,5.0,10.0,0.003,30.0,5.090122,50901.22,19.56,29.9268,298.78,15.54,196.53,363.53,649.02,, , ,,0,0,0,0,0,0,,Enclave máfico
2598,Point ZM,SJGG-87R,5878533,675680,123.0,Granito de Biotita,GB,1775.83,0.246722,2467.22,5692.63,0.0005,5.0,5.0,10.0,0.003,30.0,1.889677,18896.77,10.75,16.4475,30.0,9.23,85.37,114.55,174.79,, , ,,0,0,0,0,0,0,,Granito de Biotita
2599,Point ZM,SJGG-330R,5876436,677808,472.0,Tonalita de Anfibol y Biotita,TAB,1524.87,0.37039,3703.9,10936.08,0.0005,5.0,5.0,339.2,0.003,30.0,3.326804,33268.04,12.16,18.6048,209.22,0.5,149.48,283.79,475.74,, , ,,1,0,0,0,0,0,,Tonalita de Anfibol y Biotita
2600,Point ZM,SJGG-331,5876219,677825,459.0,Tonalita de Anfibol y Biotita,TAB,743.65,0.463235,4632.35,5099.96,0.347579,3475.79,5.0,10.0,0.003,30.0,3.741355,37413.55,21.85,33.4305,88.7,0.5,25.0,32.0,45.0,0, , ,,1,0,0,0,0,0,,Tonalita de Anfibol y Biotita
2601,Point ZM,SJGG-331A,5876219,677825,459.0,Tonalita de Anfibol y Biotita,TAB,507.02,0.542741,5427.41,5268.98,0.282439,2824.39,5.0,10.0,0.003,30.0,5.051693,50516.93,42.29,64.7037,101.93,0.5,87.84,121.08,177.84,14, , ,,1,0,0,0,0,0,,Tonalita de Anfibol y Biotita
2602,Point ZM,SJGG-331R,5876219,677825,459.0,Tonalita de Anfibol y Biotita,TAB,1299.34,0.499579,4995.79,15559.12,0.313131,3131.31,5.0,10.0,0.003,30.0,1.928901,19289.01,7.97,12.1941,288.09,10.9,228.47,395.56,691.28,, , ,,0,0,0,0,0,0,,Tonalita de Anfibol y Biotita
2603,Point ZM,SJGG-332,5873461,677749,477.0,Tonalita de Anfibol y Biotita,TAB,1036.17,0.645336,6453.36,2232.15,0.0005,5.0,5.0,10.0,0.003,30.0,6.091833,60918.33,18.35,28.0755,113.53,0.5,112.85,199.37,240.73,43, , ,,1,0,0,0,0,0,,Tonalita de Anfibol y Biotita
2604,Point ZM,SJGG-332R,5873461,677749,477.0,Tonalita de Anfibol y Biotita,TAB,937.63,0.481024,4810.24,16938.33,0.221782,2217.82,5.0,10.0,0.14226,1422.6,5.42194,54219.4,35.98,55.0494,288.88,12.87,233.42,381.98,718.13,, , ,,0,0,0,0,0,0,,Tonalita de Anfibol y Biotita
2605,Point ZM,SJGG-333,5873517,677921,481.0,Tonalita de Anfibol y Biotita,TAB,1023.99,0.811723,8117.23,2098.28,0.250119,2501.19,5.0,10.0,0.003,30.0,4.287469,42874.69,12.48,19.0944,57.8,0.5,66.15,32.0,156.78,63, , ,,1,0,0,0,0,0,,Tonalita de Anfibol y Biotita
2606,Point ZM,SJGG-334A,5873517,677921,481.0,VTT Pegmatitica,VPEG,525.41,0.169812,1698.12,10251.47,0.0005,5.0,5.0,10.0,0.003,30.0,3.207393,32073.93,21.09,32.2677,159.65,0.5,126.31,251.78,400.98,, , ,,1,0,0,0,0,0,,VTT Pegmatitica
2607,Point ZM,SJGG-334B,5873517,677921,481.0,VTT Limonitas-Micas,VTLIM,616.83,0.269863,2698.63,6885.1,0.232518,2325.18,5.0,10.0,0.350316,3503.16,4.386527,43865.27,16.89,25.8417,172.47,0.5,151.69,250.06,415.4,, , ,,1,0,0,0,0,0,,VTT Limonitas-Micas
2608,Point ZM,SJGG-334C,5873517,677921,481.0,VTT Limonitas-Micas,VTLIM,700.83,0.271321,2713.21,4871.61,0.255344,2553.44,5.0,10.0,0.003,30.0,5.322684,53226.84,27.65,42.3045,102.67,0.5,107.82,142.94,201.29,, , ,,1,0,0,0,0,0,,VTT Limonitas-Micas
2609,Point ZM,SJGG-334D,5873517,677921,481.0,Enclave máfico,EM,562.83,0.246263,2462.63,13204.45,0.210936,2109.36,5.0,10.0,0.003,30.0,4.062973,40629.73,16.66,25.4898,108.88,13.0,97.7,176.34,258.85,, , ,,0,0,0,0,0,0,,Enclave máfico
2610,Point ZM,SJGG-334E,5873517,677921,481.0,Tonalita de Anfibol y Biotita,TAB,632.68,0.323542,3235.42,8294.59,0.224585,2245.85,5.0,10.0,0.003,30.0,4.113001,41130.01,15.18,23.2254,70.68,14.68,68.37,130.65,193.45,, , ,,0,0,0,0,0,0,,Tonalita de Anfibol y Biotita
2611,Point ZM,SJCGG-01,5889451,678822,89.0,Granito de Biotita,GB,498.35,0.493992,4939.92,2096.02,0.243538,2435.38,5.0,10.0,0.003,30.0,3.887907,38879.07,23.84,36.4752,62.05,8.41,60.76,72.74,121.76,33, , ,,0,0,0,0,0,0,,Granito de Biotita
2612,Point ZM,SJCGG-02,5889603,678639,124.0,Granito de Biotita,GB,449.18,0.396243,3962.43,1894.15,0.311732,3117.32,5.0,10.0,0.003,30.0,4.792572,47925.72,14.59,22.3227,30.0,0.5,61.94,103.5,45.0,30, , ,,1,0,0,0,0,0,,Granito de Biotita
2613,Point ZM,SJCGG-03,5888591,677778,301.0,Esquisto de Biotita,ESQM,889.7,0.720438,7204.38,1872.83,0.42926,4292.6,5.0,507.4,0.003,30.0,6.294414,62944.14,12.8,19.584,149.78,0.5,100.87,152.39,251.93,0, , ,,1,0,0,0,0,0,,Esquisto de Biotita
2614,Point ZM,SJCGG-04,5887880,677085,384.0,Esquisto de Biotita,ESQM,682.76,0.71051,7105.1,1870.49,0.401978,4019.78,5.0,10.0,0.003,30.0,3.416517,34165.17,15.49,23.6997,107.04,12.83,72.42,146.04,164.02,0, , ,,0,0,0,0,0,0,,Esquisto de Biotita
2615,Point ZM,SJCGG-05,5886297,677001,353.0,Esquisto de Biotita,ESQM,630.45,0.964247,9642.47,1931.26,0.0005,5.0,5.0,288.8,0.003,30.0,3.157001,31570.01,5.1,7.803,89.05,11.23,25.0,104.03,141.99,0, , ,,0,0,0,0,0,0,,Esquisto de Biotita
2616,Point ZM,SJCGG-06,5884736,676510,205.0,Esquisto de Biotita,ESQM,432.77,0.461323,4613.23,1882.15,0.252772,2527.72,5.0,10.0,0.003,30.0,4.347382,43473.82,23.94,36.6282,181.51,12.05,147.54,199.13,319.28,0, , ,,0,0,0,0,0,0,,Esquisto de Biotita
2617,Point ZM,SJCGG-07,5885574,676256,302.0,Esquisto de Biotita,ESQM,655.75,0.436685,4366.85,2144.21,0.392127,3921.27,5.0,10.0,0.003,30.0,6.172923,61729.23,10.82,16.5546,153.44,16.66,115.11,171.34,313.1,0, , ,,0,0,0,0,0,0,,Esquisto de Biotita
2618,Point ZM,SJCGG-08R,5887626,676950,408.0,Esquisto de Biotita (+Grt),ESQM,912.19,1.262941,12629.41,2120.64,0.389299,3892.99,5.0,10.0,0.003,30.0,9.035103,90351.03,6.71,10.2663,213.4,15.33,189.39,240.08,433.24,, , ,,0,0,0,0,0,0,,Esquisto de Biotita con Granate
2619,Point ZM,SJCGG-09,5888089,677470,307.0,Esquisto de Biotita (+Grt),ESQM,1005.89,0.668739,6687.39,2525.72,0.477685,4776.85,5.0,10.0,0.003,30.0,5.204959,52049.59,6.8,10.404,227.19,14.82,151.55,206.68,397.12,, , ,,0,0,0,0,0,0,,Esquisto de Biotita con Granate
2620,Point ZM,SJCGG-10,5888329,678005,228.0,Esquisto de Biotita,ESQM,457.75,0.928471,9284.71,2008.66,0.275419,2754.19,5.0,10.0,0.003,30.0,7.290134,72901.34,22.58,34.5474,192.66,0.5,167.32,248.62,360.29,0, , ,,1,0,0,0,0,0,,Esquisto de Biotita
2621,Point ZM,SJCGG-11,5888341,678293,131.0,Esquisto de Biotita,ESQM,378.22,0.858633,8586.33,2117.25,0.324136,3241.36,5.0,10.0,0.003,30.0,5.70438,57043.8,23.89,36.5517,142.38,0.5,120.7,196.82,255.73,0, , ,,1,0,0,0,0,0,,Esquisto de Biotita
2622,Point ZM,SJCGG-12,5888516,678483,118.0,Granito de Biotita,GB,453.04,1.078365,10783.65,2056.62,0.139618,1396.18,5.0,357.53,0.003,30.0,4.110076,41100.76,21.11,32.2983,145.2,7.91,114.15,163.56,290.6,15, , ,,0,0,0,0,0,0,,Granito de Biotita
2623,Point ZM,SJCGG-13,5888583,678771,109.0,Granito de Biotita,GB,627.8,0.858924,8589.24,1911.59,0.260819,2608.19,5.0,337.08,0.003,30.0,3.273425,32734.25,34.47,52.7391,117.63,17.5,95.82,92.15,136.33,31, , ,,0,0,0,0,0,0,,Granito de Biotita
2624,Point ZM,SJCGG-14,5888855,678697,103.0,Aplita,AP,722.41,1.243347,12433.47,2187.39,0.0005,5.0,5.0,731.86,0.003,30.0,1.668351,16683.51,7.7,11.781,30.0,0.5,25.0,32.0,100.2,0, , ,,1,0,0,0,0,0,,Aplita
2625,Point ZM,SJCGG-15,5888853,678587,106.0,Granito de Biotita,GB,514.26,0.831376,8313.76,2194.97,0.194769,1947.69,5.0,10.0,0.003,30.0,3.420822,34208.22,24.03,36.7659,86.25,10.04,25.0,32.0,147.44,14, , ,,0,0,0,0,0,0,,Granito de Biotita
2626,Point ZM,SJCGG-16,5889128,678447,108.0,Granito de Biotita,GB,453.57,0.935114,9351.14,2732.25,0.0005,5.0,5.0,10.0,0.003,30.0,1.449626,14496.26,6.19,9.4707,30.0,0.5,25.0,32.0,45.0,0, , ,,1,0,0,0,0,0,,Granito de Biotita
2627,Point ZM,SJCGG-17,5890132,678679,124.0,Granito de Biotita,GB,519.87,1.050634,10506.34,2253.55,0.0005,5.0,5.0,10.0,0.003,30.0,2.242968,22429.68,7.55,11.5515,30.0,7.06,25.0,32.0,105.2,15, , ,,0,0,0,0,0,0,,Granito de Biotita
2628,Point ZM,SJCGG-18,5889703,678152,158.0,Esquisto de Biotita,ESQM,562.62,1.343119,13431.19,2014.07,0.274019,2740.19,5.0,10.0,0.003,30.0,5.058817,50588.17,15.02,22.9806,116.45,16.41,86.74,157.76,260.16,0, , ,,0,0,0,0,0,0,,Esquisto de Biotita
2629,Point ZM,SJCGG-19,5889319,678009,182.0,Esquisto de Biotita,ESQM,473.73,1.411685,14116.85,2022.93,0.0005,5.0,5.0,10.0,0.003,30.0,0.995972,9959.72,6.49,9.9297,101.11,7.79,25.0,79.56,135.2,0, , ,,0,0,0,0,0,0,,Esquisto de Biotita
2630,Point ZM,SJCGG-20R,5888240,677170,317.0,Esquisto de Biotita,ESQM,725.94,1.148738,11487.38,2706.61,0.0005,5.0,5.0,10.0,0.003,30.0,1.550212,15502.12,2.18,3.3354,77.19,0.5,25.0,139.48,185.04,, , ,,1,0,0,0,0,0,,Esquisto de Biotita
2631,Point ZM,SJCGG-21R,5888670,677572,249.0,Esquisto de Biotita,ESQM,661.07,1.003254,10032.54,2626.25,0.552691,5526.91,5.0,10.0,0.003,30.0,5.951154,59511.54,16.39,25.0767,276.77,0.5,205.9,316.39,620.28,, , ,,1,0,0,0,0,0,,Esquisto de Biotita
2632,Point ZM,SJCGG-22R,5888049,676336,357.0,Esquisto de Biotita,ESQM,955.14,1.410793,14107.93,2984.86,0.573234,5732.34,5.0,10.0,0.003,30.0,4.069514,40695.14,9.8,14.994,268.66,16.68,151.0,242.26,442.5,, , ,,0,0,0,0,0,0,,Esquisto de Biotita
2633,Point ZM,SJCGG-23R,5888318,675635,405.0,Esquisto de Biotita,ESQM,493.12,1.221786,12217.86,2489.3,0.0005,5.0,5.0,10.0,0.003,30.0,1.967829,19678.29,9.95,15.2235,106.9,16.35,25.0,32.0,45.0,, , ,,0,0,0,0,0,0,,Esquisto de Biotita
2634,Point ZM,SJCGG-24,5887047,677157,346.0,Esquisto de Biotita,ESQM,579.12,0.780187,7801.87,2465.98,0.126101,1261.01,5.0,10.0,0.003,30.0,1.377389,13773.89,13.78,21.0834,98.7,11.98,65.25,94.95,142.45,0, , ,,0,0,0,0,0,0,,Esquisto de Biotita
2635,Point ZM,SJCGG-25,5887348,678156,303.0,Granito de Biotita,GB,634.4,1.449257,14492.57,2083.21,0.375236,3752.36,5.0,10.0,0.003,30.0,5.874911,58749.11,20.39,31.1967,183.42,21.04,158.32,259.42,451.96,15, , ,,0,0,0,0,0,0,,Granito de Biotita
2636,Point ZM,SJCGG-26,5887048,679058,183.0,Granito de Biotita,GB,418.57,1.068112,10681.12,2292.31,0.0005,5.0,5.0,10.0,0.003,30.0,2.540693,25406.93,12.56,19.2168,107.59,0.5,82.22,128.39,171.06,14, , ,,1,0,0,0,0,0,,Granito de Biotita
2637,Point ZM,TRPR-01A,5992980,697436,94.0,Granito de biotita,GB,995.95,0.607782,6077.82,8850.98,0.201361,2013.61,5.0,10.0,0.003,30.0,2.954212,29542.12,6.13,9.3789,30.0,11.49,25.0,32.0,45.0, , ,B,,0,0,0,0,0,0,,Granito de biotita
2638,Point ZM,TRPR-01B,5992980,697436,94.0,Metapelita,MP,1521.47,0.460083,4600.83,5375.21,0.0005,5.0,5.0,10.0,0.342109,3421.09,4.679391,46793.91,27.94,42.7482,224.69,19.32,165.39,336.55,502.33, , ,B,,0,0,0,0,0,0,,Metapelita
2639,Point ZM,TRPR-01C,5992980,697436,94.0,Dique pegmatitico,DPEG,797.59,2.445404,24454.04,2066.29,0.0005,5.0,5.0,10.0,0.003,30.0,0.45395,4539.5,2.0,3.06,155.45,0.5,144.13,238.15,384.81, , ,B,,1,0,0,0,0,0,,Dique Pegmatitico
2640,Point ZM,TRPR-02A,5991527,696949,55.0,Metapelita recristalizada,MP,757.95,0.769511,7695.11,12502.84,0.217632,2176.32,5.0,10.0,0.003,30.0,2.964212,29642.12,9.34,14.2902,101.81,0.5,109.41,185.76,258.03, , ,B,,1,0,0,0,0,0,,Metapelita Recristalizada
2641,Point ZM,TRPR-02B,5991527,696949,55.0,Granito de biotita,GB,705.7,0.772044,7720.44,10075.26,0.298629,2986.29,5.0,10.0,0.003,30.0,4.354355,43543.55,28.58,43.7274,143.63,92.79,103.9,153.05,211.63,0, ,B,,0,0,0,0,0,0,,Granito de biotita
2642,Point ZM,TRPR-03,5987939,696892,10.0,Dique dacítico,DDA,420.65,1.973856,19738.56,2656.87,0.0005,5.0,5.0,10.0,0.003,30.0,0.33004,3300.4,5.06,7.7418,135.85,7.2,120.26,151.21,303.56, , ,B,,0,0,0,0,0,0,,Dique Dacitico
2643,Point ZM,TAPR-04,5982259,707656,410.0,Tonalita de biotita,TON,281.5,0.666434,6664.34,2035.25,0.320092,3200.92,5.0,10.0,0.003,30.0,5.006076,50060.76,23.35,35.7255,103.55,0.5,92.65,116.49,190.35, , ,B,,1,0,0,0,0,0,,Tonalita de biotita
2644,Point ZM,TAPR-05,5982144,707444,459.0,Tonalita de biotita,TON,328.69,0.435424,4354.24,2432.4,0.13653,1365.3,5.0,10.0,0.003,30.0,5.231836,52318.36,24.21,37.0413,78.22,12.9,25.0,76.25,99.74, , ,B,,0,0,0,0,0,0,,Tonalita de biotita
2645,Point ZM,TAPR-06A,5981425,706293,511.0,Tonalita de biotita,TON,523.79,0.344463,3444.63,1788.3,0.430842,4308.42,5.0,10.0,0.003,30.0,4.502145,45021.45,23.15,35.4195,141.2,10.74,78.34,89.67,98.45,16, ,B,,0,0,0,0,0,0,,Tonalita de biotita
2646,Point ZM,TAPR-06B,5981425,706293,511.0,Tonalita de biotita,TON,483.84,0.255029,2550.29,1902.08,0.0005,5.0,5.0,10.0,0.003,30.0,5.518029,55180.29,8.49,12.9897,78.28,7.69,25.0,32.0,45.0, , ,B,,0,0,0,0,0,0,,Tonalita de biotita
2647,Point ZM,TAPR-07,5982070,705546,491.0,Metapelita recristalizada,MP,525.77,0.358052,3580.52,4707.87,0.0005,5.0,5.0,272.37,0.003,30.0,2.433213,24332.13,11.8,18.054,76.95,21.85,85.48,139.88,264.45, , ,B,,0,0,0,0,0,0,,Metapelita Recristalizada
2648,Point ZM,TAPR-08,5983004,705047,490.0,Filita,FI,394.98,1.150773,11507.73,1930.87,0.27579,2757.9,5.0,10.0,0.003,30.0,2.618647,26186.47,15.08,23.0724,112.47,8.91,65.35,136.33,146.45, , ,B,,0,0,0,0,0,0,,Filita
2649,Point ZM,TAPR-09,5986497,702207,405.0,Metapelita,MP,328.43,0.721639,7216.39,2279.42,0.250512,2505.12,5.0,10.0,0.003,30.0,1.032014,10320.14,15.64,23.9292,30.0,9.62,25.0,32.0,45.0, , ,B,,0,0,0,0,0,0,,Metapelita
2650,Point ZM,TAPR-10,5989112,702297,335.0,Metapsamita,MP,169.35,0.70268,7026.8,2427.55,0.169645,1696.45,5.0,10.0,0.003,30.0,3.493863,34938.63,17.76,27.1728,113.15,9.9,95.48,168.95,236.36, , ,B,,0,0,0,0,0,0,,Metapsamita
2651,Point ZM,TAPR-11,5990265,701390,285.0,Pizarra,SL,599.67,1.170996,11709.96,2319.86,0.609793,6097.93,5.0,10.0,0.003,30.0,3.562945,35629.45,19.7,30.141,159.17,12.74,132.29,233.9,342.68, , ,B,,0,0,0,0,0,0,,Pizarra
2652,Point ZM,TAPR-12,5996141,705409,432.0,Metapsamita,MP,227.92,0.002,20.0,2316.27,1.461943,14619.43,5.0,10.0,0.003,30.0,7.800832,78008.32,13.79,21.0987,30.0,0.5,25.0,32.0,45.0, , ,B,,1,0,0,0,0,0,,Metapsamita
2653,Point ZM,TAPR-13,5995881,703985,372.0,Metapsamita,MP,503.53,0.480152,4801.52,2416.12,0.976085,9760.85,5.0,10.0,0.003,30.0,4.578341,45783.41,11.81,18.0693,30.0,0.5,25.0,73.11,45.0, , ,B,,1,0,0,0,0,0,,Metapsamita
2654,Point ZM,TAPR-14,5995544,703407,333.0,Metapsamita,MP,719.66,1.356014,13560.14,1960.33,0.377808,3778.08,5.0,10.0,0.003,30.0,5.232855,52328.55,18.96,29.0088,165.25,17.49,122.36,214.19,361.93, , ,B,,0,0,0,0,0,0,,Metapsamita
2655,Point ZM,TAPR-15,5995989,701812,274.0,Metapsamita,MP,546.39,0.955533,9555.33,2184.68,0.288206,2882.06,5.0,10.0,0.003,30.0,5.0981,50981.0,11.65,17.8245,75.6,10.5,25.0,103.82,157.99, , ,B,,0,0,0,0,0,0,,Metapsamita
2656,Point ZM,TAPR-16,5996570,700938,199.0,Metapsamita,MP,717.27,0.687322,6873.22,2396.62,0.167528,1675.28,5.0,10.0,0.003,30.0,3.365636,33656.36,9.82,15.0246,30.0,15.05,25.0,32.0,103.3, , ,B,,0,0,0,0,0,0,,Metapsamita
2657,Point ZM,TAPR-17,5995616,700644,170.0,Metapsamita,MP,474.78,0.273081,2730.81,4985.03,0.331518,3315.18,5.0,10.0,0.003,30.0,4.316644,43166.44,10.18,15.5754,30.0,0.5,25.0,32.0,45.0, , ,B,,1,0,0,0,0,0,,Metapsamita
2658,Point ZM,TAPR-18,5995406,701301,196.0,Metapsamita,MP,490.81,0.959438,9594.38,1984.89,0.256404,2564.04,5.0,10.0,0.003,30.0,4.010309,40103.09,18.0,27.54,89.23,0.5,71.52,107.24,161.4, , ,B,,1,0,0,0,0,0,,Metapsamita
2659,Point ZM,TAPR-19,5995247,707844,511.0,Dique Andesita,DAND,438.79,0.18557,1855.7,2161.84,0.363889,3638.89,5.0,10.0,0.003,30.0,2.848695,28486.95,9.67,14.7951,30.0,14.55,25.0,32.0,45.0, , ,B,,0,0,0,0,0,0,,Dique Andesita
2660,Point ZM,TAPR-20,5993954,708727,494.0,Metapsamita,MP,703.04,0.002,20.0,2062.1,0.337458,3374.58,5.0,10.0,0.003,30.0,7.40457,74045.7,17.88,27.3564,30.0,8.97,25.0,32.0,45.0, , ,B,,0,0,0,0,0,0,,Metapsamita
2661,Point ZM,TAPR-20B,5993954,708727,494.0,Dique Microdiorita,DMD,546.08,0.044414,444.14,2154.22,0.5833,5833.0,5.0,10.0,0.003,30.0,8.858229,88582.29,19.54,29.8962,163.11,0.5,101.83,178.52,271.8,18, ,B,,1,0,0,0,0,0,,Dique Microdiorita
2662,Point ZM,TAPR-21,5992785,705691,483.0,Metapelita,MP,470.73,0.658666,6586.66,1708.59,0.194135,1941.35,5.0,10.0,0.003,30.0,3.152984,31529.84,11.27,17.2431,89.11,9.97,25.0,79.74,106.4, , ,B,,0,0,0,0,0,0,,Metapelita
2663,Point ZM,TAPR-22,5993289,703868,408.0,Metapelita,MP,519.05,0.849671,8496.71,1944.71,0.23919,2391.9,5.0,10.0,0.003,30.0,4.601782,46017.82,10.12,15.4836,159.9,7.65,78.92,127.75,202.57, , ,B,,0,0,0,0,0,0,,Metapelita
2664,Point ZM,TAPR-23,5991071,706747,416.0,Metapelita,MP,454.65,0.744701,7447.01,2325.03,0.141864,1418.64,5.0,10.0,0.003,30.0,2.650671,26506.71,38.76,59.3028,107.88,27.37,95.96,142.24,204.29,0, ,B,,0,0,0,0,0,0,,Metapelita
2665,Point ZM,TAPR-24,5990898,705307,343.0,Metapelita,MP,497.21,0.795006,7950.06,2165.6,0.583566,5835.66,5.0,10.0,0.003,30.0,3.452612,34526.12,14.85,22.7205,76.67,12.76,25.0,32.0,120.62, , ,B,,0,0,0,0,0,0,,Metapelita
2666,Point ZM,TAPR-25,5995192,706046,459.0,Metapsamita,MP,590.24,0.133475,1334.75,2212.14,0.581769,5817.69,5.0,10.0,0.003,30.0,10.231563,102315.63,11.05,16.9065,88.33,12.94,69.66,86.18,131.04, , ,B,,0,0,0,0,0,0,,Metapsamita
2667,Point ZM,TAPR-26,5994083,706945,499.0,Metapelita,MP,483.44,0.719509,7195.09,2098.36,1.146065,11460.65,5.0,10.0,0.003,30.0,2.380159,23801.59,9.38,14.3514,87.35,8.96,69.23,134.21,156.56, , ,B,,0,0,0,0,0,0,,Metapelita
2668,Point ZM,TAPR-27,5994561,704629,370.0,Metapelita,MP,612.08,1.332392,13323.92,1987.73,0.332982,3329.82,5.0,10.0,0.003,30.0,3.784084,37840.84,17.39,26.6067,199.88,9.92,179.64,286.65,425.76, , ,B,,0,0,0,0,0,0,,Metapelita
2669,Point ZM,TAPR-28,5992923,708634,502.0,Metapsamita,MP,592.68,1.519636,15196.36,2255.38,0.434148,4341.48,5.0,10.0,0.003,30.0,3.758519,37585.19,20.53,31.4109,261.72,20.65,208.03,321.89,538.02, , ,B,,0,0,0,0,0,0,,Metapsamita
2670,Point ZM,TAPR-29,5991903,708034,476.0,Metapsamita,MP,462.25,1.164315,11643.15,2241.04,0.258129,2581.29,615.21,10.0,0.003,30.0,2.826926,28269.26,17.8,27.234,76.78,17.89,25.0,106.71,217.18, , ,B,,0,0,0,0,0,0,,Metapsamita
2671,Point ZM,TAPR-30,5992017,704299,414.0,Metapsamita,MP,545.86,1.081168,10811.68,2246.37,0.246509,2465.09,5.0,10.0,0.003,30.0,2.263283,22632.83,11.41,17.4573,55.69,8.8,25.0,32.0,45.0, , ,B,,0,0,0,0,0,0,,Metapsamita
2672,Point ZM,TAPR-31,5992240,703938,396.0,Dique microdiorita?,DMD,632.28,0.087821,878.21,2111.35,0.32721,3272.1,5.0,10.0,0.003,30.0,4.923009,49230.09,7.25,11.0925,30.0,9.2,25.0,32.0,45.0, , ,B,,0,0,0,0,0,0,,Dique Microdiorita
2673,Point ZM,TAPR-32,5993435,710218,491.0,Dique microdiorita?,DMD,493.26,0.002,20.0,1817.97,0.434371,4343.71,5.0,10.0,0.003,30.0,6.07728,60772.8,15.85,24.2505,76.98,0.5,61.75,89.31,161.72, , ,B,,1,0,0,0,0,0,,Dique Microdiorita
2674,Point ZM,TAPR-33,5992884,710116,437.0,Dique microdiorita?,DMD,376.14,0.058103,581.03,1959.14,2.437926,24379.26,5.0,10.0,0.003,30.0,6.491351,64913.51,27.89,42.6717,187.9,0.5,145.72,223.33,305.97,93, ,B,,1,0,0,0,0,0,,Dique Microdiorita
2675,Point ZM,TAPR-34A,5992050,709332,436.0,Dique microdiorita?,DMD,554.11,0.002,20.0,2122.64,0.705294,7052.94,5.0,10.0,0.003,30.0,8.008963,80089.63,7.69,11.7657,95.9,0.5,80.97,136.96,210.51, , ,B,,1,0,0,0,0,0,,Dique Microdiorita
2676,Point ZM,TAPR-34B,5992050,709332,436.0,Metapelita,MP,869.58,0.648813,6488.13,1775.88,0.201681,2016.81,5.0,10.0,0.003,30.0,4.048439,40484.39,7.39,11.3067,62.81,20.55,90.52,153.94,231.51, , ,B,,0,0,0,0,0,0,,Metapelita
2677,Point ZM,TAPR-35,5991683,710148,456.0,Metapelita,MP,414.29,0.251156,2511.56,2449.31,0.396918,3969.18,5.0,10.0,0.003,30.0,5.560706,55607.06,9.72,14.8716,95.47,0.5,25.0,77.79,187.74, , ,B,,1,0,0,0,0,0,,Metapelita
2678,Point ZM,TAPR-36A,5992761,711848,371.0,Metapelita,MP,629.75,0.002,20.0,2130.86,0.944179,9441.79,5.0,10.0,0.003,30.0,4.773563,47735.63,8.94,13.6782,30.0,0.5,25.0,32.0,45.0, , ,B,,1,0,0,0,0,0,,Metapelita
2679,Point ZM,TAPR-36B,5992761,711848,371.0,Metapelita,MP,820.62,0.309627,3096.27,16087.67,0.340906,3409.06,5.0,10.0,0.236237,2362.37,6.088121,60881.21,24.03,36.7659,257.57,15.61,264.2,404.43,671.31, , ,B,,0,0,0,0,0,0,,Metapelita
2680,Point ZM,TAPR-37,5995879,698796,102.0,Metapelita,MP,595.29,1.297817,12978.17,3011.65,0.196407,1964.07,5.0,10.0,0.003,30.0,4.103195,41031.95,17.72,27.1116,207.62,8.74,204.38,330.57,583.7, , ,B,,0,0,0,0,0,0,,Metapelita
2681,Point ZM,TAPR-38,5994922,699616,21.0,Metapsamita,MP,764.93,0.750724,7507.24,3323.16,0.242387,2423.87,5.0,10.0,0.003,30.0,4.799752,47997.52,24.2,37.026,363.83,19.33,218.15,380.65,657.36, , ,B,,0,0,0,0,0,0,,Metapsamita
2682,Point ZM,TAPR-39,5992804,701447,262.0,Indeterminado,MP,520.95,0.250997,2509.97,4756.2,0.336806,3368.06,5.0,10.0,0.003,30.0,4.607448,46074.48,17.21,26.3313,30.0,10.84,25.0,69.57,97.04, , ,B,,0,0,0,0,0,0,,Indeterminado
2683,Point ZM,TAPR-40,5993001,699442,178.0,Indeterminado,MP,469.3,0.363834,3638.34,5498.38,0.322833,3228.33,5.0,10.0,0.003,30.0,4.706074,47060.74,13.42,20.5326,70.81,12.83,25.0,104.24,155.27, , ,B,,0,0,0,0,0,0,,Indeterminado
2684,Point ZM,TAPR-41,5993583,701653,272.0,Metapsamita,MP,442.02,0.716234,7162.34,2292.81,0.160415,1604.15,5.0,10.0,0.003,30.0,2.67707,26770.7,19.68,30.1104,100.25,9.26,80.81,154.79,232.21, , ,B,,0,0,0,0,0,0,,Metapsamita
2685,Point ZM,TAPR-42,5993677,700609,213.0,Indeterminado,MP,583.87,0.172084,1720.84,2972.68,0.418493,4184.93,5.0,10.0,0.003,30.0,5.309093,53090.93,9.23,14.1219,30.0,0.5,64.87,94.0,129.43, , ,B,,1,0,0,0,0,0,,Indeterminado
2686,Point ZM,TAPR-43,5991252,700746,263.0,Metapelita,MP,174.65,0.438624,4386.24,2154.52,0.391698,3916.98,5.0,10.0,0.003,30.0,4.303651,43036.51,11.6,17.748,112.29,11.16,65.26,116.88,226.19, , ,B,,0,0,0,0,0,0,,Metapelita
2687,Point ZM,TAPR-44,5991030,701935,162.0,Metapelita,MP,461.61,1.109318,11093.18,2007.44,0.0005,5.0,5.0,10.0,0.003,30.0,1.063608,10636.08,19.03,29.1159,72.34,11.54,25.0,32.0,45.0, , ,B,,0,0,0,0,0,0,,Metapelita
2688,Point ZM,TAPR-45,5986697,703163,329.0,Metapsamita,MP,347.85,1.137729,11377.29,2560.0,0.339545,3395.45,5.0,10.0,0.003,30.0,1.511732,15117.32,16.58,25.3674,89.29,12.29,25.0,122.39,118.87, , ,B,,0,0,0,0,0,0,,Metapsamita
2689,Point ZM,TAPR-46,5985186,705345,478.0,Metapelita,MP,923.68,1.578758,15787.58,2478.51,0.308264,3082.64,5.0,10.0,0.003,30.0,6.574677,65746.77,14.26,21.8178,184.74,21.37,188.56,338.27,527.22, , ,B,,0,0,0,0,0,0,,Metapelita
2690,Point ZM,TAPR-47A,5986816,705025,465.0,Metapelita,MP,428.74,1.221688,12216.88,2309.98,0.316737,3167.37,5.0,10.0,0.003,30.0,0.688833,6888.33,23.5,35.955,99.86,14.27,57.34,91.52,119.98, , ,B,,0,0,0,0,0,0,,Metapelita
2691,Point ZM,TAPR-47B,5986816,705025,465.0,Metapelita,MP,571.31,0.941554,9415.54,2130.26,0.214762,2147.62,5.0,10.0,0.003,30.0,4.178927,41789.27,17.18,26.2854,73.4,11.41,25.0,32.0,45.0, , ,B,,0,0,0,0,0,0,,Metapelita
2692,Point ZM,TAPR-48A,5987708,705195,341.0,Metapsamita,MP,518.09,0.427661,4276.61,1823.79,0.215053,2150.53,5.0,10.0,0.003,30.0,8.513426,85134.26,14.78,22.6134,147.58,11.95,103.64,84.26,171.95, , ,B,,0,0,0,0,0,0,,Metapsamita
2693,Point ZM,TAPR-48B,5987708,705195,341.0,Pizarra,SL,772.54,1.40491,14049.1,2097.59,0.316994,3169.94,5.0,10.0,0.003,30.0,1.72594,17259.4,20.39,31.1967,137.82,11.98,144.21,216.32,322.75, , ,B,,0,0,0,0,0,0,,Pizarra
2694,Point ZM,TAPR-49,5986084,706111,403.0,Metapsamita,MP,640.3,0.682313,6823.13,2101.79,0.168737,1687.37,5.0,10.0,0.003,30.0,2.670801,26708.01,12.37,18.9261,168.67,13.89,142.32,243.13,391.31, , ,B,,0,0,0,0,0,0,,Metapsamita
2695,Point ZM,TAPR-50,5984397,705920,499.0,Metapsamita,MP,539.75,0.430412,4304.12,2205.01,0.426509,4265.09,5.0,10.0,0.003,30.0,3.851453,38514.53,17.93,27.4329,204.79,13.6,149.59,298.35,471.38, , ,B,,0,0,0,0,0,0,,Metapsamita
2696,Point ZM,TAPR-51,5984452,706609,423.0,Metapelita,MP,399.89,0.073024,730.24,2229.59,1.174837,11748.37,5.0,10.0,0.003,30.0,5.945697,59456.97,10.7,16.371,101.36,0.5,66.33,119.38,181.72, , ,B,,1,0,0,0,0,0,,Metapelita
2697,Point ZM,TAPR-52,5989010,700850,317.0,Indeterminado,MP,506.12,0.228339,2283.39,3314.09,0.363906,3639.06,5.0,10.0,0.003,30.0,5.613525,56135.25,12.55,19.2015,30.0,10.85,25.0,32.0,45.0, , ,B,,0,0,0,0,0,0,,Indeterminado
2698,Point ZM,TAPR-53,5987942,701240,342.0,Metapsamita,MP,603.58,0.534597,5345.97,2055.07,0.234287,2342.87,5.0,10.0,0.003,30.0,4.320918,43209.18,9.93,15.1929,58.21,12.88,25.0,99.32,180.78, , ,B,,0,0,0,0,0,0,,Metapsamita
2699,Point ZM,TAPR-54,5987205,700749,321.0,Metapsamita,MP,702.52,1.017477,10174.77,2358.89,0.507258,5072.58,5.0,10.0,0.003,30.0,5.857801,58578.01,18.81,28.7793,30.0,11.26,25.0,103.11,45.0, , ,B,,0,0,0,0,0,0,,Metapsamita
2700,Point ZM,TAPR-55,5984607,701836,395.0,Metapsamita,MP,604.94,0.683115,6831.15,2693.99,0.194814,1948.14,5.0,10.0,0.003,30.0,6.08556,60855.6,13.98,21.3894,129.52,0.5,112.11,172.39,295.15, , ,B,,1,0,0,0,0,0,,Metapsamita
2701,Point ZM,TAPR-56,5982983,699813,269.0,Metapelita,MP,370.93,1.177702,11777.02,1846.7,0.281693,2816.93,5.0,10.0,0.003,30.0,3.574144,35741.44,14.9,22.797,141.75,10.47,114.52,164.22,241.43, , ,B,,0,0,0,0,0,0,,Metapelita
2702,Point ZM,TAPR-57,5983916,701515,373.0,Metapelita,MP,435.36,0.427749,4277.49,2433.89,0.34366,3436.6,5.0,10.0,0.003,30.0,4.625268,46252.68,12.07,18.4671,66.11,8.69,25.0,85.53,106.98, , ,B,,0,0,0,0,0,0,,Metapelita
2703,Point ZM,TAPR-58,5983282,703838,440.0,Metapelita,MP,468.56,0.275021,2750.21,2109.36,0.532554,5325.54,5.0,10.0,0.003,30.0,4.644185,46441.85,11.79,18.0387,127.26,0.5,99.41,195.24,303.79, , ,B,,1,0,0,0,0,0,,Metapelita
2704,Point ZM,TAPR-59,5981844,704646,447.0,Metapelita recristalizada,MP,617.09,0.676315,6763.15,2654.6,0.379563,3795.63,5.0,10.0,0.003,30.0,3.819524,38195.24,19.56,29.9268,197.19,22.15,185.33,288.47,428.3, , ,B,,0,0,0,0,0,0,,Metapelita Recristalizada
2705,Point ZM,TAPR-60,5981649,703135,387.0,Metapelita,MP,533.33,0.422679,4226.79,2111.13,0.14876,1487.6,5.0,237.76,0.003,30.0,3.577835,35778.35,9.44,14.4432,62.08,13.11,25.0,32.0,45.0, , ,B,,0,0,0,0,0,0,,Metapelita
2706,Point ZM,TAPR-61,5980913,702919,376.0,Metapsamita,MP,963.02,0.863497,8634.97,2564.29,0.802401,8024.01,5.0,10.0,0.003,30.0,3.370158,33701.58,9.37,14.3361,164.97,17.84,159.68,248.75,401.45, , ,B,,0,0,0,0,0,0,,Metapsamita
2707,Point ZM,TAPR-62,5980749,704449,440.0,Metapsamita,MP,670.42,0.56913,5691.3,2061.03,0.669401,6694.01,5.0,10.0,0.206577,2065.77,4.97048,49704.8,28.07,42.9471,225.72,17.84,221.78,343.69,504.58, , ,B,,0,0,0,0,0,0,,Metapsamita
2708,Point ZM,TAPR-63,5981784,707915,370.0,Granito de biotita,GB,469.01,0.582004,5820.04,1839.84,0.211403,2114.03,5.0,10.0,0.003,30.0,4.312221,43122.21,11.05,16.9065,101.52,15.02,62.58,95.46,121.54,16, ,B,,0,0,0,0,0,0,,Granito de biotita
2709,Point ZM,TAPR-64,5981345,708241,287.0,Granito de biotita,GB,703.93,0.564605,5646.05,2143.47,0.279068,2790.68,5.0,10.0,0.003,30.0,4.9647,49647.0,19.35,29.6055,83.65,0.5,25.0,32.0,45.0,34, ,B,,1,0,0,0,0,0,,Granito de biotita
2710,Point ZM,TAPR-65A,5981096,708717,259.0,Diorita,DRT,426.09,0.178537,1785.37,6557.95,0.216402,2164.02,5.0,10.0,0.003,30.0,4.805431,48054.31,9.1,13.923,30.0,0.5,25.0,32.0,111.72,0, ,B,,1,0,0,0,0,0,,Diorita
2711,Point ZM,TAPR-65B,5981096,708717,259.0,Diorita,DRT,943.53,0.214304,2143.04,30575.96,0.211176,2111.76,5.0,10.0,0.003,30.0,5.510809,55108.09,10.48,16.0344,223.67,11.64,205.97,365.97,668.11, , ,B,,0,0,0,0,0,0,,Diorita
2712,Point ZM,TAPR-66,5990652,711295,361.0,Pizarra,SL,232.81,0.91674,9167.4,2343.16,0.21185,2118.5,5.0,10.0,0.003,30.0,2.544852,25448.52,8.79,13.4487,193.06,9.98,87.82,160.89,237.21, , ,B,,0,0,0,0,0,0,,Pizarra
2713,Point ZM,TAPR-67,5990093,708085,333.0,Metapelita,MP,352.94,0.29855,2985.5,2348.27,0.0005,5.0,5.0,10.0,0.003,30.0,1.315817,13158.17,19.91,30.4623,30.0,9.85,25.0,32.0,45.0, , ,B,,0,0,0,0,0,0,,Metapelita
2714,Point ZM,TAPR-68,5989237,707994,389.0,Metapelita,MP,250.01,0.452655,4526.55,1966.91,0.0005,5.0,5.0,10.0,0.003,30.0,3.001066,30010.66,16.77,25.6581,133.2,23.54,84.21,119.47,222.97, , ,B,,0,0,0,0,0,0,,Metapelita
2715,Point ZM,TAPR-69,5989608,709680,440.0,Metapelita,MP,228.39,0.191087,1910.87,2075.46,0.577428,5774.28,5.0,10.0,0.003,30.0,6.68843,66884.3,9.0,13.77,117.35,14.39,25.0,99.19,144.84, , ,B,,0,0,0,0,0,0,,Metapelita
2716,Point ZM,TAPR-70,5989858,710199,373.0,Metapelita,MP,417.16,0.964076,9640.76,2783.3,0.762582,7625.82,5.0,10.0,0.003,30.0,3.023179,30231.79,13.07,19.9971,159.49,14.81,125.19,234.63,389.81, , ,B,,0,0,0,0,0,0,,Metapelita
2717,Point ZM,TAPR-71,5989752,710095,381.0,Metapelita,MP,270.85,0.275688,2756.88,2259.16,0.536947,5369.47,5.0,10.0,0.003,30.0,6.278162,62781.62,23.98,36.6894,123.5,8.22,84.75,137.07,200.32, , ,B,,0,0,0,0,0,0,,Metapelita
2718,Point ZM,TAPR-72,5988275,710408,491.0,Metapelita,MP,526.81,0.746979,7469.79,2285.65,0.0005,5.0,5.0,268.82,0.003,30.0,4.069647,40696.47,13.73,21.0069,156.27,19.28,136.59,224.63,352.55, , ,B,,0,0,0,0,0,0,,Metapelita
2719,Point ZM,TAPR-73,5987252,706814,349.0,Tonalita de biotita,TON,280.44,0.220824,2208.24,2416.29,0.39047,3904.7,5.0,10.0,0.003,30.0,5.14127,51412.7,13.32,20.3796,30.0,11.18,25.0,32.0,45.0, , ,B,,0,0,0,0,0,0,,Tonalita de biotita
2720,Point ZM,TAPR-74,5986878,710997,557.0,Metapsamita,MP,351.74,0.658573,6585.73,2261.07,0.219244,2192.44,5.0,10.0,0.003,30.0,2.867701,28677.01,4.52,6.9156,137.63,0.5,78.2,95.8,149.36, , ,B,,1,0,0,0,0,0,,Metapsamita
2721,Point ZM,TAPR-75,5986213,711964,451.0,Metapsamita,MP,208.07,0.496013,4960.13,2364.09,0.580755,5807.55,5.0,10.0,0.003,30.0,3.982159,39821.59,17.91,27.4023,96.94,7.55,25.0,32.0,99.87, , ,B,,0,0,0,0,0,0,,Metapsamita
2722,Point ZM,TAPR-76A,5986142,712262,426.0,Tonalita,TON,367.43,0.554409,5544.09,2397.4,0.399032,3990.32,5.0,10.0,0.003,30.0,6.502512,65025.12,34.32,52.5096,162.61,10.55,101.28,183.05,265.63,31, ,B,,0,0,0,0,0,0,,Tonalita
2723,Point ZM,TAPR-76B,5986142,712262,426.0,Tonalita,TON,256.17,0.325106,3251.06,2194.43,0.270705,2707.05,5.0,10.0,0.003,30.0,4.106845,41068.45,22.27,34.0731,89.49,0.5,61.77,72.36,117.8,16, ,B,,1,0,0,0,0,0,,Tonalita
2724,Point ZM,TAPR-77,5985637,712446,386.0,Tonalita de biotita,TON,274.29,0.511114,5111.14,2194.63,0.323296,3232.96,5.0,10.0,0.003,30.0,4.604751,46047.51,29.74,45.5022,70.9,0.5,25.0,76.4,119.78,15, ,B,,1,0,0,0,0,0,,Tonalita de biotita
2725,Point ZM,TAPR-78,5985634,712811,396.0,Tonalita de biotita,TON,247.15,0.446293,4462.93,2346.8,0.563974,5639.74,5.0,10.0,0.003,30.0,4.130216,41302.16,10.72,16.4016,107.76,11.1,76.96,104.89,146.82, , ,B,,0,0,0,0,0,0,,Tonalita de biotita
2726,Point ZM,TAPR-79,5981098,711562,301.0,Tonalita de biotita,TON,385.15,0.619632,6196.32,2395.33,0.529082,5290.82,5.0,10.0,0.003,30.0,4.195729,41957.29,26.36,40.3308,110.62,9.62,117.6,123.13,233.02, , ,B,,0,0,0,0,0,0,,Tonalita de biotita
2727,Point ZM,TAPR-80,5982269,711935,297.0,Tonalita de biotita,TON,134.81,0.511275,5112.75,2669.66,0.386918,3869.18,5.0,10.0,0.003,30.0,3.508727,35087.27,8.07,12.3471,124.98,0.5,103.99,142.71,252.61, , ,B,,1,0,0,0,0,0,,Tonalita de biotita
2728,Point ZM,TAPR-81,5983252,711177,267.0,Tonalita de biotita,TON,276.01,0.135633,1356.33,3146.79,0.431001,4310.01,5.0,10.0,0.003,30.0,6.641884,66418.84,24.01,36.7353,136.89,8.95,122.07,134.64,258.12, , ,B,,0,0,0,0,0,0,,Tonalita de biotita
2729,Point ZM,TAPR-82A,5984741,711151,305.0,Tonalita de biotita,TON,215.99,0.526656,5266.56,2183.05,0.207529,2075.29,5.0,10.0,0.003,30.0,4.871977,48719.77,20.49,31.3497,119.73,0.5,86.55,142.15,241.87, , ,B,,1,0,0,0,0,0,,Tonalita de biotita
2730,Point ZM,TAPR-82B,5984741,711151,305.0,Tonalita de biotita,TON,317.03,0.402184,4021.84,2315.07,0.33166,3316.6,5.0,10.0,0.003,30.0,5.598425,55984.25,14.86,22.7358,104.56,0.5,58.91,98.33,162.58, , ,B,,1,0,0,0,0,0,,Tonalita de biotita
2731,Point ZM,TAPR-82C,5984741,711151,305.0,Metapelita recristalizada,MP,541.09,0.816498,8164.98,2693.42,0.378005,3780.05,5.0,10.0,0.003,30.0,7.297998,72979.98,23.61,36.1233,277.64,15.06,232.71,378.57,658.44, , ,B,,0,0,0,0,0,0,,Metapelita Recristalizada
2732,Point ZM,TAPR-83A,5985380,709849,403.0,Tonalita de biotita,TON,770.01,0.658324,6583.24,2021.61,0.396749,3967.49,5.0,10.0,0.003,30.0,4.003958,40039.58,28.03,42.8859,126.86,9.38,127.58,160.92,235.51,47, ,B,,0,0,0,0,0,0,,Tonalita de biotita
2733,Point ZM,TAPR-83B,5985380,709849,403.0,Tonalita de biotita,TON,372.22,0.26888,2688.8,3348.4,0.171604,1716.04,5.0,10.0,0.003,30.0,6.756928,67569.28,17.38,26.5914,114.8,15.19,131.25,219.95,316.72, , ,B,,0,0,0,0,0,0,,Tonalita de biotita
2734,Point ZM,TAPR-84,5985980,709905,489.0,Metapsamita,MP,399.23,0.448835,4488.35,3578.77,0.275384,2753.84,5.0,10.0,0.003,30.0,7.697213,76972.13,16.37,25.0461,173.1,12.22,164.39,266.97,379.52, , ,B,,0,0,0,0,0,0,,Metapsamita
2735,Point ZM,TAPR-85,5986080,709143,408.0,Metapelita recristalizada,MP,689.08,0.078798,787.98,3817.93,0.0005,5.0,5.0,10.0,0.003,30.0,3.570239,35702.39,25.46,38.9538,109.39,20.67,84.2,109.14,239.58, , ,B,,0,0,0,0,0,0,,Metapelita Recristalizada
2736,Point ZM,TAPR-86,5986184,707718,466.0,Metapelita recristalizada,MP,612.59,0.790158,7901.58,3760.92,0.17964,1796.4,5.0,316.6,0.003,30.0,3.550504,35505.04,12.66,19.3698,155.17,15.94,112.11,176.84,279.8, , ,B,,0,0,0,0,0,0,,Metapelita Recristalizada
2737,Point ZM,TAPR-87,5985711,710704,433.0,Tonalita de biotita,TON,269.8,0.161131,1611.31,2272.58,0.670804,6708.04,5.0,10.0,0.003,30.0,5.350613,53506.13,7.24,11.0772,87.0,0.5,90.88,152.69,199.57, , ,B,,1,0,0,0,0,0,,Tonalita de biotita
2738,Point ZM,TAPR-88,5981358,710421,273.0,Tonalita de biotita,TON,294.32,0.583124,5831.24,2462.15,3.18439,31843.9,5.0,10.0,0.003,30.0,4.298482,42984.82,19.74,30.2022,89.01,0.5,25.0,32.0,45.0, , ,B,,1,0,0,0,0,0,,Tonalita de biotita
2739,Point ZM,TAPR-89,5983017,708010,372.0,Tonalita de biotita,TON,348.08,0.445353,4453.53,2692.87,0.340668,3406.68,5.0,10.0,0.003,30.0,4.42502,44250.2,15.04,23.0112,30.0,10.98,25.0,66.85,45.0, , ,B,,0,0,0,0,0,0,,Tonalita de biotita
2740,Point ZM,TAPR-90,5983563,707880,301.0,Tonalita de biotita,TON,365.68,0.554592,5545.92,13263.83,0.34105,3410.5,5.0,10.0,0.003,30.0,2.964906,29649.06,7.56,11.5668,185.08,12.62,169.96,317.79,496.52, , ,B,,0,0,0,0,0,0,,Tonalita de biotita
2741,Point ZM,TAPR-91,5980700,708804,293.0,Tonalita de biotita,TON,402.38,0.723169,7231.69,3612.67,0.145977,1459.77,5.0,10.0,0.003,30.0,2.089859,20898.59,11.86,18.1458,72.44,11.87,25.0,32.0,45.0, , ,B,,0,0,0,0,0,0,,Tonalita de biotita
2742,Point ZM,TAPR-92A,5981252,708807,265.0,Tonalita de biotita,TON,359.66,0.623298,6232.98,2328.41,0.285386,2853.86,5.0,10.0,0.003,30.0,4.452853,44528.53,29.58,45.2574,142.04,10.0,89.29,147.37,160.97,15, ,B,,0,0,0,0,0,0,,Tonalita de biotita
2743,Point ZM,TAPR-92B,5981252,708807,265.0,Aplita,AP,282.86,0.852483,8524.83,2223.14,0.0005,5.0,5.0,10.0,0.003,30.0,0.64564,6456.4,62.97,96.3441,30.0,12.67,25.0,32.0,45.0,72, ,B,,0,0,0,0,0,0,,Aplita
2744,Point ZM,TAPR-93,5992405,695958,20.0,Granodiorita,GRD,5289.31,0.199133,1991.33,31324.97,0.396833,3968.33,5.0,10.0,0.003,30.0,2.63751,26375.1,14.8,22.644,252.95,17.84,233.51,452.47,692.95, , ,B,,0,0,0,0,0,0,,Granodiorita
2745,Point ZM,TAPR-94,5985172,697531,20.0,Pizarra,SL,324.45,1.351465,13514.65,2726.57,0.406525,4065.25,5.0,10.0,0.003,30.0,4.585427,45854.27,20.22,30.9366,209.38,16.81,179.56,276.98,466.96, , ,B,,0,0,0,0,0,0,,Pizarra
2746,Point ZM,TAPR-95,5982639,698704,16.0,Pizarra,SL,305.47,0.915112,9151.12,2614.65,0.279752,2797.52,5.0,10.0,0.003,30.0,7.067773,70677.73,22.51,34.4403,190.95,14.25,167.69,263.37,437.24, , ,B,,0,0,0,0,0,0,,Pizarra
2747,Point ZM,TAPR-96,5982326,697737,222.0,Metapelita,MP,644.85,0.799238,7992.38,2258.09,0.222083,2220.83,5.0,10.0,0.003,30.0,4.030673,40306.73,15.37,23.5161,65.4,14.77,25.0,97.79,212.59, , ,B,,0,0,0,0,0,0,,Metapelita
2748,Point ZM,TRPR-04,5980628,698057,311.0,Metapelita,MP,307.09,0.852163,8521.63,1926.99,0.235697,2356.97,5.0,10.0,0.003,30.0,4.139858,41398.58,14.46,22.1238,69.55,0.5,25.0,93.42,157.16, , ,B,,1,0,0,0,0,0,,Metapelita
2749,Point ZM,TRPR-05,5979953,698582,325.0,Metapelita,MP,549.89,0.553012,5530.12,2388.92,0.137659,1376.59,5.0,10.0,0.003,30.0,3.4303,34303.0,14.87,22.7511,68.82,12.0,65.6,100.22,151.5, , ,B,,0,0,0,0,0,0,,Metapelita
2750,Point ZM,TRPR-06,5978885,700606,281.0,Metapelita,MP,710.4,0.295023,2950.23,2721.3,0.623206,6232.06,5.0,10.0,0.003,30.0,5.754102,57541.02,13.07,19.9971,140.1,19.34,25.0,138.63,210.16, , ,B,,0,0,0,0,0,0,,Metapelita
2751,Point ZM,TRPR-07,5976975,702744,422.0,Metapsamita,MP,338.99,0.178589,1785.89,2151.97,0.148606,1486.06,5.0,10.0,0.003,30.0,2.704678,27046.78,2.0,3.06,30.0,0.5,25.0,68.47,45.0, , ,B,,1,0,0,0,0,0,,Metapsamita
2752,Point ZM,TRPR-08,5975722,705867,530.0,Metapsamita,MP,626.6,0.449939,4499.39,2458.29,0.260741,2607.41,5.0,10.0,0.003,30.0,3.955167,39551.67,15.26,23.3478,113.0,16.57,105.93,164.38,190.21, , ,B,,0,0,0,0,0,0,,Metapsamita
2753,Point ZM,TRPR-09,5976413,706616,516.0,Dique Granitico,DGR,581.75,0.747413,7474.13,2023.92,0.33213,3321.3,5.0,10.0,0.003,30.0,2.466789,24667.89,7.74,11.8422,30.0,7.38,25.0,32.0,45.0, , ,B,,0,0,0,0,0,0,,Dique Granitico
2754,Point ZM,TRPR-10,5977956,705837,511.0,Metapsamita,MP,547.65,0.549135,5491.35,2382.33,0.194686,1946.86,5.0,10.0,0.003,30.0,2.581078,25810.78,10.97,16.7841,96.17,17.07,62.09,92.64,150.14, , ,B,,0,0,0,0,0,0,,Metapsamita
2755,Point ZM,TRPR-11A,5978170,705865,504.0,Tonalita de biotita,TON,483.01,0.267617,2676.17,2028.48,0.250533,2505.33,5.0,10.0,0.003,30.0,5.950464,59504.64,5.04,7.7112,91.41,9.83,58.84,79.39,107.66,0, ,B,,0,0,0,0,0,0,,Tonalita de biotita
2756,Point ZM,TRPR-11B,5978170,705865,504.0,Tonalita de biotita,TON,397.23,0.169988,1699.88,1986.58,0.25989,2598.9,5.0,10.0,0.003,30.0,6.570592,65705.92,8.13,12.4389,69.6,0.5,60.28,99.57,196.2, , ,B,,1,0,0,0,0,0,,Tonalita de biotita
2757,Point ZM,TRPR-12,5979064,705727,469.0,Tonalita de biotita,TON,549.07,0.336339,3363.39,2029.09,0.518435,5184.35,5.0,10.0,0.003,30.0,4.729739,47297.39,22.87,34.9911,92.4,0.5,25.0,142.39,214.47, , ,B,,1,0,0,0,0,0,,Tonalita de biotita
2758,Point ZM,TRPR-13,5977129,705130,474.0,Metapsamita,MP,569.5,0.395814,3958.14,2168.36,0.685375,6853.75,5.0,10.0,0.003,30.0,3.91414,39141.4,15.16,23.1948,62.94,8.71,25.0,32.0,45.0, , ,B,,0,0,0,0,0,0,,Metapsamita
2759,Point ZM,TRPR-14A,5976851,707645,508.0,Tonalita de biotita,TON,470.76,0.46913,4691.3,2239.57,0.332143,3321.43,5.0,10.0,0.003,30.0,4.522027,45220.27,13.94,21.3282,133.17,0.5,88.67,181.18,245.06, , ,B,,1,0,0,0,0,0,,Tonalita de biotita
2760,Point ZM,TRPR-14B,5976851,707645,508.0,Tonalita de biotita,TON,393.05,0.347631,3476.31,2032.63,0.2608,2608.0,5.0,10.0,0.003,30.0,4.236944,42369.44,17.68,27.0504,126.4,9.37,108.14,133.47,196.46, , ,B,,0,0,0,0,0,0,,Tonalita de biotita
2761,Point ZM,QUPR-01,5986292,712654,432.0,Dique tonalitico,DTON,274.36,0.5702,5702.0,2242.37,0.309569,3095.69,5.0,10.0,0.003,30.0,5.145014,51450.14,52.72,80.6616,91.01,11.7,86.92,108.88,189.76,72, ,B,,0,0,0,0,0,0,,Dique Tonalitico
2762,Point ZM,QUPR-02,6006674,730157,163.0,Tonalita de biotita,TON,534.37,0.824112,8241.12,6501.72,0.232851,2328.51,5.0,10.0,0.003,30.0,4.783631,47836.31,16.67,25.5051,123.26,13.43,151.43,167.81,244.91, , ,B,,0,0,0,0,0,0,,Tonalita de biotita
2763,Point ZM,QUPR-03,6010498,727566,187.0,Tonalita de biotita,TON,571.06,0.216617,2166.17,7555.2,0.0005,5.0,5.0,10.0,0.003,30.0,7.726959,77269.59,19.11,29.2383,107.54,0.5,95.28,216.95,322.17, , ,B,,1,0,0,0,0,0,,Tonalita de biotita
2764,Point ZM,QUPR-04,6011026,727111,199.0,Tonalita de biotita,TON,543.74,0.213528,2135.28,7227.12,0.0005,5.0,5.0,302.18,0.003,30.0,6.14973,61497.3,10.05,15.3765,132.34,0.5,109.8,176.94,340.88, , ,B,,1,0,0,0,0,0,,Tonalita de biotita
2765,Point ZM,QUPR-05A,6011168,726170,339.0,Dique Granitico,DGR,508.78,0.30196,3019.6,2147.71,0.0005,5.0,5.0,10.0,0.003,30.0,6.291243,62912.43,20.47,31.3191,73.78,9.67,25.0,106.58,167.77,35, ,B,,0,0,0,0,0,0,,Dique Granitico
2766,Point ZM,QUPR-05B,6011168,726170,339.0,Dique Granitico,DGR,1084.16,0.236014,2360.14,10684.57,0.296291,2962.91,5.0,10.0,0.003,30.0,6.436541,64365.41,20.52,31.3956,269.53,0.5,252.03,480.02,699.77, , ,B,,1,0,0,0,0,0,,Dique Granitico
2767,Point ZM,QUPR-06,6011698,724710,524.0,Granodiorita,GRD,1286.79,0.06001,600.1,38431.26,0.507169,5071.69,5.0,10.0,0.003,30.0,4.589739,45897.39,3.72,5.6916,279.55,0.5,228.89,482.34,691.84, , ,B,,1,0,0,0,0,0,,Granodiorita
2768,Point ZM,QUPR-07,6008956,723586,581.0,Metapelita,MP,1127.45,0.523729,5237.29,1672.08,0.0005,5.0,5.0,10.0,0.003,30.0,4.303389,43033.89,12.29,18.8037,136.65,12.37,25.0,279.41,259.16, , ,B,,0,0,0,0,0,0,,Metapelita
2769,Point ZM,QUPR-08,6006751,725600,473.0,Dique Aplitico,DAP,605.43,1.088152,10881.52,1878.63,0.0005,5.0,5.0,10.0,0.003,30.0,1.317436,13174.36,14.82,22.6746,70.1,0.5,51.61,83.75,102.84, , ,B,,1,0,0,0,0,0,,Dique Aplitico
2770,Point ZM,QUPR-09A,6005907,726963,183.0,Tonalita de biotita,TON,555.83,0.56682,5668.2,4274.58,0.234941,2349.41,5.0,10.0,0.003,30.0,4.273008,42730.08,17.68,27.0504,82.89,0.5,89.59,116.04,170.31,32, ,B,,1,0,0,0,0,0,,Tonalita de biotita
2771,Point ZM,QUPR-09B,6005907,726963,183.0,Tonalita de biotita,TON,458.81,0.641259,6412.59,3234.91,0.283759,2837.59,5.0,10.0,0.003,30.0,4.187673,41876.73,14.65,22.4145,60.7,0.5,25.0,106.43,105.34,32, ,B,,1,0,0,0,0,0,,Tonalita de biotita
2772,Point ZM,QUPR-09C,6005907,726963,183.0,Tonalita de biotita,TON,578.13,0.742019,7420.19,3143.16,0.255332,2553.32,5.0,10.0,0.003,30.0,4.462468,44624.68,25.23,38.6019,110.63,10.58,104.55,130.1,203.28,32, ,B,,0,0,0,0,0,0,,Tonalita de biotita
2773,Point ZM,QUPR-09D,6005907,726963,183.0,Tonalita de biotita,TON,488.07,0.480891,4808.91,2580.7,0.402415,4024.15,5.0,10.0,0.003,30.0,5.935913,59359.13,50.31,76.9743,146.29,13.88,105.68,201.67,262.81,49, ,B,,0,0,0,0,0,0,,Tonalita de biotita
2774,Point ZM,QUPR-10,6003142,725103,199.0,Dique Aplitico,DAP,746.12,1.282066,12820.66,4542.75,0.0005,5.0,5.0,10.0,0.003,30.0,1.860608,18606.08,16.24,24.8472,178.44,25.16,153.9,267.09,349.72, , ,B,,0,0,0,0,0,0,,Dique Aplitico
2775,Point ZM,QUPR-11,6001263,722634,285.0,Dique Andesita,DAND,885.73,0.445325,4453.25,4554.65,0.0005,5.0,5.0,10.0,0.003,30.0,1.482036,14820.36,53.34,81.6102,229.35,21.38,166.07,248.68,363.42, , ,B,,0,0,0,0,0,0,,Dique Andesita
2776,Point ZM,QUPR-12A,6001974,719930,452.0,Dique Andesita,DAND,747.22,0.081567,815.67,4331.25,0.776477,7764.77,5.0,10.0,0.003,30.0,10.829055,108290.55,100.24,153.3672,152.51,0.5,142.71,242.2,375.62,341, ,B,,1,0,0,0,0,0,,Dique Andesita
2777,Point ZM,QUPR-12B,6001974,719930,452.0,Dique Andesita,DAND,663.96,0.702809,7028.09,8411.39,0.819013,8190.13,5.0,10.0,0.252532,2525.32,10.038823,100388.23,21.7,33.201,262.65,10.41,234.68,454.55,683.17, , ,B,,0,0,0,0,0,0,,Dique Andesita
2778,Point ZM,QUPR-13A,5999862,729671,298.0,Tonalita de biotita,TON,617.93,0.530034,5300.34,5512.93,0.284553,2845.53,5.0,10.0,0.003,30.0,4.399854,43998.54,21.07,32.2371,125.35,8.05,89.62,160.95,224.97,0, ,B,,0,0,0,0,0,0,,Tonalita de biotita
2779,Point ZM,QUPR-13B,5999862,729671,298.0,Dique Andesita,DAND,785.33,1.126975,11269.75,4015.1,0.0005,5.0,5.0,10.0,0.003,30.0,1.81019,18101.9,56.87,87.0111,160.95,24.9,133.25,214.91,352.91, , ,B,,0,0,0,0,0,0,,Dique Andesita
2780,Point ZM,QUPR-13C,5999862,729671,298.0,Tonalita de biotita,TON,585.8,0.598571,5985.71,5043.45,0.33697,3369.7,5.0,10.0,0.003,30.0,5.000991,50009.91,21.92,33.5376,95.72,13.29,76.29,106.51,197.91,15, ,B,,0,0,0,0,0,0,,Tonalita de biotita
2781,Point ZM,QUPR-14,5992266,729306,306.0,Dique Andesita,DAND,474.37,0.183473,1834.73,9192.2,0.413796,4137.96,5.0,10.0,0.003,30.0,7.539201,75392.01,30.15,46.1295,182.3,0.5,146.7,316.6,536.25,0, ,B,,1,0,0,0,0,0,,Dique Andesita
2782,Point ZM,QUPR-15A,5991070,719626,241.0,Tonalita de biotita,TON,676.11,1.124639,11246.39,2058.3,0.249568,2495.68,5.0,10.0,0.003,30.0,5.162663,51626.63,19.93,30.4929,106.65,10.19,73.21,76.63,162.75, , ,B,,0,0,0,0,0,0,,Tonalita de biotita
2783,Point ZM,QUPR-15B,5991070,719626,241.0,Tonalita de Anfibol,TON,1058.24,0.723261,7232.61,14890.94,0.0005,5.0,5.0,10.0,0.003,30.0,0.786233,7862.33,7.32,11.1996,280.94,16.05,236.14,306.38,480.86, , ,B,,0,0,0,0,0,0,,Tonalita de Anfibol
2784,Point ZM,QUPR-16,5992640,718980,236.0,Tonalita de biotita,TON,768.62,0.346082,3460.82,2424.18,0.364434,3644.34,5.0,10.0,0.003,30.0,6.474139,64741.39,28.15,43.0695,121.86,9.86,101.36,137.64,144.33,16, ,B,,0,0,0,0,0,0,,Tonalita de biotita
2785,Point ZM,QUPR-17,5993291,718967,273.0,Tonalita de biotita,TON,483.92,0.298715,2987.15,2111.72,0.191563,1915.63,5.0,10.0,0.003,30.0,4.471721,44717.21,31.48,48.1644,30.0,8.88,64.76,89.18,135.61,16, ,B,,0,0,0,0,0,0,,Tonalita de biotita
2786,Point ZM,QUPR-18,5993349,718968,272.0,Tonalita de biotita,TON,697.32,0.103566,1035.66,1754.37,0.282869,2828.69,5.0,10.0,0.003,30.0,6.601716,66017.16,6.69,10.2357,59.41,12.29,25.0,80.48,110.02, , ,B,,0,0,0,0,0,0,,Tonalita de biotita
2787,Point ZM,QUPR-19,5993559,718755,244.0,Metapelita,MP,720.4,0.334772,3347.72,2620.29,0.329654,3296.54,5.0,10.0,0.003,30.0,5.27372,52737.2,15.7,24.021,75.68,18.12,76.11,125.53,162.41, , ,B,,0,0,0,0,0,0,,Metapelita
2788,Point ZM,QUPR-20,5990851,717366,277.0,Metapelita recristalizada,MP,791.98,1.305704,13057.04,2083.08,0.286706,2867.06,5.0,10.0,0.003,30.0,6.856562,68565.62,26.61,40.7133,228.91,19.31,202.83,261.56,360.14, , ,B,,0,0,0,0,0,0,,Metapelita Recristalizada
2789,Point ZM,QUPR-21,5990413,717255,274.0,Tonalita de biotita,TON,739.72,0.897703,8977.03,2378.62,0.183938,1839.38,5.0,10.0,0.003,30.0,3.691634,36916.34,9.0,13.77,62.99,9.71,71.01,88.75,156.74, , ,B,,0,0,0,0,0,0,,Tonalita de biotita
2790,Point ZM,QUPR-22,5989620,716546,275.0,Tonalita de biotita,TON,613.28,0.497632,4976.32,2057.82,0.276953,2769.53,5.0,10.0,0.003,30.0,3.969401,39694.01,13.13,20.0889,128.44,8.76,75.92,115.96,142.32, , ,B,,0,0,0,0,0,0,,Tonalita de biotita
2791,Point ZM,QUPR-23,5989449,717815,260.0,Tonalita de biotita,TON,437.31,0.223683,2236.83,2189.2,0.292604,2926.04,5.0,10.0,0.003,30.0,4.334551,43345.51,13.06,19.9818,81.13,16.5,57.75,73.89,132.9, , ,B,,0,0,0,0,0,0,,Tonalita de biotita
2792,Point ZM,QUPR-24A,5987555,716799,253.0,Tonalita de biotita,TON,655.44,0.576932,5769.32,2065.58,0.230443,2304.43,5.0,10.0,0.003,30.0,4.248583,42485.83,24.74,37.8522,30.0,11.02,25.0,32.0,45.0,113, ,B,,0,0,0,0,0,0,,Tonalita de biotita
2793,Point ZM,QUPR-24B,5987555,716799,253.0,Tonalita de biotita,TON,389.61,0.626371,6263.71,2188.31,0.221514,2215.14,5.0,10.0,0.003,30.0,3.578279,35782.79,20.65,31.5945,30.0,7.14,25.0,96.21,45.0,81, ,B,,0,0,0,0,0,0,,Tonalita de biotita
2794,Point ZM,QUPR-24C,5987555,716799,253.0,Tonalita de biotita,TON,615.86,0.562767,5627.67,2360.11,0.22214,2221.4,5.0,10.0,0.003,30.0,4.306936,43069.36,12.77,19.5381,30.0,0.5,25.0,32.0,98.04, , ,B,,1,0,0,0,0,0,,Tonalita de biotita
2795,Point ZM,QUPR-25A,5988729,715262,270.0,Metapelita recristalizada,MP,620.97,0.514528,5145.28,1916.99,0.134537,1345.37,5.0,10.0,0.003,30.0,3.824956,38249.56,21.63,33.0939,30.0,13.84,25.0,32.0,45.0, , ,B,,0,0,0,0,0,0,,Metapelita Recristalizada
2796,Point ZM,QUPR-25B,5988729,715262,270.0,Metapelita recristalizada,MP,902.71,1.233235,12332.35,2848.25,0.330631,3306.31,5.0,10.0,0.003,30.0,5.245641,52456.41,25.95,39.7035,272.91,21.34,194.99,267.29,513.25, , ,B,,0,0,0,0,0,0,,Metapelita Recristalizada
2797,Point ZM,QUPR-26,5986498,717527,280.0,Tonalita de biotita,TON,804.76,0.631156,6311.56,2667.67,0.0005,5.0,5.0,10.0,0.003,30.0,3.509033,35090.33,19.22,29.4066,130.22,9.36,75.7,88.84,134.42, , ,B,,0,0,0,0,0,0,,Tonalita de biotita
2798,Point ZM,QUPR-27,5986123,717875,285.0,Tonalita de biotita,TON,568.55,0.638291,6382.91,10045.85,0.211559,2115.59,5.0,10.0,0.003,30.0,3.788836,37888.36,15.3,23.409,321.55,8.12,208.02,337.74,552.21, , ,B,,0,0,0,0,0,0,,Tonalita de biotita
2799,Point ZM,COPR-75A,6010692,705828,421.0,Diorita fina,DRT,535.19,0.883471,8834.71,2012.68,0.146733,1467.33,5.0,10.0,0.003,30.0,2.458702,24587.02,16.26,24.8778,30.0,13.08,25.0,32.0,45.0, , ,B,,0,0,0,0,0,0,,Diorita Fina
2800,Point ZM,COPR-75B,6010692,705828,421.0,Diorita fina,DRT,650.99,0.733582,7335.82,2118.78,0.0005,5.0,5.0,10.0,0.003,30.0,2.458924,24589.24,10.21,15.6213,30.0,15.49,25.0,32.0,45.0, , ,B,,0,0,0,0,0,0,,Diorita Fina
2801,Point ZM,PEPR-68A,6019777,709578,432.0,Tonalita,TON,728.87,0.394187,3941.87,2259.54,0.220726,2207.26,5.0,10.0,0.003,30.0,4.332819,43328.19,5.56,8.5068,110.22,11.15,25.0,107.7,145.35, , ,B,,0,0,0,0,0,0,,Tonalita
2802,Point ZM,PEPR-68B,6019777,709578,432.0,Tonalita,TON,1097.66,1.772149,17721.49,9730.99,0.163378,1633.78,5.0,10.0,0.003,30.0,2.223846,22238.46,20.59,31.5027,220.88,16.88,158.99,260.69,461.04, , ,B,,0,0,0,0,0,0,,Tonalita
2803,Point ZM,CAPR-09A,6022448,737194,169.0,Metapelita recristalizada,MP,727.34,0.55434,5543.4,3368.88,0.229954,2299.54,5.0,10.0,0.195451,1954.51,4.916964,49169.64,17.2,26.316,219.89,18.22,214.69,305.25,476.32, , ,B,,0,0,0,0,0,0,,Metapelita Recristalizada
2804,Point ZM,CAPR-09B,6022448,737194,169.0,Metapelita recristalizada,MP,961.36,0.938149,9381.49,3593.45,0.237703,2377.03,5.0,10.0,0.003,30.0,2.875525,28755.25,6.32,9.6696,164.3,17.15,82.92,185.53,313.32, , ,B,,0,0,0,0,0,0,,Metapelita Recristalizada
2805,Point ZM,CAPR-10,6024363,736752,174.0,Arenisca media,ARE,630.35,0.107131,1071.31,3992.55,0.215264,2152.64,5.0,10.0,0.184614,1846.14,5.262675,52626.75,10.39,15.8967,30.0,0.5,25.0,32.0,45.0, , ,B,,1,0,0,0,0,0,,Arenisca
2806,Point ZM,CAPR-11A,6024712,736803,178.0,Tonalita de biotita y anfibol,TON,633.81,0.499126,4991.26,8829.93,0.391088,3910.88,5.0,10.0,0.003,30.0,6.789148,67891.48,14.46,22.1238,143.2,8.3,130.22,191.35,340.59, , ,B,,0,0,0,0,0,0,,Tonalita de Anfibol y Biotita
2807,Point ZM,CAPR-11B,6024712,736803,178.0,Tonalita de biotita y anfibol,TON,633.75,0.39237,3923.7,19488.66,0.288968,2889.68,5.0,10.0,0.003,30.0,5.452006,54520.06,11.69,17.8857,271.03,15.05,198.55,417.33,686.34, , ,B,,0,0,0,0,0,0,,Tonalita de Anfibol y Biotita
2808,Point ZM,CAPR-11C,6024712,736803,178.0,Dique indeterminado,DIND,526.88,0.659806,6598.06,6859.05,0.275419,2754.19,5.0,10.0,0.003,30.0,5.071618,50716.18,10.35,15.8355,75.62,8.22,67.62,113.7,164.31, , ,B,,0,0,0,0,0,0,,Dique Indeterminado
2809,Point ZM,CAPR-12A,6029187,727757,242.0,Granito,GR,688.82,1.28296,12829.6,2301.24,0.0005,5.0,5.0,138.92,0.003,30.0,0.972896,9728.96,61.46,94.0338,30.0,15.25,25.0,32.0,45.0,202, ,B,,0,0,0,0,0,0,,Granito
2810,Point ZM,CAPR-12B,6029187,727757,242.0,Granito,GR,1089.84,1.874086,18740.86,4074.15,0.0005,5.0,5.0,217.98,0.003,30.0,0.618996,6189.96,24.32,37.2096,155.37,12.36,195.56,261.14,437.67, , ,B,,0,0,0,0,0,0,,Granito
2811,Point ZM,CAPR-13,6028830,727328,342.0,Granito,GR,656.2,1.071057,10710.57,2065.71,0.0005,5.0,5.0,10.0,0.003,30.0,0.956418,9564.18,44.37,67.8861,30.0,21.39,25.0,32.0,45.0,166, ,B,,0,0,0,0,0,0,,Granito
2812,Point ZM,CAPR-14A,6034508,723946,198.0,Granito,GR,502.07,0.695551,6955.51,2652.77,0.0005,5.0,5.0,10.0,0.003,30.0,2.513287,25132.87,33.16,50.7348,52.04,26.77,25.0,66.32,94.38,0, ,B,,0,0,0,0,0,0,,Granito
2813,Point ZM,CAPR-14B,6034508,723946,198.0,Granito,GR,710.28,1.184173,11841.73,4555.08,0.0005,5.0,5.0,10.0,0.003,30.0,0.905498,9054.98,7.95,12.1635,210.88,14.22,131.76,233.93,392.29, , ,B,,0,0,0,0,0,0,,Granito
2814,Point ZM,CAPR-15,6023932,735097,195.0,Granito,GR,600.53,0.43842,4384.2,2026.29,0.147619,1476.19,5.0,10.0,0.003,30.0,3.395472,33954.72,17.6,26.928,59.19,0.5,25.0,32.0,45.0, , ,B,,1,0,0,0,0,0,,Granito
2815,Point ZM,CAPR-16,6023716,735060,203.0,Metapelita,MP,998.26,0.507058,5070.58,2424.99,0.0005,5.0,5.0,10.0,0.003,30.0,7.089716,70897.16,22.19,33.9507,219.01,27.23,210.49,253.07,436.79, , ,B,,0,0,0,0,0,0,,Metapelita
2816,Point ZM,CAPR-17A,6023510,734704,209.0,Tonalita de biotita,TON,566.89,0.645969,6459.69,2220.17,0.325205,3252.05,5.0,10.0,0.003,30.0,4.656513,46565.13,19.83,30.3399,30.0,11.4,25.0,32.0,45.0, , ,B,,0,0,0,0,0,0,,Tonalita de biotita
2817,Point ZM,CAPR-17B,6023510,734704,209.0,Tonalita de biotita,TON,455.81,0.295072,2950.72,11130.92,0.371754,3717.54,5.0,10.0,0.003,30.0,6.018002,60180.02,19.63,30.0339,91.98,9.34,87.1,182.24,267.5, , ,B,,0,0,0,0,0,0,,Tonalita de biotita
2818,Point ZM,CAPR-18,6022548,733720,207.0,Tonalita de biotita,TON,427.24,0.451237,4512.37,10594.43,0.291415,2914.15,5.0,329.33,0.003,30.0,4.450923,44509.23,12.04,18.4212,122.72,17.79,105.45,189.11,263.38, , ,B,,0,0,0,0,0,0,,Tonalita de biotita
2819,Point ZM,CAPR-19,6020195,731825,270.0,Tonalita de biotita,TON,487.84,0.455101,4551.01,2282.82,0.210843,2108.43,5.0,10.0,0.003,30.0,4.249939,42499.39,37.24,56.9772,77.39,10.54,59.41,89.98,141.96,60, ,B,,0,0,0,0,0,0,,Tonalita de biotita
2820,Point ZM,CAPR-20,6019819,732340,237.0,Tonalita de biotita,TON,500.56,0.548522,5485.22,2199.19,0.325585,3255.85,5.0,10.0,0.003,30.0,4.500582,45005.82,6.86,10.4958,30.0,12.92,25.0,32.0,45.0, , ,B,,0,0,0,0,0,0,,Tonalita de biotita
2821,Point ZM,CAPR-21,6018579,731690,226.0,Tonalita de biotita,TON,543.06,0.28625,2862.5,4082.61,0.370054,3700.54,5.0,10.0,0.003,30.0,5.62224,56222.4,29.44,45.0432,120.07,0.5,90.98,142.68,198.48,30, ,B,,1,0,0,0,0,0,,Tonalita de biotita
2822,Point ZM,CAPR-22A,6018369,731400,237.0,Tonalita de biotita,TON,499.3,0.854331,8543.31,3662.79,0.189508,1895.08,5.0,10.0,0.003,30.0,3.683576,36835.76,8.13,12.4389,69.92,10.71,25.0,83.41,149.01, , ,B,,0,0,0,0,0,0,,Tonalita de biotita
2823,Point ZM,CAPR-22B,6018369,731400,237.0,Tonalita de biotita,TON,634.46,0.697441,6974.41,11392.51,0.326954,3269.54,5.0,10.0,0.003,30.0,2.731996,27319.96,12.68,19.4004,202.86,10.66,178.93,311.09,444.68, , ,B,,0,0,0,0,0,0,,Tonalita de biotita
2824,Point ZM,CAPR-22C,6018369,731400,237.0,Tonalita de biotita,TON,409.08,0.652222,6522.22,3126.45,0.319883,3198.83,5.0,10.0,0.003,30.0,6.105204,61052.04,26.45,40.4685,119.06,11.48,93.08,117.02,252.38,16, ,B,,0,0,0,0,0,0,,Tonalita de biotita
2825,Point ZM,CAPR-23A,6018202,730450,298.0,Tonalita de biotita,TON,483.81,0.484894,4848.94,1935.52,0.279749,2797.49,5.0,10.0,0.003,30.0,6.998774,69987.74,31.37,47.9961,151.9,0.5,123.62,140.2,288.43,104, ,B,,1,0,0,0,0,0,,Tonalita de biotita
2826,Point ZM,CAPR-23B,6018202,730450,298.0,Tonalita de biotita,TON,580.51,0.388197,3881.97,1896.54,0.328177,3281.77,5.0,10.0,0.003,30.0,7.488508,74885.08,31.81,48.6693,74.04,0.5,75.22,131.66,184.36,84, ,B,,1,0,0,0,0,0,,Tonalita de biotita
2827,Point ZM,CAPR-23C,6018202,730450,298.0,Tonalita de biotita,TON,621.8,0.456175,4561.75,1894.37,0.279815,2798.15,5.0,10.0,0.003,30.0,7.519576,75195.76,31.4,48.042,60.21,10.63,25.0,82.36,113.42,109, ,B,,0,0,0,0,0,0,,Tonalita de biotita
2828,Point ZM,CAPR-23D,6018202,730450,298.0,Tonalita de biotita,TON,602.84,0.412654,4126.54,2022.44,0.237641,2376.41,5.0,10.0,0.003,30.0,7.350304,73503.04,25.05,38.3265,101.25,0.5,117.87,204.57,231.43,62, ,B,,1,0,0,0,0,0,,Tonalita de biotita
2829,Point ZM,CAPR-23E,6018202,730450,298.0,Tonalita de biotita,TON,320.28,0.297054,2970.54,2464.54,0.270836,2708.36,5.0,10.0,0.003,30.0,7.212427,72124.27,12.13,18.5589,117.61,14.2,85.48,149.8,257.23,16, ,B,,0,0,0,0,0,0,,Tonalita de biotita
2830,Point ZM,CAPR-24A,6018047,729596,372.0,Tonalita de biotita y anfibol,TON,482.06,0.366011,3660.11,1891.91,0.180448,1804.48,5.0,10.0,0.176401,1764.01,7.285352,72853.52,3.96,6.0588,101.15,0.5,25.0,91.01,196.25,17, ,B,,1,0,0,0,0,0,,Tonalita de Anfibol y Biotita
2831,Point ZM,CAPR-24B,6018047,729596,372.0,Tonalita de biotita y anfibol,TON,820.72,0.462455,4624.55,1938.04,0.257592,2575.92,5.0,10.0,0.003,30.0,5.857672,58576.72,4.29,6.5637,90.88,8.71,68.38,98.59,177.58, , ,B,,0,0,0,0,0,0,,Tonalita de Anfibol y Biotita
2832,Point ZM,CAPR-24C,6018047,729596,372.0,Tonalita de biotita y anfibol,TON,472.54,0.611424,6114.24,2183.31,0.251602,2516.02,5.0,10.0,0.003,30.0,7.321985,73219.85,2.28,3.4884,116.02,0.5,79.93,175.89,258.18, , ,B,,1,0,0,0,0,0,,Tonalita de Anfibol y Biotita
2833,Point ZM,CAPR-24D,6018047,729596,372.0,Tonalita de biotita y anfibol,TON,605.1,0.3394,3394.0,1823.43,0.297036,2970.36,5.0,10.0,0.003,30.0,10.270542,102705.42,4.38,6.7014,137.43,0.5,103.57,167.0,259.34, , ,B,,1,0,0,0,0,0,,Tonalita de Anfibol y Biotita
2834,Point ZM,CAPR-24E,6018047,729596,372.0,Tonalita de biotita y anfibol,TON,364.39,0.282499,2824.99,2120.86,0.306967,3069.67,5.0,10.0,0.003,30.0,10.104755,101047.55,5.46,8.3538,137.27,12.26,106.03,254.02,329.94, , ,B,,0,0,0,0,0,0,,Tonalita de Anfibol y Biotita
2835,Point ZM,CAPR-24F,6018047,729596,372.0,Tonalita de biotita y anfibol,TON,517.76,0.355981,3559.81,2175.66,0.298552,2985.52,5.0,10.0,0.003,30.0,9.563002,95630.02,7.65,11.7045,143.13,13.6,124.96,190.13,319.21,17, ,B,,0,0,0,0,0,0,,Tonalita de Anfibol y Biotita
2836,Point ZM,CAPR-24G,6018047,729596,372.0,Tonalita de biotita y anfibol,TON,349.93,0.133567,1335.67,6918.16,0.0005,5.0,5.0,296.53,0.003,30.0,4.214507,42145.07,10.88,16.6464,117.73,24.5,112.14,193.14,334.27, , ,B,,0,0,0,0,0,0,,Tonalita de Anfibol y Biotita
2837,Point ZM,CAPR-25A,6018091,729381,388.0,Tonalita de biotita y anfibol,TON,848.93,0.281746,2817.46,2272.19,0.234545,2345.45,5.0,10.0,0.003,30.0,6.624148,66241.48,13.58,20.7774,85.94,0.5,79.45,133.06,207.91,0, ,B,,1,0,0,0,0,0,,Tonalita de Anfibol y Biotita
2838,Point ZM,CAPR-25B,6018091,729381,388.0,Tonalita de biotita y anfibol,TON,768.78,0.313449,3134.49,2425.95,0.274222,2742.22,5.0,10.0,0.003,30.0,7.076616,70766.16,10.33,15.8049,120.28,0.5,82.31,143.39,230.71, , ,B,,1,0,0,0,0,0,,Tonalita de Anfibol y Biotita
2839,Point ZM,CAPR-25C,6018091,729381,388.0,Tonalita de biotita y anfibol,TON,656.34,0.509956,5099.56,2025.23,0.322574,3225.74,5.0,10.0,0.003,30.0,7.994543,79945.43,4.8,7.344,152.49,0.5,106.05,178.07,282.74,0, ,B,,1,0,0,0,0,0,,Tonalita de Anfibol y Biotita
2840,Point ZM,CAPR-25D,6018091,729381,388.0,Tonalita de biotita y anfibol,TON,634.52,0.400968,4009.68,2002.44,0.263563,2635.63,5.0,10.0,0.003,30.0,7.593151,75931.51,6.02,9.2106,117.89,8.72,89.66,139.88,232.28, , ,B,,0,0,0,0,0,0,,Tonalita de Anfibol y Biotita
2841,Point ZM,CAPR-26,6016329,731501,216.0,Tonalita de biotita,TON,621.41,0.604529,6045.29,974.43,0.239838,2398.38,5.0,10.0,0.003,30.0,4.970623,49706.23,11.58,17.7174,59.61,12.34,25.0,32.0,45.0, , ,B,,0,0,0,0,0,0,,Tonalita de biotita
2842,Point ZM,CAPR-27,6015888,730257,235.0,Tonalita de biotita,TON,497.29,0.393203,3932.03,6756.25,0.247549,2475.49,5.0,10.0,0.003,30.0,4.349873,43498.73,12.42,19.0026,116.3,22.3,114.46,171.41,249.93, , ,B,,0,0,0,0,0,0,,Tonalita de biotita
2843,Point ZM,CAPR-28,6015479,729670,275.0,Tonalita de biotita,TON,612.6,0.40793,4079.3,12358.27,0.215519,2155.19,5.0,10.0,0.003,30.0,4.858377,48583.77,19.09,29.2077,168.33,12.42,124.21,229.21,356.3, , ,B,,0,0,0,0,0,0,,Tonalita de biotita
2844,Point ZM,CAPR-29a,6014081,728291,219.0,Tonalita de biotita fina,TON,556.79,1.073081,10730.81,920.04,0.168325,1683.25,5.0,10.0,0.003,30.0,2.889434,28894.34,9.49,14.5197,64.16,11.3,25.0,74.97,111.3, , ,B,,0,0,0,0,0,0,,Tonalita de Biotita Fina
2845,Point ZM,CAPR-29b,6014081,728291,219.0,Tonalita de biotita fina,TON,932.64,1.401469,14014.69,3984.02,0.0005,5.0,5.0,10.0,0.003,30.0,1.760484,17604.84,6.14,9.3942,151.03,11.77,138.09,201.11,325.15, , ,B,,0,0,0,0,0,0,,Tonalita de Biotita Fina
2846,Point ZM,CAPR-30,6013373,727788,231.0,Tonalita de biotita,TON,508.65,0.454896,4548.96,204.45,0.270045,2700.45,5.0,10.0,0.003,30.0,4.407849,44078.49,19.12,29.2536,63.08,9.04,25.0,32.0,45.0, , ,B,,0,0,0,0,0,0,,Tonalita de biotita
2847,Point ZM,CAPR-31,6011932,727180,203.0,Tonalita de biotita,TON,355.32,0.329715,3297.15,5115.32,0.354604,3546.04,5.0,10.0,0.003,30.0,7.134302,71343.02,20.03,30.6459,142.88,9.33,128.77,216.38,393.36, , ,B,,0,0,0,0,0,0,,Tonalita de biotita
2848,Point ZM,CAPR-32,6011708,727156,201.0,Tonalita de biotita fina,TON,583.55,1.332234,13322.34,3106.58,0.0005,5.0,5.0,10.0,0.003,30.0,1.185806,11858.06,3.21,4.9113,64.01,13.99,25.0,71.5,45.0, , ,B,,0,0,0,0,0,0,,Tonalita de Biotita Fina
2849,Point ZM,CAPR-33,6013966,728097,208.0,Tonalita de biotita,TON,574.95,0.572403,5724.03,4362.97,0.238409,2384.09,5.0,10.0,0.003,30.0,4.712375,47123.75,14.22,21.7566,124.41,8.96,105.27,174.22,251.48, , ,B,,0,0,0,0,0,0,,Tonalita de biotita
2850,Point ZM,CAPR-34,6014245,728029,229.0,Tonalita de biotita,TON,510.01,0.261177,2611.77,741.66,0.265864,2658.64,5.0,10.0,0.003,30.0,5.494325,54943.25,23.25,35.5725,124.63,12.59,134.87,198.69,294.87, , ,B,,0,0,0,0,0,0,,Tonalita de biotita
2851,Point ZM,CAPR-35,6015567,728985,389.0,Tonalita de biotita,TON,441.11,0.375356,3753.56,25.0,0.2931,2931.0,5.0,417.79,0.003,30.0,7.033691,70336.91,18.95,28.9935,86.18,0.5,71.23,122.18,168.44, , ,B,,1,0,0,0,0,0,,Tonalita de biotita
2852,Point ZM,CAPR-36a,6015552,729069,378.0,Tonalita de biotita fina,TON,452.24,0.38323,3832.3,250.79,0.220943,2209.43,5.0,10.0,0.003,30.0,7.156449,71564.49,22.22,33.9966,111.98,8.9,71.77,145.7,253.57, , ,B,,0,0,0,0,0,0,,Tonalita de Biotita Fina
2853,Point ZM,CAPR-36b,6015552,729069,378.0,Tonalita de biotita fina,TON,292.81,0.670946,6709.46,6651.92,0.183405,1834.05,5.0,10.0,0.003,30.0,3.134205,31342.05,3.89,5.9517,238.52,0.5,197.02,310.15,569.94, , ,B,,1,0,0,0,0,0,,Tonalita de Biotita Fina
2854,Point ZM,CAPR-37,6015526,729265,332.0,Tonalita de biotita fina,TON,546.66,0.484382,4843.82,1082.29,0.249562,2495.62,5.0,10.0,0.003,30.0,5.338681,53386.81,11.05,16.9065,84.0,0.5,67.24,115.51,171.91, , ,B,,1,0,0,0,0,0,,Tonalita de Biotita Fina
2855,Point ZM,CAPR-38,6015395,727727,461.0,Metapelita recristalizada,MP,144.48,0.341518,3415.18,2415.42,0.198786,1987.86,5.0,10.0,0.003,30.0,5.43087,54308.7,7.08,10.8324,30.0,0.5,25.0,32.0,45.0, , ,B,,1,0,0,0,0,0,,Metapelita Recristalizada
2856,Point ZM,CAPR-39,6015354,727648,469.0,Tonalita de biotita fina,TON,439.74,0.195091,1950.91,2223.0,0.222054,2220.54,5.0,350.26,0.003,30.0,4.912887,49128.87,23.84,36.4752,30.0,9.13,25.0,32.0,45.0, , ,B,,0,0,0,0,0,0,,Tonalita de Biotita Fina
2857,Point ZM,CAPR-40,6016488,729011,450.0,Tonalita de biotita,TON,366.84,0.386443,3864.43,2523.46,0.278611,2786.11,5.0,10.0,0.003,30.0,7.198583,71985.83,29.18,44.6454,108.46,15.06,76.4,137.73,250.58, , ,B,,0,0,0,0,0,0,,Tonalita de biotita
2858,Point ZM,CAPR-41,6017094,728793,421.0,Tonalita de biotita,TON,437.24,0.378882,3788.82,25.0,0.333529,3335.29,5.0,10.0,0.003,30.0,8.433684,84336.84,38.89,59.5017,129.16,13.21,88.67,118.11,210.85, , ,B,,0,0,0,0,0,0,,Tonalita de biotita
2859,Point ZM,CAPR-42,6017276,729215,386.0,Tonalita de biotita,TON,374.42,0.238759,2387.59,2466.42,0.293966,2939.66,5.0,10.0,0.003,30.0,7.969355,79693.55,16.84,25.7652,125.6,14.57,87.04,131.41,205.26, , ,B,,0,0,0,0,0,0,,Tonalita de biotita
2860,Point ZM,CAPR-43,6018176,728515,464.0,Metapelita,MP,865.07,0.94784,9478.4,1799.24,0.396582,3965.82,5.0,10.0,0.003,30.0,16.92112,169211.2,41.77,63.9081,420.95,17.08,344.99,587.57,870.55, , ,B,Fe_ALTO(16.92112%),0,0,0,0,0,0,,Metapelita
2861,Point ZM,CAPR-44,6018704,727750,544.0,Metapelita,MP,0.0,1.736514,17365.14,25.0,0.448463,4484.63,5.0,10.0,0.326369,3263.69,7.584029,75840.29,7.51,11.4903,269.8,8.48,189.99,316.7,540.34, , ,B,,0,0,0,0,0,0,,Metapelita
2862,Point ZM,CAPR-45,6018101,729234,405.0,Tonalita de biotita fina,TON,512.0,0.458568,4585.68,25.0,0.438737,4387.37,5.0,10.0,0.003,30.0,8.742867,87428.67,8.45,12.9285,140.8,8.98,117.78,162.39,305.86, , ,B,,0,0,0,0,0,0,,Tonalita de Biotita Fina
2863,Point ZM,CAPR-46,6028850,727291,334.0,Granito de biotita fino,GBF,547.71,1.203936,12039.36,25.0,0.0005,5.0,5.0,10.0,0.003,30.0,0.983509,9835.09,22.19,33.9507,30.0,17.23,25.0,32.0,45.0, , ,B,,0,0,0,0,0,0,,Granito de Biotita Fino
2864,Point ZM,CAPR-47,6028244,727184,403.0,Granito de biotita fino,GBF,555.74,1.382191,13821.91,25.0,0.0005,5.0,5.0,309.44,0.003,30.0,1.50518,15051.8,14.75,22.5675,67.9,16.45,25.0,32.0,45.0, , ,B,,0,0,0,0,0,0,,Granito de Biotita Fino
2865,Point ZM,CHAPR-01,6034928,724647,195.0,Granito de biotita fino,GBF,356.43,0.510768,5107.68,185.43,0.138148,1381.48,5.0,10.0,0.003,30.0,3.143816,31438.16,12.52,19.1556,55.47,15.04,25.0,32.0,45.0, , ,B,,0,0,0,0,0,0,,Granito de Biotita Fino
2866,Point ZM,CHAPR-02,6035027,725701,270.0,Granito de biotita fino,GBF,483.21,0.659674,6596.74,25.0,0.104112,1041.12,5.0,10.0,0.003,30.0,2.135189,21351.89,18.53,28.3509,59.4,16.93,25.0,32.0,45.0, , ,B,,0,0,0,0,0,0,,Granito de Biotita Fino
2867,Point ZM,CHAPR-03,6035319,726316,303.0,Granito de biotita fino,GBF,348.13,0.401105,4011.05,394.09,0.368237,3682.37,5.0,10.0,0.003,30.0,4.557673,45576.73,16.8,25.704,76.5,0.5,80.35,145.64,167.94, , ,B,,1,0,0,0,0,0,,Granito de Biotita Fino
2868,Point ZM,CHAPR-04A,6035298,726772,369.0,Granito Rosado,GRK,424.73,0.563953,5639.53,269.21,0.185877,1858.77,5.0,10.0,0.003,30.0,2.9792,29792.0,26.15,40.0095,30.0,15.14,25.0,32.0,45.0, , ,B,,0,0,0,0,0,0,,Granito Rosado
2869,Point ZM,CHAPR-04B,6035298,726772,369.0,Granito Rosado,GRK,638.31,1.213745,12137.45,657.17,0.0005,5.0,5.0,133.85,0.003,30.0,1.270073,12700.73,14.26,21.8178,147.42,8.91,111.98,153.74,240.98, , ,B,,0,0,0,0,0,0,,Granito Rosado
2870,Point ZM,CHAPR-05,6035167,726950,405.0,Granito Rosado,GRK,439.2,0.841372,8413.72,299.08,0.0005,5.0,5.0,10.0,0.003,30.0,1.325878,13258.78,35.14,53.7642,87.43,21.18,25.0,65.35,114.47, , ,B,,0,0,0,0,0,0,,Granito Rosado
2871,Point ZM,CHAPR-06,6036061,725644,211.0,Granito Rosado,GRK,551.63,0.136551,1365.51,326.22,0.215136,2151.36,5.0,10.0,0.003,30.0,4.85823,48582.3,18.72,28.6416,81.72,15.67,25.0,109.55,148.85, , ,B,,0,0,0,0,0,0,,Granito Rosado
2872,Point ZM,CHAPR-07,6035565,726159,282.0,Granito de biotita fino,GBF,393.23,0.969164,9691.64,243.18,0.106021,1060.21,5.0,193.31,0.003,30.0,1.919579,19195.79,24.71,37.8063,83.75,22.08,25.0,32.0,45.0, , ,B,,0,0,0,0,0,0,,Granito de Biotita Fino
2873,Point ZM,CHAPR-08,6034560,726584,483.0,Granito de biotita fino,GBF,681.72,0.987343,9873.43,25.0,0.103267,1032.67,5.0,10.0,0.003,30.0,2.227536,22275.36,17.27,26.4231,30.0,21.62,25.0,32.0,45.0, , ,B,,0,0,0,0,0,0,,Granito de Biotita Fino
2874,Point ZM,CHAPR-09,6033874,727023,532.0,Granito de biotita fino,GBF,408.9,1.388269,13882.69,25.0,0.0005,5.0,5.0,10.0,0.003,30.0,1.199259,11992.59,23.58,36.0774,113.9,16.96,50.52,32.0,111.43, , ,B,,0,0,0,0,0,0,,Granito de Biotita Fino
2875,Point ZM,CHAPR-10,6032517,728526,565.0,Granito de biotita fino,GBF,458.32,0.972327,9723.27,25.0,0.0005,5.0,5.0,10.0,0.003,30.0,1.404746,14047.46,24.74,37.8522,53.2,20.28,25.0,32.0,99.14, , ,B,,0,0,0,0,0,0,,Granito de Biotita Fino
2876,Point ZM,CHAPR-11,6032035,729966,564.0,Metapelita,MP,0.0,1.876257,18762.57,297.49,0.363844,3638.44,5.0,10.0,0.003,30.0,3.92872,39287.2,9.52,14.5656,103.77,14.53,94.25,165.47,281.53, , ,B,,0,0,0,0,0,0,,Metapelita
2877,Point ZM,CHAPR-12,6032072,730438,547.0,Granito de biotita fino,GBF,430.88,1.336787,13367.87,25.0,0.0005,5.0,5.0,10.0,0.003,30.0,0.978964,9789.64,12.29,18.8037,30.0,10.25,25.0,32.0,45.0, , ,B,,0,0,0,0,0,0,,Granito de Biotita Fino
2878,Point ZM,CHAPR-13,6033558,727387,532.0,Granito de biotita fino,GBF,486.11,1.133548,11335.48,25.0,0.0005,5.0,5.0,10.0,0.003,30.0,1.348626,13486.26,33.31,50.9643,59.59,21.69,25.0,32.0,45.0, , ,B,,0,0,0,0,0,0,,Granito de Biotita Fino
2879,Point ZM,CHAPR-14,6041457,729399,211.0,Granito de biotita fino,GBF,501.63,1.074643,10746.43,541.28,0.155132,1551.32,5.0,10.0,0.003,30.0,2.4535,24535.0,21.7,33.201,30.0,12.16,25.0,32.0,45.0, , ,B,,0,0,0,0,0,0,,Granito de Biotita Fino
2880,Point ZM,CHAPR-15A,6041187,730668,390.0,Granito de biotita fino,GBF,480.14,0.74327,7432.7,25.0,0.111034,1110.34,5.0,10.0,0.003,30.0,2.412416,24124.16,19.23,29.4219,30.0,22.2,25.0,32.0,45.0, , ,B,,0,0,0,0,0,0,,Granito de Biotita Fino
2881,Point ZM,CHAPR-15B,6041187,730668,390.0,Granito de biotita fino,GBF,221.35,1.379956,13799.56,625.23,0.289839,2898.39,5.0,10.0,0.003,30.0,4.156597,41565.97,39.28,60.0984,163.37,24.14,107.89,250.38,339.86, , ,B,,0,0,0,0,0,0,,Granito de Biotita Fino
2882,Point ZM,CHAPR-16,6040939,731861,417.0,Granito de biotita fino,GBF,484.46,1.461652,14616.52,25.0,0.083126,831.26,5.0,139.33,0.003,30.0,0.646972,6469.72,24.24,37.0872,100.86,13.56,25.0,70.07,140.19, , ,B,,0,0,0,0,0,0,,Granito de Biotita Fino
2883,Point ZM,CHAPR-17,6040131,732922,412.0,Granito de biotita fino,GBF,641.87,1.130104,11301.04,340.68,0.114539,1145.39,5.0,10.0,0.003,30.0,1.553726,15537.26,20.68,31.6404,162.02,13.9,110.51,166.33,189.73, , ,B,,0,0,0,0,0,0,,Granito de Biotita Fino
2884,Point ZM,CHAPR-18,6040267,734562,456.0,Granito de biotita fino,GBF,653.07,1.301894,13018.94,624.13,0.301506,3015.06,5.0,10.0,0.003,30.0,2.40609,24060.9,16.02,24.5106,30.0,11.72,25.0,32.0,45.0, , ,B,,0,0,0,0,0,0,,Granito de Biotita Fino
2885,Point ZM,CHAPR-19,6039988,734922,465.0,Granito de biotita fino,GBF,546.71,0.844579,8445.79,25.0,0.127108,1271.08,5.0,10.0,0.003,30.0,2.057932,20579.32,13.52,20.6856,77.49,21.27,25.0,68.69,45.0, , ,B,,0,0,0,0,0,0,,Granito de Biotita Fino
2886,Point ZM,CHAPR-20,6040412,735563,449.0,Granito de biotita fino,GBF,109.11,3.274124,32741.24,2245.07,0.102623,1026.23,5.0,10.0,0.003,30.0,0.961618,9616.18,26.6,40.698,172.44,12.98,145.22,219.69,324.43, , ,B,,0,0,0,0,0,0,,Granito de Biotita Fino
2887,Point ZM,CHAPR-21,6040626,736257,443.0,Granito de biotita fino,GBF,403.5,1.083694,10836.94,25.0,0.0005,5.0,5.0,10.0,0.003,30.0,2.609731,26097.31,17.06,26.1018,30.0,15.81,25.0,32.0,45.0, , ,B,,0,0,0,0,0,0,,Granito de Biotita Fino
2888,Point ZM,CHAPR-22,6041217,736851,378.0,Indeterminado, ,0.0,2.669939,26699.39,560.74,0.0005,5.0,5.0,10.0,0.003,30.0,2.155371,21553.71,35.21,53.8713,265.81,16.3,183.09,285.24,414.99, , ,B,,0,0,0,0,0,0,,Indeterminado
2889,Point ZM,QUPR-28,5990139,725769,237.0,, ,330.34,0.500739,5007.39,3824.42,0.655623,6556.23,5.0,10.0,0.003,30.0,6.088565,60885.65,21.08,32.2524,162.07,0.5,131.31,250.69,377.49, , ,B,,1,0,0,0,0,0,,SIN_ASIGNAR
2890,Point ZM,QUPR-29,5991375,728549,270.0,, ,947.59,0.840127,8401.27,6506.26,0.319437,3194.37,5.0,10.0,0.003,30.0,3.183094,31830.94,66.32,101.4696,202.44,20.82,201.85,341.18,544.26, , ,B,,0,0,0,0,0,0,,SIN_ASIGNAR
2891,Point ZM,QUPR-30,5993582,728947,258.0,, ,429.19,0.844716,8447.16,6139.36,0.191454,1914.54,5.0,10.0,0.003,30.0,3.712615,37126.15,50.34,77.0202,252.09,13.23,161.89,301.11,497.12, , ,B,,0,0,0,0,0,0,,SIN_ASIGNAR
2892,Point ZM,QUPR-31A,5995251,724741,191.0,, ,559.76,0.115794,1157.94,80189.98,0.0005,5.0,5.0,10.0,0.229459,2294.59,8.859884,88598.84,51.76,79.1928,594.99,28.77,532.53,911.32,1480.04, , ,B,Ca_ALTO(80189.98ppm),0,0,0,0,0,0,,SIN_ASIGNAR
2893,Point ZM,QUPR-31B,5995251,724741,191.0,, ,629.62,0.256226,2562.26,5343.77,0.262242,2622.42,5.0,10.0,0.338643,3386.43,7.466955,74669.55,27.2,41.616,200.48,20.92,139.23,260.35,463.21, , ,B,,0,0,0,0,0,0,,SIN_ASIGNAR
2894,Point ZM,QUPR-32,5992843,721607,251.0,, ,473.09,0.543378,5433.78,511.8,0.322032,3220.32,5.0,10.0,0.003,30.0,3.955372,39553.72,18.33,28.0449,57.93,8.0,25.0,84.61,116.23, , ,B,,0,0,0,0,0,0,,SIN_ASIGNAR
2895,Point ZM,QUPR-33,5993808,721685,212.0,, ,363.75,0.929751,9297.51,2478.33,0.132752,1327.52,5.0,10.0,0.003,30.0,2.093421,20934.21,11.18,17.1054,117.33,8.44,63.56,117.5,133.64, , ,B,,0,0,0,0,0,0,,SIN_ASIGNAR
2896,Point ZM,QUPR-34,5994087,721449,221.0,, ,1014.91,0.279691,2796.91,521.2,0.522214,5222.14,5.0,10.0,0.003,30.0,6.267377,62673.77,23.16,35.4348,140.41,8.66,103.3,195.54,261.7, , ,B,,0,0,0,0,0,0,,SIN_ASIGNAR
2897,Point ZM,TRPR-15,5973992,710954,146.0,, ,420.98,0.829323,8293.23,2162.85,0.16738,1673.8,5.0,10.0,0.003,30.0,2.865633,28656.33,16.49,25.2297,105.76,8.17,72.34,101.31,163.28, , ,B,,0,0,0,0,0,0,,SIN_ASIGNAR
2898,Point ZM,TRPR-16,5975349,710303,271.0,, ,573.41,1.27344,12734.4,1849.03,0.12118,1211.8,5.0,10.0,0.003,30.0,2.309375,23093.75,8.27,12.6531,67.38,0.5,25.0,32.0,45.0, , ,B,,1,0,0,0,0,0,,SIN_ASIGNAR
2899,Point ZM,TRPR-17,5976778,710359,299.0,, ,1560.06,1.227558,12275.58,3374.19,0.094048,940.48,5.0,10.0,0.003,30.0,1.353882,13538.82,6.82,10.4346,30.0,0.5,25.0,32.0,45.0, , ,B,,1,0,0,0,0,0,,SIN_ASIGNAR
2900,Point ZM,TRPR-18,5976955,709385,315.0,, ,735.33,0.707245,7072.45,2325.69,0.216635,2166.35,5.0,10.0,0.003,30.0,3.543443,35434.43,19.23,29.4219,30.0,16.61,25.0,32.0,45.0, , ,B,,0,0,0,0,0,0,,SIN_ASIGNAR
2901,Point ZM,TRPR-19A,5977299,708954,365.0,, ,457.69,0.649984,6499.84,25.0,0.273191,2731.91,5.0,10.0,0.003,30.0,4.263405,42634.05,10.66,16.3098,120.1,11.31,71.81,104.39,138.36, , ,B,,0,0,0,0,0,0,,SIN_ASIGNAR
2902,Point ZM,TRPR-19B,5977299,708954,365.0,, ,699.74,0.628122,6281.22,25.0,0.161377,1613.77,5.0,10.0,0.003,30.0,3.549936,35499.36,56.06,85.7718,69.41,14.14,25.0,32.0,45.0, , ,B,,0,0,0,0,0,0,,SIN_ASIGNAR
2903,Point ZM,TRPR-20,5977392,708853,375.0,, ,813.76,0.678909,6789.09,360.7,0.31234,3123.4,5.0,10.0,0.003,30.0,5.532518,55325.18,13.19,20.1807,119.12,8.5,66.74,118.63,138.33, , ,B,,0,0,0,0,0,0,,SIN_ASIGNAR
2904,Point ZM,TRPR-21,5973020,714064,193.0,, ,429.59,0.663429,6634.29,453.88,0.233897,2338.97,5.0,10.0,0.003,30.0,3.890105,38901.05,9.22,14.1066,30.0,0.5,25.0,101.64,100.87, , ,B,,1,0,0,0,0,0,,SIN_ASIGNAR
2905,Point ZM,TRPR-22,5975100,717054,179.0,, ,478.06,0.684461,6844.61,3236.44,0.303921,3039.21,5.0,10.0,0.003,30.0,4.712769,47127.69,28.34,43.3602,109.21,33.82,99.67,90.53,184.09, , ,B,,0,0,0,0,0,0,,SIN_ASIGNAR
2906,Point ZM,TRPR-23,5977865,719003,256.0,, ,3663.61,0.63971,6397.1,21460.11,0.421096,4210.96,5.0,10.0,0.003,30.0,6.471556,64715.56,21.43,32.7879,166.85,14.02,151.17,284.46,488.98, , ,B,,0,0,0,0,0,0,,SIN_ASIGNAR
